{"type":"FeatureCollection","features":[{"type":"Feature","properties":{"name":"Tigray","centroid":[38.496,13.699],"code":"ET01"},"geometry":{"type":"MultiPolygon","coordinates":[[[[38.462,13.46],[38.462,13.459],[38.461,13.46],[38.462,13.46]]],[[[38.462,13.46],[38.463,13.464],[38.467,13.468],[38.469,13.474],[38.466,13.479],[38.467,13.485],[38.498,13.484],[38.491,13.495],[38.496,13.505],[38.502,13.51],[38.51,13.512],[38.516,13.515],[38.52,13.517],[38.533,13.518],[38.542,13.525],[38.551,13.537],[38.554,13.549],[38.551,13.552],[38.529,13.553],[38.522,13.555],[38.507,13.556],[38.502,13.558],[38.492,13.558],[38.478,13.552],[38.474,13.557],[38.473,13.564],[38.466,13.567],[38.459,13.559],[38.454,13.557],[38.444,13.56],[38.443,13.566],[38.447,13.578],[38.451,13.584],[38.442,13.584],[38.433,13.58],[38.427,13.572],[38.424,13.561],[38.419,13.556],[38.414,13.548],[38.407,13.54],[38.4,13.539],[38.399,13.546],[38.392,13.553],[38.387,13.552],[38.38,13.544],[38.368,13.551],[38.361,13.553],[38.349,13.542],[38.341,13.537],[38.336,13.544],[38.328,13.55],[38.325,13.543],[38.326,13.536],[38.325,13.533],[38.32,13.523],[38.323,13.509],[38.32,13.502],[38.301,13.494],[38.279,13.485],[38.271,13.487],[38.259,13.486],[38.252,13.493],[38.25,13.496],[38.248,13.501],[38.242,13.496],[38.231,13.491],[38.23,13.49],[38.228,13.49],[38.224,13.489],[38.212,13.487],[38.201,13.48],[38.191,13.483],[38.174,13.493],[38.161,13.485],[38.155,13.477],[38.149,13.474],[38.145,13.472],[38.136,13.478],[38.13,13.484],[38.128,13.492],[38.124,13.497],[38.122,13.505],[38.12,13.505],[38.116,13.494],[38.113,13.492],[38.097,13.489],[38.093,13.487],[38.086,13.485],[38.071,13.477],[38.067,13.471],[38.061,13.467],[38.052,13.468],[38.046,13.48],[38.042,13.481],[38.03,13.482],[38.025,13.485],[38.021,13.481],[38.015,13.486],[38.008,13.5],[38.006,13.501],[37.987,13.498],[37.97,13.494],[37.963,13.49],[37.947,13.466],[37.904,13.447],[37.888,13.453],[37.876,13.466],[37.867,13.475],[37.817,13.463],[37.812,13.479],[37.809,13.518],[37.793,13.521],[37.785,13.539],[37.769,13.562],[37.773,13.572],[37.784,13.586],[37.785,13.596],[37.775,13.611],[37.776,13.633],[37.769,13.628],[37.764,13.617],[37.765,13.602],[37.761,13.597],[37.76,13.591],[37.754,13.59],[37.748,13.58],[37.746,13.579],[37.746,13.571],[37.736,13.572],[37.727,13.563],[37.724,13.552],[37.72,13.546],[37.715,13.542],[37.716,13.534],[37.71,13.529],[37.708,13.52],[37.703,13.508],[37.7,13.503],[37.699,13.495],[37.696,13.489],[37.691,13.485],[37.691,13.482],[37.692,13.476],[37.694,13.473],[37.686,13.465],[37.684,13.461],[37.678,13.455],[37.676,13.45],[37.671,13.447],[37.666,13.446],[37.663,13.443],[37.657,13.44],[37.655,13.434],[37.646,13.422],[37.636,13.413],[37.63,13.41],[37.624,13.408],[37.616,13.408],[37.611,13.411],[37.604,13.408],[37.599,13.406],[37.591,13.398],[37.581,13.396],[37.577,13.395],[37.566,13.388],[37.562,13.387],[37.557,13.39],[37.551,13.388],[37.532,13.377],[37.527,13.371],[37.525,13.37],[37.524,13.369],[37.522,13.369],[37.518,13.366],[37.512,13.366],[37.502,13.368],[37.496,13.367],[37.49,13.363],[37.485,13.364],[37.478,13.367],[37.473,13.367],[37.464,13.36],[37.45,13.355],[37.441,13.354],[37.438,13.358],[37.431,13.36],[37.422,13.365],[37.416,13.373],[37.41,13.37],[37.403,13.362],[37.398,13.358],[37.391,13.356],[37.382,13.357],[37.366,13.36],[37.362,13.358],[37.358,13.356],[37.352,13.344],[37.353,13.334],[37.351,13.327],[37.345,13.325],[37.34,13.32],[37.336,13.311],[37.324,13.298],[37.311,13.297],[37.298,13.291],[37.289,13.287],[37.281,13.285],[37.277,13.288],[37.266,13.289],[37.256,13.294],[37.252,13.295],[37.247,13.293],[37.242,13.285],[37.24,13.277],[37.225,13.275],[37.215,13.266],[37.211,13.26],[37.206,13.256],[37.201,13.259],[37.193,13.274],[37.187,13.281],[37.179,13.287],[37.17,13.289],[37.165,13.292],[37.158,13.298],[37.153,13.3],[37.143,13.302],[37.138,13.304],[37.129,13.305],[37.121,13.309],[37.115,13.312],[37.1,13.316],[37.087,13.315],[37.079,13.312],[37.076,13.318],[37.07,13.317],[37.066,13.329],[37.053,13.333],[37.045,13.343],[37.04,13.351],[37.038,13.352],[37.025,13.355],[37.013,13.36],[37.002,13.357],[36.995,13.359],[36.982,13.361],[36.977,13.364],[36.97,13.366],[36.965,13.369],[36.962,13.368],[36.956,13.362],[36.949,13.366],[36.939,13.379],[36.93,13.372],[36.927,13.376],[36.919,13.378],[36.915,13.382],[36.909,13.384],[36.906,13.387],[36.903,13.395],[36.901,13.399],[36.896,13.406],[36.889,13.408],[36.882,13.407],[36.875,13.412],[36.871,13.419],[36.861,13.425],[36.854,13.431],[36.845,13.435],[36.844,13.441],[36.84,13.443],[36.837,13.445],[36.825,13.448],[36.817,13.446],[36.812,13.433],[36.809,13.418],[36.803,13.413],[36.796,13.411],[36.785,13.405],[36.778,13.394],[36.772,13.389],[36.77,13.381],[36.763,13.374],[36.75,13.371],[36.744,13.367],[36.735,13.363],[36.731,13.368],[36.722,13.366],[36.715,13.367],[36.706,13.371],[36.697,13.372],[36.685,13.374],[36.673,13.368],[36.665,13.366],[36.659,13.368],[36.654,13.371],[36.649,13.38],[36.644,13.378],[36.636,13.382],[36.627,13.381],[36.616,13.376],[36.612,13.375],[36.607,13.376],[36.601,13.382],[36.593,13.388],[36.592,13.395],[36.588,13.403],[36.58,13.411],[36.576,13.418],[36.569,13.425],[36.567,13.446],[36.571,13.449],[36.573,13.455],[36.571,13.467],[36.573,13.475],[36.577,13.481],[36.585,13.484],[36.596,13.488],[36.601,13.498],[36.599,13.504],[36.589,13.511],[36.579,13.52],[36.572,13.522],[36.565,13.532],[36.566,13.54],[36.564,13.547],[36.559,13.551],[36.562,13.556],[36.56,13.563],[36.555,13.57],[36.551,13.573],[36.54,13.575],[36.538,13.582],[36.532,13.581],[36.527,13.584],[36.52,13.586],[36.521,13.592],[36.522,13.592],[36.526,13.605],[36.518,13.62],[36.512,13.634],[36.51,13.649],[36.506,13.653],[36.504,13.664],[36.498,13.665],[36.496,13.667],[36.491,13.676],[36.485,13.682],[36.482,13.688],[36.48,13.69],[36.48,13.691],[36.479,13.691],[36.479,13.692],[36.478,13.692],[36.478,13.694],[36.477,13.694],[36.476,13.7],[36.479,13.704],[36.479,13.706],[36.478,13.706],[36.478,13.719],[36.484,13.727],[36.481,13.734],[36.472,13.74],[36.456,13.754],[36.455,13.76],[36.453,13.763],[36.452,13.763],[36.452,13.764],[36.453,13.765],[36.454,13.766],[36.454,13.767],[36.456,13.769],[36.464,13.781],[36.467,13.786],[36.472,13.798],[36.474,13.799],[36.476,13.799],[36.479,13.8],[36.484,13.808],[36.489,13.82],[36.492,13.823],[36.501,13.832],[36.499,13.845],[36.492,13.858],[36.491,13.859],[36.489,13.865],[36.475,13.91],[36.459,13.937],[36.456,13.946],[36.452,13.976],[36.452,13.978],[36.453,13.981],[36.47,14],[36.476,14.009],[36.478,14.015],[36.499,14.066],[36.506,14.091],[36.51,14.106],[36.511,14.108],[36.534,14.171],[36.546,14.211],[36.548,14.217],[36.549,14.221],[36.558,14.241],[36.558,14.242],[36.558,14.247],[36.558,14.251],[36.558,14.254],[36.558,14.255],[36.558,14.257],[36.557,14.258],[36.558,14.258],[36.559,14.258],[36.559,14.257],[36.56,14.258],[36.56,14.26],[36.56,14.261],[36.561,14.261],[36.561,14.262],[36.562,14.262],[36.563,14.263],[36.563,14.264],[36.564,14.265],[36.565,14.265],[36.566,14.265],[36.566,14.266],[36.566,14.268],[36.566,14.269],[36.565,14.269],[36.564,14.27],[36.56,14.274],[36.559,14.275],[36.557,14.277],[36.555,14.28],[36.566,14.285],[36.582,14.291],[36.586,14.288],[36.589,14.285],[36.589,14.286],[36.59,14.286],[36.591,14.288],[36.594,14.29],[36.595,14.291],[36.602,14.294],[36.605,14.295],[36.611,14.295],[36.613,14.294],[36.614,14.296],[36.622,14.305],[36.622,14.308],[36.622,14.311],[36.631,14.315],[36.635,14.312],[36.639,14.31],[36.681,14.3],[36.684,14.3],[36.686,14.3],[36.694,14.301],[36.697,14.301],[36.698,14.301],[36.702,14.305],[36.702,14.306],[36.703,14.306],[36.706,14.307],[36.706,14.308],[36.708,14.308],[36.71,14.309],[36.711,14.31],[36.717,14.312],[36.728,14.312],[36.739,14.321],[36.742,14.321],[36.764,14.318],[36.782,14.32],[36.816,14.315],[36.818,14.316],[36.827,14.317],[36.832,14.308],[36.834,14.308],[36.84,14.309],[36.84,14.31],[36.841,14.311],[36.847,14.318],[36.85,14.322],[36.852,14.321],[36.86,14.321],[36.865,14.321],[36.869,14.319],[36.88,14.313],[36.896,14.316],[36.901,14.307],[36.923,14.302],[36.932,14.299],[36.937,14.296],[36.945,14.292],[36.961,14.294],[36.97,14.291],[36.971,14.29],[36.977,14.282],[36.982,14.28],[36.988,14.271],[36.99,14.267],[36.992,14.263],[37.001,14.261],[37.002,14.26],[37.004,14.259],[37.005,14.258],[37.008,14.255],[37.01,14.253],[37.01,14.252],[37.014,14.252],[37.018,14.251],[37.031,14.258],[37.032,14.259],[37.034,14.261],[37.036,14.263],[37.038,14.265],[37.04,14.267],[37.042,14.268],[37.069,14.264],[37.076,14.27],[37.091,14.27],[37.098,14.274],[37.099,14.279],[37.1,14.285],[37.107,14.291],[37.107,14.315],[37.109,14.32],[37.11,14.321],[37.109,14.322],[37.109,14.323],[37.103,14.331],[37.105,14.344],[37.118,14.363],[37.118,14.366],[37.118,14.367],[37.117,14.368],[37.117,14.369],[37.117,14.371],[37.126,14.382],[37.127,14.384],[37.127,14.387],[37.129,14.395],[37.136,14.409],[37.138,14.409],[37.139,14.409],[37.145,14.409],[37.167,14.422],[37.169,14.42],[37.17,14.419],[37.173,14.417],[37.175,14.416],[37.179,14.418],[37.2,14.427],[37.204,14.428],[37.205,14.43],[37.206,14.431],[37.206,14.432],[37.209,14.436],[37.21,14.438],[37.211,14.439],[37.212,14.44],[37.215,14.441],[37.228,14.445],[37.23,14.444],[37.231,14.444],[37.234,14.443],[37.242,14.441],[37.245,14.438],[37.246,14.436],[37.26,14.438],[37.287,14.442],[37.292,14.446],[37.309,14.446],[37.311,14.443],[37.314,14.44],[37.315,14.439],[37.316,14.437],[37.318,14.435],[37.321,14.431],[37.322,14.43],[37.335,14.422],[37.344,14.417],[37.348,14.415],[37.349,14.415],[37.348,14.416],[37.349,14.416],[37.35,14.415],[37.35,14.414],[37.351,14.413],[37.35,14.412],[37.349,14.411],[37.348,14.41],[37.347,14.409],[37.347,14.407],[37.348,14.405],[37.348,14.404],[37.349,14.403],[37.351,14.402],[37.354,14.401],[37.355,14.401],[37.357,14.4],[37.359,14.399],[37.36,14.398],[37.361,14.397],[37.361,14.396],[37.362,14.394],[37.362,14.392],[37.363,14.39],[37.363,14.389],[37.364,14.388],[37.365,14.387],[37.366,14.386],[37.368,14.385],[37.369,14.385],[37.37,14.385],[37.371,14.385],[37.373,14.384],[37.374,14.383],[37.374,14.382],[37.374,14.381],[37.373,14.379],[37.372,14.378],[37.372,14.377],[37.371,14.376],[37.372,14.374],[37.372,14.373],[37.373,14.373],[37.375,14.373],[37.376,14.373],[37.377,14.374],[37.378,14.374],[37.379,14.375],[37.38,14.375],[37.381,14.375],[37.381,14.374],[37.382,14.373],[37.382,14.371],[37.382,14.37],[37.382,14.368],[37.383,14.367],[37.383,14.366],[37.384,14.365],[37.385,14.365],[37.386,14.365],[37.387,14.365],[37.388,14.365],[37.389,14.366],[37.39,14.366],[37.39,14.367],[37.391,14.367],[37.392,14.367],[37.392,14.366],[37.392,14.364],[37.392,14.362],[37.391,14.361],[37.39,14.36],[37.389,14.359],[37.386,14.358],[37.384,14.357],[37.382,14.356],[37.381,14.356],[37.38,14.355],[37.381,14.353],[37.381,14.352],[37.381,14.35],[37.381,14.349],[37.381,14.348],[37.381,14.347],[37.38,14.346],[37.38,14.345],[37.38,14.344],[37.38,14.343],[37.38,14.342],[37.381,14.342],[37.382,14.342],[37.383,14.342],[37.385,14.342],[37.386,14.342],[37.387,14.343],[37.389,14.343],[37.391,14.343],[37.393,14.343],[37.394,14.342],[37.395,14.341],[37.397,14.34],[37.398,14.339],[37.399,14.338],[37.4,14.338],[37.401,14.338],[37.402,14.338],[37.403,14.339],[37.403,14.338],[37.404,14.338],[37.404,14.337],[37.405,14.336],[37.404,14.334],[37.403,14.332],[37.402,14.33],[37.402,14.329],[37.401,14.328],[37.401,14.327],[37.401,14.326],[37.4,14.325],[37.4,14.323],[37.4,14.322],[37.4,14.321],[37.401,14.32],[37.402,14.319],[37.403,14.318],[37.404,14.317],[37.404,14.316],[37.404,14.315],[37.404,14.314],[37.402,14.312],[37.401,14.311],[37.397,14.309],[37.396,14.307],[37.394,14.305],[37.394,14.304],[37.393,14.303],[37.393,14.302],[37.394,14.3],[37.396,14.298],[37.397,14.297],[37.4,14.295],[37.402,14.294],[37.403,14.292],[37.405,14.291],[37.406,14.29],[37.408,14.289],[37.41,14.289],[37.412,14.29],[37.413,14.29],[37.414,14.29],[37.415,14.289],[37.416,14.288],[37.417,14.287],[37.419,14.284],[37.421,14.283],[37.422,14.282],[37.423,14.28],[37.424,14.278],[37.425,14.277],[37.426,14.276],[37.427,14.275],[37.429,14.275],[37.43,14.275],[37.432,14.274],[37.434,14.273],[37.435,14.272],[37.436,14.271],[37.437,14.27],[37.438,14.269],[37.439,14.268],[37.439,14.267],[37.44,14.266],[37.441,14.265],[37.442,14.264],[37.443,14.264],[37.444,14.264],[37.445,14.264],[37.446,14.263],[37.447,14.263],[37.447,14.262],[37.447,14.259],[37.447,14.257],[37.447,14.256],[37.447,14.255],[37.447,14.254],[37.447,14.253],[37.448,14.252],[37.449,14.252],[37.452,14.252],[37.456,14.253],[37.458,14.254],[37.461,14.254],[37.464,14.255],[37.465,14.255],[37.467,14.255],[37.468,14.255],[37.469,14.255],[37.47,14.254],[37.47,14.253],[37.471,14.252],[37.471,14.251],[37.472,14.25],[37.472,14.246],[37.471,14.244],[37.472,14.24],[37.471,14.237],[37.471,14.233],[37.471,14.231],[37.47,14.229],[37.469,14.227],[37.468,14.225],[37.468,14.223],[37.467,14.221],[37.467,14.219],[37.467,14.217],[37.467,14.216],[37.467,14.215],[37.468,14.215],[37.469,14.215],[37.47,14.215],[37.472,14.215],[37.474,14.215],[37.476,14.215],[37.477,14.214],[37.478,14.213],[37.479,14.212],[37.48,14.209],[37.481,14.207],[37.481,14.206],[37.481,14.204],[37.482,14.204],[37.483,14.203],[37.484,14.202],[37.485,14.202],[37.487,14.201],[37.488,14.201],[37.49,14.201],[37.491,14.2],[37.493,14.199],[37.494,14.199],[37.495,14.197],[37.496,14.197],[37.497,14.196],[37.497,14.195],[37.497,14.194],[37.497,14.193],[37.496,14.191],[37.495,14.189],[37.495,14.188],[37.495,14.187],[37.495,14.186],[37.495,14.185],[37.496,14.184],[37.497,14.183],[37.498,14.183],[37.499,14.183],[37.501,14.183],[37.502,14.183],[37.503,14.183],[37.504,14.182],[37.505,14.181],[37.506,14.181],[37.507,14.181],[37.508,14.182],[37.51,14.182],[37.511,14.183],[37.513,14.184],[37.514,14.185],[37.515,14.186],[37.516,14.186],[37.517,14.186],[37.518,14.186],[37.519,14.185],[37.52,14.184],[37.521,14.183],[37.522,14.182],[37.523,14.182],[37.524,14.183],[37.525,14.184],[37.526,14.185],[37.527,14.185],[37.528,14.184],[37.529,14.185],[37.577,14.275],[37.625,14.364],[37.677,14.46],[37.726,14.549],[37.778,14.645],[37.822,14.726],[37.872,14.819],[37.912,14.893],[37.913,14.893],[37.914,14.894],[37.915,14.893],[37.917,14.893],[37.918,14.893],[37.921,14.892],[37.924,14.88],[37.93,14.876],[37.937,14.871],[37.946,14.86],[37.943,14.85],[37.944,14.85],[37.945,14.849],[37.947,14.848],[37.951,14.846],[37.949,14.839],[37.956,14.837],[37.956,14.836],[37.956,14.837],[37.96,14.838],[37.961,14.838],[37.962,14.837],[37.967,14.833],[37.968,14.825],[37.97,14.818],[37.971,14.816],[37.972,14.813],[37.969,14.805],[37.972,14.803],[37.975,14.801],[37.979,14.805],[37.982,14.807],[37.985,14.811],[37.985,14.81],[37.99,14.78],[37.995,14.779],[37.999,14.777],[38.005,14.767],[38.013,14.768],[38.016,14.765],[38.018,14.764],[38.018,14.762],[38.019,14.755],[38.02,14.752],[38.016,14.741],[38.028,14.736],[38.035,14.73],[38.052,14.717],[38.054,14.715],[38.066,14.717],[38.068,14.716],[38.069,14.716],[38.07,14.716],[38.07,14.715],[38.071,14.715],[38.073,14.714],[38.074,14.714],[38.086,14.715],[38.091,14.716],[38.093,14.713],[38.095,14.711],[38.096,14.709],[38.104,14.708],[38.105,14.706],[38.106,14.704],[38.108,14.7],[38.109,14.698],[38.133,14.692],[38.134,14.69],[38.142,14.676],[38.144,14.677],[38.147,14.678],[38.149,14.679],[38.153,14.68],[38.155,14.681],[38.156,14.681],[38.157,14.681],[38.163,14.681],[38.166,14.68],[38.168,14.68],[38.169,14.68],[38.17,14.681],[38.171,14.681],[38.178,14.684],[38.179,14.685],[38.18,14.684],[38.181,14.683],[38.182,14.682],[38.183,14.681],[38.186,14.679],[38.187,14.678],[38.191,14.69],[38.192,14.694],[38.192,14.695],[38.207,14.691],[38.212,14.689],[38.217,14.688],[38.219,14.687],[38.223,14.688],[38.226,14.688],[38.229,14.688],[38.237,14.689],[38.238,14.689],[38.24,14.689],[38.241,14.687],[38.242,14.686],[38.245,14.682],[38.246,14.682],[38.249,14.682],[38.249,14.681],[38.256,14.68],[38.26,14.676],[38.263,14.673],[38.264,14.672],[38.266,14.67],[38.266,14.669],[38.266,14.668],[38.266,14.667],[38.265,14.665],[38.265,14.664],[38.266,14.661],[38.267,14.66],[38.268,14.657],[38.269,14.655],[38.269,14.653],[38.269,14.651],[38.268,14.648],[38.267,14.646],[38.267,14.645],[38.268,14.643],[38.27,14.642],[38.271,14.642],[38.272,14.641],[38.274,14.641],[38.275,14.64],[38.275,14.639],[38.274,14.637],[38.273,14.635],[38.272,14.633],[38.27,14.63],[38.269,14.628],[38.269,14.627],[38.27,14.627],[38.27,14.626],[38.271,14.626],[38.271,14.622],[38.27,14.621],[38.269,14.62],[38.27,14.618],[38.271,14.617],[38.273,14.617],[38.274,14.616],[38.277,14.615],[38.278,14.614],[38.28,14.613],[38.281,14.613],[38.282,14.613],[38.287,14.614],[38.289,14.615],[38.292,14.616],[38.296,14.61],[38.3,14.606],[38.299,14.6],[38.303,14.597],[38.314,14.591],[38.318,14.584],[38.322,14.577],[38.319,14.57],[38.32,14.563],[38.322,14.555],[38.331,14.545],[38.338,14.536],[38.344,14.532],[38.348,14.529],[38.347,14.518],[38.348,14.517],[38.35,14.513],[38.351,14.514],[38.352,14.514],[38.355,14.515],[38.357,14.516],[38.362,14.512],[38.364,14.51],[38.363,14.505],[38.362,14.503],[38.37,14.494],[38.378,14.486],[38.397,14.488],[38.404,14.481],[38.402,14.471],[38.406,14.472],[38.422,14.472],[38.425,14.471],[38.426,14.47],[38.425,14.465],[38.425,14.464],[38.425,14.463],[38.428,14.455],[38.43,14.45],[38.431,14.446],[38.436,14.433],[38.447,14.43],[38.447,14.424],[38.448,14.419],[38.455,14.414],[38.471,14.417],[38.472,14.417],[38.473,14.418],[38.474,14.418],[38.475,14.417],[38.476,14.417],[38.477,14.417],[38.478,14.416],[38.482,14.42],[38.486,14.424],[38.487,14.425],[38.499,14.416],[38.5,14.417],[38.51,14.42],[38.514,14.418],[38.516,14.413],[38.517,14.411],[38.52,14.409],[38.522,14.412],[38.525,14.417],[38.526,14.417],[38.526,14.418],[38.537,14.423],[38.545,14.426],[38.546,14.427],[38.549,14.428],[38.553,14.427],[38.556,14.429],[38.557,14.43],[38.558,14.431],[38.559,14.432],[38.563,14.431],[38.571,14.433],[38.58,14.437],[38.583,14.438],[38.585,14.439],[38.598,14.444],[38.602,14.444],[38.603,14.444],[38.61,14.444],[38.617,14.44],[38.617,14.439],[38.62,14.437],[38.622,14.438],[38.626,14.44],[38.629,14.442],[38.631,14.443],[38.631,14.444],[38.634,14.445],[38.635,14.445],[38.636,14.445],[38.643,14.444],[38.645,14.444],[38.647,14.443],[38.648,14.443],[38.66,14.45],[38.662,14.449],[38.664,14.449],[38.667,14.452],[38.669,14.454],[38.671,14.456],[38.674,14.457],[38.679,14.459],[38.68,14.46],[38.681,14.46],[38.682,14.461],[38.683,14.461],[38.689,14.464],[38.69,14.464],[38.691,14.465],[38.692,14.465],[38.706,14.472],[38.719,14.466],[38.721,14.465],[38.722,14.464],[38.724,14.464],[38.73,14.464],[38.736,14.464],[38.737,14.464],[38.738,14.464],[38.74,14.465],[38.743,14.466],[38.745,14.467],[38.749,14.468],[38.751,14.468],[38.754,14.467],[38.755,14.47],[38.756,14.472],[38.757,14.472],[38.771,14.469],[38.772,14.469],[38.773,14.472],[38.774,14.473],[38.782,14.471],[38.796,14.468],[38.803,14.471],[38.812,14.476],[38.82,14.48],[38.821,14.481],[38.818,14.485],[38.819,14.487],[38.82,14.487],[38.821,14.49],[38.829,14.488],[38.833,14.489],[38.841,14.492],[38.842,14.493],[38.843,14.494],[38.844,14.495],[38.845,14.496],[38.851,14.501],[38.86,14.501],[38.873,14.5],[38.877,14.502],[38.879,14.503],[38.881,14.502],[38.884,14.501],[38.901,14.507],[38.91,14.513],[38.915,14.517],[38.916,14.519],[38.918,14.523],[38.924,14.526],[38.926,14.527],[38.93,14.538],[38.934,14.539],[38.937,14.54],[38.941,14.539],[38.942,14.539],[38.946,14.538],[38.948,14.537],[38.953,14.535],[38.953,14.536],[38.954,14.536],[38.954,14.537],[38.957,14.54],[38.963,14.542],[38.966,14.543],[38.967,14.544],[38.974,14.543],[38.979,14.549],[38.981,14.551],[38.981,14.552],[38.982,14.554],[38.983,14.554],[38.984,14.556],[38.984,14.557],[38.985,14.557],[38.987,14.559],[38.989,14.562],[38.989,14.563],[38.99,14.563],[38.992,14.565],[38.993,14.566],[38.995,14.568],[38.996,14.569],[38.999,14.571],[39,14.577],[39.002,14.578],[39.004,14.58],[39.005,14.591],[39.005,14.592],[39.013,14.595],[39.015,14.596],[39.017,14.597],[39.017,14.599],[39.016,14.602],[39.02,14.612],[39.014,14.618],[39.014,14.62],[39.015,14.624],[39.017,14.627],[39.018,14.629],[39.022,14.632],[39.022,14.633],[39.023,14.633],[39.024,14.633],[39.025,14.633],[39.033,14.638],[39.034,14.639],[39.035,14.639],[39.036,14.64],[39.036,14.639],[39.037,14.637],[39.037,14.636],[39.037,14.635],[39.038,14.635],[39.041,14.635],[39.045,14.636],[39.046,14.636],[39.049,14.639],[39.05,14.639],[39.051,14.639],[39.051,14.64],[39.06,14.64],[39.065,14.64],[39.069,14.637],[39.073,14.637],[39.081,14.636],[39.085,14.641],[39.087,14.639],[39.09,14.635],[39.097,14.635],[39.098,14.635],[39.1,14.637],[39.102,14.638],[39.104,14.639],[39.11,14.644],[39.112,14.645],[39.118,14.646],[39.124,14.645],[39.127,14.644],[39.13,14.641],[39.137,14.647],[39.14,14.65],[39.142,14.649],[39.148,14.651],[39.149,14.651],[39.153,14.652],[39.157,14.652],[39.158,14.652],[39.16,14.652],[39.16,14.651],[39.161,14.651],[39.162,14.651],[39.163,14.65],[39.164,14.65],[39.165,14.649],[39.166,14.649],[39.167,14.649],[39.168,14.649],[39.168,14.648],[39.166,14.644],[39.163,14.641],[39.157,14.634],[39.157,14.627],[39.158,14.618],[39.159,14.614],[39.157,14.608],[39.172,14.595],[39.176,14.592],[39.178,14.585],[39.19,14.576],[39.195,14.572],[39.205,14.565],[39.222,14.566],[39.24,14.563],[39.241,14.563],[39.241,14.557],[39.241,14.551],[39.241,14.55],[39.241,14.546],[39.248,14.542],[39.247,14.538],[39.247,14.535],[39.25,14.528],[39.255,14.523],[39.26,14.518],[39.262,14.516],[39.264,14.503],[39.266,14.491],[39.268,14.485],[39.261,14.48],[39.26,14.48],[39.257,14.48],[39.252,14.474],[39.246,14.466],[39.238,14.46],[39.234,14.451],[39.228,14.452],[39.228,14.447],[39.228,14.446],[39.229,14.446],[39.23,14.445],[39.234,14.439],[39.236,14.437],[39.238,14.434],[39.245,14.414],[39.245,14.413],[39.246,14.412],[39.247,14.412],[39.25,14.41],[39.251,14.409],[39.252,14.409],[39.253,14.409],[39.257,14.41],[39.257,14.411],[39.258,14.411],[39.265,14.413],[39.266,14.413],[39.269,14.42],[39.274,14.43],[39.276,14.437],[39.276,14.438],[39.283,14.448],[39.289,14.456],[39.296,14.466],[39.301,14.47],[39.314,14.471],[39.325,14.471],[39.335,14.468],[39.346,14.466],[39.343,14.471],[39.342,14.476],[39.338,14.483],[39.333,14.488],[39.332,14.488],[39.332,14.489],[39.331,14.49],[39.329,14.492],[39.329,14.494],[39.334,14.492],[39.344,14.489],[39.346,14.487],[39.348,14.486],[39.352,14.483],[39.36,14.483],[39.358,14.496],[39.366,14.495],[39.359,14.504],[39.357,14.507],[39.356,14.509],[39.356,14.51],[39.361,14.515],[39.358,14.528],[39.361,14.533],[39.362,14.532],[39.365,14.53],[39.369,14.527],[39.371,14.531],[39.372,14.534],[39.371,14.537],[39.373,14.54],[39.376,14.538],[39.378,14.539],[39.381,14.54],[39.382,14.54],[39.383,14.541],[39.384,14.54],[39.387,14.539],[39.387,14.537],[39.388,14.537],[39.389,14.538],[39.389,14.539],[39.391,14.539],[39.393,14.54],[39.394,14.54],[39.394,14.541],[39.394,14.542],[39.398,14.543],[39.4,14.541],[39.4,14.54],[39.403,14.537],[39.405,14.533],[39.404,14.53],[39.406,14.526],[39.41,14.526],[39.416,14.527],[39.417,14.527],[39.417,14.522],[39.417,14.519],[39.417,14.517],[39.418,14.516],[39.419,14.514],[39.423,14.515],[39.434,14.516],[39.448,14.505],[39.457,14.507],[39.467,14.508],[39.473,14.5],[39.483,14.502],[39.489,14.505],[39.494,14.502],[39.494,14.497],[39.495,14.49],[39.495,14.486],[39.496,14.484],[39.497,14.484],[39.498,14.484],[39.499,14.484],[39.5,14.484],[39.501,14.484],[39.502,14.484],[39.502,14.483],[39.503,14.484],[39.503,14.485],[39.504,14.485],[39.505,14.486],[39.504,14.486],[39.505,14.487],[39.505,14.486],[39.506,14.486],[39.506,14.485],[39.507,14.485],[39.507,14.486],[39.507,14.487],[39.507,14.486],[39.508,14.486],[39.509,14.486],[39.509,14.487],[39.51,14.488],[39.511,14.488],[39.511,14.487],[39.512,14.487],[39.513,14.487],[39.514,14.487],[39.514,14.488],[39.514,14.489],[39.514,14.488],[39.515,14.487],[39.516,14.486],[39.517,14.485],[39.518,14.485],[39.518,14.486],[39.519,14.487],[39.519,14.486],[39.52,14.486],[39.521,14.486],[39.521,14.487],[39.522,14.487],[39.523,14.487],[39.524,14.486],[39.525,14.486],[39.526,14.486],[39.526,14.487],[39.526,14.488],[39.527,14.488],[39.528,14.489],[39.529,14.49],[39.529,14.491],[39.53,14.491],[39.53,14.492],[39.531,14.492],[39.532,14.492],[39.533,14.492],[39.534,14.492],[39.535,14.492],[39.536,14.492],[39.537,14.492],[39.538,14.491],[39.538,14.492],[39.538,14.493],[39.538,14.494],[39.538,14.495],[39.539,14.495],[39.54,14.496],[39.541,14.497],[39.54,14.497],[39.541,14.497],[39.541,14.498],[39.54,14.498],[39.539,14.498],[39.539,14.499],[39.539,14.5],[39.539,14.501],[39.54,14.501],[39.54,14.5],[39.54,14.501],[39.539,14.501],[39.538,14.501],[39.538,14.5],[39.537,14.5],[39.537,14.501],[39.536,14.502],[39.535,14.502],[39.534,14.502],[39.534,14.503],[39.533,14.503],[39.532,14.503],[39.532,14.504],[39.532,14.505],[39.531,14.505],[39.531,14.506],[39.53,14.506],[39.529,14.505],[39.529,14.504],[39.528,14.504],[39.527,14.504],[39.526,14.504],[39.526,14.505],[39.525,14.505],[39.524,14.505],[39.524,14.506],[39.524,14.507],[39.523,14.507],[39.523,14.508],[39.522,14.508],[39.521,14.508],[39.521,14.507],[39.521,14.508],[39.52,14.509],[39.519,14.509],[39.519,14.508],[39.518,14.508],[39.517,14.508],[39.517,14.509],[39.516,14.509],[39.516,14.51],[39.517,14.51],[39.517,14.511],[39.516,14.511],[39.516,14.512],[39.515,14.512],[39.515,14.513],[39.514,14.513],[39.513,14.513],[39.513,14.514],[39.512,14.514],[39.511,14.514],[39.51,14.514],[39.511,14.515],[39.511,14.516],[39.51,14.516],[39.51,14.517],[39.51,14.518],[39.509,14.519],[39.509,14.52],[39.508,14.521],[39.507,14.521],[39.507,14.522],[39.507,14.523],[39.507,14.524],[39.507,14.525],[39.507,14.526],[39.507,14.527],[39.508,14.527],[39.509,14.528],[39.508,14.528],[39.508,14.529],[39.508,14.53],[39.508,14.531],[39.509,14.531],[39.509,14.532],[39.508,14.532],[39.508,14.533],[39.507,14.533],[39.507,14.534],[39.508,14.535],[39.507,14.535],[39.507,14.536],[39.506,14.536],[39.507,14.537],[39.508,14.537],[39.509,14.538],[39.509,14.539],[39.509,14.54],[39.508,14.541],[39.509,14.542],[39.508,14.542],[39.508,14.543],[39.508,14.544],[39.508,14.545],[39.508,14.546],[39.509,14.547],[39.508,14.547],[39.508,14.548],[39.508,14.549],[39.508,14.55],[39.509,14.55],[39.509,14.551],[39.509,14.552],[39.51,14.552],[39.51,14.553],[39.51,14.552],[39.51,14.553],[39.511,14.553],[39.511,14.554],[39.512,14.554],[39.512,14.555],[39.513,14.555],[39.513,14.556],[39.514,14.556],[39.514,14.557],[39.515,14.557],[39.515,14.558],[39.516,14.559],[39.517,14.559],[39.516,14.559],[39.516,14.56],[39.517,14.56],[39.517,14.561],[39.518,14.561],[39.519,14.561],[39.519,14.562],[39.52,14.562],[39.521,14.563],[39.522,14.563],[39.523,14.564],[39.524,14.565],[39.525,14.565],[39.526,14.566],[39.526,14.565],[39.527,14.565],[39.528,14.565],[39.529,14.565],[39.529,14.566],[39.529,14.567],[39.532,14.584],[39.533,14.584],[39.533,14.585],[39.534,14.585],[39.534,14.584],[39.535,14.584],[39.536,14.584],[39.537,14.584],[39.537,14.585],[39.538,14.585],[39.538,14.586],[39.539,14.586],[39.539,14.585],[39.539,14.586],[39.54,14.586],[39.54,14.587],[39.54,14.588],[39.54,14.589],[39.541,14.589],[39.542,14.589],[39.543,14.589],[39.544,14.589],[39.545,14.588],[39.546,14.588],[39.547,14.588],[39.548,14.588],[39.549,14.587],[39.55,14.587],[39.55,14.588],[39.551,14.588],[39.551,14.589],[39.552,14.589],[39.552,14.59],[39.553,14.59],[39.553,14.589],[39.554,14.59],[39.555,14.589],[39.555,14.59],[39.556,14.59],[39.556,14.591],[39.557,14.591],[39.557,14.592],[39.557,14.593],[39.558,14.593],[39.558,14.594],[39.558,14.595],[39.559,14.595],[39.56,14.596],[39.56,14.597],[39.561,14.597],[39.561,14.598],[39.562,14.597],[39.563,14.597],[39.564,14.597],[39.565,14.597],[39.566,14.597],[39.567,14.598],[39.567,14.597],[39.567,14.598],[39.567,14.597],[39.568,14.597],[39.568,14.598],[39.568,14.599],[39.569,14.598],[39.57,14.598],[39.571,14.598],[39.571,14.599],[39.571,14.6],[39.572,14.601],[39.573,14.602],[39.573,14.601],[39.574,14.601],[39.574,14.6],[39.575,14.6],[39.575,14.601],[39.576,14.601],[39.577,14.601],[39.577,14.602],[39.577,14.603],[39.578,14.603],[39.578,14.602],[39.579,14.602],[39.579,14.603],[39.578,14.603],[39.578,14.604],[39.578,14.605],[39.579,14.605],[39.579,14.606],[39.58,14.606],[39.58,14.605],[39.581,14.605],[39.581,14.606],[39.58,14.606],[39.58,14.607],[39.581,14.607],[39.582,14.607],[39.582,14.606],[39.582,14.605],[39.583,14.605],[39.583,14.606],[39.584,14.606],[39.584,14.607],[39.584,14.606],[39.585,14.605],[39.585,14.606],[39.585,14.607],[39.585,14.608],[39.586,14.608],[39.587,14.609],[39.587,14.608],[39.587,14.607],[39.587,14.606],[39.588,14.606],[39.589,14.606],[39.589,14.605],[39.588,14.605],[39.589,14.604],[39.59,14.604],[39.59,14.605],[39.591,14.605],[39.591,14.606],[39.592,14.606],[39.593,14.606],[39.593,14.605],[39.593,14.604],[39.593,14.603],[39.594,14.603],[39.594,14.604],[39.595,14.604],[39.596,14.604],[39.596,14.605],[39.597,14.605],[39.598,14.605],[39.599,14.605],[39.599,14.604],[39.6,14.604],[39.6,14.605],[39.601,14.605],[39.602,14.604],[39.602,14.603],[39.603,14.603],[39.604,14.604],[39.604,14.603],[39.605,14.603],[39.605,14.604],[39.605,14.605],[39.606,14.605],[39.606,14.606],[39.607,14.605],[39.608,14.605],[39.609,14.605],[39.609,14.604],[39.609,14.603],[39.608,14.603],[39.608,14.602],[39.609,14.602],[39.609,14.601],[39.61,14.601],[39.61,14.6],[39.61,14.601],[39.611,14.601],[39.611,14.602],[39.612,14.602],[39.612,14.601],[39.613,14.601],[39.613,14.6],[39.612,14.6],[39.612,14.599],[39.612,14.598],[39.613,14.598],[39.613,14.597],[39.614,14.597],[39.615,14.597],[39.616,14.597],[39.616,14.598],[39.617,14.598],[39.617,14.599],[39.618,14.599],[39.618,14.6],[39.618,14.601],[39.619,14.601],[39.619,14.6],[39.62,14.6],[39.62,14.599],[39.621,14.6],[39.621,14.601],[39.622,14.6],[39.622,14.599],[39.623,14.599],[39.623,14.598],[39.624,14.599],[39.625,14.6],[39.624,14.601],[39.624,14.602],[39.625,14.602],[39.625,14.603],[39.626,14.603],[39.626,14.604],[39.627,14.603],[39.627,14.602],[39.628,14.602],[39.629,14.602],[39.629,14.601],[39.63,14.601],[39.629,14.6],[39.63,14.6],[39.631,14.6],[39.631,14.601],[39.632,14.601],[39.631,14.602],[39.631,14.603],[39.632,14.603],[39.633,14.602],[39.634,14.601],[39.635,14.601],[39.635,14.602],[39.636,14.602],[39.636,14.603],[39.637,14.603],[39.638,14.604],[39.639,14.604],[39.64,14.604],[39.641,14.604],[39.641,14.605],[39.642,14.604],[39.645,14.603],[39.645,14.602],[39.645,14.601],[39.645,14.6],[39.645,14.599],[39.654,14.597],[39.655,14.596],[39.655,14.595],[39.655,14.594],[39.659,14.592],[39.662,14.594],[39.663,14.594],[39.665,14.594],[39.666,14.594],[39.67,14.597],[39.671,14.597],[39.676,14.592],[39.677,14.59],[39.681,14.592],[39.682,14.592],[39.684,14.592],[39.685,14.592],[39.686,14.592],[39.688,14.591],[39.688,14.588],[39.689,14.584],[39.69,14.583],[39.693,14.58],[39.695,14.579],[39.696,14.578],[39.697,14.578],[39.701,14.571],[39.702,14.568],[39.706,14.561],[39.707,14.561],[39.708,14.56],[39.711,14.558],[39.713,14.556],[39.716,14.556],[39.718,14.557],[39.719,14.556],[39.722,14.555],[39.734,14.551],[39.737,14.551],[39.738,14.551],[39.74,14.551],[39.743,14.551],[39.744,14.551],[39.749,14.55],[39.759,14.549],[39.76,14.548],[39.761,14.547],[39.764,14.548],[39.766,14.548],[39.769,14.546],[39.773,14.545],[39.772,14.544],[39.771,14.539],[39.772,14.536],[39.773,14.536],[39.777,14.536],[39.778,14.533],[39.786,14.52],[39.787,14.52],[39.79,14.518],[39.791,14.513],[39.791,14.511],[39.795,14.511],[39.797,14.511],[39.796,14.51],[39.796,14.509],[39.796,14.506],[39.795,14.504],[39.797,14.503],[39.801,14.503],[39.805,14.503],[39.808,14.5],[39.809,14.498],[39.81,14.497],[39.819,14.485],[39.823,14.484],[39.829,14.487],[39.832,14.489],[39.836,14.491],[39.84,14.491],[39.842,14.487],[39.844,14.485],[39.851,14.48],[39.852,14.48],[39.853,14.48],[39.858,14.478],[39.861,14.476],[39.862,14.475],[39.862,14.473],[39.864,14.472],[39.866,14.471],[39.867,14.47],[39.87,14.47],[39.872,14.47],[39.874,14.47],[39.876,14.467],[39.882,14.46],[39.89,14.454],[39.892,14.449],[39.893,14.447],[39.895,14.446],[39.896,14.445],[39.897,14.444],[39.898,14.443],[39.904,14.435],[39.911,14.426],[39.916,14.419],[39.924,14.415],[39.928,14.415],[39.931,14.414],[39.936,14.416],[39.943,14.415],[39.947,14.415],[39.957,14.418],[39.958,14.418],[39.958,14.419],[39.96,14.421],[39.962,14.424],[39.967,14.428],[39.971,14.429],[39.972,14.429],[39.974,14.431],[39.975,14.432],[39.975,14.434],[39.974,14.435],[39.974,14.437],[39.974,14.438],[39.984,14.446],[39.99,14.456],[39.993,14.456],[39.992,14.449],[39.99,14.442],[39.984,14.432],[39.984,14.422],[39.98,14.41],[39.982,14.394],[39.99,14.384],[39.991,14.382],[39.985,14.377],[39.98,14.371],[39.972,14.369],[39.951,14.36],[39.937,14.362],[39.923,14.366],[39.916,14.37],[39.908,14.365],[39.901,14.366],[39.896,14.37],[39.89,14.369],[39.883,14.37],[39.874,14.368],[39.853,14.367],[39.855,14.373],[39.848,14.375],[39.836,14.381],[39.816,14.383],[39.8,14.387],[39.796,14.385],[39.787,14.378],[39.776,14.374],[39.772,14.374],[39.773,14.362],[39.775,14.352],[39.78,14.334],[39.778,14.328],[39.771,14.32],[39.762,14.318],[39.749,14.312],[39.746,14.308],[39.732,14.306],[39.726,14.302],[39.728,14.293],[39.742,14.281],[39.75,14.278],[39.758,14.276],[39.756,14.252],[39.757,14.239],[39.749,14.236],[39.74,14.235],[39.71,14.241],[39.703,14.242],[39.694,14.24],[39.688,14.231],[39.686,14.217],[39.676,14.206],[39.672,14.2],[39.665,14.197],[39.658,14.198],[39.656,14.193],[39.65,14.188],[39.657,14.182],[39.671,14.179],[39.674,14.176],[39.682,14.164],[39.699,14.159],[39.7,14.159],[39.714,14.156],[39.722,14.157],[39.738,14.154],[39.75,14.152],[39.761,14.143],[39.771,14.139],[39.779,14.14],[39.788,14.142],[39.798,14.143],[39.81,14.151],[39.828,14.155],[39.838,14.153],[39.837,14.141],[39.838,14.125],[39.843,14.11],[39.842,14.098],[39.843,14.09],[39.848,14.077],[39.844,14.057],[39.845,14.049],[39.85,14.037],[39.855,14.031],[39.861,14.027],[39.866,14.021],[39.884,14.015],[39.886,14.011],[39.879,14.003],[39.871,13.995],[39.869,13.993],[39.868,13.982],[39.86,13.974],[39.858,13.966],[39.835,13.975],[39.827,13.973],[39.816,13.968],[39.812,13.959],[39.803,13.947],[39.802,13.945],[39.815,13.944],[39.828,13.932],[39.826,13.925],[39.826,13.921],[39.833,13.918],[39.834,13.908],[39.829,13.897],[39.828,13.885],[39.829,13.868],[39.838,13.864],[39.836,13.854],[39.841,13.846],[39.842,13.837],[39.837,13.829],[39.834,13.821],[39.837,13.81],[39.841,13.803],[39.849,13.799],[39.852,13.794],[39.853,13.791],[39.854,13.786],[39.853,13.766],[39.858,13.76],[39.866,13.753],[39.874,13.749],[39.884,13.747],[39.876,13.738],[39.874,13.716],[39.876,13.709],[39.878,13.704],[39.877,13.683],[39.868,13.659],[39.869,13.643],[39.867,13.633],[39.867,13.626],[39.869,13.62],[39.87,13.609],[39.865,13.602],[39.866,13.587],[39.868,13.583],[39.866,13.566],[39.863,13.558],[39.864,13.548],[39.853,13.554],[39.844,13.556],[39.834,13.555],[39.816,13.557],[39.807,13.554],[39.803,13.553],[39.794,13.555],[39.784,13.563],[39.773,13.566],[39.764,13.571],[39.747,13.571],[39.745,13.57],[39.741,13.565],[39.74,13.546],[39.735,13.53],[39.729,13.524],[39.728,13.517],[39.723,13.509],[39.722,13.498],[39.72,13.486],[39.72,13.476],[39.726,13.444],[39.726,13.434],[39.727,13.425],[39.729,13.417],[39.732,13.41],[39.734,13.403],[39.739,13.398],[39.743,13.39],[39.744,13.388],[39.742,13.382],[39.745,13.374],[39.73,13.378],[39.732,13.373],[39.741,13.361],[39.742,13.351],[39.74,13.346],[39.739,13.334],[39.737,13.328],[39.738,13.32],[39.736,13.315],[39.725,13.303],[39.72,13.294],[39.728,13.287],[39.737,13.285],[39.742,13.283],[39.749,13.281],[39.758,13.279],[39.765,13.284],[39.767,13.285],[39.773,13.28],[39.782,13.269],[39.786,13.262],[39.785,13.252],[39.788,13.243],[39.798,13.229],[39.8,13.225],[39.8,13.22],[39.802,13.218],[39.809,13.217],[39.807,13.206],[39.807,13.202],[39.807,13.201],[39.806,13.201],[39.806,13.2],[39.804,13.19],[39.809,13.178],[39.811,13.16],[39.814,13.149],[39.815,13.146],[39.823,13.135],[39.828,13.122],[39.832,13.108],[39.834,13.086],[39.836,13.081],[39.838,13.077],[39.849,13.05],[39.858,13.035],[39.863,13.018],[39.86,13.003],[39.862,12.992],[39.86,12.968],[39.863,12.96],[39.872,12.945],[39.873,12.942],[39.88,12.935],[39.887,12.931],[39.9,12.925],[39.904,12.921],[39.907,12.914],[39.915,12.906],[39.92,12.898],[39.926,12.892],[39.929,12.884],[39.93,12.874],[39.943,12.859],[39.95,12.845],[39.953,12.836],[39.957,12.832],[39.961,12.828],[39.967,12.819],[39.97,12.814],[39.971,12.802],[39.973,12.797],[39.977,12.791],[39.965,12.783],[39.954,12.778],[39.942,12.771],[39.93,12.768],[39.919,12.766],[39.899,12.762],[39.888,12.755],[39.87,12.734],[39.868,12.723],[39.843,12.715],[39.839,12.712],[39.836,12.707],[39.835,12.707],[39.834,12.704],[39.826,12.693],[39.82,12.658],[39.823,12.645],[39.832,12.634],[39.831,12.632],[39.825,12.622],[39.819,12.618],[39.808,12.601],[39.807,12.595],[39.815,12.581],[39.827,12.572],[39.826,12.56],[39.833,12.549],[39.841,12.546],[39.849,12.547],[39.853,12.546],[39.863,12.531],[39.864,12.524],[39.862,12.516],[39.864,12.504],[39.869,12.494],[39.881,12.484],[39.867,12.472],[39.871,12.469],[39.882,12.466],[39.883,12.457],[39.863,12.463],[39.848,12.449],[39.841,12.44],[39.832,12.431],[39.822,12.415],[39.815,12.407],[39.821,12.395],[39.82,12.39],[39.823,12.384],[39.825,12.372],[39.83,12.363],[39.831,12.357],[39.818,12.343],[39.818,12.33],[39.818,12.324],[39.81,12.321],[39.8,12.316],[39.778,12.311],[39.762,12.303],[39.76,12.311],[39.759,12.32],[39.746,12.316],[39.74,12.313],[39.729,12.311],[39.721,12.308],[39.707,12.306],[39.676,12.307],[39.656,12.306],[39.633,12.307],[39.621,12.3],[39.625,12.288],[39.615,12.276],[39.605,12.27],[39.592,12.271],[39.587,12.265],[39.573,12.256],[39.556,12.255],[39.543,12.265],[39.542,12.277],[39.539,12.29],[39.537,12.297],[39.531,12.305],[39.529,12.314],[39.523,12.326],[39.514,12.329],[39.508,12.333],[39.505,12.332],[39.471,12.321],[39.456,12.325],[39.442,12.316],[39.427,12.301],[39.42,12.297],[39.403,12.295],[39.389,12.3],[39.375,12.301],[39.368,12.301],[39.362,12.299],[39.351,12.298],[39.345,12.3],[39.333,12.3],[39.321,12.304],[39.306,12.298],[39.296,12.297],[39.294,12.296],[39.289,12.297],[39.281,12.303],[39.272,12.318],[39.267,12.326],[39.264,12.329],[39.264,12.33],[39.263,12.334],[39.251,12.344],[39.246,12.352],[39.247,12.36],[39.244,12.366],[39.243,12.382],[39.24,12.391],[39.241,12.401],[39.242,12.401],[39.242,12.402],[39.242,12.411],[39.241,12.429],[39.237,12.443],[39.236,12.475],[39.231,12.485],[39.232,12.493],[39.23,12.499],[39.225,12.508],[39.222,12.516],[39.223,12.522],[39.218,12.529],[39.218,12.536],[39.215,12.542],[39.209,12.549],[39.21,12.555],[39.209,12.559],[39.204,12.576],[39.198,12.588],[39.189,12.601],[39.184,12.61],[39.182,12.617],[39.184,12.621],[39.184,12.628],[39.177,12.637],[39.175,12.641],[39.176,12.647],[39.185,12.655],[39.189,12.657],[39.193,12.657],[39.201,12.66],[39.213,12.661],[39.22,12.664],[39.23,12.666],[39.238,12.663],[39.242,12.664],[39.243,12.665],[39.256,12.672],[39.266,12.677],[39.28,12.687],[39.284,12.697],[39.285,12.704],[39.284,12.707],[39.27,12.723],[39.274,12.727],[39.281,12.743],[39.279,12.758],[39.268,12.771],[39.276,12.787],[39.295,12.785],[39.303,12.792],[39.306,12.801],[39.307,12.811],[39.306,12.812],[39.278,12.825],[39.281,12.829],[39.29,12.838],[39.298,12.842],[39.303,12.847],[39.31,12.852],[39.307,12.864],[39.304,12.869],[39.295,12.871],[39.279,12.856],[39.276,12.867],[39.263,12.893],[39.259,12.914],[39.251,12.917],[39.251,12.918],[39.248,12.917],[39.234,12.917],[39.234,12.916],[39.233,12.916],[39.226,12.919],[39.213,12.923],[39.203,12.929],[39.193,12.928],[39.176,12.937],[39.164,12.948],[39.155,12.949],[39.151,12.953],[39.144,12.955],[39.119,12.96],[39.1,12.958],[39.083,12.959],[39.074,12.976],[39.054,12.99],[39.046,12.993],[39.034,13],[39.014,13.001],[39.009,13.004],[39,13.003],[38.995,13.011],[39.004,13.023],[39.001,13.037],[38.994,13.045],[38.992,13.056],[38.99,13.08],[38.979,13.099],[39.01,13.113],[39.02,13.126],[39.026,13.128],[39.037,13.134],[39.043,13.155],[39.042,13.16],[39.037,13.167],[39.036,13.17],[39.034,13.17],[39.017,13.178],[39.01,13.188],[38.998,13.203],[38.985,13.202],[38.967,13.207],[38.957,13.211],[38.956,13.22],[38.953,13.223],[38.952,13.237],[38.932,13.236],[38.922,13.232],[38.913,13.224],[38.89,13.223],[38.877,13.22],[38.869,13.216],[38.863,13.209],[38.85,13.214],[38.839,13.229],[38.836,13.231],[38.829,13.233],[38.819,13.234],[38.815,13.236],[38.808,13.243],[38.802,13.247],[38.791,13.25],[38.782,13.249],[38.777,13.25],[38.76,13.258],[38.75,13.261],[38.743,13.265],[38.741,13.264],[38.732,13.262],[38.73,13.269],[38.735,13.281],[38.74,13.286],[38.74,13.293],[38.738,13.297],[38.736,13.302],[38.741,13.307],[38.738,13.312],[38.737,13.33],[38.742,13.333],[38.742,13.338],[38.734,13.348],[38.73,13.365],[38.735,13.372],[38.737,13.377],[38.734,13.384],[38.733,13.399],[38.729,13.401],[38.729,13.402],[38.722,13.407],[38.719,13.402],[38.706,13.389],[38.692,13.389],[38.67,13.392],[38.65,13.396],[38.634,13.403],[38.623,13.41],[38.621,13.416],[38.618,13.429],[38.616,13.451],[38.633,13.472],[38.648,13.481],[38.659,13.484],[38.675,13.483],[38.676,13.485],[38.673,13.491],[38.676,13.498],[38.674,13.503],[38.673,13.508],[38.668,13.516],[38.664,13.529],[38.662,13.53],[38.657,13.527],[38.642,13.512],[38.636,13.505],[38.623,13.495],[38.615,13.491],[38.607,13.49],[38.59,13.506],[38.581,13.504],[38.574,13.499],[38.571,13.491],[38.568,13.487],[38.564,13.484],[38.536,13.482],[38.522,13.476],[38.51,13.472],[38.485,13.47],[38.478,13.467],[38.467,13.462],[38.462,13.46]]]]}},{"type":"Feature","properties":{"name":"Afar","centroid":[40.504,11.609],"code":"ET02"},"geometry":{"type":"MultiPolygon","coordinates":[[[[40.05,8.84],[40.034,8.842],[40.024,8.845],[40.01,8.856],[40.012,8.872],[40.019,8.888],[40.037,8.907],[40.041,8.922],[40.044,8.942],[40.051,8.961],[40.047,8.978],[40.034,8.995],[40.021,9.002],[40,9.007],[39.96,9.003],[39.948,9.004],[39.952,9.03],[39.943,9.047],[39.928,9.054],[39.919,9.069],[39.915,9.098],[39.909,9.132],[39.898,9.139],[39.878,9.144],[39.86,9.14],[39.853,9.138],[39.836,9.138],[39.824,9.136],[39.817,9.136],[39.817,9.144],[39.815,9.153],[39.816,9.163],[39.813,9.171],[39.838,9.19],[39.848,9.201],[39.854,9.21],[39.87,9.223],[39.873,9.228],[39.873,9.234],[39.863,9.243],[39.857,9.27],[39.886,9.269],[39.881,9.276],[39.868,9.294],[39.86,9.307],[39.845,9.313],[39.841,9.314],[39.831,9.314],[39.817,9.307],[39.79,9.304],[39.787,9.307],[39.784,9.307],[39.784,9.308],[39.779,9.31],[39.774,9.315],[39.773,9.33],[39.769,9.337],[39.761,9.343],[39.758,9.349],[39.759,9.353],[39.754,9.358],[39.751,9.364],[39.75,9.368],[39.75,9.369],[39.791,9.37],[39.785,9.395],[39.8,9.4],[39.808,9.413],[39.822,9.417],[39.866,9.4],[39.874,9.398],[39.878,9.401],[39.874,9.407],[39.875,9.414],[39.872,9.434],[39.873,9.459],[39.848,9.481],[39.838,9.501],[39.847,9.511],[39.849,9.526],[39.857,9.547],[39.856,9.556],[39.848,9.564],[39.863,9.57],[39.865,9.571],[39.877,9.576],[39.878,9.584],[39.882,9.594],[39.884,9.61],[39.88,9.622],[39.874,9.633],[39.873,9.633],[39.865,9.647],[39.858,9.656],[39.85,9.687],[39.853,9.698],[39.849,9.707],[39.839,9.723],[39.846,9.737],[39.848,9.745],[39.85,9.748],[39.857,9.752],[39.863,9.754],[39.876,9.752],[39.92,9.741],[39.925,9.74],[39.933,9.736],[39.948,9.731],[39.954,9.73],[39.975,9.729],[40.008,9.732],[40.013,9.737],[40.006,9.741],[40.002,9.748],[39.991,9.756],[39.993,9.763],[40.007,9.781],[40.008,9.786],[40.008,9.789],[40.005,9.795],[40.011,9.818],[40.017,9.82],[40.027,9.828],[40.035,9.841],[40.053,9.843],[40.063,9.851],[40.07,9.857],[40.059,9.863],[40.059,9.864],[40.063,9.9],[40.067,9.904],[40.078,9.906],[40.089,9.934],[40.081,9.947],[40.068,9.96],[40.066,9.966],[40.06,9.976],[40.043,9.991],[40.032,9.994],[40.01,9.991],[40.001,9.993],[39.966,9.994],[39.947,9.993],[39.933,10.004],[39.93,10.005],[39.93,10.006],[39.932,10.007],[39.931,10.014],[39.928,10.012],[39.926,10.013],[39.925,10.014],[39.93,10.024],[39.942,10.042],[39.943,10.058],[39.937,10.063],[39.934,10.071],[39.929,10.084],[39.928,10.089],[39.932,10.088],[39.951,10.084],[39.971,10.085],[39.984,10.088],[39.989,10.087],[39.994,10.077],[40.024,10.074],[40.069,10.079],[40.109,10.071],[40.134,10.071],[40.152,10.086],[40.154,10.086],[40.155,10.088],[40.158,10.09],[40.15,10.11],[40.137,10.145],[40.129,10.173],[40.144,10.213],[40.15,10.233],[40.154,10.249],[40.155,10.257],[40.147,10.277],[40.158,10.285],[40.16,10.3],[40.159,10.356],[40.163,10.375],[40.164,10.402],[40.162,10.435],[40.153,10.439],[40.152,10.459],[40.151,10.464],[40.15,10.471],[40.147,10.494],[40.136,10.57],[40.135,10.572],[40.135,10.578],[40.129,10.615],[40.122,10.649],[40.12,10.667],[40.119,10.669],[40.119,10.673],[40.115,10.695],[40.109,10.724],[40.103,10.737],[40.103,10.754],[40.108,10.763],[40.113,10.764],[40.12,10.767],[40.128,10.773],[40.132,10.778],[40.141,10.782],[40.167,10.805],[40.164,10.828],[40.167,10.833],[40.168,10.839],[40.167,10.848],[40.167,10.851],[40.17,10.873],[40.175,10.877],[40.178,10.881],[40.181,10.897],[40.149,10.895],[40.133,10.915],[40.124,10.937],[40.144,10.952],[40.147,10.957],[40.168,10.999],[40.179,11.015],[40.187,11.025],[40.193,11.047],[40.196,11.067],[40.194,11.096],[40.212,11.109],[40.203,11.141],[40.202,11.145],[40.201,11.146],[40.184,11.201],[40.173,11.24],[40.146,11.255],[40.14,11.267],[40.132,11.279],[40.124,11.295],[40.115,11.304],[40.113,11.306],[40.103,11.316],[40.08,11.322],[40.072,11.325],[40.065,11.338],[40.067,11.358],[40.07,11.374],[40.068,11.408],[40.066,11.429],[40.067,11.432],[40.067,11.446],[40.065,11.453],[40.061,11.474],[40.055,11.487],[40.023,11.531],[40.007,11.558],[39.994,11.583],[39.993,11.595],[39.998,11.612],[40.009,11.632],[40.015,11.645],[40.015,11.647],[39.996,11.678],[39.994,11.68],[39.97,11.664],[39.949,11.682],[39.929,11.697],[39.927,11.699],[39.925,11.7],[39.912,11.716],[39.902,11.737],[39.887,11.76],[39.879,11.769],[39.875,11.78],[39.874,11.807],[39.875,11.827],[39.878,11.853],[39.878,11.883],[39.879,11.883],[39.879,11.884],[39.88,11.888],[39.887,11.906],[39.884,11.924],[39.879,11.962],[39.877,11.972],[39.873,11.984],[39.866,11.996],[39.861,12.013],[39.855,12.027],[39.841,12.053],[39.843,12.065],[39.858,12.081],[39.862,12.088],[39.829,12.1],[39.82,12.122],[39.816,12.14],[39.814,12.151],[39.811,12.162],[39.807,12.17],[39.8,12.194],[39.803,12.209],[39.804,12.228],[39.807,12.238],[39.828,12.24],[39.826,12.249],[39.824,12.288],[39.825,12.317],[39.82,12.321],[39.818,12.324],[39.818,12.33],[39.818,12.343],[39.831,12.357],[39.83,12.363],[39.825,12.372],[39.823,12.384],[39.82,12.39],[39.821,12.395],[39.815,12.407],[39.822,12.415],[39.832,12.431],[39.841,12.44],[39.848,12.449],[39.863,12.463],[39.883,12.457],[39.882,12.466],[39.871,12.469],[39.867,12.472],[39.881,12.484],[39.869,12.494],[39.864,12.504],[39.862,12.516],[39.864,12.524],[39.863,12.531],[39.853,12.546],[39.849,12.547],[39.841,12.546],[39.833,12.549],[39.826,12.56],[39.827,12.572],[39.815,12.581],[39.807,12.595],[39.808,12.601],[39.819,12.618],[39.825,12.622],[39.831,12.632],[39.832,12.634],[39.823,12.645],[39.82,12.658],[39.826,12.693],[39.834,12.704],[39.835,12.707],[39.836,12.707],[39.839,12.712],[39.843,12.715],[39.868,12.723],[39.87,12.734],[39.888,12.755],[39.899,12.762],[39.919,12.766],[39.93,12.768],[39.942,12.771],[39.954,12.778],[39.965,12.783],[39.977,12.791],[39.973,12.797],[39.971,12.802],[39.97,12.814],[39.967,12.819],[39.961,12.828],[39.957,12.832],[39.953,12.836],[39.95,12.845],[39.943,12.859],[39.93,12.874],[39.929,12.884],[39.926,12.892],[39.92,12.898],[39.915,12.906],[39.907,12.914],[39.904,12.921],[39.9,12.925],[39.887,12.931],[39.88,12.935],[39.873,12.942],[39.872,12.945],[39.863,12.96],[39.86,12.968],[39.862,12.992],[39.86,13.003],[39.863,13.018],[39.858,13.035],[39.849,13.05],[39.838,13.077],[39.836,13.081],[39.834,13.086],[39.832,13.108],[39.828,13.122],[39.823,13.135],[39.815,13.146],[39.814,13.149],[39.811,13.16],[39.809,13.178],[39.804,13.19],[39.806,13.2],[39.806,13.201],[39.807,13.201],[39.807,13.202],[39.807,13.206],[39.809,13.217],[39.802,13.218],[39.8,13.22],[39.8,13.225],[39.798,13.229],[39.788,13.243],[39.785,13.252],[39.786,13.262],[39.782,13.269],[39.773,13.28],[39.767,13.285],[39.765,13.284],[39.758,13.279],[39.749,13.281],[39.742,13.283],[39.737,13.285],[39.728,13.287],[39.72,13.294],[39.725,13.303],[39.736,13.315],[39.738,13.32],[39.737,13.328],[39.739,13.334],[39.74,13.346],[39.742,13.351],[39.741,13.361],[39.732,13.373],[39.73,13.378],[39.745,13.374],[39.742,13.382],[39.744,13.388],[39.743,13.39],[39.739,13.398],[39.734,13.403],[39.732,13.41],[39.729,13.417],[39.727,13.425],[39.726,13.434],[39.726,13.444],[39.72,13.476],[39.72,13.486],[39.722,13.498],[39.723,13.509],[39.728,13.517],[39.729,13.524],[39.735,13.53],[39.74,13.546],[39.741,13.565],[39.745,13.57],[39.747,13.571],[39.764,13.571],[39.773,13.566],[39.784,13.563],[39.794,13.555],[39.803,13.553],[39.807,13.554],[39.816,13.557],[39.834,13.555],[39.844,13.556],[39.853,13.554],[39.864,13.548],[39.863,13.558],[39.866,13.566],[39.868,13.583],[39.866,13.587],[39.865,13.602],[39.87,13.609],[39.869,13.62],[39.867,13.626],[39.867,13.633],[39.869,13.643],[39.868,13.659],[39.877,13.683],[39.878,13.704],[39.876,13.709],[39.874,13.716],[39.876,13.738],[39.884,13.747],[39.874,13.749],[39.866,13.753],[39.858,13.76],[39.853,13.766],[39.854,13.786],[39.853,13.791],[39.852,13.794],[39.849,13.799],[39.841,13.803],[39.837,13.81],[39.834,13.821],[39.837,13.829],[39.842,13.837],[39.841,13.846],[39.836,13.854],[39.838,13.864],[39.829,13.868],[39.828,13.885],[39.829,13.897],[39.834,13.908],[39.833,13.918],[39.826,13.921],[39.826,13.925],[39.828,13.932],[39.815,13.944],[39.802,13.945],[39.803,13.947],[39.812,13.959],[39.816,13.968],[39.827,13.973],[39.835,13.975],[39.858,13.966],[39.86,13.974],[39.868,13.982],[39.869,13.993],[39.871,13.995],[39.879,14.003],[39.886,14.011],[39.884,14.015],[39.866,14.021],[39.861,14.027],[39.855,14.031],[39.85,14.037],[39.845,14.049],[39.844,14.057],[39.848,14.077],[39.843,14.09],[39.842,14.098],[39.843,14.11],[39.838,14.125],[39.837,14.141],[39.838,14.153],[39.828,14.155],[39.81,14.151],[39.798,14.143],[39.788,14.142],[39.779,14.14],[39.771,14.139],[39.761,14.143],[39.75,14.152],[39.738,14.154],[39.722,14.157],[39.714,14.156],[39.7,14.159],[39.699,14.159],[39.682,14.164],[39.674,14.176],[39.671,14.179],[39.657,14.182],[39.65,14.188],[39.656,14.193],[39.658,14.198],[39.665,14.197],[39.672,14.2],[39.676,14.206],[39.686,14.217],[39.688,14.231],[39.694,14.24],[39.703,14.242],[39.71,14.241],[39.74,14.235],[39.749,14.236],[39.757,14.239],[39.756,14.252],[39.758,14.276],[39.75,14.278],[39.742,14.281],[39.728,14.293],[39.726,14.302],[39.732,14.306],[39.746,14.308],[39.749,14.312],[39.762,14.318],[39.771,14.32],[39.778,14.328],[39.78,14.334],[39.775,14.352],[39.773,14.362],[39.772,14.374],[39.776,14.374],[39.787,14.378],[39.796,14.385],[39.8,14.387],[39.816,14.383],[39.836,14.381],[39.848,14.375],[39.855,14.373],[39.853,14.367],[39.874,14.368],[39.883,14.37],[39.89,14.369],[39.896,14.37],[39.901,14.366],[39.908,14.365],[39.916,14.37],[39.923,14.366],[39.937,14.362],[39.951,14.36],[39.972,14.369],[39.98,14.371],[39.985,14.377],[39.991,14.382],[39.99,14.384],[39.982,14.394],[39.98,14.41],[39.984,14.422],[39.984,14.432],[39.99,14.442],[39.992,14.449],[39.993,14.456],[39.995,14.455],[39.996,14.455],[39.999,14.451],[40.007,14.449],[40.012,14.456],[40.013,14.466],[40.015,14.472],[40.016,14.473],[40.017,14.475],[40.019,14.475],[40.021,14.475],[40.025,14.474],[40.029,14.476],[40.033,14.482],[40.039,14.492],[40.042,14.494],[40.045,14.497],[40.043,14.5],[40.038,14.503],[40.039,14.508],[40.069,14.536],[40.069,14.541],[40.082,14.543],[40.086,14.543],[40.087,14.544],[40.089,14.545],[40.093,14.548],[40.094,14.548],[40.095,14.548],[40.096,14.548],[40.097,14.548],[40.098,14.548],[40.099,14.548],[40.1,14.548],[40.101,14.549],[40.102,14.549],[40.103,14.549],[40.104,14.549],[40.105,14.549],[40.106,14.549],[40.107,14.549],[40.108,14.549],[40.109,14.549],[40.11,14.549],[40.111,14.549],[40.112,14.549],[40.113,14.549],[40.113,14.548],[40.114,14.548],[40.115,14.547],[40.116,14.547],[40.117,14.547],[40.118,14.547],[40.119,14.547],[40.12,14.547],[40.121,14.546],[40.122,14.546],[40.123,14.547],[40.124,14.547],[40.125,14.547],[40.126,14.547],[40.126,14.548],[40.127,14.547],[40.128,14.547],[40.129,14.547],[40.13,14.546],[40.131,14.546],[40.132,14.547],[40.133,14.547],[40.134,14.546],[40.135,14.546],[40.136,14.545],[40.136,14.544],[40.137,14.544],[40.137,14.543],[40.138,14.542],[40.139,14.541],[40.14,14.54],[40.141,14.539],[40.142,14.539],[40.143,14.539],[40.144,14.539],[40.145,14.539],[40.146,14.539],[40.147,14.539],[40.148,14.539],[40.181,14.461],[40.213,14.387],[40.26,14.411],[40.319,14.382],[40.374,14.354],[40.452,14.307],[40.573,14.269],[40.64,14.243],[40.666,14.233],[40.687,14.225],[40.724,14.209],[40.75,14.198],[40.809,14.172],[40.873,14.135],[40.909,14.107],[40.942,14.082],[40.981,14.033],[40.995,14.015],[41.033,13.952],[41.07,13.891],[41.116,13.828],[41.17,13.729],[41.197,13.701],[41.249,13.61],[41.307,13.58],[41.402,13.502],[41.447,13.489],[41.504,13.447],[41.576,13.416],[41.6,13.405],[41.644,13.386],[41.652,13.364],[41.667,13.324],[41.668,13.323],[41.688,13.305],[41.721,13.275],[41.73,13.253],[41.734,13.242],[41.735,13.239],[41.736,13.237],[41.745,13.228],[41.758,13.215],[41.815,13.162],[41.84,13.133],[41.891,13.073],[41.928,13.009],[41.966,12.925],[42.027,12.867],[42.056,12.801],[42.1,12.788],[42.119,12.781],[42.132,12.778],[42.137,12.777],[42.156,12.774],[42.193,12.769],[42.205,12.767],[42.218,12.765],[42.279,12.635],[42.329,12.571],[42.387,12.493],[42.402,12.471],[42.401,12.471],[42.388,12.451],[42.385,12.434],[42.385,12.433],[42.379,12.427],[42.374,12.422],[42.37,12.418],[42.367,12.413],[42.337,12.372],[42.336,12.367],[42.33,12.352],[42.33,12.343],[42.317,12.305],[42.314,12.301],[42.309,12.295],[42.304,12.292],[42.292,12.282],[42.258,12.255],[42.24,12.234],[42.234,12.225],[42.225,12.211],[42.223,12.209],[42.206,12.177],[42.185,12.143],[42.17,12.128],[42.166,12.121],[42.163,12.114],[42.159,12.104],[42.156,12.095],[42.154,12.084],[42.152,12.077],[42.15,12.074],[42.149,12.073],[42.14,12.073],[42.134,12.068],[42.126,12.052],[42.118,12.039],[42.115,12.035],[42.113,12.034],[42.096,12.005],[42.094,12.003],[42.093,12.002],[42.067,11.976],[42.041,11.934],[42.04,11.932],[42.031,11.921],[42.024,11.912],[42.019,11.902],[42.018,11.9],[42.017,11.899],[42.013,11.892],[42.004,11.879],[42.002,11.874],[42,11.866],[41.981,11.839],[41.978,11.834],[41.975,11.832],[41.961,11.82],[41.947,11.811],[41.938,11.805],[41.937,11.804],[41.935,11.803],[41.901,11.787],[41.9,11.786],[41.897,11.782],[41.892,11.755],[41.889,11.753],[41.887,11.75],[41.882,11.749],[41.877,11.748],[41.847,11.734],[41.846,11.733],[41.845,11.733],[41.837,11.728],[41.833,11.717],[41.829,11.707],[41.826,11.691],[41.813,11.652],[41.811,11.647],[41.805,11.63],[41.806,11.626],[41.807,11.62],[41.807,11.617],[41.804,11.6],[41.804,11.596],[41.803,11.593],[41.794,11.564],[41.791,11.553],[41.791,11.544],[41.789,11.541],[41.789,11.54],[41.784,11.532],[41.778,11.511],[41.777,11.507],[41.776,11.505],[41.776,11.502],[41.775,11.495],[41.773,11.487],[41.774,11.481],[41.775,11.473],[41.779,11.459],[41.787,11.429],[41.795,11.397],[41.799,11.374],[41.8,11.372],[41.802,11.362],[41.806,11.334],[41.808,11.318],[41.809,11.261],[41.809,11.257],[41.81,11.248],[41.81,11.247],[41.81,11.246],[41.81,11.24],[41.81,11.234],[41.81,11.23],[41.809,11.204],[41.803,11.12],[41.802,11.109],[41.802,11.1],[41.803,11.084],[41.804,11.063],[41.802,11.036],[41.8,11.009],[41.797,11.001],[41.797,10.999],[41.793,10.996],[41.791,10.992],[41.79,10.99],[41.79,10.989],[41.79,10.988],[41.789,10.987],[41.789,10.988],[41.781,10.989],[41.764,10.991],[41.76,10.981],[41.74,10.968],[41.719,10.965],[41.7,10.969],[41.682,10.964],[41.632,10.965],[41.582,10.962],[41.538,10.964],[41.518,10.965],[41.506,10.965],[41.484,10.967],[41.41,10.958],[41.392,10.966],[41.349,10.962],[41.301,10.964],[41.268,10.958],[41.247,10.93],[41.241,10.921],[41.24,10.918],[41.234,10.891],[41.232,10.863],[41.22,10.834],[41.206,10.818],[41.197,10.806],[41.197,10.804],[41.196,10.803],[41.191,10.796],[41.17,10.782],[41.167,10.78],[41.154,10.765],[41.131,10.742],[41.116,10.721],[41.089,10.696],[41.077,10.681],[41.079,10.662],[41.078,10.639],[41.083,10.632],[41.087,10.6],[41.079,10.567],[41.072,10.541],[41.061,10.516],[41.057,10.5],[41.047,10.477],[41.032,10.422],[41.03,10.4],[41.015,10.343],[41.005,10.318],[40.999,10.287],[40.999,10.283],[40.998,10.282],[40.99,10.238],[40.989,10.233],[40.979,10.194],[40.975,10.156],[40.954,10.096],[40.948,10.067],[40.937,10.035],[40.946,10.001],[40.954,9.987],[40.96,9.979],[40.966,9.971],[40.981,9.969],[41,9.967],[41.014,9.959],[41.02,9.948],[41.014,9.939],[40.997,9.928],[40.989,9.922],[40.958,9.891],[40.942,9.875],[40.911,9.848],[40.876,9.816],[40.847,9.79],[40.825,9.763],[40.806,9.732],[40.785,9.701],[40.779,9.693],[40.777,9.687],[40.773,9.682],[40.772,9.679],[40.771,9.679],[40.766,9.671],[40.756,9.659],[40.755,9.658],[40.751,9.653],[40.74,9.627],[40.733,9.609],[40.725,9.593],[40.718,9.569],[40.702,9.536],[40.696,9.5],[40.697,9.474],[40.697,9.447],[40.696,9.447],[40.696,9.446],[40.696,9.445],[40.692,9.442],[40.685,9.433],[40.675,9.417],[40.659,9.404],[40.634,9.395],[40.605,9.391],[40.567,9.387],[40.528,9.385],[40.499,9.375],[40.471,9.354],[40.452,9.332],[40.428,9.306],[40.427,9.306],[40.423,9.3],[40.408,9.281],[40.386,9.244],[40.367,9.214],[40.348,9.185],[40.326,9.153],[40.291,9.119],[40.274,9.103],[40.254,9.085],[40.245,9.073],[40.244,9.054],[40.246,9.035],[40.242,9.011],[40.238,8.997],[40.221,8.987],[40.203,8.979],[40.186,8.973],[40.171,8.964],[40.17,8.964],[40.157,8.94],[40.156,8.939],[40.155,8.937],[40.151,8.93],[40.117,8.892],[40.106,8.878],[40.096,8.864],[40.091,8.859],[40.08,8.851],[40.067,8.844],[40.05,8.84]]],[[[39.928,10.089],[39.927,10.089],[39.928,10.09],[39.928,10.089]]]]}},{"type":"Feature","properties":{"name":"Amhara","centroid":[38.011,11.247],"code":"ET03"},"geometry":{"type":"MultiPolygon","coordinates":[[[[39.265,9.323],[39.264,9.323],[39.265,9.324],[39.265,9.323]]],[[[39.787,9.109],[39.786,9.108],[39.774,9.1],[39.763,9.095],[39.743,9.091],[39.748,9.062],[39.746,9.054],[39.74,9.039],[39.741,9.022],[39.746,9.014],[39.748,8.919],[39.748,8.908],[39.739,8.872],[39.737,8.857],[39.731,8.844],[39.733,8.826],[39.718,8.817],[39.674,8.815],[39.663,8.813],[39.661,8.811],[39.659,8.811],[39.651,8.803],[39.634,8.798],[39.617,8.787],[39.601,8.792],[39.592,8.796],[39.562,8.817],[39.558,8.794],[39.552,8.769],[39.534,8.757],[39.501,8.715],[39.492,8.725],[39.473,8.74],[39.449,8.752],[39.44,8.767],[39.433,8.787],[39.43,8.792],[39.418,8.814],[39.406,8.81],[39.387,8.799],[39.379,8.792],[39.375,8.781],[39.374,8.765],[39.377,8.731],[39.361,8.721],[39.342,8.727],[39.331,8.741],[39.325,8.746],[39.308,8.725],[39.302,8.719],[39.293,8.718],[39.284,8.718],[39.277,8.722],[39.274,8.722],[39.274,8.723],[39.27,8.724],[39.262,8.747],[39.273,8.766],[39.272,8.782],[39.268,8.792],[39.26,8.801],[39.254,8.813],[39.245,8.827],[39.244,8.833],[39.245,8.836],[39.265,8.843],[39.26,8.85],[39.238,8.862],[39.241,8.889],[39.26,8.911],[39.265,8.923],[39.259,8.962],[39.269,8.979],[39.288,8.999],[39.297,9.053],[39.316,9.06],[39.347,9.064],[39.357,9.062],[39.355,9.069],[39.349,9.075],[39.349,9.088],[39.343,9.098],[39.341,9.107],[39.337,9.113],[39.333,9.128],[39.329,9.136],[39.32,9.14],[39.323,9.148],[39.296,9.149],[39.25,9.135],[39.243,9.145],[39.242,9.145],[39.233,9.158],[39.215,9.172],[39.215,9.173],[39.214,9.174],[39.2,9.192],[39.189,9.209],[39.213,9.228],[39.211,9.232],[39.2,9.249],[39.193,9.253],[39.178,9.271],[39.207,9.291],[39.212,9.292],[39.234,9.293],[39.257,9.258],[39.26,9.25],[39.265,9.245],[39.267,9.246],[39.281,9.27],[39.284,9.277],[39.277,9.282],[39.276,9.283],[39.274,9.284],[39.266,9.288],[39.266,9.303],[39.265,9.323],[39.27,9.32],[39.278,9.312],[39.285,9.315],[39.292,9.331],[39.292,9.343],[39.293,9.345],[39.294,9.349],[39.303,9.357],[39.307,9.366],[39.32,9.365],[39.32,9.374],[39.324,9.379],[39.336,9.38],[39.347,9.378],[39.357,9.369],[39.373,9.375],[39.376,9.384],[39.391,9.39],[39.395,9.391],[39.402,9.382],[39.41,9.375],[39.42,9.371],[39.426,9.379],[39.439,9.381],[39.445,9.383],[39.449,9.389],[39.453,9.394],[39.454,9.4],[39.449,9.405],[39.448,9.409],[39.444,9.413],[39.448,9.418],[39.449,9.423],[39.448,9.431],[39.446,9.433],[39.429,9.434],[39.426,9.436],[39.411,9.447],[39.394,9.455],[39.388,9.449],[39.382,9.447],[39.374,9.446],[39.373,9.456],[39.377,9.463],[39.376,9.466],[39.363,9.473],[39.359,9.474],[39.352,9.472],[39.346,9.472],[39.34,9.474],[39.334,9.473],[39.318,9.468],[39.311,9.467],[39.306,9.472],[39.304,9.479],[39.302,9.487],[39.294,9.491],[39.294,9.498],[39.294,9.501],[39.3,9.502],[39.305,9.505],[39.303,9.511],[39.302,9.521],[39.313,9.535],[39.317,9.53],[39.323,9.525],[39.33,9.526],[39.34,9.543],[39.343,9.546],[39.353,9.549],[39.36,9.546],[39.365,9.551],[39.372,9.562],[39.377,9.567],[39.379,9.573],[39.378,9.577],[39.377,9.581],[39.374,9.582],[39.373,9.591],[39.378,9.595],[39.384,9.601],[39.385,9.611],[39.389,9.616],[39.386,9.63],[39.376,9.629],[39.369,9.623],[39.362,9.619],[39.355,9.617],[39.352,9.621],[39.353,9.632],[39.356,9.641],[39.358,9.656],[39.362,9.661],[39.368,9.663],[39.371,9.67],[39.362,9.68],[39.37,9.689],[39.37,9.699],[39.365,9.701],[39.345,9.699],[39.34,9.703],[39.338,9.709],[39.34,9.716],[39.347,9.725],[39.343,9.726],[39.343,9.727],[39.339,9.727],[39.331,9.724],[39.322,9.724],[39.314,9.73],[39.311,9.74],[39.308,9.744],[39.298,9.748],[39.292,9.745],[39.287,9.734],[39.281,9.733],[39.274,9.737],[39.269,9.739],[39.264,9.736],[39.256,9.721],[39.25,9.705],[39.248,9.703],[39.237,9.701],[39.228,9.694],[39.226,9.696],[39.224,9.705],[39.217,9.708],[39.211,9.704],[39.209,9.71],[39.205,9.706],[39.201,9.708],[39.197,9.716],[39.184,9.72],[39.185,9.706],[39.184,9.686],[39.18,9.688],[39.175,9.694],[39.168,9.693],[39.162,9.688],[39.159,9.688],[39.151,9.69],[39.145,9.693],[39.146,9.707],[39.148,9.715],[39.144,9.721],[39.145,9.726],[39.144,9.732],[39.14,9.74],[39.133,9.741],[39.121,9.734],[39.111,9.732],[39.106,9.733],[39.103,9.733],[39.099,9.735],[39.097,9.743],[39.105,9.748],[39.102,9.754],[39.093,9.763],[39.089,9.762],[39.082,9.756],[39.075,9.754],[39.049,9.753],[39.045,9.751],[39.037,9.747],[39.035,9.753],[39.033,9.754],[39.024,9.758],[39.017,9.757],[39.013,9.752],[39.006,9.751],[39.005,9.75],[39.002,9.749],[38.997,9.747],[38.991,9.746],[38.98,9.752],[38.975,9.761],[38.969,9.757],[38.964,9.749],[38.952,9.738],[38.953,9.733],[38.955,9.726],[38.959,9.72],[38.959,9.716],[38.96,9.715],[38.959,9.711],[38.951,9.715],[38.939,9.726],[38.934,9.728],[38.928,9.724],[38.918,9.711],[38.909,9.708],[38.899,9.713],[38.892,9.718],[38.885,9.721],[38.881,9.725],[38.869,9.731],[38.866,9.733],[38.862,9.74],[38.858,9.745],[38.854,9.749],[38.845,9.753],[38.838,9.759],[38.837,9.761],[38.829,9.768],[38.822,9.785],[38.82,9.797],[38.818,9.802],[38.814,9.806],[38.809,9.818],[38.808,9.839],[38.806,9.843],[38.806,9.854],[38.804,9.859],[38.802,9.865],[38.793,9.876],[38.791,9.882],[38.796,9.888],[38.798,9.892],[38.803,9.91],[38.802,9.919],[38.798,9.927],[38.796,9.933],[38.797,9.939],[38.802,9.946],[38.803,9.953],[38.801,9.958],[38.801,9.962],[38.8,9.962],[38.797,9.967],[38.79,9.972],[38.785,9.978],[38.779,9.982],[38.772,9.978],[38.767,9.98],[38.758,9.981],[38.752,9.984],[38.745,9.985],[38.741,9.987],[38.734,9.993],[38.726,9.991],[38.718,9.996],[38.71,9.998],[38.694,10.007],[38.686,10.008],[38.681,10.013],[38.673,10.015],[38.669,10.021],[38.668,10.021],[38.661,10.032],[38.661,10.045],[38.658,10.051],[38.661,10.055],[38.663,10.057],[38.664,10.057],[38.665,10.056],[38.673,10.054],[38.681,10.053],[38.688,10.05],[38.696,10.051],[38.701,10.049],[38.707,10.053],[38.721,10.051],[38.734,10.056],[38.742,10.061],[38.751,10.063],[38.757,10.068],[38.765,10.07],[38.77,10.074],[38.777,10.083],[38.79,10.088],[38.801,10.09],[38.804,10.093],[38.811,10.094],[38.815,10.098],[38.818,10.104],[38.822,10.108],[38.829,10.11],[38.833,10.112],[38.839,10.114],[38.843,10.11],[38.852,10.117],[38.851,10.121],[38.85,10.122],[38.848,10.124],[38.847,10.14],[38.845,10.143],[38.839,10.149],[38.834,10.159],[38.835,10.172],[38.834,10.179],[38.838,10.198],[38.834,10.203],[38.833,10.21],[38.835,10.225],[38.84,10.233],[38.846,10.239],[38.847,10.243],[38.845,10.248],[38.845,10.256],[38.853,10.267],[38.861,10.277],[38.86,10.283],[38.856,10.294],[38.855,10.326],[38.853,10.335],[38.848,10.345],[38.845,10.354],[38.846,10.361],[38.834,10.361],[38.83,10.363],[38.816,10.364],[38.807,10.369],[38.802,10.368],[38.792,10.366],[38.778,10.365],[38.773,10.366],[38.762,10.375],[38.746,10.383],[38.742,10.384],[38.741,10.385],[38.733,10.385],[38.713,10.386],[38.704,10.381],[38.7,10.38],[38.691,10.378],[38.682,10.379],[38.677,10.377],[38.67,10.374],[38.665,10.372],[38.658,10.373],[38.652,10.376],[38.644,10.377],[38.635,10.381],[38.631,10.382],[38.624,10.378],[38.613,10.377],[38.605,10.374],[38.593,10.374],[38.578,10.377],[38.567,10.374],[38.56,10.376],[38.542,10.37],[38.535,10.366],[38.517,10.367],[38.505,10.363],[38.496,10.363],[38.486,10.365],[38.478,10.364],[38.476,10.357],[38.48,10.351],[38.481,10.345],[38.476,10.332],[38.474,10.315],[38.469,10.311],[38.466,10.305],[38.469,10.3],[38.473,10.292],[38.461,10.29],[38.458,10.283],[38.461,10.276],[38.463,10.267],[38.455,10.261],[38.456,10.255],[38.455,10.25],[38.45,10.241],[38.439,10.236],[38.431,10.232],[38.425,10.223],[38.419,10.22],[38.419,10.215],[38.424,10.206],[38.43,10.193],[38.428,10.189],[38.421,10.18],[38.426,10.178],[38.426,10.172],[38.409,10.162],[38.403,10.156],[38.401,10.148],[38.398,10.144],[38.378,10.141],[38.369,10.14],[38.359,10.143],[38.357,10.151],[38.354,10.155],[38.351,10.156],[38.351,10.157],[38.35,10.157],[38.35,10.158],[38.348,10.158],[38.343,10.157],[38.334,10.152],[38.331,10.142],[38.326,10.132],[38.324,10.124],[38.326,10.115],[38.322,10.107],[38.309,10.108],[38.302,10.103],[38.301,10.095],[38.296,10.09],[38.287,10.088],[38.281,10.091],[38.273,10.091],[38.259,10.087],[38.253,10.088],[38.252,10.096],[38.248,10.102],[38.238,10.101],[38.229,10.095],[38.223,10.093],[38.217,10.086],[38.206,10.082],[38.197,10.075],[38.187,10.07],[38.184,10.066],[38.176,10.063],[38.171,10.058],[38.17,10.05],[38.168,10.046],[38.16,10.043],[38.15,10.035],[38.146,10.036],[38.142,10.044],[38.138,10.046],[38.132,10.047],[38.126,10.043],[38.119,10.031],[38.117,10.025],[38.118,10.018],[38.114,10.016],[38.101,10.022],[38.096,10.02],[38.087,10.02],[38.08,10.015],[38.083,10.007],[38.082,10.003],[38.071,10.001],[38.065,9.998],[38.062,9.988],[38.06,9.981],[38.056,9.982],[38.048,9.981],[38.044,9.969],[38.034,9.967],[38.027,9.968],[38.019,9.967],[38.011,9.965],[38.004,9.961],[38,9.954],[37.994,9.949],[37.979,9.949],[37.974,9.946],[37.965,9.943],[37.956,9.938],[37.95,9.939],[37.939,9.944],[37.934,9.942],[37.931,9.931],[37.935,9.927],[37.935,9.921],[37.934,9.917],[37.93,9.915],[37.925,9.914],[37.917,9.92],[37.909,9.93],[37.899,9.929],[37.882,9.922],[37.877,9.918],[37.874,9.911],[37.871,9.908],[37.864,9.913],[37.86,9.912],[37.859,9.899],[37.857,9.897],[37.853,9.896],[37.852,9.897],[37.843,9.897],[37.837,9.888],[37.829,9.883],[37.824,9.876],[37.824,9.874],[37.816,9.867],[37.806,9.864],[37.8,9.861],[37.79,9.859],[37.783,9.857],[37.775,9.856],[37.769,9.851],[37.761,9.852],[37.754,9.857],[37.749,9.856],[37.748,9.845],[37.744,9.841],[37.738,9.84],[37.731,9.845],[37.726,9.844],[37.718,9.842],[37.709,9.842],[37.701,9.837],[37.695,9.842],[37.687,9.855],[37.682,9.861],[37.678,9.862],[37.669,9.86],[37.667,9.859],[37.661,9.861],[37.649,9.871],[37.646,9.877],[37.643,9.881],[37.638,9.885],[37.624,9.888],[37.619,9.893],[37.617,9.901],[37.613,9.908],[37.606,9.912],[37.599,9.917],[37.592,9.918],[37.59,9.925],[37.591,9.933],[37.587,9.939],[37.575,9.942],[37.564,9.95],[37.557,9.953],[37.553,9.958],[37.551,9.973],[37.544,9.979],[37.538,9.988],[37.531,9.995],[37.52,10],[37.5,9.998],[37.489,10.003],[37.483,10.003],[37.478,10.008],[37.476,10.015],[37.475,10.015],[37.465,10.012],[37.456,10.012],[37.446,10.014],[37.442,10.016],[37.428,10.03],[37.421,10.036],[37.407,10.041],[37.399,10.046],[37.393,10.046],[37.386,10.046],[37.382,10.043],[37.378,10.042],[37.363,10.043],[37.357,10.04],[37.35,10.012],[37.346,10.007],[37.344,10.005],[37.338,10.004],[37.328,10.006],[37.323,10.008],[37.317,10.018],[37.306,10.026],[37.301,10.037],[37.3,10.037],[37.299,10.046],[37.297,10.053],[37.289,10.062],[37.28,10.066],[37.272,10.073],[37.263,10.076],[37.241,10.075],[37.236,10.077],[37.217,10.085],[37.206,10.095],[37.205,10.096],[37.195,10.104],[37.189,10.114],[37.18,10.144],[37.176,10.151],[37.173,10.154],[37.168,10.162],[37.169,10.17],[37.176,10.178],[37.178,10.183],[37.183,10.188],[37.189,10.2],[37.193,10.204],[37.197,10.213],[37.2,10.222],[37.198,10.228],[37.192,10.235],[37.183,10.24],[37.174,10.243],[37.139,10.245],[37.115,10.25],[37.097,10.257],[37.086,10.259],[37.078,10.263],[37.072,10.274],[37.063,10.281],[37.051,10.284],[37.047,10.288],[37.045,10.288],[37.04,10.285],[37.032,10.286],[37.014,10.285],[37.008,10.288],[37.003,10.293],[36.997,10.302],[36.991,10.308],[36.981,10.313],[36.972,10.315],[36.967,10.312],[36.931,10.311],[36.923,10.314],[36.898,10.313],[36.889,10.315],[36.883,10.32],[36.875,10.334],[36.869,10.34],[36.862,10.341],[36.842,10.34],[36.832,10.342],[36.817,10.341],[36.816,10.34],[36.812,10.337],[36.807,10.335],[36.8,10.337],[36.793,10.343],[36.777,10.345],[36.772,10.355],[36.769,10.357],[36.768,10.361],[36.762,10.367],[36.753,10.366],[36.746,10.36],[36.726,10.361],[36.718,10.358],[36.691,10.357],[36.69,10.353],[36.688,10.345],[36.683,10.339],[36.681,10.335],[36.682,10.331],[36.686,10.324],[36.686,10.321],[36.685,10.317],[36.675,10.314],[36.669,10.314],[36.663,10.316],[36.657,10.32],[36.65,10.33],[36.641,10.34],[36.637,10.346],[36.629,10.349],[36.62,10.353],[36.613,10.36],[36.606,10.364],[36.598,10.366],[36.59,10.369],[36.582,10.367],[36.572,10.363],[36.547,10.361],[36.539,10.365],[36.537,10.371],[36.533,10.376],[36.531,10.381],[36.522,10.396],[36.521,10.405],[36.524,10.409],[36.533,10.431],[36.538,10.438],[36.542,10.445],[36.546,10.456],[36.538,10.472],[36.532,10.479],[36.527,10.482],[36.525,10.482],[36.521,10.479],[36.511,10.478],[36.494,10.481],[36.481,10.482],[36.472,10.48],[36.463,10.479],[36.456,10.474],[36.45,10.46],[36.447,10.456],[36.435,10.452],[36.428,10.454],[36.424,10.455],[36.423,10.456],[36.418,10.454],[36.411,10.455],[36.405,10.457],[36.391,10.467],[36.383,10.488],[36.371,10.504],[36.365,10.506],[36.364,10.518],[36.36,10.525],[36.359,10.529],[36.355,10.526],[36.348,10.524],[36.343,10.521],[36.327,10.523],[36.319,10.527],[36.312,10.54],[36.311,10.549],[36.309,10.552],[36.303,10.554],[36.302,10.57],[36.306,10.578],[36.301,10.583],[36.298,10.591],[36.294,10.596],[36.284,10.599],[36.282,10.603],[36.286,10.614],[36.29,10.619],[36.298,10.621],[36.301,10.623],[36.307,10.624],[36.305,10.629],[36.303,10.637],[36.305,10.641],[36.31,10.648],[36.318,10.652],[36.324,10.661],[36.322,10.665],[36.313,10.674],[36.311,10.678],[36.318,10.68],[36.322,10.685],[36.32,10.688],[36.318,10.693],[36.317,10.701],[36.326,10.713],[36.331,10.726],[36.352,10.739],[36.36,10.742],[36.363,10.749],[36.373,10.758],[36.376,10.764],[36.373,10.773],[36.377,10.785],[36.371,10.788],[36.354,10.79],[36.342,10.789],[36.331,10.77],[36.326,10.768],[36.324,10.763],[36.313,10.753],[36.311,10.748],[36.304,10.746],[36.294,10.743],[36.286,10.744],[36.285,10.746],[36.288,10.772],[36.286,10.785],[36.283,10.794],[36.282,10.803],[36.292,10.805],[36.299,10.809],[36.295,10.815],[36.305,10.819],[36.309,10.826],[36.31,10.838],[36.312,10.843],[36.314,10.85],[36.31,10.854],[36.309,10.861],[36.317,10.87],[36.32,10.876],[36.328,10.882],[36.332,10.886],[36.33,10.892],[36.331,10.895],[36.333,10.899],[36.345,10.909],[36.348,10.917],[36.353,10.921],[36.351,10.929],[36.354,10.936],[36.364,10.943],[36.4,10.98],[36.417,10.999],[36.419,11.007],[36.42,11.022],[36.422,11.03],[36.427,11.035],[36.436,11.039],[36.44,11.046],[36.444,11.05],[36.451,11.053],[36.47,11.056],[36.478,11.067],[36.485,11.066],[36.489,11.068],[36.491,11.076],[36.502,11.086],[36.504,11.09],[36.508,11.093],[36.516,11.106],[36.524,11.112],[36.532,11.113],[36.534,11.098],[36.54,11.097],[36.546,11.094],[36.554,11.093],[36.56,11.099],[36.564,11.101],[36.575,11.1],[36.577,11.104],[36.578,11.11],[36.574,11.112],[36.566,11.111],[36.56,11.113],[36.554,11.124],[36.552,11.133],[36.549,11.138],[36.545,11.138],[36.541,11.14],[36.53,11.141],[36.513,11.137],[36.504,11.137],[36.492,11.144],[36.482,11.154],[36.476,11.157],[36.469,11.155],[36.468,11.158],[36.469,11.169],[36.468,11.178],[36.466,11.186],[36.469,11.198],[36.468,11.214],[36.461,11.224],[36.461,11.226],[36.471,11.233],[36.476,11.244],[36.467,11.265],[36.482,11.271],[36.49,11.278],[36.495,11.288],[36.506,11.285],[36.517,11.291],[36.531,11.303],[36.545,11.304],[36.557,11.302],[36.561,11.309],[36.562,11.318],[36.557,11.329],[36.548,11.337],[36.535,11.335],[36.538,11.345],[36.559,11.354],[36.563,11.357],[36.564,11.37],[36.555,11.38],[36.551,11.386],[36.542,11.393],[36.533,11.394],[36.533,11.406],[36.531,11.413],[36.53,11.434],[36.521,11.445],[36.513,11.458],[36.504,11.458],[36.498,11.444],[36.491,11.44],[36.472,11.436],[36.466,11.428],[36.448,11.427],[36.443,11.425],[36.431,11.42],[36.411,11.414],[36.41,11.433],[36.41,11.459],[36.42,11.468],[36.425,11.477],[36.435,11.486],[36.438,11.492],[36.444,11.493],[36.441,11.499],[36.438,11.506],[36.424,11.521],[36.413,11.532],[36.415,11.545],[36.404,11.546],[36.39,11.571],[36.391,11.583],[36.379,11.596],[36.375,11.607],[36.365,11.6],[36.348,11.605],[36.339,11.649],[36.333,11.666],[36.347,11.696],[36.332,11.704],[36.335,11.717],[36.334,11.724],[36.338,11.731],[36.34,11.737],[36.339,11.741],[36.34,11.75],[36.339,11.762],[36.341,11.767],[36.338,11.772],[36.341,11.781],[36.329,11.796],[36.309,11.803],[36.299,11.792],[36.283,11.773],[36.273,11.765],[36.26,11.752],[36.244,11.742],[36.236,11.737],[36.232,11.722],[36.207,11.72],[36.201,11.705],[36.189,11.692],[36.18,11.686],[36.165,11.678],[36.157,11.686],[36.145,11.685],[36.13,11.696],[36.118,11.705],[36.125,11.719],[36.121,11.721],[36.117,11.723],[36.123,11.734],[36.117,11.774],[36.105,11.815],[36.095,11.813],[36.082,11.824],[36.084,11.835],[36.066,11.851],[36.055,11.849],[36.051,11.856],[36.049,11.865],[36.056,11.874],[36.045,11.876],[36.05,11.883],[36.038,11.886],[36.034,11.891],[36.042,11.895],[36.021,11.913],[35.996,11.927],[35.983,11.953],[35.978,11.96],[35.969,11.958],[35.972,11.97],[35.966,11.984],[35.952,11.976],[35.941,11.971],[35.941,11.97],[35.935,11.965],[35.933,11.959],[35.94,11.954],[35.943,11.936],[35.937,11.92],[35.925,11.913],[35.919,11.905],[35.91,11.904],[35.896,11.897],[35.888,11.89],[35.874,11.886],[35.87,11.863],[35.866,11.856],[35.858,11.847],[35.849,11.841],[35.833,11.833],[35.823,11.827],[35.815,11.828],[35.803,11.838],[35.791,11.837],[35.778,11.834],[35.774,11.833],[35.763,11.837],[35.756,11.831],[35.733,11.832],[35.72,11.829],[35.706,11.822],[35.694,11.831],[35.683,11.825],[35.667,11.826],[35.662,11.793],[35.644,11.781],[35.624,11.775],[35.598,11.774],[35.588,11.772],[35.576,11.766],[35.542,11.736],[35.533,11.728],[35.517,11.718],[35.473,11.736],[35.461,11.735],[35.441,11.73],[35.421,11.729],[35.413,11.734],[35.394,11.746],[35.364,11.753],[35.338,11.773],[35.335,11.782],[35.326,11.794],[35.314,11.792],[35.304,11.802],[35.296,11.799],[35.298,11.808],[35.296,11.819],[35.288,11.829],[35.285,11.847],[35.288,11.859],[35.286,11.878],[35.284,11.887],[35.282,11.891],[35.28,11.894],[35.275,11.904],[35.262,11.925],[35.266,11.929],[35.271,11.932],[35.275,11.936],[35.276,11.937],[35.286,11.954],[35.29,11.959],[35.293,11.965],[35.294,11.967],[35.297,11.975],[35.3,11.984],[35.301,11.998],[35.302,12.012],[35.305,12.016],[35.306,12.017],[35.319,12.016],[35.326,12.016],[35.33,12.018],[35.332,12.019],[35.333,12.02],[35.342,12.034],[35.345,12.05],[35.344,12.06],[35.343,12.061],[35.342,12.062],[35.336,12.07],[35.336,12.071],[35.335,12.072],[35.334,12.073],[35.348,12.101],[35.354,12.113],[35.379,12.155],[35.389,12.172],[35.392,12.176],[35.396,12.183],[35.397,12.184],[35.406,12.187],[35.42,12.186],[35.425,12.189],[35.427,12.19],[35.43,12.192],[35.436,12.199],[35.438,12.204],[35.437,12.228],[35.431,12.241],[35.431,12.242],[35.428,12.248],[35.431,12.254],[35.437,12.262],[35.442,12.269],[35.447,12.275],[35.464,12.306],[35.465,12.308],[35.472,12.317],[35.481,12.33],[35.503,12.368],[35.504,12.37],[35.542,12.429],[35.543,12.432],[35.544,12.437],[35.553,12.455],[35.561,12.471],[35.565,12.477],[35.567,12.48],[35.591,12.514],[35.6,12.529],[35.611,12.548],[35.615,12.558],[35.62,12.567],[35.633,12.588],[35.642,12.602],[35.645,12.604],[35.646,12.604],[35.671,12.604],[35.679,12.606],[35.682,12.607],[35.682,12.608],[35.686,12.613],[35.688,12.615],[35.688,12.616],[35.69,12.622],[35.691,12.629],[35.69,12.636],[35.69,12.64],[35.688,12.652],[35.688,12.654],[35.688,12.656],[35.688,12.657],[35.689,12.66],[35.692,12.661],[35.697,12.662],[35.699,12.663],[35.702,12.664],[35.703,12.664],[35.706,12.666],[35.707,12.667],[35.708,12.667],[35.713,12.672],[35.725,12.672],[35.729,12.67],[35.735,12.667],[35.736,12.667],[35.739,12.667],[35.746,12.667],[35.759,12.672],[35.764,12.673],[35.765,12.673],[35.774,12.668],[35.777,12.667],[35.781,12.665],[35.782,12.664],[35.784,12.664],[35.806,12.67],[35.823,12.673],[35.835,12.675],[35.841,12.676],[35.848,12.678],[35.857,12.682],[35.869,12.686],[35.885,12.692],[35.907,12.695],[35.937,12.703],[35.94,12.704],[35.947,12.705],[35.949,12.705],[35.952,12.705],[35.965,12.712],[35.976,12.715],[35.981,12.717],[35.985,12.72],[36.01,12.725],[36.016,12.725],[36.017,12.725],[36.023,12.725],[36.027,12.724],[36.034,12.722],[36.042,12.719],[36.051,12.719],[36.057,12.721],[36.069,12.724],[36.07,12.724],[36.073,12.724],[36.078,12.724],[36.079,12.723],[36.081,12.721],[36.082,12.72],[36.091,12.717],[36.096,12.715],[36.099,12.713],[36.101,12.713],[36.108,12.706],[36.11,12.703],[36.11,12.698],[36.109,12.692],[36.112,12.684],[36.117,12.683],[36.122,12.682],[36.132,12.684],[36.155,12.681],[36.157,12.686],[36.157,12.687],[36.158,12.689],[36.156,12.696],[36.156,12.698],[36.156,12.699],[36.156,12.704],[36.157,12.71],[36.162,12.719],[36.167,12.728],[36.174,12.742],[36.175,12.749],[36.176,12.753],[36.177,12.769],[36.178,12.773],[36.178,12.778],[36.176,12.793],[36.176,12.819],[36.177,12.836],[36.177,12.86],[36.181,12.877],[36.182,12.89],[36.179,12.897],[36.177,12.901],[36.153,12.926],[36.15,12.932],[36.15,12.933],[36.15,12.934],[36.15,12.939],[36.15,12.941],[36.151,12.942],[36.151,12.943],[36.151,12.944],[36.152,12.945],[36.153,12.947],[36.153,12.948],[36.154,12.949],[36.16,12.963],[36.163,12.968],[36.166,12.976],[36.168,12.98],[36.172,12.988],[36.18,13.012],[36.18,13.013],[36.18,13.014],[36.181,13.015],[36.182,13.024],[36.183,13.04],[36.189,13.053],[36.191,13.058],[36.196,13.083],[36.198,13.091],[36.213,13.139],[36.219,13.169],[36.221,13.175],[36.229,13.207],[36.239,13.238],[36.242,13.249],[36.246,13.27],[36.252,13.283],[36.261,13.29],[36.262,13.29],[36.264,13.291],[36.272,13.297],[36.281,13.305],[36.283,13.307],[36.286,13.314],[36.292,13.324],[36.3,13.344],[36.306,13.363],[36.32,13.402],[36.321,13.406],[36.325,13.413],[36.328,13.419],[36.328,13.425],[36.333,13.439],[36.369,13.518],[36.37,13.522],[36.374,13.53],[36.374,13.534],[36.374,13.536],[36.376,13.557],[36.376,13.56],[36.374,13.574],[36.375,13.582],[36.395,13.635],[36.396,13.64],[36.411,13.691],[36.422,13.729],[36.428,13.737],[36.437,13.748],[36.44,13.751],[36.441,13.752],[36.444,13.755],[36.446,13.757],[36.451,13.763],[36.452,13.763],[36.453,13.763],[36.455,13.76],[36.456,13.754],[36.472,13.74],[36.481,13.734],[36.484,13.727],[36.478,13.719],[36.478,13.706],[36.479,13.706],[36.479,13.704],[36.476,13.7],[36.477,13.694],[36.478,13.694],[36.478,13.692],[36.479,13.692],[36.479,13.691],[36.48,13.691],[36.48,13.69],[36.482,13.688],[36.485,13.682],[36.491,13.676],[36.496,13.667],[36.498,13.665],[36.504,13.664],[36.506,13.653],[36.51,13.649],[36.512,13.634],[36.518,13.62],[36.526,13.605],[36.522,13.592],[36.521,13.592],[36.52,13.586],[36.527,13.584],[36.532,13.581],[36.538,13.582],[36.54,13.575],[36.551,13.573],[36.555,13.57],[36.56,13.563],[36.562,13.556],[36.559,13.551],[36.564,13.547],[36.566,13.54],[36.565,13.532],[36.572,13.522],[36.579,13.52],[36.589,13.511],[36.599,13.504],[36.601,13.498],[36.596,13.488],[36.585,13.484],[36.577,13.481],[36.573,13.475],[36.571,13.467],[36.573,13.455],[36.571,13.449],[36.567,13.446],[36.569,13.425],[36.576,13.418],[36.58,13.411],[36.588,13.403],[36.592,13.395],[36.593,13.388],[36.601,13.382],[36.607,13.376],[36.612,13.375],[36.616,13.376],[36.627,13.381],[36.636,13.382],[36.644,13.378],[36.649,13.38],[36.654,13.371],[36.659,13.368],[36.665,13.366],[36.673,13.368],[36.685,13.374],[36.697,13.372],[36.706,13.371],[36.715,13.367],[36.722,13.366],[36.731,13.368],[36.735,13.363],[36.744,13.367],[36.75,13.371],[36.763,13.374],[36.77,13.381],[36.772,13.389],[36.778,13.394],[36.785,13.405],[36.796,13.411],[36.803,13.413],[36.809,13.418],[36.812,13.433],[36.817,13.446],[36.825,13.448],[36.837,13.445],[36.84,13.443],[36.844,13.441],[36.845,13.435],[36.854,13.431],[36.861,13.425],[36.871,13.419],[36.875,13.412],[36.882,13.407],[36.889,13.408],[36.896,13.406],[36.901,13.399],[36.903,13.395],[36.906,13.387],[36.909,13.384],[36.915,13.382],[36.919,13.378],[36.927,13.376],[36.93,13.372],[36.939,13.379],[36.949,13.366],[36.956,13.362],[36.962,13.368],[36.965,13.369],[36.97,13.366],[36.977,13.364],[36.982,13.361],[36.995,13.359],[37.002,13.357],[37.013,13.36],[37.025,13.355],[37.038,13.352],[37.04,13.351],[37.045,13.343],[37.053,13.333],[37.066,13.329],[37.07,13.317],[37.076,13.318],[37.079,13.312],[37.087,13.315],[37.1,13.316],[37.115,13.312],[37.121,13.309],[37.129,13.305],[37.138,13.304],[37.143,13.302],[37.153,13.3],[37.158,13.298],[37.165,13.292],[37.17,13.289],[37.179,13.287],[37.187,13.281],[37.193,13.274],[37.201,13.259],[37.206,13.256],[37.211,13.26],[37.215,13.266],[37.225,13.275],[37.24,13.277],[37.242,13.285],[37.247,13.293],[37.252,13.295],[37.256,13.294],[37.266,13.289],[37.277,13.288],[37.281,13.285],[37.289,13.287],[37.298,13.291],[37.311,13.297],[37.324,13.298],[37.336,13.311],[37.34,13.32],[37.345,13.325],[37.351,13.327],[37.353,13.334],[37.352,13.344],[37.358,13.356],[37.362,13.358],[37.366,13.36],[37.382,13.357],[37.391,13.356],[37.398,13.358],[37.403,13.362],[37.41,13.37],[37.416,13.373],[37.422,13.365],[37.431,13.36],[37.438,13.358],[37.441,13.354],[37.45,13.355],[37.464,13.36],[37.473,13.367],[37.478,13.367],[37.485,13.364],[37.49,13.363],[37.496,13.367],[37.502,13.368],[37.512,13.366],[37.518,13.366],[37.522,13.369],[37.524,13.369],[37.525,13.37],[37.527,13.371],[37.532,13.377],[37.551,13.388],[37.557,13.39],[37.562,13.387],[37.566,13.388],[37.577,13.395],[37.581,13.396],[37.591,13.398],[37.599,13.406],[37.604,13.408],[37.611,13.411],[37.616,13.408],[37.624,13.408],[37.63,13.41],[37.636,13.413],[37.646,13.422],[37.655,13.434],[37.657,13.44],[37.663,13.443],[37.666,13.446],[37.671,13.447],[37.676,13.45],[37.678,13.455],[37.684,13.461],[37.686,13.465],[37.694,13.473],[37.692,13.476],[37.691,13.482],[37.691,13.485],[37.696,13.489],[37.699,13.495],[37.7,13.503],[37.703,13.508],[37.708,13.52],[37.71,13.529],[37.716,13.534],[37.715,13.542],[37.72,13.546],[37.724,13.552],[37.727,13.563],[37.736,13.572],[37.746,13.571],[37.746,13.579],[37.748,13.58],[37.754,13.59],[37.76,13.591],[37.761,13.597],[37.765,13.602],[37.764,13.617],[37.769,13.628],[37.776,13.633],[37.775,13.611],[37.785,13.596],[37.784,13.586],[37.773,13.572],[37.769,13.562],[37.785,13.539],[37.793,13.521],[37.809,13.518],[37.812,13.479],[37.817,13.463],[37.867,13.475],[37.876,13.466],[37.888,13.453],[37.904,13.447],[37.947,13.466],[37.963,13.49],[37.97,13.494],[37.987,13.498],[38.006,13.501],[38.008,13.5],[38.015,13.486],[38.021,13.481],[38.025,13.485],[38.03,13.482],[38.042,13.481],[38.046,13.48],[38.052,13.468],[38.061,13.467],[38.067,13.471],[38.071,13.477],[38.086,13.485],[38.093,13.487],[38.097,13.489],[38.113,13.492],[38.116,13.494],[38.12,13.505],[38.122,13.505],[38.124,13.497],[38.128,13.492],[38.13,13.484],[38.136,13.478],[38.145,13.472],[38.149,13.474],[38.155,13.477],[38.161,13.485],[38.174,13.493],[38.191,13.483],[38.201,13.48],[38.212,13.487],[38.224,13.489],[38.228,13.49],[38.23,13.49],[38.231,13.491],[38.242,13.496],[38.248,13.501],[38.25,13.496],[38.252,13.493],[38.259,13.486],[38.271,13.487],[38.279,13.485],[38.301,13.494],[38.32,13.502],[38.323,13.509],[38.32,13.523],[38.325,13.533],[38.326,13.536],[38.325,13.543],[38.328,13.55],[38.336,13.544],[38.341,13.537],[38.349,13.542],[38.361,13.553],[38.368,13.551],[38.38,13.544],[38.387,13.552],[38.392,13.553],[38.399,13.546],[38.4,13.539],[38.407,13.54],[38.414,13.548],[38.419,13.556],[38.424,13.561],[38.427,13.572],[38.433,13.58],[38.442,13.584],[38.451,13.584],[38.447,13.578],[38.443,13.566],[38.444,13.56],[38.454,13.557],[38.459,13.559],[38.466,13.567],[38.473,13.564],[38.474,13.557],[38.478,13.552],[38.492,13.558],[38.502,13.558],[38.507,13.556],[38.522,13.555],[38.529,13.553],[38.551,13.552],[38.554,13.549],[38.551,13.537],[38.542,13.525],[38.533,13.518],[38.52,13.517],[38.516,13.515],[38.51,13.512],[38.502,13.51],[38.496,13.505],[38.491,13.495],[38.498,13.484],[38.467,13.485],[38.466,13.479],[38.469,13.474],[38.467,13.468],[38.463,13.464],[38.462,13.46],[38.461,13.46],[38.462,13.459],[38.462,13.46],[38.467,13.462],[38.478,13.467],[38.485,13.47],[38.51,13.472],[38.522,13.476],[38.536,13.482],[38.564,13.484],[38.568,13.487],[38.571,13.491],[38.574,13.499],[38.581,13.504],[38.59,13.506],[38.607,13.49],[38.615,13.491],[38.623,13.495],[38.636,13.505],[38.642,13.512],[38.657,13.527],[38.662,13.53],[38.664,13.529],[38.668,13.516],[38.673,13.508],[38.674,13.503],[38.676,13.498],[38.673,13.491],[38.676,13.485],[38.675,13.483],[38.659,13.484],[38.648,13.481],[38.633,13.472],[38.616,13.451],[38.618,13.429],[38.621,13.416],[38.623,13.41],[38.634,13.403],[38.65,13.396],[38.67,13.392],[38.692,13.389],[38.706,13.389],[38.719,13.402],[38.722,13.407],[38.729,13.402],[38.729,13.401],[38.733,13.399],[38.734,13.384],[38.737,13.377],[38.735,13.372],[38.73,13.365],[38.734,13.348],[38.742,13.338],[38.742,13.333],[38.737,13.33],[38.738,13.312],[38.741,13.307],[38.736,13.302],[38.738,13.297],[38.74,13.293],[38.74,13.286],[38.735,13.281],[38.73,13.269],[38.732,13.262],[38.741,13.264],[38.743,13.265],[38.75,13.261],[38.76,13.258],[38.777,13.25],[38.782,13.249],[38.791,13.25],[38.802,13.247],[38.808,13.243],[38.815,13.236],[38.819,13.234],[38.829,13.233],[38.836,13.231],[38.839,13.229],[38.85,13.214],[38.863,13.209],[38.869,13.216],[38.877,13.22],[38.89,13.223],[38.913,13.224],[38.922,13.232],[38.932,13.236],[38.952,13.237],[38.953,13.223],[38.956,13.22],[38.957,13.211],[38.967,13.207],[38.985,13.202],[38.998,13.203],[39.01,13.188],[39.017,13.178],[39.034,13.17],[39.036,13.17],[39.037,13.167],[39.042,13.16],[39.043,13.155],[39.037,13.134],[39.026,13.128],[39.02,13.126],[39.01,13.113],[38.979,13.099],[38.99,13.08],[38.992,13.056],[38.994,13.045],[39.001,13.037],[39.004,13.023],[38.995,13.011],[39,13.003],[39.009,13.004],[39.014,13.001],[39.034,13],[39.046,12.993],[39.054,12.99],[39.074,12.976],[39.083,12.959],[39.1,12.958],[39.119,12.96],[39.144,12.955],[39.151,12.953],[39.155,12.949],[39.164,12.948],[39.176,12.937],[39.193,12.928],[39.203,12.929],[39.213,12.923],[39.226,12.919],[39.233,12.916],[39.234,12.916],[39.234,12.917],[39.248,12.917],[39.251,12.918],[39.251,12.917],[39.259,12.914],[39.263,12.893],[39.276,12.867],[39.279,12.856],[39.295,12.871],[39.304,12.869],[39.307,12.864],[39.31,12.852],[39.303,12.847],[39.298,12.842],[39.29,12.838],[39.281,12.829],[39.278,12.825],[39.306,12.812],[39.307,12.811],[39.306,12.801],[39.303,12.792],[39.295,12.785],[39.276,12.787],[39.268,12.771],[39.279,12.758],[39.281,12.743],[39.274,12.727],[39.27,12.723],[39.284,12.707],[39.285,12.704],[39.284,12.697],[39.28,12.687],[39.266,12.677],[39.256,12.672],[39.243,12.665],[39.242,12.664],[39.238,12.663],[39.23,12.666],[39.22,12.664],[39.213,12.661],[39.201,12.66],[39.193,12.657],[39.189,12.657],[39.185,12.655],[39.176,12.647],[39.175,12.641],[39.177,12.637],[39.184,12.628],[39.184,12.621],[39.182,12.617],[39.184,12.61],[39.189,12.601],[39.198,12.588],[39.204,12.576],[39.209,12.559],[39.21,12.555],[39.209,12.549],[39.215,12.542],[39.218,12.536],[39.218,12.529],[39.223,12.522],[39.222,12.516],[39.225,12.508],[39.23,12.499],[39.232,12.493],[39.231,12.485],[39.236,12.475],[39.237,12.443],[39.241,12.429],[39.242,12.411],[39.242,12.402],[39.242,12.401],[39.241,12.401],[39.24,12.391],[39.243,12.382],[39.244,12.366],[39.247,12.36],[39.246,12.352],[39.251,12.344],[39.263,12.334],[39.264,12.33],[39.264,12.329],[39.267,12.326],[39.272,12.318],[39.281,12.303],[39.289,12.297],[39.294,12.296],[39.296,12.297],[39.306,12.298],[39.321,12.304],[39.333,12.3],[39.345,12.3],[39.351,12.298],[39.362,12.299],[39.368,12.301],[39.375,12.301],[39.389,12.3],[39.403,12.295],[39.42,12.297],[39.427,12.301],[39.442,12.316],[39.456,12.325],[39.471,12.321],[39.505,12.332],[39.508,12.333],[39.514,12.329],[39.523,12.326],[39.529,12.314],[39.531,12.305],[39.537,12.297],[39.539,12.29],[39.542,12.277],[39.543,12.265],[39.556,12.255],[39.573,12.256],[39.587,12.265],[39.592,12.271],[39.605,12.27],[39.615,12.276],[39.625,12.288],[39.621,12.3],[39.633,12.307],[39.656,12.306],[39.676,12.307],[39.707,12.306],[39.721,12.308],[39.729,12.311],[39.74,12.313],[39.746,12.316],[39.759,12.32],[39.76,12.311],[39.762,12.303],[39.778,12.311],[39.8,12.316],[39.81,12.321],[39.818,12.324],[39.82,12.321],[39.825,12.317],[39.824,12.288],[39.826,12.249],[39.828,12.24],[39.807,12.238],[39.804,12.228],[39.803,12.209],[39.8,12.194],[39.807,12.17],[39.811,12.162],[39.814,12.151],[39.816,12.14],[39.82,12.122],[39.829,12.1],[39.862,12.088],[39.858,12.081],[39.843,12.065],[39.841,12.053],[39.855,12.027],[39.861,12.013],[39.866,11.996],[39.873,11.984],[39.877,11.972],[39.879,11.962],[39.884,11.924],[39.887,11.906],[39.88,11.888],[39.879,11.884],[39.879,11.883],[39.878,11.883],[39.878,11.853],[39.875,11.827],[39.874,11.807],[39.875,11.78],[39.879,11.769],[39.887,11.76],[39.902,11.737],[39.912,11.716],[39.925,11.7],[39.927,11.699],[39.929,11.697],[39.949,11.682],[39.97,11.664],[39.994,11.68],[39.996,11.678],[40.015,11.647],[40.015,11.645],[40.009,11.632],[39.998,11.612],[39.993,11.595],[39.994,11.583],[40.007,11.558],[40.023,11.531],[40.055,11.487],[40.061,11.474],[40.065,11.453],[40.067,11.446],[40.067,11.432],[40.066,11.429],[40.068,11.408],[40.07,11.374],[40.067,11.358],[40.065,11.338],[40.072,11.325],[40.08,11.322],[40.103,11.316],[40.113,11.306],[40.115,11.304],[40.124,11.295],[40.132,11.279],[40.14,11.267],[40.146,11.255],[40.173,11.24],[40.184,11.201],[40.201,11.146],[40.202,11.145],[40.203,11.141],[40.212,11.109],[40.194,11.096],[40.196,11.067],[40.193,11.047],[40.187,11.025],[40.179,11.015],[40.168,10.999],[40.147,10.957],[40.144,10.952],[40.124,10.937],[40.133,10.915],[40.149,10.895],[40.181,10.897],[40.178,10.881],[40.175,10.877],[40.17,10.873],[40.167,10.851],[40.167,10.848],[40.168,10.839],[40.167,10.833],[40.164,10.828],[40.167,10.805],[40.141,10.782],[40.132,10.778],[40.128,10.773],[40.12,10.767],[40.113,10.764],[40.108,10.763],[40.103,10.754],[40.103,10.737],[40.109,10.724],[40.115,10.695],[40.119,10.673],[40.119,10.669],[40.12,10.667],[40.122,10.649],[40.129,10.615],[40.135,10.578],[40.135,10.572],[40.136,10.57],[40.147,10.494],[40.15,10.471],[40.151,10.464],[40.152,10.459],[40.153,10.439],[40.162,10.435],[40.164,10.402],[40.163,10.375],[40.159,10.356],[40.16,10.3],[40.158,10.285],[40.147,10.277],[40.155,10.257],[40.154,10.249],[40.15,10.233],[40.144,10.213],[40.129,10.173],[40.137,10.145],[40.15,10.11],[40.158,10.09],[40.155,10.088],[40.154,10.086],[40.152,10.086],[40.134,10.071],[40.109,10.071],[40.069,10.079],[40.024,10.074],[39.994,10.077],[39.989,10.087],[39.984,10.088],[39.971,10.085],[39.951,10.084],[39.932,10.088],[39.928,10.089],[39.928,10.09],[39.927,10.089],[39.928,10.089],[39.929,10.084],[39.934,10.071],[39.937,10.063],[39.943,10.058],[39.942,10.042],[39.93,10.024],[39.925,10.014],[39.926,10.013],[39.928,10.012],[39.931,10.014],[39.932,10.007],[39.93,10.006],[39.93,10.005],[39.933,10.004],[39.947,9.993],[39.966,9.994],[40.001,9.993],[40.01,9.991],[40.032,9.994],[40.043,9.991],[40.06,9.976],[40.066,9.966],[40.068,9.96],[40.081,9.947],[40.089,9.934],[40.078,9.906],[40.067,9.904],[40.063,9.9],[40.059,9.864],[40.059,9.863],[40.07,9.857],[40.063,9.851],[40.053,9.843],[40.035,9.841],[40.027,9.828],[40.017,9.82],[40.011,9.818],[40.005,9.795],[40.008,9.789],[40.008,9.786],[40.007,9.781],[39.993,9.763],[39.991,9.756],[40.002,9.748],[40.006,9.741],[40.013,9.737],[40.008,9.732],[39.975,9.729],[39.954,9.73],[39.948,9.731],[39.933,9.736],[39.925,9.74],[39.92,9.741],[39.876,9.752],[39.863,9.754],[39.857,9.752],[39.85,9.748],[39.848,9.745],[39.846,9.737],[39.839,9.723],[39.849,9.707],[39.853,9.698],[39.85,9.687],[39.858,9.656],[39.865,9.647],[39.873,9.633],[39.874,9.633],[39.88,9.622],[39.884,9.61],[39.882,9.594],[39.878,9.584],[39.877,9.576],[39.865,9.571],[39.863,9.57],[39.848,9.564],[39.856,9.556],[39.857,9.547],[39.849,9.526],[39.847,9.511],[39.838,9.501],[39.848,9.481],[39.873,9.459],[39.872,9.434],[39.875,9.414],[39.874,9.407],[39.878,9.401],[39.874,9.398],[39.866,9.4],[39.822,9.417],[39.808,9.413],[39.8,9.4],[39.785,9.395],[39.791,9.37],[39.75,9.369],[39.75,9.368],[39.751,9.364],[39.754,9.358],[39.759,9.353],[39.758,9.349],[39.761,9.343],[39.769,9.337],[39.773,9.33],[39.774,9.315],[39.779,9.31],[39.784,9.308],[39.784,9.307],[39.787,9.307],[39.79,9.304],[39.817,9.307],[39.831,9.314],[39.841,9.314],[39.845,9.313],[39.86,9.307],[39.868,9.294],[39.881,9.276],[39.886,9.269],[39.857,9.27],[39.863,9.243],[39.873,9.234],[39.873,9.228],[39.87,9.223],[39.854,9.21],[39.848,9.201],[39.838,9.19],[39.813,9.171],[39.816,9.163],[39.815,9.153],[39.817,9.144],[39.817,9.136],[39.808,9.135],[39.803,9.127],[39.797,9.12],[39.794,9.113],[39.791,9.11],[39.787,9.109]]]]}},{"type":"Feature","properties":{"name":"Oromia","centroid":[38.626,6.911],"code":"ET04"},"geometry":{"type":"MultiPolygon","coordinates":[[[[39.098,3.536],[39.097,3.537],[39.097,3.538],[39.096,3.538],[39.091,3.539],[39.088,3.539],[39.087,3.539],[39.082,3.539],[39.076,3.537],[39.073,3.537],[39.068,3.535],[39.063,3.534],[39.051,3.53],[39.05,3.53],[39.045,3.53],[39.042,3.531],[39.041,3.531],[39.04,3.531],[39.031,3.534],[39.03,3.534],[39.026,3.534],[39.024,3.534],[39.022,3.532],[39.022,3.524],[39.018,3.52],[39.018,3.519],[39.016,3.519],[39.015,3.519],[39.014,3.519],[39.013,3.519],[39.012,3.521],[39.008,3.527],[38.996,3.529],[38.99,3.528],[38.978,3.533],[38.969,3.534],[38.966,3.533],[38.966,3.532],[38.961,3.519],[38.957,3.516],[38.955,3.515],[38.947,3.515],[38.932,3.513],[38.929,3.513],[38.916,3.512],[38.914,3.513],[38.912,3.514],[38.897,3.52],[38.891,3.523],[38.885,3.525],[38.854,3.538],[38.842,3.537],[38.841,3.537],[38.839,3.537],[38.829,3.539],[38.813,3.545],[38.778,3.559],[38.777,3.559],[38.776,3.56],[38.775,3.56],[38.774,3.56],[38.768,3.563],[38.762,3.565],[38.756,3.567],[38.754,3.568],[38.748,3.57],[38.72,3.578],[38.72,3.579],[38.715,3.582],[38.714,3.584],[38.712,3.588],[38.705,3.599],[38.704,3.601],[38.702,3.605],[38.696,3.615],[38.69,3.622],[38.688,3.624],[38.684,3.624],[38.683,3.625],[38.681,3.625],[38.677,3.624],[38.676,3.624],[38.674,3.621],[38.673,3.617],[38.668,3.603],[38.668,3.601],[38.667,3.601],[38.648,3.605],[38.632,3.609],[38.624,3.608],[38.62,3.607],[38.619,3.607],[38.617,3.609],[38.616,3.617],[38.615,3.617],[38.614,3.618],[38.611,3.618],[38.609,3.616],[38.607,3.613],[38.607,3.612],[38.606,3.611],[38.603,3.61],[38.599,3.609],[38.599,3.608],[38.598,3.608],[38.597,3.608],[38.595,3.608],[38.589,3.609],[38.58,3.612],[38.564,3.623],[38.563,3.624],[38.563,3.625],[38.562,3.627],[38.563,3.638],[38.56,3.646],[38.551,3.653],[38.546,3.655],[38.537,3.658],[38.534,3.658],[38.531,3.659],[38.524,3.657],[38.523,3.654],[38.521,3.649],[38.521,3.635],[38.52,3.634],[38.52,3.633],[38.519,3.632],[38.518,3.631],[38.517,3.63],[38.494,3.621],[38.49,3.619],[38.489,3.619],[38.488,3.618],[38.487,3.618],[38.479,3.616],[38.477,3.616],[38.476,3.615],[38.458,3.606],[38.449,3.603],[38.447,3.603],[38.445,3.603],[38.44,3.604],[38.423,3.604],[38.414,3.604],[38.385,3.606],[38.351,3.609],[38.326,3.61],[38.298,3.612],[38.297,3.612],[38.294,3.613],[38.291,3.614],[38.284,3.614],[38.279,3.614],[38.27,3.614],[38.252,3.616],[38.246,3.615],[38.219,3.617],[38.188,3.619],[38.185,3.621],[38.183,3.622],[38.178,3.624],[38.172,3.624],[38.171,3.624],[38.168,3.624],[38.16,3.623],[38.158,3.622],[38.154,3.62],[38.153,3.619],[38.152,3.619],[38.146,3.621],[38.14,3.618],[38.138,3.617],[38.129,3.617],[38.121,3.622],[38.116,3.627],[38.102,3.639],[38.093,3.643],[38.085,3.65],[38.065,3.665],[38.044,3.682],[38.041,3.683],[38.032,3.694],[38.031,3.696],[38.026,3.705],[38.017,3.714],[38.016,3.715],[38.015,3.716],[38.013,3.717],[38.006,3.729],[38.001,3.734],[37.988,3.734],[37.978,3.739],[37.977,3.739],[37.975,3.739],[37.971,3.739],[37.968,3.74],[37.965,3.741],[37.963,3.742],[37.94,3.757],[37.865,3.807],[37.85,3.817],[37.837,3.826],[37.82,3.837],[37.792,3.856],[37.778,3.865],[37.76,3.878],[37.753,3.883],[37.715,3.908],[37.714,3.908],[37.711,3.91],[37.671,3.938],[37.655,3.948],[37.654,3.949],[37.653,3.949],[37.65,3.952],[37.649,3.953],[37.645,3.966],[37.644,3.967],[37.635,3.974],[37.607,3.991],[37.567,4.015],[37.563,4.019],[37.558,4.023],[37.557,4.024],[37.554,4.025],[37.548,4.028],[37.547,4.028],[37.547,4.029],[37.541,4.034],[37.532,4.041],[37.521,4.046],[37.517,4.049],[37.514,4.052],[37.509,4.056],[37.508,4.056],[37.5,4.061],[37.493,4.064],[37.452,4.091],[37.437,4.1],[37.393,4.129],[37.346,4.159],[37.338,4.164],[37.338,4.165],[37.288,4.196],[37.24,4.227],[37.239,4.228],[37.236,4.23],[37.229,4.235],[37.225,4.237],[37.2,4.254],[37.199,4.255],[37.195,4.259],[37.181,4.267],[37.169,4.273],[37.147,4.288],[37.139,4.293],[37.138,4.294],[37.134,4.296],[37.133,4.296],[37.122,4.298],[37.121,4.299],[37.112,4.307],[37.1,4.327],[37.095,4.335],[37.091,4.34],[37.085,4.342],[37.069,4.345],[37.054,4.358],[37.05,4.365],[37.047,4.371],[37.044,4.374],[37.042,4.376],[37.038,4.376],[37.025,4.379],[37.007,4.381],[37.006,4.381],[37.003,4.382],[37.003,4.383],[37.002,4.383],[37,4.383],[36.997,4.383],[36.993,4.384],[36.982,4.394],[36.98,4.396],[36.979,4.396],[36.974,4.398],[36.963,4.398],[36.963,4.399],[36.962,4.4],[36.959,4.404],[36.956,4.407],[36.954,4.409],[36.951,4.41],[36.94,4.414],[36.93,4.417],[36.925,4.419],[36.921,4.421],[36.904,4.427],[36.9,4.429],[36.882,4.437],[36.88,4.438],[36.868,4.444],[36.863,4.444],[36.851,4.444],[36.825,4.444],[36.81,4.443],[36.717,4.441],[36.716,4.441],[36.715,4.441],[36.712,4.441],[36.712,4.442],[36.694,4.488],[36.658,4.58],[36.681,4.604],[36.647,4.709],[36.706,4.71],[36.755,4.709],[36.828,4.709],[36.855,4.735],[36.864,4.792],[36.863,4.795],[36.863,4.849],[36.862,4.849],[36.862,4.903],[36.861,4.934],[36.865,4.944],[36.861,4.978],[36.868,5.006],[36.87,5.023],[36.871,5.024],[36.872,5.029],[36.883,5.076],[36.893,5.109],[36.922,5.145],[36.949,5.194],[36.983,5.192],[36.992,5.196],[37.004,5.199],[37.005,5.198],[37.029,5.195],[37.054,5.191],[37.086,5.186],[37.119,5.187],[37.147,5.189],[37.182,5.194],[37.198,5.21],[37.217,5.212],[37.238,5.199],[37.25,5.198],[37.255,5.198],[37.292,5.194],[37.317,5.174],[37.34,5.159],[37.367,5.155],[37.417,5.166],[37.431,5.174],[37.432,5.175],[37.434,5.176],[37.466,5.193],[37.491,5.202],[37.518,5.22],[37.535,5.227],[37.553,5.234],[37.577,5.242],[37.58,5.248],[37.587,5.25],[37.63,5.266],[37.638,5.283],[37.644,5.295],[37.645,5.297],[37.646,5.297],[37.647,5.299],[37.675,5.307],[37.701,5.305],[37.729,5.292],[37.747,5.276],[37.773,5.283],[37.791,5.274],[37.81,5.268],[37.827,5.249],[37.854,5.234],[37.886,5.235],[37.887,5.235],[37.887,5.236],[37.888,5.236],[37.889,5.236],[37.889,5.237],[37.89,5.237],[37.89,5.238],[37.892,5.238],[37.892,5.239],[37.893,5.239],[37.893,5.24],[37.901,5.245],[37.904,5.274],[37.905,5.3],[37.901,5.326],[37.896,5.349],[37.9,5.368],[37.901,5.37],[37.902,5.373],[37.919,5.396],[37.935,5.422],[37.94,5.45],[37.947,5.475],[37.949,5.502],[37.948,5.534],[37.942,5.568],[37.94,5.587],[37.93,5.617],[37.942,5.637],[37.943,5.639],[37.966,5.646],[37.975,5.649],[38.009,5.65],[38.025,5.66],[38.041,5.673],[38.054,5.68],[38.075,5.689],[38.081,5.702],[38.087,5.721],[38.088,5.739],[38.089,5.739],[38.089,5.746],[38.073,5.762],[38.055,5.764],[38.04,5.771],[38.02,5.789],[38.013,5.803],[38.009,5.823],[38.007,5.848],[38.004,5.855],[37.983,5.888],[37.979,5.906],[37.978,5.928],[37.969,5.955],[37.959,5.96],[37.951,5.963],[37.928,5.96],[37.905,5.96],[37.895,5.975],[37.881,5.984],[37.865,5.986],[37.856,5.999],[37.843,6.011],[37.828,6.01],[37.815,5.998],[37.805,5.993],[37.792,5.995],[37.784,6.009],[37.783,6.01],[37.784,6.016],[37.79,6.049],[37.785,6.072],[37.779,6.094],[37.777,6.102],[37.776,6.114],[37.776,6.116],[37.775,6.116],[37.776,6.132],[37.779,6.15],[37.791,6.172],[37.81,6.196],[37.824,6.218],[37.825,6.219],[37.83,6.23],[37.84,6.248],[37.847,6.275],[37.852,6.3],[37.851,6.322],[37.848,6.332],[37.845,6.353],[37.84,6.378],[37.82,6.393],[37.808,6.409],[37.798,6.429],[37.796,6.449],[37.8,6.476],[37.807,6.498],[37.813,6.507],[37.814,6.51],[37.817,6.513],[37.844,6.543],[37.855,6.557],[37.872,6.582],[37.892,6.596],[37.894,6.596],[37.894,6.595],[37.896,6.595],[37.897,6.595],[37.897,6.594],[37.898,6.594],[37.904,6.593],[37.913,6.59],[37.915,6.583],[37.919,6.573],[37.933,6.557],[37.955,6.549],[37.971,6.55],[37.984,6.557],[37.996,6.575],[38.017,6.575],[38.019,6.573],[38.033,6.561],[38.052,6.534],[38.075,6.528],[38.092,6.525],[38.096,6.521],[38.103,6.51],[38.115,6.499],[38.14,6.506],[38.15,6.495],[38.144,6.458],[38.155,6.439],[38.171,6.45],[38.2,6.459],[38.213,6.463],[38.217,6.463],[38.218,6.462],[38.223,6.461],[38.245,6.468],[38.251,6.463],[38.26,6.452],[38.279,6.439],[38.282,6.438],[38.283,6.436],[38.282,6.43],[38.284,6.427],[38.282,6.424],[38.283,6.418],[38.281,6.416],[38.285,6.411],[38.283,6.408],[38.29,6.402],[38.293,6.397],[38.293,6.37],[38.288,6.36],[38.288,6.359],[38.284,6.357],[38.274,6.348],[38.252,6.337],[38.233,6.331],[38.213,6.33],[38.198,6.319],[38.188,6.304],[38.187,6.298],[38.186,6.298],[38.181,6.281],[38.174,6.266],[38.172,6.255],[38.179,6.238],[38.193,6.226],[38.198,6.206],[38.187,6.182],[38.171,6.166],[38.159,6.16],[38.142,6.154],[38.125,6.155],[38.117,6.167],[38.102,6.18],[38.09,6.165],[38.089,6.164],[38.087,6.16],[38.08,6.117],[38.094,6.093],[38.096,6.091],[38.097,6.09],[38.097,6.088],[38.099,6.087],[38.101,6.076],[38.105,6.065],[38.117,6.05],[38.122,6.017],[38.139,6.01],[38.146,6.003],[38.148,6.003],[38.153,5.995],[38.154,5.995],[38.155,5.993],[38.159,5.984],[38.17,5.957],[38.181,5.941],[38.187,5.939],[38.192,5.938],[38.204,5.935],[38.212,5.916],[38.215,5.892],[38.214,5.891],[38.209,5.88],[38.204,5.871],[38.2,5.866],[38.2,5.861],[38.199,5.86],[38.198,5.849],[38.208,5.84],[38.223,5.838],[38.239,5.844],[38.255,5.859],[38.27,5.868],[38.293,5.863],[38.304,5.861],[38.312,5.864],[38.317,5.865],[38.325,5.868],[38.342,5.884],[38.359,5.902],[38.381,5.904],[38.389,5.911],[38.396,5.92],[38.389,5.932],[38.375,5.943],[38.356,5.948],[38.341,5.954],[38.327,5.955],[38.325,5.964],[38.32,5.974],[38.305,5.98],[38.293,5.973],[38.283,5.97],[38.28,5.973],[38.273,5.984],[38.272,5.987],[38.279,6.005],[38.295,6.016],[38.314,6.027],[38.318,6.037],[38.32,6.048],[38.332,6.067],[38.342,6.082],[38.342,6.083],[38.351,6.095],[38.363,6.12],[38.365,6.142],[38.377,6.164],[38.393,6.181],[38.413,6.189],[38.434,6.198],[38.439,6.216],[38.438,6.224],[38.438,6.225],[38.433,6.266],[38.426,6.288],[38.427,6.3],[38.425,6.308],[38.424,6.327],[38.422,6.347],[38.424,6.363],[38.424,6.369],[38.425,6.369],[38.427,6.379],[38.427,6.383],[38.428,6.386],[38.439,6.402],[38.451,6.415],[38.462,6.421],[38.476,6.43],[38.501,6.436],[38.538,6.436],[38.568,6.44],[38.584,6.436],[38.599,6.427],[38.602,6.426],[38.607,6.422],[38.627,6.417],[38.645,6.423],[38.655,6.421],[38.662,6.419],[38.672,6.409],[38.69,6.406],[38.698,6.399],[38.707,6.392],[38.719,6.397],[38.74,6.409],[38.759,6.408],[38.772,6.399],[38.783,6.389],[38.785,6.386],[38.799,6.368],[38.813,6.355],[38.83,6.344],[38.831,6.343],[38.832,6.343],[38.841,6.334],[38.853,6.32],[38.874,6.3],[38.886,6.284],[38.898,6.258],[38.921,6.228],[38.935,6.202],[38.936,6.2],[38.937,6.199],[38.95,6.181],[38.96,6.159],[38.969,6.155],[38.971,6.154],[38.989,6.147],[39.034,6.137],[39.055,6.146],[39.079,6.152],[39.102,6.157],[39.132,6.158],[39.131,6.165],[39.113,6.176],[39.105,6.199],[39.099,6.219],[39.094,6.234],[39.093,6.235],[39.092,6.238],[39.086,6.252],[39.091,6.27],[39.109,6.286],[39.119,6.298],[39.125,6.32],[39.127,6.335],[39.126,6.353],[39.125,6.357],[39.125,6.362],[39.122,6.378],[39.119,6.387],[39.119,6.39],[39.118,6.395],[39.116,6.398],[39.114,6.407],[39.108,6.438],[39.1,6.455],[39.095,6.472],[39.097,6.521],[39.087,6.544],[39.071,6.553],[39.053,6.557],[39.049,6.569],[39.053,6.583],[39.065,6.599],[39.059,6.608],[39.034,6.611],[39.014,6.609],[38.996,6.606],[38.991,6.605],[38.984,6.604],[38.983,6.604],[38.959,6.601],[38.942,6.61],[38.944,6.629],[38.949,6.643],[38.934,6.656],[38.925,6.657],[38.924,6.657],[38.924,6.658],[38.916,6.659],[38.901,6.665],[38.881,6.667],[38.855,6.668],[38.838,6.674],[38.837,6.68],[38.836,6.68],[38.836,6.684],[38.834,6.691],[38.818,6.703],[38.811,6.701],[38.776,6.7],[38.755,6.697],[38.743,6.7],[38.728,6.711],[38.721,6.73],[38.706,6.742],[38.688,6.744],[38.679,6.748],[38.676,6.754],[38.672,6.762],[38.659,6.769],[38.644,6.768],[38.636,6.771],[38.636,6.789],[38.637,6.8],[38.64,6.812],[38.664,6.828],[38.669,6.833],[38.674,6.836],[38.675,6.836],[38.691,6.845],[38.7,6.849],[38.701,6.85],[38.714,6.86],[38.712,6.867],[38.705,6.886],[38.7,6.903],[38.705,6.93],[38.702,6.942],[38.695,6.957],[38.7,6.968],[38.711,6.974],[38.714,6.991],[38.711,7.013],[38.698,7.013],[38.69,7.001],[38.678,7.005],[38.677,7.006],[38.677,7.009],[38.675,7.016],[38.678,7.028],[38.684,7.034],[38.681,7.048],[38.668,7.059],[38.653,7.062],[38.637,7.066],[38.638,7.068],[38.646,7.095],[38.631,7.11],[38.613,7.123],[38.612,7.124],[38.591,7.125],[38.59,7.126],[38.583,7.125],[38.567,7.113],[38.563,7.108],[38.56,7.105],[38.547,7.092],[38.527,7.09],[38.508,7.088],[38.494,7.089],[38.482,7.09],[38.479,7.09],[38.464,7.099],[38.46,7.118],[38.444,7.126],[38.423,7.123],[38.422,7.122],[38.401,7.121],[38.378,7.129],[38.359,7.144],[38.356,7.147],[38.355,7.148],[38.342,7.164],[38.322,7.162],[38.314,7.147],[38.306,7.122],[38.289,7.106],[38.255,7.06],[38.249,7.044],[38.242,7.03],[38.242,7.028],[38.241,7.028],[38.238,7.02],[38.217,7.014],[38.194,7.012],[38.171,7.001],[38.146,6.977],[38.137,6.975],[38.13,6.974],[38.128,6.975],[38.117,6.98],[38.109,6.999],[38.102,7.01],[38.088,7.023],[38.074,7.029],[38.065,7.042],[38.064,7.057],[38.062,7.073],[38.063,7.076],[38.067,7.087],[38.069,7.122],[38.072,7.131],[38.073,7.139],[38.074,7.145],[38.077,7.154],[38.078,7.18],[38.087,7.194],[38.098,7.204],[38.101,7.208],[38.105,7.211],[38.144,7.232],[38.163,7.244],[38.181,7.257],[38.186,7.258],[38.186,7.259],[38.193,7.26],[38.2,7.262],[38.206,7.266],[38.208,7.266],[38.209,7.268],[38.221,7.276],[38.233,7.287],[38.245,7.295],[38.264,7.306],[38.275,7.318],[38.282,7.338],[38.278,7.359],[38.277,7.362],[38.278,7.363],[38.28,7.381],[38.293,7.391],[38.31,7.402],[38.319,7.414],[38.325,7.435],[38.328,7.452],[38.327,7.462],[38.342,7.478],[38.374,7.492],[38.394,7.502],[38.409,7.503],[38.41,7.503],[38.414,7.504],[38.427,7.514],[38.43,7.533],[38.426,7.553],[38.421,7.564],[38.42,7.568],[38.419,7.568],[38.419,7.569],[38.401,7.578],[38.401,7.594],[38.409,7.605],[38.42,7.624],[38.418,7.642],[38.411,7.661],[38.412,7.68],[38.414,7.684],[38.426,7.696],[38.439,7.719],[38.443,7.739],[38.445,7.759],[38.455,7.767],[38.469,7.778],[38.492,7.795],[38.5,7.81],[38.503,7.831],[38.513,7.848],[38.533,7.861],[38.539,7.864],[38.539,7.865],[38.541,7.865],[38.548,7.869],[38.549,7.871],[38.563,7.884],[38.567,7.905],[38.575,7.922],[38.586,7.938],[38.589,7.96],[38.591,7.97],[38.597,7.99],[38.612,8.006],[38.61,8.011],[38.625,8.028],[38.627,8.033],[38.613,8.043],[38.614,8.049],[38.614,8.05],[38.615,8.052],[38.622,8.068],[38.607,8.079],[38.601,8.085],[38.598,8.086],[38.592,8.092],[38.584,8.108],[38.589,8.127],[38.587,8.155],[38.582,8.171],[38.568,8.193],[38.552,8.212],[38.543,8.225],[38.542,8.242],[38.543,8.249],[38.544,8.25],[38.55,8.262],[38.56,8.266],[38.578,8.264],[38.593,8.26],[38.601,8.25],[38.604,8.223],[38.611,8.201],[38.63,8.145],[38.635,8.133],[38.645,8.124],[38.654,8.114],[38.664,8.098],[38.672,8.09],[38.679,8.095],[38.685,8.122],[38.679,8.17],[38.682,8.19],[38.692,8.202],[38.715,8.219],[38.716,8.229],[38.705,8.242],[38.685,8.256],[38.662,8.271],[38.651,8.284],[38.654,8.294],[38.666,8.327],[38.667,8.35],[38.667,8.354],[38.662,8.375],[38.655,8.394],[38.64,8.412],[38.617,8.43],[38.606,8.431],[38.591,8.426],[38.585,8.431],[38.576,8.444],[38.569,8.447],[38.548,8.453],[38.527,8.457],[38.511,8.448],[38.502,8.444],[38.489,8.446],[38.484,8.446],[38.478,8.447],[38.469,8.435],[38.465,8.416],[38.462,8.4],[38.452,8.385],[38.448,8.363],[38.441,8.335],[38.44,8.334],[38.44,8.331],[38.433,8.315],[38.432,8.311],[38.431,8.3],[38.427,8.294],[38.42,8.288],[38.402,8.279],[38.383,8.273],[38.375,8.265],[38.367,8.263],[38.367,8.262],[38.363,8.261],[38.348,8.254],[38.333,8.258],[38.329,8.264],[38.326,8.266],[38.326,8.268],[38.322,8.272],[38.307,8.299],[38.308,8.328],[38.312,8.348],[38.312,8.369],[38.302,8.376],[38.289,8.38],[38.282,8.399],[38.266,8.406],[38.24,8.409],[38.218,8.408],[38.203,8.403],[38.18,8.393],[38.164,8.408],[38.149,8.409],[38.13,8.408],[38.13,8.407],[38.122,8.406],[38.117,8.4],[38.11,8.39],[38.099,8.389],[38.087,8.39],[38.076,8.38],[38.067,8.376],[38.061,8.379],[38.059,8.379],[38.04,8.389],[38.028,8.39],[38.022,8.385],[38.018,8.381],[38.008,8.372],[37.988,8.359],[37.974,8.363],[37.949,8.367],[37.928,8.378],[37.91,8.37],[37.887,8.349],[37.863,8.335],[37.84,8.332],[37.816,8.331],[37.795,8.335],[37.78,8.339],[37.768,8.345],[37.766,8.346],[37.766,8.347],[37.764,8.347],[37.763,8.347],[37.763,8.348],[37.748,8.351],[37.733,8.344],[37.717,8.334],[37.705,8.337],[37.693,8.353],[37.685,8.368],[37.679,8.377],[37.676,8.378],[37.676,8.379],[37.674,8.379],[37.666,8.383],[37.632,8.365],[37.612,8.354],[37.598,8.365],[37.588,8.387],[37.576,8.414],[37.558,8.425],[37.536,8.423],[37.529,8.421],[37.525,8.421],[37.524,8.42],[37.511,8.416],[37.498,8.402],[37.481,8.37],[37.471,8.35],[37.466,8.33],[37.464,8.319],[37.464,8.317],[37.463,8.302],[37.465,8.28],[37.472,8.265],[37.476,8.262],[37.479,8.259],[37.48,8.259],[37.481,8.259],[37.481,8.258],[37.489,8.258],[37.491,8.255],[37.497,8.256],[37.506,8.254],[37.522,8.261],[37.528,8.266],[37.532,8.263],[37.533,8.26],[37.536,8.258],[37.538,8.251],[37.54,8.249],[37.547,8.25],[37.549,8.248],[37.55,8.244],[37.555,8.245],[37.562,8.239],[37.567,8.24],[37.577,8.232],[37.582,8.232],[37.587,8.235],[37.596,8.23],[37.602,8.234],[37.605,8.232],[37.606,8.228],[37.615,8.227],[37.617,8.224],[37.618,8.224],[37.618,8.221],[37.616,8.214],[37.615,8.211],[37.622,8.208],[37.624,8.2],[37.617,8.177],[37.606,8.15],[37.601,8.132],[37.6,8.128],[37.599,8.128],[37.597,8.119],[37.593,8.096],[37.592,8.077],[37.595,8.057],[37.597,8.038],[37.602,8.01],[37.601,8.002],[37.602,7.985],[37.601,7.978],[37.603,7.965],[37.589,7.96],[37.572,7.952],[37.556,7.948],[37.547,7.95],[37.538,7.954],[37.53,7.964],[37.522,7.978],[37.518,7.992],[37.513,8.001],[37.5,8.013],[37.491,8.017],[37.479,8.014],[37.458,8.007],[37.437,8.004],[37.422,8.002],[37.414,8],[37.41,7.998],[37.404,7.994],[37.392,7.992],[37.388,7.975],[37.39,7.962],[37.398,7.954],[37.403,7.951],[37.404,7.95],[37.408,7.949],[37.417,7.943],[37.43,7.929],[37.437,7.918],[37.434,7.897],[37.417,7.862],[37.412,7.853],[37.405,7.827],[37.403,7.784],[37.402,7.761],[37.4,7.741],[37.402,7.708],[37.401,7.682],[37.407,7.657],[37.418,7.637],[37.421,7.631],[37.426,7.616],[37.427,7.613],[37.428,7.609],[37.435,7.584],[37.445,7.564],[37.443,7.557],[37.439,7.545],[37.42,7.515],[37.407,7.492],[37.401,7.462],[37.397,7.436],[37.395,7.424],[37.39,7.401],[37.38,7.38],[37.358,7.362],[37.35,7.358],[37.35,7.357],[37.347,7.357],[37.339,7.352],[37.331,7.35],[37.33,7.343],[37.289,7.334],[37.264,7.326],[37.238,7.312],[37.219,7.297],[37.212,7.293],[37.209,7.29],[37.181,7.263],[37.156,7.242],[37.131,7.229],[37.125,7.227],[37.117,7.226],[37.105,7.224],[37.069,7.235],[37.04,7.24],[37.005,7.234],[36.969,7.225],[36.965,7.225],[36.966,7.242],[36.956,7.26],[36.945,7.269],[36.944,7.271],[36.935,7.278],[36.918,7.294],[36.879,7.329],[36.841,7.326],[36.817,7.29],[36.805,7.27],[36.792,7.253],[36.791,7.252],[36.785,7.254],[36.763,7.265],[36.741,7.284],[36.735,7.288],[36.716,7.301],[36.695,7.313],[36.678,7.324],[36.677,7.325],[36.673,7.327],[36.652,7.345],[36.639,7.37],[36.633,7.378],[36.623,7.379],[36.606,7.368],[36.599,7.369],[36.575,7.379],[36.546,7.391],[36.507,7.405],[36.498,7.41],[36.496,7.41],[36.496,7.411],[36.484,7.416],[36.471,7.415],[36.453,7.417],[36.427,7.413],[36.407,7.408],[36.375,7.415],[36.36,7.433],[36.349,7.445],[36.324,7.447],[36.302,7.449],[36.289,7.458],[36.287,7.46],[36.285,7.46],[36.263,7.47],[36.241,7.477],[36.226,7.484],[36.218,7.49],[36.215,7.491],[36.215,7.492],[36.214,7.492],[36.214,7.493],[36.213,7.493],[36.212,7.494],[36.2,7.504],[36.183,7.522],[36.157,7.542],[36.129,7.555],[36.085,7.554],[36.063,7.557],[36.046,7.565],[36.036,7.572],[36.033,7.59],[36.039,7.61],[36.047,7.635],[36.052,7.654],[36.042,7.674],[36.021,7.692],[36.012,7.709],[35.997,7.745],[35.987,7.754],[35.967,7.764],[35.948,7.771],[35.945,7.772],[35.944,7.772],[35.944,7.773],[35.924,7.785],[35.9,7.805],[35.879,7.819],[35.859,7.829],[35.849,7.839],[35.851,7.847],[35.857,7.857],[35.875,7.877],[35.886,7.891],[35.893,7.903],[35.902,7.926],[35.905,7.945],[35.9,7.967],[35.894,7.985],[35.888,7.999],[35.886,8.011],[35.884,8.016],[35.878,8.042],[35.873,8.059],[35.861,8.077],[35.835,8.079],[35.833,8.08],[35.828,8.08],[35.816,8.082],[35.798,8.079],[35.766,8.081],[35.754,8.069],[35.744,8.051],[35.728,8.039],[35.723,8.022],[35.73,8.005],[35.739,7.988],[35.767,7.969],[35.771,7.964],[35.78,7.955],[35.794,7.948],[35.799,7.943],[35.8,7.934],[35.794,7.922],[35.784,7.91],[35.777,7.899],[35.763,7.883],[35.754,7.876],[35.75,7.874],[35.749,7.873],[35.737,7.865],[35.716,7.855],[35.703,7.859],[35.694,7.864],[35.677,7.853],[35.666,7.844],[35.639,7.827],[35.638,7.826],[35.633,7.824],[35.629,7.82],[35.619,7.815],[35.607,7.809],[35.593,7.809],[35.592,7.808],[35.587,7.809],[35.571,7.812],[35.554,7.82],[35.545,7.83],[35.537,7.847],[35.531,7.879],[35.521,7.895],[35.514,7.893],[35.504,7.884],[35.498,7.88],[35.49,7.882],[35.475,7.874],[35.463,7.872],[35.458,7.873],[35.439,7.88],[35.438,7.88],[35.438,7.881],[35.435,7.882],[35.429,7.881],[35.419,7.864],[35.409,7.843],[35.401,7.83],[35.39,7.827],[35.373,7.832],[35.358,7.842],[35.351,7.836],[35.342,7.821],[35.341,7.776],[35.326,7.766],[35.311,7.761],[35.294,7.752],[35.29,7.747],[35.275,7.746],[35.248,7.726],[35.223,7.703],[35.221,7.684],[35.22,7.661],[35.213,7.651],[35.173,7.654],[35.121,7.645],[35.116,7.645],[35.114,7.651],[35.084,7.714],[35.077,7.731],[35.04,7.739],[35.001,7.746],[35,7.747],[34.995,7.748],[34.932,7.728],[34.936,7.754],[34.937,7.768],[34.936,7.775],[34.936,7.786],[34.932,7.828],[34.944,7.879],[34.951,7.89],[35.001,7.862],[35.013,7.882],[35.009,7.923],[35.048,7.954],[35.108,7.957],[35.141,7.989],[35.141,8.022],[35.12,8.078],[35.117,8.083],[35.089,8.113],[35.104,8.115],[35.143,8.142],[35.155,8.138],[35.157,8.137],[35.157,8.136],[35.158,8.137],[35.157,8.137],[35.156,8.141],[35.15,8.155],[35.149,8.158],[35.148,8.159],[35.138,8.182],[35.118,8.2],[35.073,8.22],[35.019,8.219],[34.992,8.233],[34.965,8.247],[34.954,8.247],[34.88,8.251],[34.856,8.25],[34.828,8.261],[34.817,8.271],[34.786,8.303],[34.795,8.326],[34.785,8.355],[34.767,8.364],[34.73,8.389],[34.727,8.39],[34.719,8.39],[34.668,8.395],[34.631,8.401],[34.574,8.403],[34.557,8.455],[34.523,8.475],[34.507,8.467],[34.471,8.447],[34.436,8.421],[34.384,8.395],[34.383,8.395],[34.383,8.394],[34.38,8.393],[34.348,8.376],[34.329,8.387],[34.313,8.39],[34.315,8.406],[34.335,8.438],[34.344,8.468],[34.357,8.5],[34.358,8.52],[34.354,8.555],[34.346,8.599],[34.338,8.618],[34.312,8.682],[34.289,8.701],[34.286,8.704],[34.284,8.704],[34.28,8.708],[34.257,8.703],[34.236,8.686],[34.224,8.669],[34.191,8.652],[34.146,8.651],[34.143,8.652],[34.143,8.655],[34.144,8.677],[34.144,8.69],[34.144,8.71],[34.144,8.717],[34.144,8.734],[34.143,8.753],[34.143,8.758],[34.144,8.765],[34.144,8.775],[34.143,8.796],[34.143,8.808],[34.142,8.816],[34.142,8.819],[34.142,8.823],[34.143,8.926],[34.144,8.93],[34.144,8.931],[34.144,8.943],[34.144,8.962],[34.184,8.962],[34.184,8.963],[34.244,8.963],[34.244,8.964],[34.295,8.964],[34.295,8.965],[34.347,8.965],[34.347,8.966],[34.398,8.966],[34.43,8.967],[34.501,9.002],[34.503,9.004],[34.484,9.046],[34.459,9.073],[34.427,9.072],[34.401,9.107],[34.394,9.115],[34.38,9.13],[34.355,9.154],[34.341,9.169],[34.385,9.181],[34.402,9.186],[34.44,9.215],[34.452,9.254],[34.453,9.311],[34.466,9.365],[34.452,9.449],[34.513,9.448],[34.499,9.514],[34.523,9.541],[34.532,9.591],[34.548,9.629],[34.567,9.63],[34.586,9.63],[34.631,9.588],[34.642,9.584],[34.642,9.583],[34.644,9.582],[34.659,9.576],[34.686,9.563],[34.735,9.545],[34.782,9.553],[34.784,9.557],[34.785,9.566],[34.786,9.568],[34.792,9.603],[34.811,9.631],[34.809,9.703],[34.796,9.736],[34.808,9.761],[34.832,9.803],[34.854,9.816],[34.87,9.82],[34.877,9.845],[34.893,9.865],[34.898,9.881],[34.868,9.902],[34.872,9.903],[34.888,9.908],[34.905,9.956],[34.908,9.953],[34.912,9.949],[34.928,9.935],[34.943,9.933],[34.988,9.996],[35.015,9.995],[35.017,9.966],[35.02,9.928],[35.049,9.917],[35.08,9.922],[35.082,9.94],[35.089,9.95],[35.16,9.948],[35.221,9.925],[35.223,9.909],[35.231,9.893],[35.278,9.907],[35.298,9.922],[35.311,9.911],[35.324,9.885],[35.325,9.885],[35.328,9.882],[35.35,9.866],[35.355,9.846],[35.356,9.841],[35.357,9.841],[35.357,9.84],[35.358,9.833],[35.364,9.813],[35.389,9.801],[35.404,9.795],[35.406,9.795],[35.41,9.792],[35.419,9.785],[35.405,9.777],[35.379,9.765],[35.383,9.759],[35.375,9.749],[35.366,9.729],[35.365,9.726],[35.369,9.719],[35.389,9.72],[35.398,9.716],[35.411,9.713],[35.451,9.675],[35.457,9.672],[35.469,9.67],[35.469,9.671],[35.485,9.677],[35.505,9.688],[35.533,9.69],[35.535,9.696],[35.546,9.697],[35.555,9.695],[35.561,9.691],[35.57,9.676],[35.579,9.665],[35.595,9.656],[35.621,9.652],[35.636,9.65],[35.653,9.634],[35.651,9.613],[35.644,9.594],[35.648,9.554],[35.661,9.534],[35.661,9.532],[35.662,9.532],[35.666,9.526],[35.672,9.517],[35.686,9.511],[35.712,9.486],[35.731,9.481],[35.755,9.48],[35.765,9.472],[35.778,9.437],[35.777,9.43],[35.765,9.427],[35.754,9.416],[35.75,9.403],[35.754,9.372],[35.755,9.365],[35.755,9.362],[35.749,9.348],[35.751,9.331],[35.757,9.323],[35.773,9.324],[35.777,9.322],[35.793,9.312],[35.798,9.308],[35.811,9.309],[35.86,9.325],[35.911,9.316],[35.918,9.285],[35.932,9.265],[35.951,9.248],[35.976,9.242],[36.023,9.235],[36.032,9.233],[36.044,9.195],[36.052,9.13],[36.053,9.121],[36.054,9.119],[36.034,9.107],[36.028,9.056],[36.043,9.032],[36.042,9.015],[36.05,9.017],[36.051,9.017],[36.055,9.017],[36.064,9.019],[36.087,9.012],[36.097,9.032],[36.079,9.057],[36.077,9.061],[36.079,9.061],[36.084,9.058],[36.094,9.064],[36.109,9.08],[36.129,9.051],[36.131,9.02],[36.157,9.02],[36.16,9.02],[36.166,9.026],[36.177,9.044],[36.226,9.031],[36.246,9.041],[36.237,9.05],[36.208,9.067],[36.185,9.072],[36.162,9.105],[36.172,9.108],[36.204,9.157],[36.207,9.166],[36.215,9.19],[36.229,9.229],[36.226,9.271],[36.195,9.289],[36.195,9.328],[36.201,9.341],[36.206,9.354],[36.234,9.347],[36.215,9.332],[36.216,9.309],[36.219,9.297],[36.253,9.302],[36.27,9.327],[36.275,9.343],[36.29,9.322],[36.296,9.302],[36.313,9.304],[36.319,9.306],[36.327,9.332],[36.334,9.339],[36.35,9.345],[36.375,9.358],[36.408,9.357],[36.427,9.358],[36.462,9.357],[36.466,9.359],[36.484,9.368],[36.475,9.395],[36.483,9.404],[36.493,9.411],[36.507,9.419],[36.51,9.427],[36.511,9.432],[36.515,9.444],[36.499,9.472],[36.494,9.509],[36.461,9.528],[36.433,9.519],[36.401,9.511],[36.38,9.48],[36.356,9.494],[36.336,9.511],[36.32,9.533],[36.318,9.536],[36.317,9.537],[36.311,9.545],[36.301,9.555],[36.267,9.568],[36.232,9.57],[36.23,9.577],[36.228,9.581],[36.201,9.615],[36.193,9.657],[36.192,9.688],[36.177,9.701],[36.162,9.73],[36.159,9.747],[36.142,9.758],[36.106,9.773],[36.109,9.778],[36.136,9.807],[36.133,9.829],[36.128,9.852],[36.152,9.849],[36.151,9.868],[36.134,9.916],[36.12,9.962],[36.121,9.973],[36.14,10.008],[36.143,10.012],[36.167,10.033],[36.185,10.049],[36.219,10.053],[36.26,10.079],[36.268,10.088],[36.27,10.105],[36.272,10.113],[36.291,10.121],[36.324,10.134],[36.329,10.137],[36.333,10.138],[36.334,10.139],[36.372,10.163],[36.397,10.188],[36.418,10.219],[36.446,10.246],[36.488,10.235],[36.492,10.234],[36.508,10.238],[36.515,10.24],[36.523,10.251],[36.536,10.261],[36.539,10.263],[36.539,10.264],[36.54,10.264],[36.542,10.266],[36.545,10.269],[36.549,10.279],[36.555,10.285],[36.566,10.282],[36.576,10.279],[36.575,10.264],[36.585,10.262],[36.611,10.259],[36.659,10.277],[36.692,10.296],[36.69,10.306],[36.689,10.312],[36.686,10.316],[36.685,10.317],[36.686,10.321],[36.686,10.324],[36.682,10.331],[36.681,10.335],[36.683,10.339],[36.688,10.345],[36.69,10.353],[36.691,10.357],[36.718,10.358],[36.726,10.361],[36.746,10.36],[36.753,10.366],[36.762,10.367],[36.768,10.361],[36.769,10.357],[36.772,10.355],[36.777,10.345],[36.793,10.343],[36.8,10.337],[36.807,10.335],[36.812,10.337],[36.816,10.34],[36.817,10.341],[36.832,10.342],[36.842,10.34],[36.862,10.341],[36.869,10.34],[36.875,10.334],[36.883,10.32],[36.889,10.315],[36.898,10.313],[36.923,10.314],[36.931,10.311],[36.967,10.312],[36.972,10.315],[36.981,10.313],[36.991,10.308],[36.997,10.302],[37.003,10.293],[37.008,10.288],[37.014,10.285],[37.032,10.286],[37.04,10.285],[37.045,10.288],[37.047,10.288],[37.051,10.284],[37.063,10.281],[37.072,10.274],[37.078,10.263],[37.086,10.259],[37.097,10.257],[37.115,10.25],[37.139,10.245],[37.174,10.243],[37.183,10.24],[37.192,10.235],[37.198,10.228],[37.2,10.222],[37.197,10.213],[37.193,10.204],[37.189,10.2],[37.183,10.188],[37.178,10.183],[37.176,10.178],[37.169,10.17],[37.168,10.162],[37.173,10.154],[37.176,10.151],[37.18,10.144],[37.189,10.114],[37.195,10.104],[37.205,10.096],[37.206,10.095],[37.217,10.085],[37.236,10.077],[37.241,10.075],[37.263,10.076],[37.272,10.073],[37.28,10.066],[37.289,10.062],[37.297,10.053],[37.299,10.046],[37.3,10.037],[37.301,10.037],[37.306,10.026],[37.317,10.018],[37.323,10.008],[37.328,10.006],[37.338,10.004],[37.344,10.005],[37.346,10.007],[37.35,10.012],[37.357,10.04],[37.363,10.043],[37.378,10.042],[37.382,10.043],[37.386,10.046],[37.393,10.046],[37.399,10.046],[37.407,10.041],[37.421,10.036],[37.428,10.03],[37.442,10.016],[37.446,10.014],[37.456,10.012],[37.465,10.012],[37.475,10.015],[37.476,10.015],[37.478,10.008],[37.483,10.003],[37.489,10.003],[37.5,9.998],[37.52,10],[37.531,9.995],[37.538,9.988],[37.544,9.979],[37.551,9.973],[37.553,9.958],[37.557,9.953],[37.564,9.95],[37.575,9.942],[37.587,9.939],[37.591,9.933],[37.59,9.925],[37.592,9.918],[37.599,9.917],[37.606,9.912],[37.613,9.908],[37.617,9.901],[37.619,9.893],[37.624,9.888],[37.638,9.885],[37.643,9.881],[37.646,9.877],[37.649,9.871],[37.661,9.861],[37.667,9.859],[37.669,9.86],[37.678,9.862],[37.682,9.861],[37.687,9.855],[37.695,9.842],[37.701,9.837],[37.709,9.842],[37.718,9.842],[37.726,9.844],[37.731,9.845],[37.738,9.84],[37.744,9.841],[37.748,9.845],[37.749,9.856],[37.754,9.857],[37.761,9.852],[37.769,9.851],[37.775,9.856],[37.783,9.857],[37.79,9.859],[37.8,9.861],[37.806,9.864],[37.816,9.867],[37.824,9.874],[37.824,9.876],[37.829,9.883],[37.837,9.888],[37.843,9.897],[37.852,9.897],[37.853,9.896],[37.857,9.897],[37.859,9.899],[37.86,9.912],[37.864,9.913],[37.871,9.908],[37.874,9.911],[37.877,9.918],[37.882,9.922],[37.899,9.929],[37.909,9.93],[37.917,9.92],[37.925,9.914],[37.93,9.915],[37.934,9.917],[37.935,9.921],[37.935,9.927],[37.931,9.931],[37.934,9.942],[37.939,9.944],[37.95,9.939],[37.956,9.938],[37.965,9.943],[37.974,9.946],[37.979,9.949],[37.994,9.949],[38,9.954],[38.004,9.961],[38.011,9.965],[38.019,9.967],[38.027,9.968],[38.034,9.967],[38.044,9.969],[38.048,9.981],[38.056,9.982],[38.06,9.981],[38.062,9.988],[38.065,9.998],[38.071,10.001],[38.082,10.003],[38.083,10.007],[38.08,10.015],[38.087,10.02],[38.096,10.02],[38.101,10.022],[38.114,10.016],[38.118,10.018],[38.117,10.025],[38.119,10.031],[38.126,10.043],[38.132,10.047],[38.138,10.046],[38.142,10.044],[38.146,10.036],[38.15,10.035],[38.16,10.043],[38.168,10.046],[38.17,10.05],[38.171,10.058],[38.176,10.063],[38.184,10.066],[38.187,10.07],[38.197,10.075],[38.206,10.082],[38.217,10.086],[38.223,10.093],[38.229,10.095],[38.238,10.101],[38.248,10.102],[38.252,10.096],[38.253,10.088],[38.259,10.087],[38.273,10.091],[38.281,10.091],[38.287,10.088],[38.296,10.09],[38.301,10.095],[38.302,10.103],[38.309,10.108],[38.322,10.107],[38.326,10.115],[38.324,10.124],[38.326,10.132],[38.331,10.142],[38.334,10.152],[38.343,10.157],[38.348,10.158],[38.35,10.158],[38.35,10.157],[38.351,10.157],[38.351,10.156],[38.354,10.155],[38.357,10.151],[38.359,10.143],[38.369,10.14],[38.378,10.141],[38.398,10.144],[38.401,10.148],[38.403,10.156],[38.409,10.162],[38.426,10.172],[38.426,10.178],[38.421,10.18],[38.428,10.189],[38.43,10.193],[38.424,10.206],[38.419,10.215],[38.419,10.22],[38.425,10.223],[38.431,10.232],[38.439,10.236],[38.45,10.241],[38.455,10.25],[38.456,10.255],[38.455,10.261],[38.463,10.267],[38.461,10.276],[38.458,10.283],[38.461,10.29],[38.473,10.292],[38.469,10.3],[38.466,10.305],[38.469,10.311],[38.474,10.315],[38.476,10.332],[38.481,10.345],[38.48,10.351],[38.476,10.357],[38.478,10.364],[38.486,10.365],[38.496,10.363],[38.505,10.363],[38.517,10.367],[38.535,10.366],[38.542,10.37],[38.56,10.376],[38.567,10.374],[38.578,10.377],[38.593,10.374],[38.605,10.374],[38.613,10.377],[38.624,10.378],[38.631,10.382],[38.635,10.381],[38.644,10.377],[38.652,10.376],[38.658,10.373],[38.665,10.372],[38.67,10.374],[38.677,10.377],[38.682,10.379],[38.691,10.378],[38.7,10.38],[38.704,10.381],[38.713,10.386],[38.733,10.385],[38.741,10.385],[38.742,10.384],[38.746,10.383],[38.762,10.375],[38.773,10.366],[38.778,10.365],[38.792,10.366],[38.802,10.368],[38.807,10.369],[38.816,10.364],[38.83,10.363],[38.834,10.361],[38.846,10.361],[38.845,10.354],[38.848,10.345],[38.853,10.335],[38.855,10.326],[38.856,10.294],[38.86,10.283],[38.861,10.277],[38.853,10.267],[38.845,10.256],[38.845,10.248],[38.847,10.243],[38.846,10.239],[38.84,10.233],[38.835,10.225],[38.833,10.21],[38.834,10.203],[38.838,10.198],[38.834,10.179],[38.835,10.172],[38.834,10.159],[38.839,10.149],[38.845,10.143],[38.847,10.14],[38.848,10.124],[38.85,10.122],[38.851,10.121],[38.852,10.117],[38.843,10.11],[38.839,10.114],[38.833,10.112],[38.829,10.11],[38.822,10.108],[38.818,10.104],[38.815,10.098],[38.811,10.094],[38.804,10.093],[38.801,10.09],[38.79,10.088],[38.777,10.083],[38.77,10.074],[38.765,10.07],[38.757,10.068],[38.751,10.063],[38.742,10.061],[38.734,10.056],[38.721,10.051],[38.707,10.053],[38.701,10.049],[38.696,10.051],[38.688,10.05],[38.681,10.053],[38.673,10.054],[38.665,10.056],[38.664,10.057],[38.663,10.057],[38.661,10.055],[38.658,10.051],[38.661,10.045],[38.661,10.032],[38.668,10.021],[38.669,10.021],[38.673,10.015],[38.681,10.013],[38.686,10.008],[38.694,10.007],[38.71,9.998],[38.718,9.996],[38.726,9.991],[38.734,9.993],[38.741,9.987],[38.745,9.985],[38.752,9.984],[38.758,9.981],[38.767,9.98],[38.772,9.978],[38.779,9.982],[38.785,9.978],[38.79,9.972],[38.797,9.967],[38.8,9.962],[38.801,9.962],[38.801,9.958],[38.803,9.953],[38.802,9.946],[38.797,9.939],[38.796,9.933],[38.798,9.927],[38.802,9.919],[38.803,9.91],[38.798,9.892],[38.796,9.888],[38.791,9.882],[38.793,9.876],[38.802,9.865],[38.804,9.859],[38.806,9.854],[38.806,9.843],[38.808,9.839],[38.809,9.818],[38.814,9.806],[38.818,9.802],[38.82,9.797],[38.822,9.785],[38.829,9.768],[38.837,9.761],[38.838,9.759],[38.845,9.753],[38.854,9.749],[38.858,9.745],[38.862,9.74],[38.866,9.733],[38.869,9.731],[38.881,9.725],[38.885,9.721],[38.892,9.718],[38.899,9.713],[38.909,9.708],[38.918,9.711],[38.928,9.724],[38.934,9.728],[38.939,9.726],[38.951,9.715],[38.959,9.711],[38.96,9.715],[38.959,9.716],[38.959,9.72],[38.955,9.726],[38.953,9.733],[38.952,9.738],[38.964,9.749],[38.969,9.757],[38.975,9.761],[38.98,9.752],[38.991,9.746],[38.997,9.747],[39.002,9.749],[39.005,9.75],[39.006,9.751],[39.013,9.752],[39.017,9.757],[39.024,9.758],[39.033,9.754],[39.035,9.753],[39.037,9.747],[39.045,9.751],[39.049,9.753],[39.075,9.754],[39.082,9.756],[39.089,9.762],[39.093,9.763],[39.102,9.754],[39.105,9.748],[39.097,9.743],[39.099,9.735],[39.103,9.733],[39.106,9.733],[39.111,9.732],[39.121,9.734],[39.133,9.741],[39.14,9.74],[39.144,9.732],[39.145,9.726],[39.144,9.721],[39.148,9.715],[39.146,9.707],[39.145,9.693],[39.151,9.69],[39.159,9.688],[39.162,9.688],[39.168,9.693],[39.175,9.694],[39.18,9.688],[39.184,9.686],[39.185,9.706],[39.184,9.72],[39.197,9.716],[39.201,9.708],[39.205,9.706],[39.209,9.71],[39.211,9.704],[39.217,9.708],[39.224,9.705],[39.226,9.696],[39.228,9.694],[39.237,9.701],[39.248,9.703],[39.25,9.705],[39.256,9.721],[39.264,9.736],[39.269,9.739],[39.274,9.737],[39.281,9.733],[39.287,9.734],[39.292,9.745],[39.298,9.748],[39.308,9.744],[39.311,9.74],[39.314,9.73],[39.322,9.724],[39.331,9.724],[39.339,9.727],[39.343,9.727],[39.343,9.726],[39.347,9.725],[39.34,9.716],[39.338,9.709],[39.34,9.703],[39.345,9.699],[39.365,9.701],[39.37,9.699],[39.37,9.689],[39.362,9.68],[39.371,9.67],[39.368,9.663],[39.362,9.661],[39.358,9.656],[39.356,9.641],[39.353,9.632],[39.352,9.621],[39.355,9.617],[39.362,9.619],[39.369,9.623],[39.376,9.629],[39.386,9.63],[39.389,9.616],[39.385,9.611],[39.384,9.601],[39.378,9.595],[39.373,9.591],[39.374,9.582],[39.377,9.581],[39.378,9.577],[39.379,9.573],[39.377,9.567],[39.372,9.562],[39.365,9.551],[39.36,9.546],[39.353,9.549],[39.343,9.546],[39.34,9.543],[39.33,9.526],[39.323,9.525],[39.317,9.53],[39.313,9.535],[39.302,9.521],[39.303,9.511],[39.305,9.505],[39.3,9.502],[39.294,9.501],[39.294,9.498],[39.294,9.491],[39.302,9.487],[39.304,9.479],[39.306,9.472],[39.311,9.467],[39.318,9.468],[39.334,9.473],[39.34,9.474],[39.346,9.472],[39.352,9.472],[39.359,9.474],[39.363,9.473],[39.376,9.466],[39.377,9.463],[39.373,9.456],[39.374,9.446],[39.382,9.447],[39.388,9.449],[39.394,9.455],[39.411,9.447],[39.426,9.436],[39.429,9.434],[39.446,9.433],[39.448,9.431],[39.449,9.423],[39.448,9.418],[39.444,9.413],[39.448,9.409],[39.449,9.405],[39.454,9.4],[39.453,9.394],[39.449,9.389],[39.445,9.383],[39.439,9.381],[39.426,9.379],[39.42,9.371],[39.41,9.375],[39.402,9.382],[39.395,9.391],[39.391,9.39],[39.376,9.384],[39.373,9.375],[39.357,9.369],[39.347,9.378],[39.336,9.38],[39.324,9.379],[39.32,9.374],[39.32,9.365],[39.307,9.366],[39.303,9.357],[39.294,9.349],[39.293,9.345],[39.292,9.343],[39.292,9.331],[39.285,9.315],[39.278,9.312],[39.27,9.32],[39.265,9.323],[39.265,9.324],[39.264,9.323],[39.265,9.323],[39.266,9.303],[39.266,9.288],[39.274,9.284],[39.276,9.283],[39.277,9.282],[39.284,9.277],[39.281,9.27],[39.267,9.246],[39.265,9.245],[39.26,9.25],[39.257,9.258],[39.234,9.293],[39.212,9.292],[39.207,9.291],[39.178,9.271],[39.193,9.253],[39.2,9.249],[39.211,9.232],[39.213,9.228],[39.189,9.209],[39.2,9.192],[39.214,9.174],[39.215,9.173],[39.215,9.172],[39.233,9.158],[39.242,9.145],[39.243,9.145],[39.25,9.135],[39.296,9.149],[39.323,9.148],[39.32,9.14],[39.329,9.136],[39.333,9.128],[39.337,9.113],[39.341,9.107],[39.343,9.098],[39.349,9.088],[39.349,9.075],[39.355,9.069],[39.357,9.062],[39.347,9.064],[39.316,9.06],[39.297,9.053],[39.288,8.999],[39.269,8.979],[39.259,8.962],[39.265,8.923],[39.26,8.911],[39.241,8.889],[39.238,8.862],[39.26,8.85],[39.265,8.843],[39.245,8.836],[39.244,8.833],[39.245,8.827],[39.254,8.813],[39.26,8.801],[39.268,8.792],[39.272,8.782],[39.273,8.766],[39.262,8.747],[39.27,8.724],[39.274,8.723],[39.274,8.722],[39.277,8.722],[39.284,8.718],[39.293,8.718],[39.302,8.719],[39.308,8.725],[39.325,8.746],[39.331,8.741],[39.342,8.727],[39.361,8.721],[39.377,8.731],[39.374,8.765],[39.375,8.781],[39.379,8.792],[39.387,8.799],[39.406,8.81],[39.418,8.814],[39.43,8.792],[39.433,8.787],[39.44,8.767],[39.449,8.752],[39.473,8.74],[39.492,8.725],[39.501,8.715],[39.534,8.757],[39.552,8.769],[39.558,8.794],[39.562,8.817],[39.592,8.796],[39.601,8.792],[39.617,8.787],[39.634,8.798],[39.651,8.803],[39.659,8.811],[39.661,8.811],[39.663,8.813],[39.674,8.815],[39.718,8.817],[39.733,8.826],[39.731,8.844],[39.737,8.857],[39.739,8.872],[39.748,8.908],[39.748,8.919],[39.746,9.014],[39.741,9.022],[39.74,9.039],[39.746,9.054],[39.748,9.062],[39.743,9.091],[39.763,9.095],[39.774,9.1],[39.786,9.108],[39.787,9.109],[39.791,9.11],[39.794,9.113],[39.797,9.12],[39.803,9.127],[39.808,9.135],[39.817,9.136],[39.824,9.136],[39.836,9.138],[39.853,9.138],[39.86,9.14],[39.878,9.144],[39.898,9.139],[39.909,9.132],[39.915,9.098],[39.919,9.069],[39.928,9.054],[39.943,9.047],[39.952,9.03],[39.948,9.004],[39.96,9.003],[40,9.007],[40.021,9.002],[40.034,8.995],[40.047,8.978],[40.051,8.961],[40.044,8.942],[40.041,8.922],[40.037,8.907],[40.019,8.888],[40.012,8.872],[40.01,8.856],[40.024,8.845],[40.034,8.842],[40.05,8.84],[40.067,8.844],[40.08,8.851],[40.091,8.859],[40.096,8.864],[40.106,8.878],[40.117,8.892],[40.151,8.93],[40.155,8.937],[40.156,8.939],[40.157,8.94],[40.17,8.964],[40.171,8.964],[40.186,8.973],[40.203,8.979],[40.221,8.987],[40.238,8.997],[40.242,9.011],[40.246,9.035],[40.244,9.054],[40.245,9.073],[40.254,9.085],[40.274,9.103],[40.291,9.119],[40.326,9.153],[40.348,9.185],[40.367,9.214],[40.386,9.244],[40.408,9.281],[40.423,9.3],[40.427,9.306],[40.428,9.306],[40.452,9.332],[40.471,9.354],[40.499,9.375],[40.528,9.385],[40.567,9.387],[40.605,9.391],[40.634,9.395],[40.659,9.404],[40.675,9.417],[40.685,9.433],[40.692,9.442],[40.696,9.445],[40.696,9.446],[40.697,9.446],[40.697,9.447],[40.704,9.447],[40.721,9.444],[40.752,9.445],[40.785,9.448],[40.815,9.452],[40.844,9.463],[40.863,9.462],[40.89,9.448],[40.918,9.421],[40.927,9.405],[40.913,9.396],[40.89,9.389],[40.859,9.385],[40.827,9.393],[40.797,9.395],[40.789,9.386],[40.793,9.366],[40.8,9.345],[40.809,9.327],[40.813,9.31],[40.827,9.305],[40.851,9.306],[40.875,9.309],[40.902,9.318],[40.927,9.323],[40.953,9.335],[40.97,9.35],[40.977,9.352],[40.984,9.352],[40.999,9.354],[41.001,9.355],[41.006,9.355],[41.014,9.357],[41.03,9.372],[41.056,9.39],[41.081,9.403],[41.118,9.415],[41.145,9.424],[41.168,9.439],[41.177,9.446],[41.181,9.451],[41.183,9.451],[41.188,9.457],[41.192,9.459],[41.209,9.478],[41.218,9.489],[41.225,9.493],[41.236,9.497],[41.244,9.499],[41.256,9.5],[41.268,9.499],[41.282,9.501],[41.309,9.503],[41.337,9.494],[41.364,9.489],[41.377,9.487],[41.385,9.487],[41.385,9.486],[41.394,9.485],[41.435,9.475],[41.453,9.468],[41.464,9.465],[41.481,9.459],[41.491,9.457],[41.505,9.468],[41.523,9.486],[41.541,9.499],[41.565,9.507],[41.598,9.511],[41.631,9.513],[41.643,9.515],[41.655,9.48],[41.67,9.47],[41.703,9.466],[41.723,9.468],[41.724,9.468],[41.734,9.471],[41.735,9.472],[41.737,9.472],[41.755,9.485],[41.773,9.491],[41.793,9.489],[41.815,9.476],[41.839,9.478],[41.86,9.488],[41.88,9.481],[41.892,9.478],[41.902,9.476],[41.914,9.472],[41.939,9.479],[41.953,9.488],[41.956,9.489],[41.982,9.508],[41.992,9.506],[42.016,9.508],[42.03,9.505],[42.044,9.498],[42.049,9.494],[42.05,9.494],[42.05,9.493],[42.053,9.49],[42.068,9.475],[42.074,9.473],[42.082,9.488],[42.096,9.501],[42.111,9.508],[42.139,9.534],[42.149,9.55],[42.152,9.556],[42.147,9.569],[42.144,9.573],[42.135,9.58],[42.133,9.583],[42.128,9.599],[42.125,9.614],[42.143,9.62],[42.156,9.628],[42.181,9.644],[42.201,9.653],[42.225,9.656],[42.244,9.656],[42.259,9.651],[42.269,9.664],[42.273,9.668],[42.288,9.677],[42.304,9.691],[42.321,9.708],[42.329,9.713],[42.333,9.715],[42.34,9.719],[42.346,9.721],[42.355,9.718],[42.363,9.716],[42.379,9.714],[42.399,9.716],[42.426,9.719],[42.448,9.722],[42.499,9.721],[42.532,9.728],[42.569,9.737],[42.607,9.753],[42.621,9.76],[42.648,9.775],[42.668,9.776],[42.682,9.774],[42.695,9.768],[42.704,9.757],[42.714,9.74],[42.723,9.73],[42.727,9.726],[42.728,9.723],[42.733,9.719],[42.75,9.711],[42.772,9.702],[42.772,9.701],[42.776,9.7],[42.79,9.693],[42.824,9.674],[42.854,9.662],[42.899,9.65],[42.909,9.651],[42.918,9.659],[42.926,9.673],[42.935,9.679],[42.944,9.676],[42.952,9.671],[42.964,9.655],[42.978,9.628],[42.98,9.607],[42.968,9.592],[42.943,9.587],[42.936,9.58],[42.93,9.574],[42.928,9.572],[42.921,9.565],[42.91,9.563],[42.894,9.573],[42.88,9.584],[42.865,9.586],[42.841,9.583],[42.814,9.572],[42.789,9.525],[42.777,9.512],[42.749,9.502],[42.737,9.496],[42.73,9.485],[42.729,9.484],[42.728,9.482],[42.714,9.474],[42.701,9.471],[42.682,9.47],[42.667,9.459],[42.654,9.455],[42.641,9.447],[42.616,9.426],[42.603,9.416],[42.584,9.409],[42.569,9.397],[42.55,9.38],[42.539,9.374],[42.538,9.372],[42.552,9.344],[42.554,9.333],[42.555,9.328],[42.556,9.321],[42.547,9.305],[42.552,9.286],[42.561,9.27],[42.571,9.258],[42.58,9.237],[42.584,9.215],[42.597,9.191],[42.618,9.171],[42.635,9.157],[42.634,9.143],[42.626,9.132],[42.61,9.119],[42.605,9.112],[42.603,9.111],[42.6,9.106],[42.616,9.092],[42.62,9.089],[42.621,9.088],[42.645,9.072],[42.664,9.047],[42.673,9.03],[42.681,9.013],[42.704,8.98],[42.728,8.951],[42.768,8.911],[42.779,8.897],[42.792,8.885],[42.805,8.87],[42.827,8.856],[42.85,8.844],[42.864,8.826],[42.865,8.816],[42.864,8.801],[42.86,8.789],[42.844,8.757],[42.837,8.727],[42.832,8.695],[42.839,8.664],[42.86,8.636],[42.885,8.615],[42.899,8.602],[42.905,8.582],[42.908,8.549],[42.912,8.521],[42.911,8.497],[42.897,8.458],[42.899,8.411],[42.898,8.408],[42.884,8.398],[42.859,8.392],[42.826,8.379],[42.798,8.37],[42.779,8.373],[42.768,8.362],[42.754,8.337],[42.735,8.294],[42.719,8.246],[42.711,8.206],[42.701,8.179],[42.678,8.146],[42.662,8.13],[42.659,8.13],[42.652,8.129],[42.631,8.14],[42.617,8.158],[42.612,8.166],[42.579,8.227],[42.567,8.255],[42.561,8.287],[42.55,8.35],[42.539,8.397],[42.534,8.43],[42.53,8.454],[42.529,8.455],[42.529,8.458],[42.521,8.478],[42.503,8.492],[42.478,8.498],[42.455,8.503],[42.323,8.536],[42.307,8.559],[42.295,8.586],[42.289,8.593],[42.277,8.612],[42.277,8.613],[42.263,8.636],[42.24,8.639],[42.233,8.635],[42.216,8.611],[42.179,8.582],[42.176,8.579],[42.174,8.578],[42.104,8.524],[42.099,8.52],[42.098,8.518],[42.07,8.494],[42.042,8.448],[42.026,8.425],[42.027,8.334],[42.026,8.322],[41.999,8.278],[41.962,8.222],[41.948,8.2],[41.936,8.133],[41.928,8.09],[41.926,8.081],[41.926,8.039],[41.924,8.021],[41.923,7.998],[41.923,7.997],[41.922,7.979],[41.92,7.943],[41.919,7.93],[41.918,7.929],[41.916,7.887],[41.912,7.844],[41.957,7.775],[41.943,7.728],[41.929,7.697],[41.915,7.659],[41.905,7.637],[41.887,7.587],[41.878,7.562],[41.868,7.538],[41.867,7.531],[41.868,7.53],[41.87,7.519],[41.871,7.516],[41.882,7.466],[41.886,7.454],[41.894,7.416],[41.897,7.411],[41.964,7.385],[41.986,7.375],[42.015,7.365],[42.037,7.355],[42.077,7.34],[42.099,7.331],[42.1,7.33],[42.103,7.329],[42.132,7.317],[42.147,7.313],[42.174,7.3],[42.199,7.291],[42.21,7.262],[42.21,7.224],[42.207,7.213],[42.207,7.208],[42.206,7.207],[42.204,7.196],[42.205,7.141],[42.187,7.097],[42.158,7.051],[42.162,7.01],[42.163,7.008],[42.163,7.006],[42.14,6.967],[42.136,6.958],[42.134,6.954],[42.106,6.93],[42.098,6.914],[42.076,6.887],[42.076,6.863],[42.067,6.84],[42.063,6.826],[42.056,6.748],[42.033,6.716],[42.025,6.705],[42.015,6.68],[42.014,6.658],[42.01,6.654],[42.009,6.654],[41.999,6.642],[42,6.63],[42.006,6.614],[42.004,6.598],[42,6.59],[41.99,6.583],[41.963,6.569],[41.937,6.553],[41.916,6.544],[41.896,6.538],[41.889,6.535],[41.861,6.535],[41.854,6.568],[41.82,6.57],[41.799,6.557],[41.758,6.54],[41.739,6.52],[41.732,6.506],[41.717,6.477],[41.703,6.45],[41.69,6.428],[41.683,6.423],[41.655,6.408],[41.633,6.391],[41.62,6.362],[41.616,6.366],[41.554,6.435],[41.538,6.454],[41.525,6.468],[41.52,6.471],[41.516,6.475],[41.438,6.544],[41.382,6.564],[41.358,6.566],[41.345,6.571],[41.295,6.594],[41.285,6.597],[41.243,6.617],[41.229,6.622],[41.175,6.658],[41.155,6.678],[41.132,6.69],[41.113,6.692],[41.083,6.693],[41.08,6.693],[41.076,6.693],[41.075,6.694],[41.072,6.694],[41.071,6.687],[41.016,6.644],[40.99,6.604],[40.986,6.601],[40.94,6.555],[40.9,6.511],[40.886,6.472],[40.86,6.436],[40.857,6.386],[40.861,6.363],[40.864,6.355],[40.864,6.35],[40.862,6.345],[40.865,6.32],[40.877,6.274],[40.88,6.265],[40.882,6.243],[40.879,6.196],[40.877,6.183],[40.874,6.169],[40.868,6.15],[40.866,6.119],[40.87,6.094],[40.867,6.076],[40.871,6.054],[40.878,5.987],[40.877,5.939],[40.877,5.889],[40.876,5.889],[40.876,5.84],[40.875,5.808],[40.891,5.768],[40.893,5.761],[40.901,5.741],[40.919,5.691],[40.922,5.683],[40.866,5.669],[40.833,5.656],[40.809,5.632],[40.788,5.618],[40.754,5.595],[40.734,5.586],[40.695,5.567],[40.68,5.54],[40.633,5.53],[40.618,5.509],[40.605,5.49],[40.581,5.476],[40.564,5.455],[40.549,5.428],[40.533,5.41],[40.482,5.403],[40.459,5.399],[40.418,5.393],[40.41,5.392],[40.393,5.39],[40.375,5.387],[40.311,5.376],[40.277,5.368],[40.241,5.366],[40.207,5.355],[40.175,5.353],[40.136,5.357],[40.099,5.364],[40.064,5.378],[40.036,5.395],[40.033,5.396],[40.027,5.389],[40.013,5.37],[39.942,5.285],[39.908,5.22],[39.897,5.189],[39.892,5.179],[39.878,5.139],[39.841,5.049],[39.84,5.047],[39.837,5.042],[39.834,5.032],[39.813,5.002],[39.804,4.95],[39.789,4.904],[39.783,4.887],[39.765,4.847],[39.759,4.8],[39.744,4.728],[39.744,4.71],[39.744,4.703],[39.745,4.701],[39.746,4.666],[39.74,4.654],[39.736,4.65],[39.736,4.648],[39.735,4.647],[39.728,4.638],[39.721,4.625],[39.71,4.599],[39.703,4.567],[39.69,4.544],[39.675,4.504],[39.656,4.469],[39.642,4.436],[39.632,4.403],[39.619,4.369],[39.606,4.34],[39.587,4.298],[39.575,4.278],[39.574,4.277],[39.573,4.275],[39.567,4.264],[39.54,4.235],[39.529,4.169],[39.528,4.163],[39.527,4.162],[39.51,4.116],[39.5,4.092],[39.478,4.04],[39.483,4.026],[39.5,3.966],[39.496,3.96],[39.483,3.942],[39.476,3.931],[39.442,3.869],[39.435,3.858],[39.401,3.797],[39.354,3.728],[39.334,3.697],[39.285,3.623],[39.22,3.602],[39.19,3.585],[39.176,3.579],[39.149,3.563],[39.109,3.542],[39.098,3.536]],[[38.798,8.833],[38.812,8.84],[38.817,8.839],[38.823,8.841],[38.824,8.854],[38.827,8.858],[38.827,8.862],[38.827,8.864],[38.829,8.868],[38.827,8.872],[38.826,8.88],[38.833,8.882],[38.838,8.88],[38.846,8.88],[38.856,8.883],[38.863,8.883],[38.869,8.873],[38.871,8.883],[38.878,8.895],[38.873,8.904],[38.879,8.915],[38.879,8.918],[38.872,8.925],[38.861,8.932],[38.856,8.938],[38.856,8.939],[38.858,8.939],[38.862,8.942],[38.868,8.94],[38.877,8.937],[38.891,8.934],[38.896,8.936],[38.901,8.945],[38.896,8.954],[38.902,8.962],[38.903,8.966],[38.904,8.967],[38.904,8.97],[38.906,8.976],[38.904,8.991],[38.906,8.998],[38.905,9.009],[38.905,9.011],[38.902,9.016],[38.894,9.035],[38.884,9.05],[38.882,9.068],[38.877,9.081],[38.869,9.085],[38.858,9.083],[38.85,9.078],[38.84,9.078],[38.825,9.076],[38.818,9.078],[38.815,9.079],[38.814,9.079],[38.805,9.082],[38.8,9.079],[38.791,9.077],[38.785,9.085],[38.784,9.086],[38.779,9.092],[38.772,9.097],[38.767,9.098],[38.76,9.096],[38.751,9.091],[38.738,9.087],[38.728,9.085],[38.717,9.087],[38.712,9.085],[38.711,9.084],[38.707,9.081],[38.699,9.08],[38.685,9.073],[38.685,9.072],[38.684,9.069],[38.684,9.051],[38.673,9.039],[38.671,9.032],[38.668,9.027],[38.667,9.026],[38.667,9.01],[38.661,9.009],[38.653,9.01],[38.652,9.006],[38.651,9.006],[38.652,9.002],[38.658,8.994],[38.659,8.984],[38.654,8.977],[38.64,8.974],[38.643,8.966],[38.654,8.963],[38.665,8.961],[38.676,8.957],[38.68,8.95],[38.681,8.95],[38.682,8.94],[38.694,8.941],[38.698,8.931],[38.703,8.924],[38.705,8.924],[38.709,8.921],[38.714,8.92],[38.719,8.919],[38.735,8.902],[38.738,8.901],[38.743,8.902],[38.744,8.901],[38.745,8.891],[38.743,8.881],[38.744,8.879],[38.747,8.877],[38.745,8.868],[38.746,8.863],[38.754,8.858],[38.756,8.854],[38.759,8.853],[38.773,8.857],[38.777,8.852],[38.778,8.841],[38.781,8.836],[38.794,8.835],[38.798,8.833]],[[42.233,9.186],[42.245,9.187],[42.257,9.191],[42.264,9.196],[42.272,9.215],[42.269,9.228],[42.263,9.242],[42.256,9.252],[42.255,9.256],[42.254,9.26],[42.249,9.27],[42.251,9.285],[42.26,9.298],[42.266,9.309],[42.265,9.32],[42.259,9.334],[42.266,9.352],[42.27,9.361],[42.266,9.365],[42.26,9.375],[42.258,9.378],[42.256,9.379],[42.253,9.384],[42.239,9.385],[42.23,9.382],[42.222,9.379],[42.188,9.361],[42.169,9.362],[42.16,9.373],[42.158,9.375],[42.147,9.387],[42.129,9.388],[42.116,9.374],[42.097,9.345],[42.096,9.345],[42.096,9.344],[42.095,9.344],[42.091,9.338],[42.091,9.336],[42.089,9.335],[42.086,9.331],[42.086,9.329],[42.085,9.328],[42.071,9.304],[42.066,9.29],[42.065,9.286],[42.065,9.283],[42.063,9.277],[42.063,9.274],[42.06,9.262],[42.059,9.245],[42.061,9.226],[42.073,9.221],[42.085,9.223],[42.108,9.229],[42.109,9.23],[42.116,9.229],[42.128,9.226],[42.137,9.216],[42.148,9.206],[42.154,9.207],[42.155,9.207],[42.165,9.21],[42.182,9.216],[42.197,9.22],[42.208,9.212],[42.221,9.196],[42.233,9.186]]],[[[36.077,9.061],[36.076,9.061],[36.077,9.062],[36.077,9.061]]]]}},{"type":"Feature","properties":{"name":"Somali","centroid":[42.336,7.02],"code":"ET05"},"geometry":{"type":"MultiPolygon","coordinates":[[[[39.957,3.919],[39.926,3.903],[39.876,3.878],[39.87,3.875],[39.865,3.868],[39.858,3.85],[39.857,3.849],[39.836,3.821],[39.835,3.819],[39.823,3.794],[39.815,3.776],[39.803,3.75],[39.788,3.717],[39.784,3.71],[39.783,3.707],[39.763,3.663],[39.725,3.625],[39.718,3.617],[39.71,3.609],[39.709,3.608],[39.708,3.607],[39.66,3.557],[39.62,3.517],[39.62,3.516],[39.617,3.512],[39.612,3.506],[39.604,3.499],[39.585,3.482],[39.583,3.479],[39.582,3.476],[39.568,3.43],[39.562,3.416],[39.558,3.412],[39.557,3.411],[39.547,3.405],[39.533,3.402],[39.528,3.403],[39.519,3.408],[39.515,3.414],[39.515,3.415],[39.512,3.424],[39.508,3.441],[39.505,3.447],[39.502,3.458],[39.5,3.459],[39.497,3.461],[39.493,3.462],[39.489,3.463],[39.48,3.462],[39.472,3.461],[39.471,3.461],[39.471,3.46],[39.428,3.461],[39.425,3.461],[39.419,3.466],[39.418,3.466],[39.414,3.467],[39.409,3.468],[39.379,3.469],[39.351,3.47],[39.347,3.47],[39.342,3.47],[39.339,3.47],[39.336,3.47],[39.332,3.476],[39.332,3.482],[39.331,3.486],[39.331,3.491],[39.332,3.498],[39.332,3.504],[39.329,3.506],[39.328,3.506],[39.323,3.505],[39.322,3.505],[39.302,3.487],[39.284,3.477],[39.283,3.477],[39.263,3.479],[39.258,3.479],[39.257,3.479],[39.253,3.479],[39.237,3.481],[39.234,3.481],[39.221,3.483],[39.218,3.484],[39.204,3.486],[39.202,3.486],[39.2,3.485],[39.195,3.483],[39.192,3.483],[39.19,3.485],[39.183,3.492],[39.178,3.495],[39.174,3.497],[39.164,3.501],[39.147,3.51],[39.146,3.511],[39.138,3.514],[39.123,3.517],[39.12,3.519],[39.119,3.521],[39.112,3.526],[39.102,3.534],[39.098,3.536],[39.109,3.542],[39.149,3.563],[39.176,3.579],[39.19,3.585],[39.22,3.602],[39.285,3.623],[39.334,3.697],[39.354,3.728],[39.401,3.797],[39.435,3.858],[39.442,3.869],[39.476,3.931],[39.483,3.942],[39.496,3.96],[39.5,3.966],[39.483,4.026],[39.478,4.04],[39.5,4.092],[39.51,4.116],[39.527,4.162],[39.528,4.163],[39.529,4.169],[39.54,4.235],[39.567,4.264],[39.573,4.275],[39.574,4.277],[39.575,4.278],[39.587,4.298],[39.606,4.34],[39.619,4.369],[39.632,4.403],[39.642,4.436],[39.656,4.469],[39.675,4.504],[39.69,4.544],[39.703,4.567],[39.71,4.599],[39.721,4.625],[39.728,4.638],[39.735,4.647],[39.736,4.648],[39.736,4.65],[39.74,4.654],[39.746,4.666],[39.745,4.701],[39.744,4.703],[39.744,4.71],[39.744,4.728],[39.759,4.8],[39.765,4.847],[39.783,4.887],[39.789,4.904],[39.804,4.95],[39.813,5.002],[39.834,5.032],[39.837,5.042],[39.84,5.047],[39.841,5.049],[39.878,5.139],[39.892,5.179],[39.897,5.189],[39.908,5.22],[39.942,5.285],[40.013,5.37],[40.027,5.389],[40.033,5.396],[40.036,5.395],[40.064,5.378],[40.099,5.364],[40.136,5.357],[40.175,5.353],[40.207,5.355],[40.241,5.366],[40.277,5.368],[40.311,5.376],[40.375,5.387],[40.393,5.39],[40.41,5.392],[40.418,5.393],[40.459,5.399],[40.482,5.403],[40.533,5.41],[40.549,5.428],[40.564,5.455],[40.581,5.476],[40.605,5.49],[40.618,5.509],[40.633,5.53],[40.68,5.54],[40.695,5.567],[40.734,5.586],[40.754,5.595],[40.788,5.618],[40.809,5.632],[40.833,5.656],[40.866,5.669],[40.922,5.683],[40.919,5.691],[40.901,5.741],[40.893,5.761],[40.891,5.768],[40.875,5.808],[40.876,5.84],[40.876,5.889],[40.877,5.889],[40.877,5.939],[40.878,5.987],[40.871,6.054],[40.867,6.076],[40.87,6.094],[40.866,6.119],[40.868,6.15],[40.874,6.169],[40.877,6.183],[40.879,6.196],[40.882,6.243],[40.88,6.265],[40.877,6.274],[40.865,6.32],[40.862,6.345],[40.864,6.35],[40.864,6.355],[40.861,6.363],[40.857,6.386],[40.86,6.436],[40.886,6.472],[40.9,6.511],[40.94,6.555],[40.986,6.601],[40.99,6.604],[41.016,6.644],[41.071,6.687],[41.072,6.694],[41.075,6.694],[41.076,6.693],[41.08,6.693],[41.083,6.693],[41.113,6.692],[41.132,6.69],[41.155,6.678],[41.175,6.658],[41.229,6.622],[41.243,6.617],[41.285,6.597],[41.295,6.594],[41.345,6.571],[41.358,6.566],[41.382,6.564],[41.438,6.544],[41.516,6.475],[41.52,6.471],[41.525,6.468],[41.538,6.454],[41.554,6.435],[41.616,6.366],[41.62,6.362],[41.633,6.391],[41.655,6.408],[41.683,6.423],[41.69,6.428],[41.703,6.45],[41.717,6.477],[41.732,6.506],[41.739,6.52],[41.758,6.54],[41.799,6.557],[41.82,6.57],[41.854,6.568],[41.861,6.535],[41.889,6.535],[41.896,6.538],[41.916,6.544],[41.937,6.553],[41.963,6.569],[41.99,6.583],[42,6.59],[42.004,6.598],[42.006,6.614],[42,6.63],[41.999,6.642],[42.009,6.654],[42.01,6.654],[42.014,6.658],[42.015,6.68],[42.025,6.705],[42.033,6.716],[42.056,6.748],[42.063,6.826],[42.067,6.84],[42.076,6.863],[42.076,6.887],[42.098,6.914],[42.106,6.93],[42.134,6.954],[42.136,6.958],[42.14,6.967],[42.163,7.006],[42.163,7.008],[42.162,7.01],[42.158,7.051],[42.187,7.097],[42.205,7.141],[42.204,7.196],[42.206,7.207],[42.207,7.208],[42.207,7.213],[42.21,7.224],[42.21,7.262],[42.199,7.291],[42.174,7.3],[42.147,7.313],[42.132,7.317],[42.103,7.329],[42.1,7.33],[42.099,7.331],[42.077,7.34],[42.037,7.355],[42.015,7.365],[41.986,7.375],[41.964,7.385],[41.897,7.411],[41.894,7.416],[41.886,7.454],[41.882,7.466],[41.871,7.516],[41.87,7.519],[41.868,7.53],[41.867,7.531],[41.868,7.538],[41.878,7.562],[41.887,7.587],[41.905,7.637],[41.915,7.659],[41.929,7.697],[41.943,7.728],[41.957,7.775],[41.912,7.844],[41.916,7.887],[41.918,7.929],[41.919,7.93],[41.92,7.943],[41.922,7.979],[41.923,7.997],[41.923,7.998],[41.924,8.021],[41.926,8.039],[41.926,8.081],[41.928,8.09],[41.936,8.133],[41.948,8.2],[41.962,8.222],[41.999,8.278],[42.026,8.322],[42.027,8.334],[42.026,8.425],[42.042,8.448],[42.07,8.494],[42.098,8.518],[42.099,8.52],[42.104,8.524],[42.174,8.578],[42.176,8.579],[42.179,8.582],[42.216,8.611],[42.233,8.635],[42.24,8.639],[42.263,8.636],[42.277,8.613],[42.277,8.612],[42.289,8.593],[42.295,8.586],[42.307,8.559],[42.323,8.536],[42.455,8.503],[42.478,8.498],[42.503,8.492],[42.521,8.478],[42.529,8.458],[42.529,8.455],[42.53,8.454],[42.534,8.43],[42.539,8.397],[42.55,8.35],[42.561,8.287],[42.567,8.255],[42.579,8.227],[42.612,8.166],[42.617,8.158],[42.631,8.14],[42.652,8.129],[42.659,8.13],[42.662,8.13],[42.678,8.146],[42.701,8.179],[42.711,8.206],[42.719,8.246],[42.735,8.294],[42.754,8.337],[42.768,8.362],[42.779,8.373],[42.798,8.37],[42.826,8.379],[42.859,8.392],[42.884,8.398],[42.898,8.408],[42.899,8.411],[42.897,8.458],[42.911,8.497],[42.912,8.521],[42.908,8.549],[42.905,8.582],[42.899,8.602],[42.885,8.615],[42.86,8.636],[42.839,8.664],[42.832,8.695],[42.837,8.727],[42.844,8.757],[42.86,8.789],[42.864,8.801],[42.865,8.816],[42.864,8.826],[42.85,8.844],[42.827,8.856],[42.805,8.87],[42.792,8.885],[42.779,8.897],[42.768,8.911],[42.728,8.951],[42.704,8.98],[42.681,9.013],[42.673,9.03],[42.664,9.047],[42.645,9.072],[42.621,9.088],[42.62,9.089],[42.616,9.092],[42.6,9.106],[42.603,9.111],[42.605,9.112],[42.61,9.119],[42.626,9.132],[42.634,9.143],[42.635,9.157],[42.618,9.171],[42.597,9.191],[42.584,9.215],[42.58,9.237],[42.571,9.258],[42.561,9.27],[42.552,9.286],[42.547,9.305],[42.556,9.321],[42.555,9.328],[42.554,9.333],[42.552,9.344],[42.538,9.372],[42.539,9.374],[42.55,9.38],[42.569,9.397],[42.584,9.409],[42.603,9.416],[42.616,9.426],[42.641,9.447],[42.654,9.455],[42.667,9.459],[42.682,9.47],[42.701,9.471],[42.714,9.474],[42.728,9.482],[42.729,9.484],[42.73,9.485],[42.737,9.496],[42.749,9.502],[42.777,9.512],[42.789,9.525],[42.814,9.572],[42.841,9.583],[42.865,9.586],[42.88,9.584],[42.894,9.573],[42.91,9.563],[42.921,9.565],[42.928,9.572],[42.93,9.574],[42.936,9.58],[42.943,9.587],[42.968,9.592],[42.98,9.607],[42.978,9.628],[42.964,9.655],[42.952,9.671],[42.944,9.676],[42.935,9.679],[42.926,9.673],[42.918,9.659],[42.909,9.651],[42.899,9.65],[42.854,9.662],[42.824,9.674],[42.79,9.693],[42.776,9.7],[42.772,9.701],[42.772,9.702],[42.75,9.711],[42.733,9.719],[42.728,9.723],[42.727,9.726],[42.723,9.73],[42.714,9.74],[42.704,9.757],[42.695,9.768],[42.682,9.774],[42.668,9.776],[42.648,9.775],[42.621,9.76],[42.607,9.753],[42.569,9.737],[42.532,9.728],[42.499,9.721],[42.448,9.722],[42.426,9.719],[42.399,9.716],[42.379,9.714],[42.363,9.716],[42.355,9.718],[42.346,9.721],[42.34,9.719],[42.34,9.72],[42.322,9.733],[42.312,9.743],[42.294,9.757],[42.252,9.782],[42.214,9.783],[42.187,9.774],[42.165,9.753],[42.165,9.752],[42.033,9.621],[42.033,9.62],[42.031,9.618],[42.02,9.618],[42.01,9.621],[41.996,9.631],[41.95,9.656],[41.921,9.67],[41.906,9.679],[41.874,9.684],[41.862,9.678],[41.853,9.674],[41.853,9.673],[41.849,9.671],[41.838,9.662],[41.823,9.65],[41.817,9.647],[41.816,9.645],[41.814,9.645],[41.809,9.64],[41.801,9.642],[41.79,9.649],[41.774,9.653],[41.764,9.646],[41.762,9.644],[41.759,9.643],[41.755,9.639],[41.749,9.637],[41.749,9.616],[41.749,9.597],[41.734,9.518],[41.732,9.512],[41.732,9.508],[41.731,9.506],[41.728,9.489],[41.734,9.473],[41.735,9.472],[41.734,9.471],[41.724,9.468],[41.723,9.468],[41.703,9.466],[41.67,9.47],[41.655,9.48],[41.643,9.515],[41.631,9.513],[41.598,9.511],[41.565,9.507],[41.541,9.499],[41.523,9.486],[41.505,9.468],[41.491,9.457],[41.481,9.459],[41.464,9.465],[41.453,9.468],[41.435,9.475],[41.394,9.485],[41.385,9.486],[41.385,9.487],[41.377,9.487],[41.364,9.489],[41.337,9.494],[41.309,9.503],[41.282,9.501],[41.268,9.499],[41.256,9.5],[41.244,9.499],[41.236,9.497],[41.225,9.493],[41.218,9.489],[41.209,9.478],[41.192,9.459],[41.188,9.457],[41.183,9.451],[41.181,9.451],[41.177,9.446],[41.168,9.439],[41.145,9.424],[41.118,9.415],[41.081,9.403],[41.056,9.39],[41.03,9.372],[41.014,9.357],[41.006,9.355],[41.001,9.355],[40.999,9.354],[40.984,9.352],[40.977,9.352],[40.97,9.35],[40.953,9.335],[40.927,9.323],[40.902,9.318],[40.875,9.309],[40.851,9.306],[40.827,9.305],[40.813,9.31],[40.809,9.327],[40.8,9.345],[40.793,9.366],[40.789,9.386],[40.797,9.395],[40.827,9.393],[40.859,9.385],[40.89,9.389],[40.913,9.396],[40.927,9.405],[40.918,9.421],[40.89,9.448],[40.863,9.462],[40.844,9.463],[40.815,9.452],[40.785,9.448],[40.752,9.445],[40.721,9.444],[40.704,9.447],[40.697,9.447],[40.697,9.474],[40.696,9.5],[40.702,9.536],[40.718,9.569],[40.725,9.593],[40.733,9.609],[40.74,9.627],[40.751,9.653],[40.755,9.658],[40.756,9.659],[40.766,9.671],[40.771,9.679],[40.772,9.679],[40.773,9.682],[40.777,9.687],[40.779,9.693],[40.785,9.701],[40.806,9.732],[40.825,9.763],[40.847,9.79],[40.876,9.816],[40.911,9.848],[40.942,9.875],[40.958,9.891],[40.989,9.922],[40.997,9.928],[41.014,9.939],[41.02,9.948],[41.014,9.959],[41,9.967],[40.981,9.969],[40.966,9.971],[40.96,9.979],[40.954,9.987],[40.946,10.001],[40.937,10.035],[40.948,10.067],[40.954,10.096],[40.975,10.156],[40.979,10.194],[40.989,10.233],[40.99,10.238],[40.998,10.282],[40.999,10.283],[40.999,10.287],[41.005,10.318],[41.015,10.343],[41.03,10.4],[41.032,10.422],[41.047,10.477],[41.057,10.5],[41.061,10.516],[41.072,10.541],[41.079,10.567],[41.087,10.6],[41.083,10.632],[41.078,10.639],[41.079,10.662],[41.077,10.681],[41.089,10.696],[41.116,10.721],[41.131,10.742],[41.154,10.765],[41.167,10.78],[41.17,10.782],[41.191,10.796],[41.196,10.803],[41.197,10.804],[41.197,10.806],[41.206,10.818],[41.22,10.834],[41.232,10.863],[41.234,10.891],[41.24,10.918],[41.241,10.921],[41.247,10.93],[41.268,10.958],[41.301,10.964],[41.349,10.962],[41.392,10.966],[41.41,10.958],[41.484,10.967],[41.506,10.965],[41.518,10.965],[41.538,10.964],[41.582,10.962],[41.632,10.965],[41.682,10.964],[41.7,10.969],[41.719,10.965],[41.74,10.968],[41.76,10.981],[41.764,10.991],[41.781,10.989],[41.789,10.988],[41.789,10.987],[41.789,10.985],[41.789,10.982],[41.791,10.975],[41.791,10.974],[41.791,10.973],[41.792,10.973],[41.794,10.972],[41.798,10.969],[41.811,10.968],[41.811,10.966],[41.811,10.962],[41.816,10.959],[41.822,10.959],[41.827,10.959],[41.838,10.959],[41.841,10.959],[41.845,10.958],[41.856,10.955],[41.886,10.947],[41.896,10.944],[41.901,10.943],[41.911,10.943],[41.927,10.942],[41.931,10.942],[41.942,10.939],[41.942,10.937],[41.943,10.935],[41.94,10.928],[41.945,10.913],[41.949,10.91],[41.958,10.911],[41.967,10.916],[41.968,10.917],[41.975,10.928],[41.979,10.927],[41.981,10.926],[41.982,10.926],[41.992,10.92],[41.996,10.919],[42.003,10.916],[42.016,10.921],[42.017,10.921],[42.027,10.922],[42.028,10.923],[42.031,10.924],[42.063,10.923],[42.067,10.923],[42.07,10.927],[42.076,10.951],[42.076,10.952],[42.079,10.956],[42.081,10.958],[42.099,10.959],[42.11,10.964],[42.113,10.966],[42.122,10.968],[42.127,10.971],[42.143,10.977],[42.146,10.977],[42.155,10.976],[42.159,10.975],[42.163,10.974],[42.171,10.976],[42.176,10.977],[42.189,10.977],[42.194,10.975],[42.196,10.974],[42.197,10.97],[42.2,10.964],[42.205,10.961],[42.207,10.96],[42.211,10.961],[42.233,10.966],[42.271,10.969],[42.289,10.985],[42.309,10.991],[42.313,10.99],[42.322,10.989],[42.325,10.989],[42.326,10.989],[42.328,10.989],[42.338,10.991],[42.348,10.996],[42.35,10.997],[42.356,10.997],[42.364,10.997],[42.373,10.996],[42.395,10.989],[42.401,10.985],[42.405,10.983],[42.424,10.98],[42.43,10.983],[42.435,10.986],[42.449,10.996],[42.452,10.998],[42.459,11.001],[42.484,11.021],[42.499,11.033],[42.512,11.038],[42.544,11.047],[42.552,11.049],[42.56,11.051],[42.592,11.064],[42.599,11.063],[42.611,11.07],[42.617,11.077],[42.623,11.083],[42.625,11.085],[42.629,11.087],[42.632,11.089],[42.635,11.089],[42.641,11.088],[42.654,11.08],[42.655,11.078],[42.656,11.078],[42.656,11.077],[42.663,11.071],[42.678,11.071],[42.681,11.067],[42.683,11.063],[42.69,11.056],[42.693,11.054],[42.695,11.053],[42.698,11.053],[42.703,11.056],[42.711,11.06],[42.718,11.059],[42.723,11.06],[42.728,11.061],[42.736,11.065],[42.738,11.066],[42.746,11.072],[42.757,11.071],[42.763,11.066],[42.765,11.064],[42.766,11.061],[42.785,11.029],[42.787,11.02],[42.788,11.017],[42.789,10.995],[42.791,10.988],[42.794,10.986],[42.796,10.986],[42.805,10.984],[42.829,10.98],[42.835,10.978],[42.841,10.976],[42.853,10.975],[42.858,10.977],[42.868,10.978],[42.884,10.978],[42.911,10.978],[42.93,10.981],[42.944,10.984],[42.952,10.985],[42.961,10.984],[42.962,10.984],[42.931,10.948],[42.914,10.92],[42.91,10.914],[42.886,10.883],[42.876,10.871],[42.87,10.861],[42.864,10.854],[42.856,10.838],[42.843,10.825],[42.841,10.823],[42.83,10.807],[42.811,10.781],[42.811,10.78],[42.797,10.765],[42.792,10.757],[42.789,10.751],[42.773,10.731],[42.767,10.722],[42.739,10.677],[42.736,10.672],[42.723,10.651],[42.719,10.648],[42.712,10.643],[42.703,10.636],[42.698,10.631],[42.693,10.625],[42.685,10.613],[42.683,10.606],[42.683,10.593],[42.69,10.572],[42.695,10.558],[42.698,10.546],[42.704,10.539],[42.717,10.53],[42.723,10.529],[42.725,10.528],[42.732,10.526],[42.737,10.523],[42.739,10.521],[42.747,10.512],[42.756,10.475],[42.756,10.473],[42.757,10.472],[42.761,10.463],[42.763,10.457],[42.792,10.404],[42.803,10.358],[42.805,10.352],[42.813,10.33],[42.815,10.324],[42.816,10.322],[42.817,10.318],[42.821,10.308],[42.823,10.303],[42.829,10.287],[42.833,10.278],[42.842,10.262],[42.853,10.243],[42.856,10.238],[42.857,10.236],[42.858,10.234],[42.861,10.23],[42.865,10.224],[42.881,10.207],[42.887,10.202],[42.894,10.195],[42.895,10.195],[42.919,10.173],[42.942,10.153],[42.942,10.152],[42.943,10.151],[42.962,10.133],[42.979,10.117],[42.993,10.106],[42.996,10.104],[43,10.101],[43.011,10.091],[43.016,10.083],[43.017,10.081],[43.021,10.072],[43.029,10.05],[43.033,10.041],[43.035,10.035],[43.049,10],[43.062,9.967],[43.064,9.964],[43.065,9.962],[43.076,9.933],[43.086,9.909],[43.089,9.905],[43.097,9.898],[43.1,9.896],[43.102,9.896],[43.115,9.889],[43.12,9.888],[43.129,9.886],[43.134,9.886],[43.138,9.886],[43.144,9.893],[43.145,9.898],[43.145,9.899],[43.15,9.899],[43.162,9.891],[43.168,9.888],[43.182,9.883],[43.184,9.882],[43.192,9.877],[43.232,9.856],[43.247,9.848],[43.257,9.843],[43.263,9.815],[43.266,9.803],[43.269,9.787],[43.27,9.769],[43.273,9.751],[43.277,9.728],[43.282,9.703],[43.284,9.691],[43.289,9.662],[43.29,9.658],[43.29,9.657],[43.292,9.646],[43.293,9.643],[43.297,9.624],[43.299,9.611],[43.3,9.611],[43.307,9.608],[43.325,9.606],[43.326,9.606],[43.341,9.6],[43.341,9.599],[43.342,9.599],[43.354,9.591],[43.361,9.586],[43.371,9.576],[43.375,9.569],[43.381,9.565],[43.398,9.553],[43.405,9.546],[43.409,9.536],[43.41,9.533],[43.414,9.513],[43.417,9.505],[43.426,9.486],[43.426,9.485],[43.429,9.478],[43.431,9.473],[43.432,9.471],[43.446,9.445],[43.461,9.427],[43.468,9.419],[43.474,9.415],[43.489,9.403],[43.49,9.402],[43.491,9.402],[43.495,9.4],[43.497,9.399],[43.497,9.398],[43.498,9.398],[43.506,9.394],[43.52,9.387],[43.528,9.384],[43.535,9.381],[43.547,9.378],[43.555,9.375],[43.556,9.375],[43.558,9.375],[43.566,9.373],[43.57,9.371],[43.575,9.369],[43.594,9.361],[43.602,9.359],[43.604,9.359],[43.607,9.359],[43.61,9.359],[43.611,9.359],[43.616,9.359],[43.647,9.358],[43.657,9.35],[43.663,9.342],[43.664,9.341],[43.666,9.341],[43.667,9.339],[43.667,9.337],[43.708,9.296],[43.721,9.282],[43.766,9.237],[43.77,9.235],[43.784,9.22],[43.795,9.209],[43.796,9.208],[43.797,9.207],[43.8,9.204],[43.809,9.194],[43.872,9.13],[43.881,9.119],[43.884,9.115],[43.886,9.114],[43.889,9.11],[43.897,9.1],[43.912,9.086],[43.972,9.027],[43.981,9.018],[43.982,9.017],[43.986,9.013],[43.989,9.011],[43.999,9.002],[44.005,8.997],[44.006,8.997],[44.034,8.986],[44.038,8.986],[44.05,8.982],[44.105,8.963],[44.112,8.961],[44.151,8.948],[44.18,8.938],[44.22,8.927],[44.226,8.925],[44.234,8.923],[44.253,8.916],[44.271,8.911],[44.296,8.903],[44.321,8.894],[44.347,8.886],[44.379,8.876],[44.433,8.857],[44.444,8.853],[44.467,8.846],[44.483,8.841],[44.502,8.835],[44.51,8.833],[44.52,8.83],[44.524,8.828],[44.526,8.827],[44.557,8.816],[44.587,8.806],[44.664,8.781],[44.68,8.776],[44.69,8.772],[44.691,8.772],[44.692,8.772],[44.692,8.771],[44.706,8.767],[44.707,8.766],[44.781,8.74],[44.788,8.737],[44.793,8.735],[44.798,8.734],[44.805,8.733],[44.831,8.72],[44.848,8.716],[44.867,8.711],[44.948,8.684],[44.991,8.67],[44.996,8.668],[45,8.666],[45.002,8.665],[45.035,8.655],[45.068,8.644],[45.101,8.634],[45.123,8.625],[45.166,8.611],[45.188,8.604],[45.214,8.595],[45.239,8.587],[45.258,8.582],[45.265,8.58],[45.269,8.578],[45.291,8.571],[45.309,8.565],[45.327,8.559],[45.429,8.525],[45.482,8.508],[45.494,8.506],[45.513,8.498],[45.529,8.495],[45.55,8.488],[45.596,8.473],[45.612,8.468],[45.614,8.467],[45.626,8.462],[45.627,8.462],[45.639,8.457],[45.656,8.451],[45.658,8.451],[45.665,8.45],[45.67,8.448],[45.766,8.415],[45.769,8.414],[45.79,8.407],[45.804,8.403],[45.829,8.395],[45.895,8.371],[45.903,8.369],[45.91,8.367],[45.912,8.367],[45.927,8.36],[45.951,8.352],[46.03,8.327],[46.043,8.323],[46.052,8.32],[46.058,8.32],[46.061,8.319],[46.062,8.318],[46.069,8.315],[46.076,8.312],[46.089,8.308],[46.09,8.308],[46.099,8.307],[46.104,8.305],[46.114,8.3],[46.138,8.292],[46.15,8.288],[46.189,8.275],[46.19,8.274],[46.193,8.272],[46.203,8.27],[46.212,8.268],[46.219,8.266],[46.227,8.263],[46.234,8.261],[46.239,8.259],[46.25,8.255],[46.251,8.255],[46.27,8.249],[46.294,8.24],[46.321,8.232],[46.33,8.23],[46.335,8.227],[46.346,8.222],[46.39,8.208],[46.449,8.189],[46.451,8.189],[46.456,8.185],[46.481,8.179],[46.484,8.177],[46.509,8.168],[46.524,8.162],[46.579,8.146],[46.588,8.142],[46.615,8.131],[46.629,8.128],[46.744,8.087],[46.745,8.087],[46.748,8.086],[46.75,8.085],[46.758,8.083],[46.763,8.082],[46.868,8.045],[46.872,8.043],[46.889,8.037],[46.897,8.035],[46.919,8.029],[46.974,8.009],[46.988,8.004],[46.99,8.003],[46.99,8],[47.012,8],[47.013,8],[47.045,8],[47.376,8],[47.92,8],[47.924,8],[47.945,8],[47.986,8],[47.559,7.562],[47.558,7.56],[47.47,7.47],[47.362,7.36],[47.339,7.335],[47.248,7.243],[47.219,7.213],[47.003,6.991],[46.899,6.884],[46.878,6.863],[46.815,6.799],[46.814,6.797],[46.807,6.79],[46.542,6.518],[46.54,6.517],[46.524,6.5],[46.491,6.466],[46.479,6.454],[46.451,6.425],[46.345,6.316],[46.184,6.151],[46.183,6.15],[46.183,6.149],[46.1,6.065],[46.03,5.993],[45.952,5.912],[45.95,5.911],[45.939,5.899],[45.902,5.862],[45.898,5.858],[45.896,5.855],[45.865,5.824],[45.672,5.626],[45.671,5.624],[45.566,5.517],[45.551,5.502],[45.55,5.5],[45.536,5.486],[45.533,5.483],[45.401,5.347],[45.082,5.021],[45.081,5.02],[45.062,5],[45.048,4.985],[45.028,4.965],[45.003,4.939],[45.002,4.938],[45.001,4.937],[45,4.936],[44.997,4.933],[44.984,4.919],[44.982,4.917],[44.931,4.92],[44.774,4.927],[44.592,4.935],[44.589,4.935],[44.588,4.935],[44.327,4.947],[44.243,4.95],[44.03,4.96],[44.015,4.96],[44.011,4.96],[44.008,4.959],[43.826,4.913],[43.814,4.91],[43.771,4.898],[43.659,4.868],[43.557,4.836],[43.556,4.835],[43.553,4.834],[43.543,4.831],[43.505,4.819],[43.47,4.807],[43.469,4.807],[43.456,4.802],[43.435,4.795],[43.421,4.789],[43.4,4.778],[43.324,4.741],[43.287,4.722],[43.278,4.718],[43.258,4.708],[43.237,4.697],[43.235,4.696],[43.234,4.695],[43.213,4.684],[43.208,4.681],[43.201,4.677],[43.17,4.66],[43.163,4.656],[43.158,4.653],[43.128,4.634],[43.122,4.631],[43.114,4.626],[43.08,4.603],[43.076,4.6],[43.044,4.572],[43.042,4.569],[43.039,4.565],[43.035,4.56],[43.03,4.549],[43.028,4.546],[43.026,4.542],[43.024,4.535],[43.023,4.533],[43.022,4.529],[43.022,4.528],[43.021,4.524],[43.017,4.505],[43.012,4.482],[43.01,4.474],[43.007,4.468],[43.003,4.462],[42.998,4.452],[42.99,4.437],[42.981,4.423],[42.969,4.403],[42.952,4.38],[42.94,4.364],[42.933,4.356],[42.926,4.348],[42.918,4.34],[42.898,4.319],[42.885,4.308],[42.884,4.307],[42.883,4.306],[42.878,4.302],[42.862,4.289],[42.849,4.28],[42.833,4.271],[42.825,4.267],[42.817,4.265],[42.783,4.265],[42.781,4.265],[42.771,4.265],[42.75,4.265],[42.738,4.264],[42.735,4.264],[42.729,4.263],[42.722,4.263],[42.72,4.263],[42.718,4.263],[42.71,4.262],[42.707,4.261],[42.702,4.26],[42.694,4.258],[42.689,4.256],[42.683,4.254],[42.674,4.251],[42.672,4.25],[42.67,4.25],[42.638,4.236],[42.616,4.227],[42.614,4.226],[42.599,4.221],[42.593,4.218],[42.588,4.215],[42.574,4.212],[42.566,4.21],[42.559,4.208],[42.555,4.206],[42.55,4.206],[42.543,4.205],[42.527,4.203],[42.501,4.202],[42.498,4.202],[42.496,4.202],[42.486,4.203],[42.479,4.203],[42.476,4.203],[42.474,4.203],[42.446,4.199],[42.424,4.196],[42.417,4.195],[42.404,4.193],[42.402,4.193],[42.38,4.191],[42.371,4.189],[42.317,4.186],[42.299,4.184],[42.264,4.183],[42.252,4.182],[42.197,4.179],[42.142,4.18],[42.117,4.18],[42.108,4.18],[42.098,4.18],[42.088,4.179],[42.084,4.178],[42.084,4.177],[42.08,4.175],[42.076,4.173],[42.069,4.168],[42.064,4.164],[42.063,4.164],[42.063,4.163],[42.061,4.162],[42.051,4.152],[42.035,4.132],[42.031,4.127],[42.009,4.102],[42.002,4.095],[42,4.093],[41.979,4.095],[41.974,4.081],[41.974,4.08],[41.973,4.079],[41.972,4.079],[41.967,4.08],[41.957,4.069],[41.946,4.056],[41.946,4.05],[41.946,4.045],[41.946,4.044],[41.949,4.028],[41.943,4.017],[41.934,4.009],[41.926,4.003],[41.921,3.994],[41.917,3.992],[41.913,3.991],[41.909,3.982],[41.907,3.978],[41.899,3.975],[41.898,3.976],[41.894,3.979],[41.891,3.979],[41.89,3.978],[41.878,3.968],[41.864,3.964],[41.863,3.963],[41.86,3.961],[41.858,3.956],[41.857,3.954],[41.852,3.95],[41.85,3.95],[41.849,3.95],[41.845,3.95],[41.845,3.951],[41.841,3.955],[41.838,3.952],[41.836,3.948],[41.836,3.947],[41.833,3.946],[41.832,3.946],[41.829,3.947],[41.824,3.945],[41.823,3.945],[41.822,3.946],[41.821,3.946],[41.82,3.948],[41.821,3.95],[41.822,3.952],[41.823,3.954],[41.821,3.956],[41.819,3.956],[41.811,3.956],[41.81,3.956],[41.806,3.957],[41.803,3.956],[41.802,3.955],[41.801,3.956],[41.798,3.957],[41.797,3.958],[41.795,3.96],[41.793,3.969],[41.794,3.975],[41.793,3.979],[41.787,3.977],[41.785,3.977],[41.784,3.977],[41.783,3.979],[41.782,3.979],[41.778,3.974],[41.773,3.972],[41.754,3.977],[41.754,3.978],[41.754,3.98],[41.755,3.985],[41.753,3.985],[41.752,3.985],[41.748,3.984],[41.747,3.983],[41.744,3.986],[41.741,3.985],[41.738,3.986],[41.736,3.987],[41.735,3.988],[41.734,3.992],[41.733,3.99],[41.73,3.987],[41.729,3.987],[41.726,3.987],[41.725,3.987],[41.724,3.987],[41.723,3.987],[41.721,3.992],[41.714,3.983],[41.712,3.983],[41.711,3.983],[41.707,3.982],[41.695,3.979],[41.693,3.978],[41.691,3.975],[41.69,3.973],[41.688,3.971],[41.688,3.97],[41.685,3.97],[41.684,3.971],[41.682,3.97],[41.681,3.969],[41.679,3.968],[41.674,3.96],[41.668,3.963],[41.664,3.966],[41.66,3.966],[41.655,3.966],[41.653,3.967],[41.649,3.97],[41.64,3.976],[41.635,3.98],[41.632,3.982],[41.628,3.983],[41.618,3.974],[41.608,3.973],[41.602,3.975],[41.593,3.97],[41.588,3.969],[41.584,3.971],[41.582,3.971],[41.576,3.971],[41.57,3.968],[41.568,3.967],[41.567,3.967],[41.56,3.971],[41.56,3.972],[41.557,3.976],[41.554,3.978],[41.554,3.979],[41.551,3.982],[41.545,3.982],[41.53,3.974],[41.524,3.971],[41.523,3.968],[41.52,3.963],[41.519,3.961],[41.518,3.96],[41.51,3.955],[41.505,3.955],[41.506,3.958],[41.507,3.962],[41.506,3.965],[41.5,3.964],[41.489,3.958],[41.484,3.959],[41.482,3.957],[41.481,3.955],[41.48,3.952],[41.477,3.953],[41.476,3.953],[41.473,3.955],[41.471,3.954],[41.468,3.953],[41.46,3.957],[41.459,3.956],[41.445,3.954],[41.437,3.955],[41.435,3.947],[41.43,3.945],[41.429,3.945],[41.427,3.945],[41.426,3.946],[41.425,3.947],[41.423,3.948],[41.422,3.949],[41.42,3.948],[41.419,3.948],[41.414,3.949],[41.405,3.953],[41.395,3.962],[41.391,3.963],[41.39,3.962],[41.379,3.952],[41.375,3.952],[41.374,3.952],[41.366,3.954],[41.36,3.959],[41.359,3.961],[41.355,3.96],[41.354,3.96],[41.348,3.951],[41.339,3.947],[41.33,3.939],[41.329,3.939],[41.326,3.939],[41.323,3.941],[41.321,3.942],[41.32,3.944],[41.315,3.944],[41.314,3.945],[41.311,3.947],[41.31,3.948],[41.299,3.948],[41.287,3.948],[41.282,3.949],[41.28,3.949],[41.278,3.95],[41.277,3.951],[41.277,3.953],[41.276,3.955],[41.271,3.958],[41.265,3.957],[41.252,3.955],[41.24,3.958],[41.235,3.959],[41.232,3.957],[41.23,3.956],[41.227,3.95],[41.22,3.952],[41.215,3.954],[41.215,3.953],[41.212,3.952],[41.203,3.948],[41.203,3.939],[41.201,3.938],[41.186,3.941],[41.182,3.94],[41.172,3.942],[41.17,3.942],[41.169,3.943],[41.163,3.951],[41.16,3.953],[41.15,3.957],[41.149,3.957],[41.138,3.964],[41.137,3.964],[41.136,3.965],[41.135,3.965],[41.133,3.967],[41.133,3.968],[41.136,3.971],[41.134,3.973],[41.133,3.974],[41.125,3.974],[41.124,3.977],[41.123,3.982],[41.121,3.984],[41.118,3.987],[41.115,3.987],[41.112,3.988],[41.105,3.985],[41.104,3.989],[41.101,3.992],[41.099,3.994],[41.099,3.995],[41.097,3.999],[41.094,4.009],[41.093,4.011],[41.092,4.013],[41.085,4.017],[41.073,4.023],[41.065,4.036],[41.061,4.043],[41.06,4.044],[41.057,4.048],[41.055,4.05],[41.044,4.059],[41.041,4.064],[41.041,4.065],[41.035,4.07],[41.032,4.072],[41.026,4.071],[41.023,4.077],[41.018,4.082],[41.01,4.089],[41.001,4.103],[40.993,4.108],[40.987,4.109],[40.983,4.11],[40.982,4.111],[40.977,4.116],[40.976,4.118],[40.972,4.125],[40.966,4.131],[40.965,4.132],[40.962,4.134],[40.949,4.14],[40.948,4.141],[40.936,4.143],[40.93,4.144],[40.919,4.149],[40.914,4.151],[40.911,4.152],[40.906,4.153],[40.904,4.155],[40.898,4.171],[40.893,4.178],[40.886,4.188],[40.883,4.193],[40.881,4.199],[40.883,4.204],[40.884,4.206],[40.884,4.207],[40.884,4.208],[40.882,4.213],[40.873,4.221],[40.863,4.224],[40.856,4.227],[40.844,4.246],[40.835,4.248],[40.831,4.248],[40.814,4.255],[40.811,4.257],[40.808,4.258],[40.803,4.262],[40.796,4.266],[40.785,4.273],[40.778,4.281],[40.775,4.282],[40.773,4.28],[40.765,4.275],[40.764,4.274],[40.761,4.272],[40.747,4.262],[40.737,4.256],[40.724,4.249],[40.709,4.247],[40.703,4.243],[40.69,4.235],[40.679,4.234],[40.676,4.233],[40.674,4.233],[40.665,4.23],[40.652,4.225],[40.559,4.186],[40.525,4.172],[40.443,4.138],[40.433,4.134],[40.426,4.131],[40.418,4.127],[40.412,4.125],[40.409,4.123],[40.406,4.121],[40.403,4.12],[40.395,4.112],[40.388,4.105],[40.382,4.106],[40.376,4.106],[40.33,4.087],[40.327,4.086],[40.324,4.085],[40.283,4.069],[40.263,4.061],[40.254,4.058],[40.234,4.05],[40.223,4.047],[40.212,4.044],[40.211,4.044],[40.206,4.044],[40.192,4.044],[40.188,4.041],[40.174,4.029],[40.172,4.027],[40.151,4.017],[40.13,4.006],[40.125,4.002],[40.122,4],[40.121,4],[40.12,3.999],[40.106,3.994],[40.038,3.96],[40.027,3.954],[40.015,3.948],[40.008,3.945],[40.002,3.942],[40,3.941],[39.957,3.919]]],[[[40.696,9.446],[40.696,9.447],[40.697,9.447],[40.697,9.446],[40.696,9.446]]]]}},{"type":"Feature","properties":{"name":"Benishangul Gumuz","centroid":[35.283,10.076],"code":"ET06"},"geometry":{"type":"Polygon","coordinates":[[[34.144,8.962],[34.144,8.966],[34.144,8.977],[34.142,9],[34.14,9.021],[34.142,9.04],[34.143,9.043],[34.143,9.047],[34.14,9.065],[34.14,9.068],[34.14,9.076],[34.138,9.115],[34.135,9.141],[34.132,9.171],[34.132,9.174],[34.13,9.194],[34.13,9.195],[34.13,9.204],[34.129,9.205],[34.128,9.224],[34.127,9.238],[34.127,9.248],[34.127,9.256],[34.124,9.32],[34.12,9.399],[34.117,9.446],[34.115,9.481],[34.113,9.497],[34.113,9.498],[34.113,9.499],[34.113,9.501],[34.113,9.505],[34.107,9.558],[34.108,9.568],[34.108,9.571],[34.108,9.572],[34.109,9.574],[34.111,9.584],[34.113,9.591],[34.116,9.597],[34.124,9.623],[34.134,9.647],[34.138,9.659],[34.14,9.663],[34.14,9.664],[34.141,9.667],[34.148,9.692],[34.152,9.706],[34.153,9.709],[34.155,9.712],[34.156,9.713],[34.161,9.723],[34.165,9.738],[34.168,9.747],[34.168,9.748],[34.17,9.755],[34.171,9.758],[34.172,9.758],[34.172,9.759],[34.173,9.764],[34.174,9.765],[34.177,9.776],[34.191,9.811],[34.202,9.841],[34.203,9.847],[34.204,9.855],[34.207,9.863],[34.209,9.87],[34.219,9.887],[34.223,9.894],[34.224,9.901],[34.225,9.91],[34.223,9.921],[34.222,9.928],[34.223,9.93],[34.224,9.951],[34.225,9.968],[34.221,9.983],[34.223,9.991],[34.225,10],[34.225,10.004],[34.226,10.007],[34.232,10.039],[34.234,10.043],[34.236,10.047],[34.238,10.049],[34.24,10.052],[34.241,10.053],[34.25,10.061],[34.281,10.082],[34.308,10.101],[34.32,10.111],[34.324,10.115],[34.325,10.117],[34.331,10.124],[34.333,10.135],[34.334,10.14],[34.335,10.142],[34.336,10.145],[34.342,10.156],[34.345,10.16],[34.345,10.162],[34.345,10.165],[34.347,10.17],[34.346,10.178],[34.345,10.182],[34.346,10.185],[34.35,10.209],[34.34,10.243],[34.34,10.244],[34.336,10.256],[34.326,10.293],[34.325,10.298],[34.323,10.303],[34.317,10.323],[34.315,10.342],[34.311,10.354],[34.302,10.378],[34.296,10.394],[34.296,10.403],[34.297,10.409],[34.303,10.428],[34.303,10.429],[34.313,10.452],[34.315,10.453],[34.318,10.457],[34.324,10.465],[34.325,10.471],[34.325,10.474],[34.325,10.475],[34.316,10.494],[34.314,10.498],[34.311,10.502],[34.309,10.506],[34.308,10.506],[34.304,10.508],[34.29,10.509],[34.282,10.518],[34.283,10.524],[34.283,10.526],[34.283,10.527],[34.29,10.541],[34.293,10.548],[34.3,10.588],[34.301,10.591],[34.303,10.592],[34.305,10.595],[34.31,10.599],[34.319,10.609],[34.329,10.617],[34.332,10.62],[34.34,10.628],[34.357,10.645],[34.378,10.666],[34.384,10.672],[34.392,10.686],[34.413,10.726],[34.417,10.73],[34.424,10.74],[34.437,10.761],[34.45,10.786],[34.457,10.795],[34.466,10.808],[34.472,10.816],[34.485,10.824],[34.493,10.828],[34.507,10.838],[34.509,10.84],[34.516,10.844],[34.521,10.846],[34.522,10.847],[34.542,10.858],[34.55,10.865],[34.557,10.87],[34.569,10.879],[34.585,10.891],[34.591,10.896],[34.598,10.901],[34.602,10.904],[34.608,10.901],[34.634,10.88],[34.642,10.87],[34.657,10.859],[34.663,10.855],[34.668,10.849],[34.669,10.848],[34.671,10.847],[34.672,10.847],[34.677,10.845],[34.699,10.828],[34.706,10.821],[34.719,10.808],[34.724,10.803],[34.748,10.773],[34.756,10.763],[34.762,10.759],[34.768,10.759],[34.772,10.759],[34.775,10.76],[34.775,10.759],[34.776,10.758],[34.78,10.744],[34.778,10.732],[34.777,10.721],[34.777,10.713],[34.78,10.71],[34.782,10.708],[34.785,10.707],[34.787,10.706],[34.799,10.722],[34.801,10.724],[34.807,10.732],[34.808,10.733],[34.809,10.733],[34.816,10.739],[34.832,10.744],[34.833,10.744],[34.839,10.744],[34.848,10.743],[34.855,10.746],[34.859,10.757],[34.862,10.764],[34.863,10.765],[34.863,10.766],[34.864,10.766],[34.867,10.771],[34.873,10.776],[34.881,10.78],[34.882,10.782],[34.887,10.791],[34.894,10.796],[34.899,10.801],[34.901,10.804],[34.902,10.805],[34.902,10.806],[34.904,10.809],[34.909,10.829],[34.94,10.867],[34.943,10.871],[34.944,10.872],[34.946,10.873],[34.953,10.879],[34.965,10.893],[34.972,10.901],[34.974,10.906],[34.974,10.907],[34.975,10.908],[34.975,10.909],[34.975,10.912],[34.975,10.914],[34.967,10.923],[34.96,10.932],[34.959,10.935],[34.958,10.936],[34.96,10.948],[34.952,10.951],[34.951,10.959],[34.952,10.963],[34.952,10.967],[34.964,10.998],[34.971,11.018],[34.971,11.019],[34.975,11.045],[34.98,11.055],[34.985,11.075],[34.999,11.124],[34.999,11.127],[35,11.129],[35,11.13],[35,11.131],[35.001,11.135],[35.001,11.14],[35.003,11.151],[35.005,11.153],[35.007,11.16],[35,11.182],[34.999,11.184],[34.994,11.191],[34.987,11.202],[34.972,11.22],[34.97,11.223],[34.967,11.225],[34.967,11.226],[34.966,11.226],[34.966,11.227],[34.963,11.231],[34.958,11.237],[34.955,11.244],[34.954,11.247],[34.954,11.248],[34.954,11.249],[34.955,11.252],[34.956,11.254],[34.96,11.261],[34.979,11.294],[34.992,11.325],[34.995,11.34],[34.999,11.343],[34.999,11.345],[34.999,11.346],[35,11.347],[35.003,11.351],[35.005,11.353],[35.019,11.372],[35.021,11.375],[35.037,11.396],[35.051,11.422],[35.059,11.438],[35.06,11.457],[35.061,11.473],[35.082,11.517],[35.086,11.532],[35.09,11.546],[35.089,11.56],[35.089,11.577],[35.088,11.581],[35.088,11.585],[35.088,11.596],[35.09,11.606],[35.09,11.608],[35.092,11.62],[35.092,11.621],[35.092,11.623],[35.092,11.624],[35.092,11.626],[35.092,11.632],[35.086,11.651],[35.079,11.655],[35.075,11.659],[35.067,11.676],[35.063,11.69],[35.061,11.695],[35.06,11.7],[35.059,11.702],[35.059,11.703],[35.057,11.71],[35.055,11.719],[35.055,11.727],[35.055,11.733],[35.055,11.734],[35.062,11.75],[35.065,11.753],[35.076,11.769],[35.079,11.775],[35.082,11.782],[35.101,11.805],[35.102,11.806],[35.11,11.816],[35.117,11.822],[35.126,11.829],[35.154,11.849],[35.162,11.852],[35.169,11.853],[35.172,11.857],[35.182,11.866],[35.19,11.87],[35.194,11.872],[35.198,11.876],[35.202,11.879],[35.203,11.88],[35.218,11.89],[35.24,11.909],[35.246,11.915],[35.247,11.915],[35.251,11.916],[35.259,11.923],[35.262,11.925],[35.275,11.904],[35.28,11.894],[35.282,11.891],[35.284,11.887],[35.286,11.878],[35.288,11.859],[35.285,11.847],[35.288,11.829],[35.296,11.819],[35.298,11.808],[35.296,11.799],[35.304,11.802],[35.314,11.792],[35.326,11.794],[35.335,11.782],[35.338,11.773],[35.364,11.753],[35.394,11.746],[35.413,11.734],[35.421,11.729],[35.441,11.73],[35.461,11.735],[35.473,11.736],[35.517,11.718],[35.533,11.728],[35.542,11.736],[35.576,11.766],[35.588,11.772],[35.598,11.774],[35.624,11.775],[35.644,11.781],[35.662,11.793],[35.667,11.826],[35.683,11.825],[35.694,11.831],[35.706,11.822],[35.72,11.829],[35.733,11.832],[35.756,11.831],[35.763,11.837],[35.774,11.833],[35.778,11.834],[35.791,11.837],[35.803,11.838],[35.815,11.828],[35.823,11.827],[35.833,11.833],[35.849,11.841],[35.858,11.847],[35.866,11.856],[35.87,11.863],[35.874,11.886],[35.888,11.89],[35.896,11.897],[35.91,11.904],[35.919,11.905],[35.925,11.913],[35.937,11.92],[35.943,11.936],[35.94,11.954],[35.933,11.959],[35.935,11.965],[35.941,11.97],[35.941,11.971],[35.952,11.976],[35.966,11.984],[35.972,11.97],[35.969,11.958],[35.978,11.96],[35.983,11.953],[35.996,11.927],[36.021,11.913],[36.042,11.895],[36.034,11.891],[36.038,11.886],[36.05,11.883],[36.045,11.876],[36.056,11.874],[36.049,11.865],[36.051,11.856],[36.055,11.849],[36.066,11.851],[36.084,11.835],[36.082,11.824],[36.095,11.813],[36.105,11.815],[36.117,11.774],[36.123,11.734],[36.117,11.723],[36.121,11.721],[36.125,11.719],[36.118,11.705],[36.13,11.696],[36.145,11.685],[36.157,11.686],[36.165,11.678],[36.18,11.686],[36.189,11.692],[36.201,11.705],[36.207,11.72],[36.232,11.722],[36.236,11.737],[36.244,11.742],[36.26,11.752],[36.273,11.765],[36.283,11.773],[36.299,11.792],[36.309,11.803],[36.329,11.796],[36.341,11.781],[36.338,11.772],[36.341,11.767],[36.339,11.762],[36.34,11.75],[36.339,11.741],[36.34,11.737],[36.338,11.731],[36.334,11.724],[36.335,11.717],[36.332,11.704],[36.347,11.696],[36.333,11.666],[36.339,11.649],[36.348,11.605],[36.365,11.6],[36.375,11.607],[36.379,11.596],[36.391,11.583],[36.39,11.571],[36.404,11.546],[36.415,11.545],[36.413,11.532],[36.424,11.521],[36.438,11.506],[36.441,11.499],[36.444,11.493],[36.438,11.492],[36.435,11.486],[36.425,11.477],[36.42,11.468],[36.41,11.459],[36.41,11.433],[36.411,11.414],[36.431,11.42],[36.443,11.425],[36.448,11.427],[36.466,11.428],[36.472,11.436],[36.491,11.44],[36.498,11.444],[36.504,11.458],[36.513,11.458],[36.521,11.445],[36.53,11.434],[36.531,11.413],[36.533,11.406],[36.533,11.394],[36.542,11.393],[36.551,11.386],[36.555,11.38],[36.564,11.37],[36.563,11.357],[36.559,11.354],[36.538,11.345],[36.535,11.335],[36.548,11.337],[36.557,11.329],[36.562,11.318],[36.561,11.309],[36.557,11.302],[36.545,11.304],[36.531,11.303],[36.517,11.291],[36.506,11.285],[36.495,11.288],[36.49,11.278],[36.482,11.271],[36.467,11.265],[36.476,11.244],[36.471,11.233],[36.461,11.226],[36.461,11.224],[36.468,11.214],[36.469,11.198],[36.466,11.186],[36.468,11.178],[36.469,11.169],[36.468,11.158],[36.469,11.155],[36.476,11.157],[36.482,11.154],[36.492,11.144],[36.504,11.137],[36.513,11.137],[36.53,11.141],[36.541,11.14],[36.545,11.138],[36.549,11.138],[36.552,11.133],[36.554,11.124],[36.56,11.113],[36.566,11.111],[36.574,11.112],[36.578,11.11],[36.577,11.104],[36.575,11.1],[36.564,11.101],[36.56,11.099],[36.554,11.093],[36.546,11.094],[36.54,11.097],[36.534,11.098],[36.532,11.113],[36.524,11.112],[36.516,11.106],[36.508,11.093],[36.504,11.09],[36.502,11.086],[36.491,11.076],[36.489,11.068],[36.485,11.066],[36.478,11.067],[36.47,11.056],[36.451,11.053],[36.444,11.05],[36.44,11.046],[36.436,11.039],[36.427,11.035],[36.422,11.03],[36.42,11.022],[36.419,11.007],[36.417,10.999],[36.4,10.98],[36.364,10.943],[36.354,10.936],[36.351,10.929],[36.353,10.921],[36.348,10.917],[36.345,10.909],[36.333,10.899],[36.331,10.895],[36.33,10.892],[36.332,10.886],[36.328,10.882],[36.32,10.876],[36.317,10.87],[36.309,10.861],[36.31,10.854],[36.314,10.85],[36.312,10.843],[36.31,10.838],[36.309,10.826],[36.305,10.819],[36.295,10.815],[36.299,10.809],[36.292,10.805],[36.282,10.803],[36.283,10.794],[36.286,10.785],[36.288,10.772],[36.285,10.746],[36.286,10.744],[36.294,10.743],[36.304,10.746],[36.311,10.748],[36.313,10.753],[36.324,10.763],[36.326,10.768],[36.331,10.77],[36.342,10.789],[36.354,10.79],[36.371,10.788],[36.377,10.785],[36.373,10.773],[36.376,10.764],[36.373,10.758],[36.363,10.749],[36.36,10.742],[36.352,10.739],[36.331,10.726],[36.326,10.713],[36.317,10.701],[36.318,10.693],[36.32,10.688],[36.322,10.685],[36.318,10.68],[36.311,10.678],[36.313,10.674],[36.322,10.665],[36.324,10.661],[36.318,10.652],[36.31,10.648],[36.305,10.641],[36.303,10.637],[36.305,10.629],[36.307,10.624],[36.301,10.623],[36.298,10.621],[36.29,10.619],[36.286,10.614],[36.282,10.603],[36.284,10.599],[36.294,10.596],[36.298,10.591],[36.301,10.583],[36.306,10.578],[36.302,10.57],[36.303,10.554],[36.309,10.552],[36.311,10.549],[36.312,10.54],[36.319,10.527],[36.327,10.523],[36.343,10.521],[36.348,10.524],[36.355,10.526],[36.359,10.529],[36.36,10.525],[36.364,10.518],[36.365,10.506],[36.371,10.504],[36.383,10.488],[36.391,10.467],[36.405,10.457],[36.411,10.455],[36.418,10.454],[36.423,10.456],[36.424,10.455],[36.428,10.454],[36.435,10.452],[36.447,10.456],[36.45,10.46],[36.456,10.474],[36.463,10.479],[36.472,10.48],[36.481,10.482],[36.494,10.481],[36.511,10.478],[36.521,10.479],[36.525,10.482],[36.527,10.482],[36.532,10.479],[36.538,10.472],[36.546,10.456],[36.542,10.445],[36.538,10.438],[36.533,10.431],[36.524,10.409],[36.521,10.405],[36.522,10.396],[36.531,10.381],[36.533,10.376],[36.537,10.371],[36.539,10.365],[36.547,10.361],[36.572,10.363],[36.582,10.367],[36.59,10.369],[36.598,10.366],[36.606,10.364],[36.613,10.36],[36.62,10.353],[36.629,10.349],[36.637,10.346],[36.641,10.34],[36.65,10.33],[36.657,10.32],[36.663,10.316],[36.669,10.314],[36.675,10.314],[36.685,10.317],[36.686,10.316],[36.689,10.312],[36.69,10.306],[36.692,10.296],[36.659,10.277],[36.611,10.259],[36.585,10.262],[36.575,10.264],[36.576,10.279],[36.566,10.282],[36.555,10.285],[36.549,10.279],[36.545,10.269],[36.542,10.266],[36.54,10.264],[36.539,10.264],[36.539,10.263],[36.536,10.261],[36.523,10.251],[36.515,10.24],[36.508,10.238],[36.492,10.234],[36.488,10.235],[36.446,10.246],[36.418,10.219],[36.397,10.188],[36.372,10.163],[36.334,10.139],[36.333,10.138],[36.329,10.137],[36.324,10.134],[36.291,10.121],[36.272,10.113],[36.27,10.105],[36.268,10.088],[36.26,10.079],[36.219,10.053],[36.185,10.049],[36.167,10.033],[36.143,10.012],[36.14,10.008],[36.121,9.973],[36.12,9.962],[36.134,9.916],[36.151,9.868],[36.152,9.849],[36.128,9.852],[36.133,9.829],[36.136,9.807],[36.109,9.778],[36.106,9.773],[36.142,9.758],[36.159,9.747],[36.162,9.73],[36.177,9.701],[36.192,9.688],[36.193,9.657],[36.201,9.615],[36.228,9.581],[36.23,9.577],[36.232,9.57],[36.267,9.568],[36.301,9.555],[36.311,9.545],[36.317,9.537],[36.318,9.536],[36.32,9.533],[36.336,9.511],[36.356,9.494],[36.38,9.48],[36.401,9.511],[36.433,9.519],[36.461,9.528],[36.494,9.509],[36.499,9.472],[36.515,9.444],[36.511,9.432],[36.51,9.427],[36.507,9.419],[36.493,9.411],[36.483,9.404],[36.475,9.395],[36.484,9.368],[36.466,9.359],[36.462,9.357],[36.427,9.358],[36.408,9.357],[36.375,9.358],[36.35,9.345],[36.334,9.339],[36.327,9.332],[36.319,9.306],[36.313,9.304],[36.296,9.302],[36.29,9.322],[36.275,9.343],[36.27,9.327],[36.253,9.302],[36.219,9.297],[36.216,9.309],[36.215,9.332],[36.234,9.347],[36.206,9.354],[36.201,9.341],[36.195,9.328],[36.195,9.289],[36.226,9.271],[36.229,9.229],[36.215,9.19],[36.207,9.166],[36.204,9.157],[36.172,9.108],[36.162,9.105],[36.185,9.072],[36.208,9.067],[36.237,9.05],[36.246,9.041],[36.226,9.031],[36.177,9.044],[36.166,9.026],[36.16,9.02],[36.157,9.02],[36.131,9.02],[36.129,9.051],[36.109,9.08],[36.094,9.064],[36.084,9.058],[36.079,9.061],[36.077,9.061],[36.077,9.062],[36.076,9.061],[36.077,9.061],[36.079,9.057],[36.097,9.032],[36.087,9.012],[36.064,9.019],[36.055,9.017],[36.051,9.017],[36.05,9.017],[36.042,9.015],[36.043,9.032],[36.028,9.056],[36.034,9.107],[36.054,9.119],[36.053,9.121],[36.052,9.13],[36.044,9.195],[36.032,9.233],[36.023,9.235],[35.976,9.242],[35.951,9.248],[35.932,9.265],[35.918,9.285],[35.911,9.316],[35.86,9.325],[35.811,9.309],[35.798,9.308],[35.793,9.312],[35.777,9.322],[35.773,9.324],[35.757,9.323],[35.751,9.331],[35.749,9.348],[35.755,9.362],[35.755,9.365],[35.754,9.372],[35.75,9.403],[35.754,9.416],[35.765,9.427],[35.777,9.43],[35.778,9.437],[35.765,9.472],[35.755,9.48],[35.731,9.481],[35.712,9.486],[35.686,9.511],[35.672,9.517],[35.666,9.526],[35.662,9.532],[35.661,9.532],[35.661,9.534],[35.648,9.554],[35.644,9.594],[35.651,9.613],[35.653,9.634],[35.636,9.65],[35.621,9.652],[35.595,9.656],[35.579,9.665],[35.57,9.676],[35.561,9.691],[35.555,9.695],[35.546,9.697],[35.535,9.696],[35.533,9.69],[35.505,9.688],[35.485,9.677],[35.469,9.671],[35.469,9.67],[35.457,9.672],[35.451,9.675],[35.411,9.713],[35.398,9.716],[35.389,9.72],[35.369,9.719],[35.365,9.726],[35.366,9.729],[35.375,9.749],[35.383,9.759],[35.379,9.765],[35.405,9.777],[35.419,9.785],[35.41,9.792],[35.406,9.795],[35.404,9.795],[35.389,9.801],[35.364,9.813],[35.358,9.833],[35.357,9.84],[35.357,9.841],[35.356,9.841],[35.355,9.846],[35.35,9.866],[35.328,9.882],[35.325,9.885],[35.324,9.885],[35.311,9.911],[35.298,9.922],[35.278,9.907],[35.231,9.893],[35.223,9.909],[35.221,9.925],[35.16,9.948],[35.089,9.95],[35.082,9.94],[35.08,9.922],[35.049,9.917],[35.02,9.928],[35.017,9.966],[35.015,9.995],[34.988,9.996],[34.943,9.933],[34.928,9.935],[34.912,9.949],[34.908,9.953],[34.905,9.956],[34.888,9.908],[34.872,9.903],[34.868,9.902],[34.898,9.881],[34.893,9.865],[34.877,9.845],[34.87,9.82],[34.854,9.816],[34.832,9.803],[34.808,9.761],[34.796,9.736],[34.809,9.703],[34.811,9.631],[34.792,9.603],[34.786,9.568],[34.785,9.566],[34.784,9.557],[34.782,9.553],[34.735,9.545],[34.686,9.563],[34.659,9.576],[34.644,9.582],[34.642,9.583],[34.642,9.584],[34.631,9.588],[34.586,9.63],[34.567,9.63],[34.548,9.629],[34.532,9.591],[34.523,9.541],[34.499,9.514],[34.513,9.448],[34.452,9.449],[34.466,9.365],[34.453,9.311],[34.452,9.254],[34.44,9.215],[34.402,9.186],[34.385,9.181],[34.341,9.169],[34.355,9.154],[34.38,9.13],[34.394,9.115],[34.401,9.107],[34.427,9.072],[34.459,9.073],[34.484,9.046],[34.503,9.004],[34.501,9.002],[34.43,8.967],[34.398,8.966],[34.347,8.966],[34.347,8.965],[34.295,8.965],[34.295,8.964],[34.244,8.964],[34.244,8.963],[34.184,8.963],[34.184,8.962],[34.144,8.962]]]}},{"type":"Feature","properties":{"name":"Gambela","centroid":[34.415,7.427],"code":"ET12"},"geometry":{"type":"MultiPolygon","coordinates":[[[[35.011,6.28],[34.989,6.296],[34.985,6.297],[34.987,6.299],[34.987,6.302],[34.986,6.309],[34.986,6.315],[34.989,6.322],[34.989,6.324],[34.99,6.327],[34.99,6.332],[34.991,6.334],[34.997,6.346],[34.996,6.353],[34.993,6.359],[34.99,6.382],[34.99,6.383],[34.989,6.384],[34.99,6.385],[34.992,6.39],[34.993,6.391],[34.994,6.392],[35,6.395],[35.005,6.398],[35.007,6.401],[35.008,6.402],[35.009,6.404],[35.01,6.407],[35.014,6.427],[35.02,6.434],[35.02,6.442],[35.02,6.447],[35.017,6.453],[35.013,6.462],[35.011,6.464],[35.006,6.47],[35.003,6.473],[35.001,6.474],[35,6.474],[34.986,6.481],[34.984,6.485],[34.983,6.486],[34.981,6.488],[34.98,6.49],[34.977,6.494],[34.972,6.501],[34.968,6.503],[34.963,6.503],[34.957,6.502],[34.956,6.511],[34.955,6.518],[34.953,6.52],[34.95,6.529],[34.949,6.53],[34.945,6.534],[34.943,6.536],[34.943,6.538],[34.938,6.552],[34.924,6.553],[34.922,6.555],[34.913,6.563],[34.91,6.566],[34.908,6.567],[34.908,6.57],[34.908,6.571],[34.908,6.572],[34.908,6.573],[34.908,6.574],[34.907,6.574],[34.906,6.574],[34.904,6.574],[34.902,6.574],[34.899,6.574],[34.896,6.574],[34.893,6.575],[34.889,6.577],[34.887,6.58],[34.886,6.581],[34.885,6.583],[34.886,6.588],[34.887,6.59],[34.887,6.592],[34.887,6.594],[34.886,6.596],[34.884,6.597],[34.883,6.598],[34.882,6.598],[34.881,6.599],[34.872,6.601],[34.859,6.605],[34.851,6.604],[34.85,6.604],[34.849,6.604],[34.846,6.604],[34.845,6.604],[34.843,6.603],[34.833,6.601],[34.832,6.6],[34.828,6.601],[34.825,6.601],[34.822,6.601],[34.814,6.602],[34.81,6.601],[34.808,6.6],[34.805,6.599],[34.804,6.599],[34.801,6.598],[34.8,6.598],[34.791,6.588],[34.789,6.588],[34.788,6.588],[34.785,6.589],[34.783,6.589],[34.782,6.59],[34.78,6.592],[34.777,6.599],[34.775,6.599],[34.771,6.594],[34.77,6.594],[34.769,6.594],[34.75,6.62],[34.738,6.637],[34.727,6.64],[34.721,6.645],[34.714,6.651],[34.714,6.652],[34.714,6.653],[34.708,6.671],[34.707,6.675],[34.709,6.682],[34.707,6.684],[34.706,6.686],[34.673,6.702],[34.65,6.726],[34.638,6.736],[34.637,6.736],[34.633,6.737],[34.632,6.738],[34.631,6.738],[34.626,6.738],[34.624,6.733],[34.623,6.728],[34.621,6.727],[34.619,6.724],[34.616,6.721],[34.614,6.722],[34.606,6.726],[34.597,6.726],[34.588,6.724],[34.587,6.724],[34.567,6.731],[34.559,6.731],[34.553,6.732],[34.546,6.737],[34.541,6.744],[34.539,6.744],[34.535,6.743],[34.533,6.745],[34.53,6.746],[34.53,6.747],[34.529,6.751],[34.529,6.752],[34.535,6.773],[34.533,6.775],[34.532,6.776],[34.532,6.779],[34.531,6.787],[34.533,6.792],[34.536,6.793],[34.538,6.795],[34.54,6.796],[34.538,6.797],[34.534,6.801],[34.534,6.802],[34.535,6.806],[34.534,6.809],[34.534,6.81],[34.534,6.811],[34.537,6.813],[34.539,6.814],[34.539,6.815],[34.539,6.818],[34.536,6.822],[34.531,6.828],[34.529,6.833],[34.526,6.841],[34.523,6.855],[34.521,6.858],[34.519,6.858],[34.512,6.857],[34.51,6.86],[34.507,6.867],[34.508,6.879],[34.506,6.881],[34.505,6.88],[34.504,6.88],[34.5,6.876],[34.494,6.878],[34.492,6.879],[34.489,6.881],[34.486,6.883],[34.484,6.894],[34.48,6.905],[34.476,6.911],[34.463,6.924],[34.462,6.925],[34.461,6.926],[34.46,6.926],[34.452,6.928],[34.444,6.926],[34.443,6.926],[34.442,6.927],[34.437,6.93],[34.428,6.936],[34.421,6.938],[34.412,6.939],[34.407,6.939],[34.398,6.943],[34.389,6.946],[34.343,6.959],[34.339,6.959],[34.322,6.959],[34.315,6.959],[34.311,6.959],[34.309,6.96],[34.305,6.961],[34.297,6.966],[34.289,6.972],[34.283,6.978],[34.279,6.98],[34.271,6.985],[34.267,6.992],[34.267,6.994],[34.267,6.995],[34.272,6.998],[34.271,7.002],[34.254,7.01],[34.246,7.006],[34.236,7.002],[34.234,7.005],[34.232,7.009],[34.232,7.01],[34.231,7.01],[34.224,7.015],[34.221,7.017],[34.222,7.024],[34.221,7.027],[34.221,7.028],[34.211,7.037],[34.209,7.039],[34.193,7.039],[34.193,7.042],[34.192,7.044],[34.195,7.06],[34.194,7.062],[34.19,7.064],[34.19,7.066],[34.191,7.07],[34.188,7.077],[34.188,7.08],[34.191,7.086],[34.195,7.092],[34.194,7.096],[34.194,7.097],[34.194,7.098],[34.19,7.102],[34.19,7.103],[34.19,7.106],[34.19,7.109],[34.19,7.115],[34.192,7.119],[34.192,7.12],[34.187,7.128],[34.183,7.132],[34.173,7.137],[34.168,7.143],[34.165,7.144],[34.164,7.144],[34.15,7.146],[34.143,7.149],[34.142,7.15],[34.128,7.162],[34.115,7.167],[34.103,7.17],[34.102,7.171],[34.1,7.173],[34.099,7.181],[34.098,7.184],[34.094,7.191],[34.09,7.197],[34.068,7.213],[34.067,7.214],[34.051,7.22],[34.049,7.22],[34.042,7.221],[34.037,7.231],[34.036,7.232],[34.033,7.234],[34.015,7.253],[34.013,7.255],[34.012,7.256],[34.01,7.264],[34.009,7.266],[34.009,7.267],[34.01,7.269],[34.021,7.265],[34.024,7.265],[34.025,7.264],[34.031,7.269],[34.032,7.271],[34.033,7.276],[34.034,7.28],[34.034,7.282],[34.034,7.284],[34.034,7.291],[34.029,7.32],[34.03,7.326],[34.031,7.34],[34.031,7.346],[34.032,7.347],[34.032,7.354],[34.032,7.36],[34.032,7.361],[34.024,7.371],[34.019,7.379],[34.013,7.387],[34.007,7.402],[34.004,7.407],[34.002,7.411],[34,7.414],[34,7.415],[33.997,7.418],[33.993,7.421],[33.991,7.422],[33.989,7.427],[33.985,7.434],[33.983,7.435],[33.98,7.437],[33.977,7.439],[33.958,7.446],[33.957,7.447],[33.956,7.455],[33.956,7.459],[33.956,7.462],[33.953,7.463],[33.947,7.465],[33.944,7.467],[33.943,7.468],[33.943,7.469],[33.942,7.47],[33.941,7.473],[33.941,7.475],[33.941,7.477],[33.941,7.478],[33.941,7.479],[33.943,7.493],[33.944,7.495],[33.945,7.496],[33.946,7.499],[33.947,7.501],[33.946,7.503],[33.946,7.504],[33.943,7.505],[33.938,7.509],[33.937,7.509],[33.927,7.512],[33.919,7.512],[33.915,7.512],[33.913,7.512],[33.907,7.514],[33.901,7.517],[33.899,7.517],[33.898,7.516],[33.893,7.512],[33.889,7.511],[33.883,7.512],[33.875,7.515],[33.866,7.524],[33.859,7.531],[33.849,7.551],[33.843,7.555],[33.839,7.562],[33.833,7.566],[33.825,7.577],[33.803,7.593],[33.797,7.602],[33.796,7.603],[33.793,7.604],[33.787,7.605],[33.783,7.604],[33.781,7.602],[33.779,7.602],[33.778,7.602],[33.776,7.604],[33.774,7.605],[33.774,7.606],[33.772,7.611],[33.759,7.613],[33.755,7.618],[33.749,7.62],[33.742,7.622],[33.741,7.623],[33.735,7.631],[33.733,7.635],[33.732,7.639],[33.727,7.641],[33.723,7.643],[33.722,7.645],[33.722,7.649],[33.721,7.652],[33.718,7.654],[33.716,7.655],[33.715,7.655],[33.7,7.657],[33.695,7.661],[33.69,7.663],[33.692,7.668],[33.692,7.669],[33.691,7.67],[33.69,7.671],[33.688,7.671],[33.684,7.67],[33.683,7.672],[33.681,7.673],[33.682,7.675],[33.686,7.676],[33.687,7.677],[33.69,7.677],[33.69,7.678],[33.69,7.679],[33.688,7.681],[33.686,7.681],[33.683,7.681],[33.681,7.681],[33.68,7.681],[33.678,7.682],[33.672,7.693],[33.671,7.693],[33.667,7.694],[33.661,7.69],[33.656,7.69],[33.652,7.691],[33.646,7.693],[33.638,7.691],[33.636,7.693],[33.634,7.694],[33.632,7.702],[33.623,7.703],[33.62,7.702],[33.608,7.698],[33.604,7.702],[33.602,7.705],[33.599,7.705],[33.598,7.705],[33.589,7.697],[33.587,7.698],[33.586,7.698],[33.584,7.699],[33.582,7.697],[33.581,7.692],[33.58,7.686],[33.575,7.687],[33.573,7.688],[33.567,7.689],[33.562,7.693],[33.56,7.693],[33.557,7.693],[33.551,7.702],[33.54,7.701],[33.538,7.703],[33.525,7.716],[33.524,7.718],[33.523,7.72],[33.523,7.721],[33.517,7.724],[33.515,7.73],[33.514,7.732],[33.513,7.732],[33.513,7.731],[33.512,7.731],[33.507,7.728],[33.505,7.727],[33.502,7.727],[33.5,7.734],[33.5,7.735],[33.499,7.735],[33.494,7.731],[33.488,7.731],[33.483,7.736],[33.479,7.74],[33.475,7.743],[33.474,7.744],[33.469,7.745],[33.465,7.746],[33.464,7.746],[33.463,7.746],[33.462,7.745],[33.462,7.74],[33.455,7.738],[33.454,7.737],[33.453,7.734],[33.451,7.735],[33.45,7.735],[33.438,7.748],[33.435,7.749],[33.431,7.75],[33.425,7.749],[33.423,7.748],[33.424,7.744],[33.422,7.741],[33.421,7.738],[33.412,7.732],[33.403,7.733],[33.402,7.733],[33.401,7.728],[33.395,7.727],[33.392,7.726],[33.386,7.73],[33.38,7.73],[33.379,7.73],[33.371,7.724],[33.368,7.724],[33.365,7.724],[33.362,7.717],[33.361,7.717],[33.36,7.717],[33.352,7.722],[33.35,7.72],[33.346,7.717],[33.345,7.712],[33.345,7.711],[33.341,7.71],[33.338,7.706],[33.328,7.707],[33.324,7.705],[33.321,7.703],[33.321,7.704],[33.319,7.705],[33.316,7.716],[33.316,7.718],[33.313,7.721],[33.312,7.722],[33.309,7.723],[33.306,7.724],[33.301,7.73],[33.301,7.736],[33.299,7.736],[33.297,7.736],[33.294,7.732],[33.293,7.732],[33.292,7.732],[33.292,7.742],[33.291,7.743],[33.282,7.738],[33.279,7.744],[33.277,7.745],[33.272,7.75],[33.254,7.758],[33.248,7.765],[33.243,7.77],[33.242,7.771],[33.239,7.772],[33.235,7.773],[33.23,7.774],[33.227,7.771],[33.223,7.767],[33.216,7.768],[33.203,7.774],[33.193,7.78],[33.187,7.78],[33.186,7.78],[33.175,7.788],[33.167,7.792],[33.166,7.792],[33.164,7.794],[33.16,7.795],[33.158,7.794],[33.158,7.79],[33.157,7.79],[33.156,7.789],[33.142,7.785],[33.137,7.782],[33.134,7.784],[33.133,7.784],[33.133,7.785],[33.132,7.785],[33.125,7.781],[33.117,7.781],[33.112,7.781],[33.111,7.779],[33.109,7.777],[33.1,7.779],[33.103,7.782],[33.104,7.784],[33.105,7.788],[33.104,7.788],[33.096,7.79],[33.093,7.795],[33.089,7.796],[33.084,7.793],[33.076,7.792],[33.066,7.786],[33.064,7.786],[33.063,7.786],[33.063,7.787],[33.06,7.79],[33.053,7.787],[33.052,7.786],[33.051,7.787],[33.047,7.789],[33.046,7.791],[33.046,7.792],[33.047,7.798],[33.048,7.803],[33.046,7.807],[33.026,7.829],[33.018,7.84],[33.01,7.853],[33.007,7.858],[33.003,7.867],[33.001,7.874],[33.002,7.88],[33.002,7.884],[33.003,7.884],[33.004,7.885],[33.006,7.885],[33.007,7.885],[33.01,7.884],[33.011,7.884],[33.012,7.886],[33.014,7.888],[33.01,7.898],[33.009,7.898],[33.009,7.9],[33.008,7.903],[33.004,7.911],[33.004,7.922],[33.003,7.93],[33,7.936],[33,7.938],[33,7.939],[33,7.94],[33.003,7.943],[33.004,7.944],[33.004,7.945],[33.006,7.946],[33.008,7.949],[33.012,7.951],[33.024,7.957],[33.035,7.966],[33.035,7.969],[33.036,7.973],[33.037,7.975],[33.034,7.98],[33.033,7.984],[33.032,7.99],[33.037,8],[33.04,8.004],[33.041,8.007],[33.045,8.011],[33.047,8.013],[33.054,8.013],[33.074,8.019],[33.077,8.023],[33.077,8.024],[33.078,8.036],[33.079,8.042],[33.08,8.044],[33.08,8.046],[33.08,8.047],[33.078,8.052],[33.084,8.057],[33.086,8.059],[33.086,8.06],[33.085,8.064],[33.082,8.069],[33.085,8.074],[33.087,8.074],[33.09,8.074],[33.103,8.075],[33.106,8.073],[33.111,8.071],[33.117,8.059],[33.119,8.064],[33.118,8.064],[33.116,8.073],[33.116,8.075],[33.116,8.092],[33.116,8.097],[33.117,8.1],[33.119,8.106],[33.12,8.106],[33.121,8.106],[33.123,8.107],[33.125,8.108],[33.134,8.111],[33.145,8.111],[33.152,8.109],[33.159,8.11],[33.163,8.113],[33.165,8.119],[33.166,8.122],[33.17,8.126],[33.172,8.126],[33.174,8.126],[33.18,8.124],[33.186,8.122],[33.188,8.126],[33.191,8.129],[33.186,8.139],[33.185,8.14],[33.184,8.142],[33.182,8.145],[33.182,8.151],[33.182,8.152],[33.182,8.154],[33.184,8.161],[33.179,8.164],[33.177,8.165],[33.176,8.166],[33.175,8.176],[33.174,8.184],[33.173,8.185],[33.171,8.186],[33.165,8.186],[33.165,8.187],[33.164,8.189],[33.165,8.194],[33.167,8.196],[33.168,8.197],[33.17,8.199],[33.187,8.207],[33.192,8.212],[33.195,8.216],[33.198,8.222],[33.2,8.227],[33.201,8.229],[33.201,8.231],[33.202,8.233],[33.202,8.234],[33.198,8.245],[33.197,8.246],[33.195,8.247],[33.189,8.247],[33.179,8.247],[33.176,8.252],[33.172,8.259],[33.172,8.264],[33.172,8.267],[33.172,8.268],[33.175,8.284],[33.169,8.293],[33.169,8.297],[33.171,8.296],[33.178,8.295],[33.179,8.295],[33.193,8.296],[33.2,8.302],[33.2,8.307],[33.2,8.314],[33.2,8.315],[33.199,8.315],[33.195,8.321],[33.192,8.326],[33.192,8.332],[33.193,8.332],[33.194,8.332],[33.198,8.332],[33.207,8.331],[33.21,8.334],[33.216,8.344],[33.216,8.347],[33.216,8.355],[33.201,8.348],[33.198,8.347],[33.194,8.347],[33.188,8.382],[33.188,8.383],[33.189,8.386],[33.19,8.387],[33.194,8.392],[33.19,8.398],[33.188,8.401],[33.191,8.405],[33.193,8.405],[33.195,8.405],[33.196,8.405],[33.213,8.405],[33.216,8.406],[33.217,8.413],[33.216,8.417],[33.215,8.421],[33.214,8.426],[33.218,8.43],[33.222,8.43],[33.23,8.422],[33.233,8.422],[33.234,8.422],[33.247,8.438],[33.248,8.444],[33.259,8.446],[33.269,8.452],[33.272,8.451],[33.276,8.451],[33.277,8.449],[33.277,8.448],[33.286,8.435],[33.287,8.435],[33.295,8.435],[33.3,8.441],[33.301,8.449],[33.302,8.451],[33.303,8.452],[33.308,8.457],[33.311,8.459],[33.315,8.457],[33.318,8.452],[33.32,8.447],[33.321,8.447],[33.323,8.445],[33.331,8.443],[33.337,8.441],[33.351,8.444],[33.355,8.441],[33.36,8.439],[33.366,8.44],[33.368,8.438],[33.37,8.434],[33.373,8.43],[33.376,8.431],[33.381,8.431],[33.387,8.423],[33.395,8.422],[33.396,8.421],[33.406,8.435],[33.415,8.441],[33.422,8.446],[33.423,8.446],[33.425,8.446],[33.437,8.438],[33.444,8.437],[33.449,8.438],[33.451,8.44],[33.458,8.447],[33.47,8.451],[33.473,8.451],[33.474,8.451],[33.476,8.451],[33.481,8.455],[33.483,8.456],[33.485,8.46],[33.487,8.464],[33.487,8.465],[33.488,8.466],[33.488,8.467],[33.488,8.468],[33.496,8.47],[33.502,8.47],[33.511,8.471],[33.512,8.47],[33.514,8.469],[33.515,8.468],[33.524,8.466],[33.528,8.467],[33.533,8.468],[33.54,8.464],[33.543,8.464],[33.546,8.463],[33.556,8.468],[33.563,8.467],[33.566,8.456],[33.568,8.451],[33.571,8.448],[33.574,8.446],[33.59,8.445],[33.598,8.444],[33.604,8.452],[33.611,8.461],[33.617,8.464],[33.621,8.467],[33.624,8.466],[33.63,8.465],[33.638,8.46],[33.639,8.459],[33.649,8.457],[33.652,8.454],[33.656,8.451],[33.667,8.446],[33.669,8.445],[33.678,8.438],[33.679,8.438],[33.679,8.435],[33.679,8.432],[33.677,8.428],[33.676,8.425],[33.68,8.416],[33.682,8.406],[33.682,8.404],[33.688,8.399],[33.69,8.397],[33.691,8.389],[33.691,8.388],[33.69,8.386],[33.691,8.382],[33.693,8.377],[33.702,8.37],[33.704,8.369],[33.708,8.37],[33.711,8.368],[33.712,8.368],[33.716,8.363],[33.727,8.363],[33.732,8.362],[33.734,8.362],[33.735,8.363],[33.737,8.363],[33.739,8.369],[33.741,8.37],[33.742,8.37],[33.745,8.37],[33.747,8.372],[33.749,8.374],[33.751,8.374],[33.752,8.374],[33.753,8.371],[33.754,8.369],[33.766,8.363],[33.769,8.363],[33.772,8.366],[33.775,8.369],[33.778,8.372],[33.779,8.373],[33.785,8.375],[33.785,8.376],[33.786,8.376],[33.792,8.387],[33.796,8.39],[33.799,8.392],[33.806,8.393],[33.81,8.396],[33.811,8.397],[33.812,8.397],[33.813,8.398],[33.818,8.403],[33.819,8.405],[33.827,8.419],[33.831,8.422],[33.835,8.424],[33.836,8.424],[33.836,8.425],[33.839,8.427],[33.84,8.429],[33.843,8.43],[33.845,8.431],[33.846,8.431],[33.847,8.431],[33.848,8.43],[33.85,8.429],[33.851,8.429],[33.856,8.431],[33.865,8.434],[33.875,8.433],[33.876,8.434],[33.878,8.436],[33.877,8.436],[33.873,8.444],[33.88,8.452],[33.881,8.458],[33.881,8.459],[33.888,8.461],[33.889,8.461],[33.892,8.473],[33.898,8.479],[33.904,8.482],[33.911,8.483],[33.922,8.484],[33.925,8.484],[33.932,8.492],[33.94,8.496],[33.946,8.496],[33.95,8.494],[33.951,8.493],[33.954,8.492],[33.958,8.491],[33.96,8.493],[33.962,8.494],[33.972,8.497],[33.974,8.497],[33.974,8.496],[33.98,8.489],[33.984,8.487],[33.986,8.486],[33.993,8.487],[34.001,8.494],[34.013,8.485],[34.019,8.486],[34.021,8.488],[34.024,8.49],[34.027,8.496],[34.029,8.499],[34.032,8.509],[34.032,8.51],[34.032,8.511],[34.04,8.516],[34.047,8.52],[34.052,8.524],[34.054,8.525],[34.056,8.527],[34.077,8.546],[34.08,8.547],[34.082,8.548],[34.083,8.548],[34.098,8.55],[34.104,8.553],[34.12,8.572],[34.128,8.581],[34.132,8.59],[34.135,8.592],[34.14,8.595],[34.143,8.622],[34.143,8.652],[34.146,8.651],[34.191,8.652],[34.224,8.669],[34.236,8.686],[34.257,8.703],[34.28,8.708],[34.284,8.704],[34.286,8.704],[34.289,8.701],[34.312,8.682],[34.338,8.618],[34.346,8.599],[34.354,8.555],[34.358,8.52],[34.357,8.5],[34.344,8.468],[34.335,8.438],[34.315,8.406],[34.313,8.39],[34.329,8.387],[34.348,8.376],[34.38,8.393],[34.383,8.394],[34.383,8.395],[34.384,8.395],[34.436,8.421],[34.471,8.447],[34.507,8.467],[34.523,8.475],[34.557,8.455],[34.574,8.403],[34.631,8.401],[34.668,8.395],[34.719,8.39],[34.727,8.39],[34.73,8.389],[34.767,8.364],[34.785,8.355],[34.795,8.326],[34.786,8.303],[34.817,8.271],[34.828,8.261],[34.856,8.25],[34.88,8.251],[34.954,8.247],[34.965,8.247],[34.992,8.233],[35.019,8.219],[35.073,8.22],[35.118,8.2],[35.138,8.182],[35.148,8.159],[35.149,8.158],[35.15,8.155],[35.156,8.141],[35.157,8.137],[35.155,8.138],[35.143,8.142],[35.104,8.115],[35.089,8.113],[35.117,8.083],[35.12,8.078],[35.141,8.022],[35.141,7.989],[35.108,7.957],[35.048,7.954],[35.009,7.923],[35.013,7.882],[35.001,7.862],[34.951,7.89],[34.944,7.879],[34.932,7.828],[34.936,7.786],[34.936,7.775],[34.937,7.768],[34.936,7.754],[34.932,7.728],[34.995,7.748],[35,7.747],[35.001,7.746],[35.04,7.739],[35.077,7.731],[35.084,7.714],[35.114,7.651],[35.116,7.645],[35.116,7.63],[35.147,7.629],[35.166,7.615],[35.165,7.579],[35.17,7.554],[35.172,7.532],[35.143,7.517],[35.136,7.509],[35.125,7.492],[35.121,7.482],[35.123,7.478],[35.162,7.471],[35.186,7.457],[35.19,7.455],[35.21,7.471],[35.243,7.473],[35.255,7.478],[35.262,7.48],[35.273,7.471],[35.31,7.479],[35.32,7.463],[35.329,7.461],[35.345,7.453],[35.355,7.437],[35.374,7.428],[35.368,7.414],[35.392,7.397],[35.392,7.396],[35.391,7.385],[35.388,7.351],[35.383,7.333],[35.38,7.316],[35.375,7.29],[35.37,7.277],[35.353,7.262],[35.346,7.239],[35.373,7.231],[35.34,7.187],[35.334,7.188],[35.335,7.179],[35.353,7.154],[35.369,7.144],[35.38,7.123],[35.377,7.12],[35.376,7.119],[35.372,7.117],[35.356,7.118],[35.331,7.127],[35.315,7.116],[35.308,7.115],[35.3,7.116],[35.281,7.128],[35.266,7.136],[35.235,7.138],[35.229,7.128],[35.218,7.108],[35.205,7.099],[35.177,7.101],[35.114,7.102],[35.084,7.124],[35.068,7.154],[35.054,7.184],[35.021,7.185],[35.018,7.189],[35.016,7.189],[35.01,7.195],[34.984,7.21],[34.977,7.214],[34.976,7.22],[34.975,7.221],[34.97,7.233],[34.966,7.215],[34.943,7.193],[34.898,7.184],[34.891,7.159],[34.893,7.091],[34.877,7.07],[34.884,7.03],[34.902,7.031],[34.912,6.988],[34.946,6.944],[34.974,6.925],[34.998,6.892],[34.992,6.864],[34.969,6.859],[34.945,6.826],[34.934,6.796],[34.985,6.798],[35.044,6.81],[35.081,6.809],[35.121,6.779],[35.148,6.76],[35.18,6.727],[35.178,6.709],[35.198,6.68],[35.188,6.656],[35.186,6.627],[35.195,6.597],[35.187,6.557],[35.186,6.538],[35.186,6.506],[35.186,6.489],[35.174,6.466],[35.187,6.444],[35.199,6.411],[35.179,6.379],[35.165,6.383],[35.143,6.397],[35.132,6.395],[35.119,6.346],[35.107,6.32],[35.106,6.319],[35.104,6.319],[35.084,6.318],[35.073,6.307],[35.038,6.304],[35.011,6.28]]],[[[35.157,8.137],[35.158,8.137],[35.157,8.136],[35.157,8.137]]]]}},{"type":"Feature","properties":{"name":"Harari","centroid":[42.176,9.277],"code":"ET13"},"geometry":{"type":"Polygon","coordinates":[[[42.233,9.186],[42.221,9.196],[42.208,9.212],[42.197,9.22],[42.182,9.216],[42.165,9.21],[42.155,9.207],[42.154,9.207],[42.148,9.206],[42.137,9.216],[42.128,9.226],[42.116,9.229],[42.109,9.23],[42.108,9.229],[42.085,9.223],[42.073,9.221],[42.061,9.226],[42.059,9.245],[42.06,9.262],[42.063,9.274],[42.063,9.277],[42.065,9.283],[42.065,9.286],[42.066,9.29],[42.071,9.304],[42.085,9.328],[42.086,9.329],[42.086,9.331],[42.089,9.335],[42.091,9.336],[42.091,9.338],[42.095,9.344],[42.096,9.344],[42.096,9.345],[42.097,9.345],[42.116,9.374],[42.129,9.388],[42.147,9.387],[42.158,9.375],[42.16,9.373],[42.169,9.362],[42.188,9.361],[42.222,9.379],[42.23,9.382],[42.239,9.385],[42.253,9.384],[42.256,9.379],[42.258,9.378],[42.26,9.375],[42.266,9.365],[42.27,9.361],[42.266,9.352],[42.259,9.334],[42.265,9.32],[42.266,9.309],[42.26,9.298],[42.251,9.285],[42.249,9.27],[42.254,9.26],[42.255,9.256],[42.256,9.252],[42.263,9.242],[42.269,9.228],[42.272,9.215],[42.264,9.196],[42.257,9.191],[42.245,9.187],[42.233,9.186]]]}},{"type":"Feature","properties":{"name":"Addis Ababa","centroid":[38.786,8.96],"code":"ET14"},"geometry":{"type":"Polygon","coordinates":[[[38.798,8.833],[38.794,8.835],[38.781,8.836],[38.778,8.841],[38.777,8.852],[38.773,8.857],[38.759,8.853],[38.756,8.854],[38.754,8.858],[38.746,8.863],[38.745,8.868],[38.747,8.877],[38.744,8.879],[38.743,8.881],[38.745,8.891],[38.744,8.901],[38.743,8.902],[38.738,8.901],[38.735,8.902],[38.719,8.919],[38.714,8.92],[38.709,8.921],[38.705,8.924],[38.703,8.924],[38.698,8.931],[38.694,8.941],[38.682,8.94],[38.681,8.95],[38.68,8.95],[38.676,8.957],[38.665,8.961],[38.654,8.963],[38.643,8.966],[38.64,8.974],[38.654,8.977],[38.659,8.984],[38.658,8.994],[38.652,9.002],[38.651,9.006],[38.652,9.006],[38.653,9.01],[38.661,9.009],[38.667,9.01],[38.667,9.026],[38.668,9.027],[38.671,9.032],[38.673,9.039],[38.684,9.051],[38.684,9.069],[38.685,9.072],[38.685,9.073],[38.699,9.08],[38.707,9.081],[38.711,9.084],[38.712,9.085],[38.717,9.087],[38.728,9.085],[38.738,9.087],[38.751,9.091],[38.76,9.096],[38.767,9.098],[38.772,9.097],[38.779,9.092],[38.784,9.086],[38.785,9.085],[38.791,9.077],[38.8,9.079],[38.805,9.082],[38.814,9.079],[38.815,9.079],[38.818,9.078],[38.825,9.076],[38.84,9.078],[38.85,9.078],[38.858,9.083],[38.869,9.085],[38.877,9.081],[38.882,9.068],[38.884,9.05],[38.894,9.035],[38.902,9.016],[38.905,9.011],[38.905,9.009],[38.906,8.998],[38.904,8.991],[38.906,8.976],[38.904,8.97],[38.904,8.967],[38.903,8.966],[38.902,8.962],[38.896,8.954],[38.901,8.945],[38.896,8.936],[38.891,8.934],[38.877,8.937],[38.868,8.94],[38.862,8.942],[38.858,8.939],[38.856,8.939],[38.856,8.938],[38.861,8.932],[38.872,8.925],[38.879,8.918],[38.879,8.915],[38.873,8.904],[38.878,8.895],[38.871,8.883],[38.869,8.873],[38.863,8.883],[38.856,8.883],[38.846,8.88],[38.838,8.88],[38.833,8.882],[38.826,8.88],[38.827,8.872],[38.829,8.868],[38.827,8.864],[38.827,8.862],[38.827,8.858],[38.824,8.854],[38.823,8.841],[38.817,8.839],[38.812,8.84],[38.798,8.833]]]}},{"type":"Feature","properties":{"name":"Dire Dawa","centroid":[42.012,9.595],"code":"ET15"},"geometry":{"type":"Polygon","coordinates":[[[41.953,9.488],[41.939,9.479],[41.914,9.472],[41.902,9.476],[41.892,9.478],[41.88,9.481],[41.86,9.488],[41.839,9.478],[41.815,9.476],[41.793,9.489],[41.773,9.491],[41.755,9.485],[41.737,9.472],[41.735,9.472],[41.734,9.473],[41.728,9.489],[41.731,9.506],[41.732,9.508],[41.732,9.512],[41.734,9.518],[41.749,9.597],[41.749,9.616],[41.749,9.637],[41.755,9.639],[41.759,9.643],[41.762,9.644],[41.764,9.646],[41.774,9.653],[41.79,9.649],[41.801,9.642],[41.809,9.64],[41.814,9.645],[41.816,9.645],[41.817,9.647],[41.823,9.65],[41.838,9.662],[41.849,9.671],[41.853,9.673],[41.853,9.674],[41.862,9.678],[41.874,9.684],[41.906,9.679],[41.921,9.67],[41.95,9.656],[41.996,9.631],[42.01,9.621],[42.02,9.618],[42.031,9.618],[42.033,9.62],[42.033,9.621],[42.165,9.752],[42.165,9.753],[42.187,9.774],[42.214,9.783],[42.252,9.782],[42.294,9.757],[42.312,9.743],[42.322,9.733],[42.34,9.72],[42.34,9.719],[42.333,9.715],[42.329,9.713],[42.321,9.708],[42.304,9.691],[42.288,9.677],[42.273,9.668],[42.269,9.664],[42.259,9.651],[42.244,9.656],[42.225,9.656],[42.201,9.653],[42.181,9.644],[42.156,9.628],[42.143,9.62],[42.125,9.614],[42.128,9.599],[42.133,9.583],[42.135,9.58],[42.144,9.573],[42.147,9.569],[42.152,9.556],[42.149,9.55],[42.139,9.534],[42.111,9.508],[42.096,9.501],[42.082,9.488],[42.074,9.473],[42.068,9.475],[42.053,9.49],[42.05,9.493],[42.05,9.494],[42.049,9.494],[42.044,9.498],[42.03,9.505],[42.016,9.508],[41.992,9.506],[41.982,9.508],[41.956,9.489],[41.953,9.488]]]}},{"type":"Feature","properties":{"name":"Sidama","centroid":[38.58,6.705],"code":"ET16"},"geometry":{"type":"Polygon","coordinates":[[[38.401,7.121],[38.422,7.122],[38.423,7.123],[38.444,7.126],[38.46,7.118],[38.464,7.099],[38.479,7.09],[38.482,7.09],[38.494,7.089],[38.508,7.088],[38.527,7.09],[38.547,7.092],[38.56,7.105],[38.563,7.108],[38.567,7.113],[38.576,7.12],[38.583,7.125],[38.59,7.126],[38.591,7.125],[38.612,7.124],[38.613,7.123],[38.631,7.11],[38.646,7.095],[38.638,7.068],[38.637,7.066],[38.653,7.062],[38.668,7.059],[38.681,7.048],[38.684,7.034],[38.678,7.028],[38.675,7.016],[38.677,7.009],[38.677,7.006],[38.678,7.005],[38.69,7.001],[38.698,7.013],[38.711,7.013],[38.714,6.991],[38.711,6.974],[38.7,6.968],[38.695,6.957],[38.702,6.942],[38.705,6.93],[38.7,6.903],[38.705,6.886],[38.712,6.867],[38.714,6.86],[38.701,6.85],[38.7,6.849],[38.691,6.845],[38.675,6.836],[38.674,6.836],[38.669,6.833],[38.664,6.828],[38.64,6.812],[38.637,6.8],[38.636,6.789],[38.636,6.771],[38.644,6.768],[38.659,6.769],[38.672,6.762],[38.676,6.754],[38.679,6.748],[38.688,6.744],[38.706,6.742],[38.721,6.73],[38.728,6.711],[38.743,6.7],[38.755,6.697],[38.776,6.7],[38.811,6.701],[38.818,6.703],[38.834,6.691],[38.836,6.684],[38.836,6.68],[38.837,6.68],[38.838,6.674],[38.855,6.668],[38.881,6.667],[38.901,6.665],[38.916,6.659],[38.924,6.658],[38.924,6.657],[38.925,6.657],[38.934,6.656],[38.949,6.643],[38.944,6.629],[38.942,6.61],[38.959,6.601],[38.983,6.604],[38.984,6.604],[38.991,6.605],[38.996,6.606],[39.014,6.609],[39.034,6.611],[39.059,6.608],[39.065,6.599],[39.053,6.583],[39.049,6.569],[39.053,6.557],[39.071,6.553],[39.087,6.544],[39.097,6.521],[39.095,6.472],[39.1,6.455],[39.108,6.438],[39.114,6.407],[39.116,6.398],[39.118,6.395],[39.119,6.39],[39.119,6.387],[39.122,6.378],[39.125,6.362],[39.125,6.357],[39.126,6.353],[39.127,6.335],[39.125,6.32],[39.119,6.298],[39.109,6.286],[39.091,6.27],[39.086,6.252],[39.092,6.238],[39.093,6.235],[39.094,6.234],[39.099,6.219],[39.105,6.199],[39.113,6.176],[39.131,6.165],[39.132,6.158],[39.102,6.157],[39.079,6.152],[39.055,6.146],[39.034,6.137],[38.989,6.147],[38.971,6.154],[38.969,6.155],[38.96,6.159],[38.95,6.181],[38.937,6.199],[38.936,6.2],[38.935,6.202],[38.921,6.228],[38.898,6.258],[38.886,6.284],[38.874,6.3],[38.853,6.32],[38.841,6.334],[38.832,6.343],[38.831,6.343],[38.83,6.344],[38.813,6.355],[38.799,6.368],[38.785,6.386],[38.783,6.389],[38.772,6.399],[38.759,6.408],[38.74,6.409],[38.719,6.397],[38.707,6.392],[38.698,6.399],[38.69,6.406],[38.672,6.409],[38.662,6.419],[38.655,6.421],[38.645,6.423],[38.627,6.417],[38.607,6.422],[38.602,6.426],[38.599,6.427],[38.584,6.436],[38.568,6.44],[38.538,6.436],[38.501,6.436],[38.476,6.43],[38.462,6.421],[38.451,6.415],[38.439,6.402],[38.428,6.386],[38.427,6.383],[38.427,6.379],[38.425,6.369],[38.424,6.369],[38.417,6.37],[38.41,6.362],[38.408,6.355],[38.405,6.356],[38.401,6.355],[38.402,6.361],[38.399,6.364],[38.398,6.366],[38.394,6.366],[38.394,6.367],[38.395,6.37],[38.399,6.373],[38.4,6.381],[38.404,6.395],[38.401,6.4],[38.4,6.405],[38.398,6.407],[38.397,6.411],[38.395,6.413],[38.391,6.414],[38.389,6.416],[38.376,6.414],[38.369,6.415],[38.366,6.413],[38.361,6.415],[38.354,6.416],[38.351,6.418],[38.346,6.418],[38.341,6.42],[38.338,6.417],[38.32,6.418],[38.314,6.42],[38.311,6.419],[38.308,6.42],[38.307,6.423],[38.299,6.424],[38.297,6.428],[38.294,6.427],[38.289,6.428],[38.291,6.434],[38.286,6.435],[38.286,6.44],[38.281,6.441],[38.282,6.438],[38.279,6.439],[38.26,6.452],[38.251,6.463],[38.245,6.468],[38.223,6.461],[38.218,6.462],[38.217,6.463],[38.213,6.463],[38.2,6.459],[38.171,6.45],[38.155,6.439],[38.144,6.458],[38.15,6.495],[38.14,6.506],[38.115,6.499],[38.103,6.51],[38.096,6.521],[38.092,6.525],[38.075,6.528],[38.052,6.534],[38.033,6.561],[38.019,6.573],[38.017,6.575],[38.017,6.576],[38.019,6.577],[38.017,6.583],[38.014,6.585],[38.013,6.608],[38.01,6.618],[38.014,6.639],[38.016,6.648],[38.019,6.664],[38.022,6.666],[38.022,6.668],[38.026,6.667],[38.029,6.67],[38.036,6.672],[38.039,6.68],[38.038,6.681],[38.039,6.683],[38.036,6.686],[38.038,6.686],[38.041,6.684],[38.041,6.686],[38.045,6.687],[38.046,6.692],[38.048,6.691],[38.05,6.692],[38.049,6.699],[38.051,6.701],[38.055,6.708],[38.054,6.716],[38.057,6.723],[38.058,6.73],[38.06,6.732],[38.062,6.738],[38.065,6.741],[38.066,6.746],[38.069,6.754],[38.067,6.756],[38.07,6.762],[38.07,6.767],[38.071,6.772],[38.077,6.781],[38.078,6.789],[38.08,6.792],[38.081,6.797],[38.086,6.805],[38.087,6.808],[38.09,6.81],[38.092,6.815],[38.091,6.817],[38.096,6.828],[38.098,6.835],[38.101,6.842],[38.103,6.848],[38.109,6.851],[38.11,6.853],[38.113,6.86],[38.114,6.864],[38.119,6.873],[38.118,6.876],[38.121,6.882],[38.118,6.888],[38.124,6.895],[38.125,6.9],[38.128,6.907],[38.131,6.912],[38.13,6.92],[38.131,6.927],[38.129,6.93],[38.13,6.934],[38.134,6.936],[38.137,6.939],[38.136,6.943],[38.133,6.949],[38.136,6.952],[38.135,6.957],[38.136,6.959],[38.13,6.963],[38.131,6.972],[38.13,6.974],[38.137,6.975],[38.146,6.977],[38.171,7.001],[38.194,7.012],[38.217,7.014],[38.238,7.02],[38.241,7.028],[38.242,7.028],[38.242,7.03],[38.249,7.044],[38.255,7.06],[38.289,7.106],[38.306,7.122],[38.314,7.147],[38.322,7.162],[38.342,7.164],[38.355,7.148],[38.356,7.147],[38.359,7.144],[38.378,7.129],[38.401,7.121]]]}},{"type":"Feature","properties":{"name":"South West Ethiopia","centroid":[35.844,6.567],"code":"ET11"},"geometry":{"type":"Polygon","coordinates":[[[35.334,5.33],[35.319,5.334],[35.318,5.335],[35.313,5.338],[35.308,5.341],[35.302,5.349],[35.299,5.356],[35.295,5.365],[35.295,5.368],[35.294,5.372],[35.297,5.414],[35.298,5.42],[35.315,5.446],[35.316,5.448],[35.316,5.452],[35.317,5.456],[35.318,5.461],[35.319,5.463],[35.318,5.465],[35.318,5.468],[35.317,5.472],[35.317,5.473],[35.315,5.475],[35.309,5.481],[35.311,5.494],[35.31,5.498],[35.306,5.501],[35.304,5.502],[35.281,5.516],[35.279,5.519],[35.242,5.543],[35.237,5.546],[35.231,5.55],[35.212,5.564],[35.205,5.569],[35.137,5.614],[35.134,5.617],[35.131,5.62],[35.13,5.621],[35.127,5.624],[35.126,5.63],[35.126,5.638],[35.126,5.644],[35.129,5.684],[35.13,5.684],[35.13,5.685],[35.13,5.691],[35.107,5.729],[35.078,5.774],[35.066,5.793],[35.039,5.836],[35.031,5.848],[35.003,5.894],[35.001,5.897],[35.006,5.915],[35.006,5.92],[35.003,5.925],[35.001,5.929],[35,5.931],[34.995,5.941],[34.995,5.942],[34.995,5.943],[34.994,5.945],[34.993,5.948],[34.993,5.955],[34.995,5.963],[34.996,5.966],[35,5.974],[35.001,5.977],[35.006,5.986],[35.009,6],[35.008,6.002],[35.007,6.005],[35.006,6.008],[35.005,6.01],[35,6.025],[34.997,6.033],[34.996,6.035],[34.995,6.038],[34.994,6.044],[34.996,6.052],[34.999,6.061],[35,6.065],[35,6.068],[35.001,6.069],[35,6.074],[34.998,6.076],[34.997,6.078],[34.99,6.081],[34.986,6.085],[34.983,6.089],[34.981,6.089],[34.979,6.089],[34.977,6.089],[34.974,6.088],[34.973,6.088],[34.969,6.091],[34.969,6.093],[34.969,6.098],[34.968,6.104],[34.968,6.108],[34.965,6.119],[34.964,6.129],[34.964,6.14],[34.964,6.141],[34.964,6.142],[34.965,6.146],[34.969,6.165],[34.971,6.172],[34.972,6.174],[34.973,6.178],[34.974,6.181],[34.974,6.186],[34.974,6.189],[34.973,6.195],[34.972,6.202],[34.971,6.204],[34.97,6.206],[34.965,6.217],[34.962,6.223],[34.961,6.227],[34.96,6.235],[34.956,6.239],[34.952,6.242],[34.953,6.269],[34.953,6.272],[34.955,6.282],[34.959,6.284],[34.962,6.284],[34.964,6.284],[34.967,6.284],[34.974,6.285],[34.982,6.291],[34.985,6.297],[34.989,6.296],[35.011,6.28],[35.038,6.304],[35.073,6.307],[35.084,6.318],[35.104,6.319],[35.106,6.319],[35.107,6.32],[35.119,6.346],[35.132,6.395],[35.143,6.397],[35.165,6.383],[35.179,6.379],[35.199,6.411],[35.187,6.444],[35.174,6.466],[35.186,6.489],[35.186,6.506],[35.186,6.538],[35.187,6.557],[35.195,6.597],[35.186,6.627],[35.188,6.656],[35.198,6.68],[35.178,6.709],[35.18,6.727],[35.148,6.76],[35.121,6.779],[35.081,6.809],[35.044,6.81],[34.985,6.798],[34.934,6.796],[34.945,6.826],[34.969,6.859],[34.992,6.864],[34.998,6.892],[34.974,6.925],[34.946,6.944],[34.912,6.988],[34.902,7.031],[34.884,7.03],[34.877,7.07],[34.893,7.091],[34.891,7.159],[34.898,7.184],[34.943,7.193],[34.966,7.215],[34.97,7.233],[34.975,7.221],[34.976,7.22],[34.977,7.214],[34.984,7.21],[35.01,7.195],[35.016,7.189],[35.018,7.189],[35.021,7.185],[35.054,7.184],[35.068,7.154],[35.084,7.124],[35.114,7.102],[35.177,7.101],[35.205,7.099],[35.218,7.108],[35.229,7.128],[35.235,7.138],[35.266,7.136],[35.281,7.128],[35.3,7.116],[35.308,7.115],[35.315,7.116],[35.331,7.127],[35.356,7.118],[35.372,7.117],[35.376,7.119],[35.377,7.12],[35.38,7.123],[35.369,7.144],[35.353,7.154],[35.335,7.179],[35.334,7.188],[35.34,7.187],[35.373,7.231],[35.346,7.239],[35.353,7.262],[35.37,7.277],[35.375,7.29],[35.38,7.316],[35.383,7.333],[35.388,7.351],[35.391,7.385],[35.392,7.396],[35.392,7.397],[35.368,7.414],[35.374,7.428],[35.355,7.437],[35.345,7.453],[35.329,7.461],[35.32,7.463],[35.31,7.479],[35.273,7.471],[35.262,7.48],[35.255,7.478],[35.243,7.473],[35.21,7.471],[35.19,7.455],[35.186,7.457],[35.162,7.471],[35.123,7.478],[35.121,7.482],[35.125,7.492],[35.136,7.509],[35.143,7.517],[35.172,7.532],[35.17,7.554],[35.165,7.579],[35.166,7.615],[35.147,7.629],[35.116,7.63],[35.116,7.645],[35.121,7.645],[35.173,7.654],[35.213,7.651],[35.22,7.661],[35.221,7.684],[35.223,7.703],[35.248,7.726],[35.275,7.746],[35.29,7.747],[35.294,7.752],[35.311,7.761],[35.326,7.766],[35.341,7.776],[35.342,7.821],[35.351,7.836],[35.358,7.842],[35.373,7.832],[35.39,7.827],[35.401,7.83],[35.409,7.843],[35.419,7.864],[35.429,7.881],[35.435,7.882],[35.438,7.881],[35.438,7.88],[35.439,7.88],[35.458,7.873],[35.463,7.872],[35.475,7.874],[35.49,7.882],[35.498,7.88],[35.504,7.884],[35.514,7.893],[35.521,7.895],[35.531,7.879],[35.537,7.847],[35.545,7.83],[35.554,7.82],[35.571,7.812],[35.587,7.809],[35.592,7.808],[35.593,7.809],[35.607,7.809],[35.619,7.815],[35.629,7.82],[35.633,7.824],[35.638,7.826],[35.639,7.827],[35.666,7.844],[35.677,7.853],[35.694,7.864],[35.703,7.859],[35.716,7.855],[35.737,7.865],[35.749,7.873],[35.75,7.874],[35.754,7.876],[35.763,7.883],[35.777,7.899],[35.784,7.91],[35.794,7.922],[35.8,7.934],[35.799,7.943],[35.794,7.948],[35.78,7.955],[35.771,7.964],[35.767,7.969],[35.739,7.988],[35.73,8.005],[35.723,8.022],[35.728,8.039],[35.744,8.051],[35.754,8.069],[35.766,8.081],[35.798,8.079],[35.816,8.082],[35.828,8.08],[35.833,8.08],[35.835,8.079],[35.861,8.077],[35.873,8.059],[35.878,8.042],[35.884,8.016],[35.886,8.011],[35.888,7.999],[35.894,7.985],[35.9,7.967],[35.905,7.945],[35.902,7.926],[35.893,7.903],[35.886,7.891],[35.875,7.877],[35.857,7.857],[35.851,7.847],[35.849,7.839],[35.859,7.829],[35.879,7.819],[35.9,7.805],[35.924,7.785],[35.944,7.773],[35.944,7.772],[35.945,7.772],[35.948,7.771],[35.967,7.764],[35.987,7.754],[35.997,7.745],[36.012,7.709],[36.021,7.692],[36.042,7.674],[36.052,7.654],[36.047,7.635],[36.039,7.61],[36.033,7.59],[36.036,7.572],[36.046,7.565],[36.063,7.557],[36.085,7.554],[36.129,7.555],[36.157,7.542],[36.183,7.522],[36.2,7.504],[36.212,7.494],[36.213,7.493],[36.214,7.493],[36.214,7.492],[36.215,7.492],[36.215,7.491],[36.218,7.49],[36.226,7.484],[36.241,7.477],[36.263,7.47],[36.285,7.46],[36.287,7.46],[36.289,7.458],[36.302,7.449],[36.324,7.447],[36.349,7.445],[36.36,7.433],[36.375,7.415],[36.407,7.408],[36.427,7.413],[36.453,7.417],[36.471,7.415],[36.484,7.416],[36.496,7.411],[36.496,7.41],[36.498,7.41],[36.507,7.405],[36.546,7.391],[36.575,7.379],[36.599,7.369],[36.606,7.368],[36.623,7.379],[36.633,7.378],[36.639,7.37],[36.652,7.345],[36.673,7.327],[36.677,7.325],[36.678,7.324],[36.695,7.313],[36.716,7.301],[36.735,7.288],[36.741,7.284],[36.763,7.265],[36.785,7.254],[36.791,7.252],[36.792,7.253],[36.805,7.27],[36.817,7.29],[36.841,7.326],[36.879,7.329],[36.918,7.294],[36.935,7.278],[36.944,7.271],[36.945,7.269],[36.956,7.26],[36.966,7.242],[36.965,7.225],[36.969,7.225],[37.005,7.234],[37.04,7.24],[37.069,7.235],[37.105,7.224],[37.117,7.226],[37.125,7.227],[37.131,7.229],[37.156,7.242],[37.181,7.263],[37.209,7.29],[37.212,7.293],[37.219,7.297],[37.238,7.312],[37.264,7.326],[37.289,7.334],[37.33,7.343],[37.331,7.35],[37.339,7.352],[37.347,7.357],[37.35,7.357],[37.35,7.354],[37.354,7.342],[37.352,7.329],[37.353,7.325],[37.354,7.325],[37.355,7.323],[37.353,7.301],[37.355,7.296],[37.356,7.279],[37.359,7.272],[37.373,7.252],[37.381,7.247],[37.385,7.246],[37.388,7.247],[37.397,7.245],[37.401,7.247],[37.404,7.244],[37.409,7.239],[37.415,7.23],[37.419,7.228],[37.425,7.226],[37.428,7.223],[37.439,7.221],[37.442,7.218],[37.446,7.213],[37.453,7.209],[37.456,7.203],[37.462,7.2],[37.467,7.199],[37.475,7.201],[37.478,7.203],[37.488,7.204],[37.491,7.206],[37.496,7.207],[37.5,7.211],[37.504,7.213],[37.508,7.215],[37.515,7.213],[37.517,7.21],[37.523,7.208],[37.524,7.206],[37.528,7.204],[37.531,7.198],[37.53,7.19],[37.53,7.189],[37.528,7.189],[37.527,7.184],[37.519,7.179],[37.51,7.172],[37.507,7.168],[37.504,7.161],[37.494,7.15],[37.489,7.148],[37.483,7.146],[37.479,7.145],[37.476,7.146],[37.465,7.144],[37.459,7.14],[37.455,7.133],[37.454,7.127],[37.456,7.121],[37.46,7.115],[37.459,7.109],[37.46,7.106],[37.459,7.103],[37.46,7.098],[37.458,7.09],[37.456,7.089],[37.455,7.079],[37.45,7.07],[37.449,7.064],[37.445,7.06],[37.441,7.051],[37.447,7.045],[37.445,7.041],[37.441,7.039],[37.439,7.031],[37.432,7.026],[37.433,7.018],[37.432,7.009],[37.427,7.003],[37.426,6.998],[37.427,6.989],[37.424,6.982],[37.423,6.977],[37.424,6.973],[37.421,6.962],[37.421,6.956],[37.422,6.954],[37.421,6.946],[37.424,6.939],[37.423,6.933],[37.431,6.922],[37.429,6.916],[37.434,6.908],[37.435,6.904],[37.434,6.902],[37.436,6.897],[37.434,6.894],[37.43,6.89],[37.425,6.884],[37.426,6.881],[37.423,6.876],[37.416,6.87],[37.411,6.869],[37.407,6.866],[37.403,6.867],[37.401,6.866],[37.397,6.865],[37.391,6.861],[37.387,6.861],[37.38,6.866],[37.374,6.866],[37.37,6.868],[37.361,6.868],[37.353,6.872],[37.343,6.871],[37.341,6.874],[37.337,6.874],[37.335,6.865],[37.328,6.866],[37.324,6.864],[37.321,6.863],[37.317,6.865],[37.313,6.863],[37.309,6.864],[37.304,6.858],[37.302,6.851],[37.299,6.843],[37.293,6.835],[37.288,6.833],[37.287,6.831],[37.286,6.831],[37.283,6.828],[37.282,6.824],[37.28,6.821],[37.279,6.815],[37.277,6.81],[37.277,6.799],[37.274,6.798],[37.274,6.791],[37.27,6.788],[37.268,6.777],[37.266,6.779],[37.265,6.776],[37.261,6.773],[37.255,6.771],[37.251,6.766],[37.245,6.763],[37.243,6.757],[37.244,6.751],[37.25,6.747],[37.25,6.743],[37.243,6.737],[37.238,6.73],[37.229,6.727],[37.225,6.721],[37.226,6.71],[37.223,6.705],[37.222,6.701],[37.224,6.698],[37.226,6.699],[37.229,6.698],[37.228,6.69],[37.231,6.687],[37.231,6.676],[37.233,6.671],[37.238,6.672],[37.239,6.673],[37.24,6.672],[37.242,6.666],[37.241,6.657],[37.237,6.653],[37.234,6.652],[37.231,6.653],[37.227,6.652],[37.22,6.653],[37.211,6.649],[37.202,6.648],[37.197,6.65],[37.195,6.654],[37.194,6.654],[37.193,6.657],[37.184,6.666],[37.173,6.668],[37.166,6.67],[37.146,6.669],[37.139,6.66],[37.134,6.655],[37.121,6.654],[37.121,6.652],[37.112,6.645],[37.106,6.634],[37.099,6.632],[37.087,6.631],[37.082,6.629],[37.065,6.626],[37.059,6.623],[37.053,6.62],[37.041,6.611],[37.036,6.603],[37.032,6.599],[37.026,6.595],[37.02,6.593],[37.006,6.589],[36.999,6.591],[36.989,6.599],[36.988,6.603],[36.99,6.609],[36.991,6.629],[36.989,6.632],[36.988,6.635],[36.989,6.64],[36.992,6.645],[36.994,6.652],[36.992,6.657],[36.99,6.676],[36.988,6.681],[36.982,6.687],[36.966,6.694],[36.953,6.698],[36.945,6.701],[36.942,6.703],[36.934,6.703],[36.932,6.704],[36.931,6.703],[36.928,6.701],[36.919,6.699],[36.908,6.694],[36.902,6.692],[36.895,6.689],[36.889,6.686],[36.883,6.679],[36.872,6.67],[36.867,6.668],[36.859,6.67],[36.843,6.671],[36.84,6.672],[36.834,6.676],[36.826,6.68],[36.82,6.682],[36.817,6.684],[36.811,6.686],[36.81,6.689],[36.807,6.689],[36.794,6.702],[36.783,6.709],[36.771,6.712],[36.759,6.711],[36.747,6.712],[36.741,6.711],[36.733,6.713],[36.723,6.713],[36.719,6.711],[36.705,6.709],[36.696,6.705],[36.693,6.705],[36.693,6.704],[36.691,6.703],[36.682,6.691],[36.679,6.686],[36.679,6.684],[36.68,6.674],[36.679,6.665],[36.671,6.656],[36.662,6.652],[36.642,6.646],[36.632,6.636],[36.628,6.635],[36.621,6.629],[36.608,6.63],[36.6,6.627],[36.597,6.623],[36.593,6.614],[36.58,6.6],[36.578,6.592],[36.572,6.583],[36.569,6.581],[36.553,6.58],[36.539,6.567],[36.53,6.563],[36.521,6.556],[36.513,6.552],[36.503,6.549],[36.496,6.544],[36.491,6.534],[36.483,6.532],[36.472,6.529],[36.464,6.53],[36.455,6.522],[36.451,6.517],[36.443,6.511],[36.438,6.504],[36.434,6.5],[36.43,6.496],[36.425,6.489],[36.42,6.483],[36.417,6.476],[36.409,6.474],[36.393,6.465],[36.389,6.461],[36.384,6.458],[36.38,6.458],[36.371,6.46],[36.367,6.467],[36.362,6.469],[36.356,6.463],[36.352,6.461],[36.348,6.459],[36.339,6.46],[36.327,6.458],[36.325,6.459],[36.325,6.458],[36.323,6.458],[36.323,6.455],[36.318,6.451],[36.316,6.448],[36.314,6.438],[36.308,6.428],[36.304,6.424],[36.3,6.42],[36.289,6.416],[36.28,6.41],[36.27,6.399],[36.267,6.392],[36.264,6.39],[36.26,6.39],[36.249,6.385],[36.242,6.386],[36.236,6.39],[36.233,6.393],[36.23,6.395],[36.228,6.398],[36.225,6.401],[36.221,6.403],[36.22,6.405],[36.216,6.407],[36.214,6.41],[36.212,6.42],[36.204,6.427],[36.203,6.429],[36.2,6.431],[36.191,6.442],[36.187,6.443],[36.172,6.437],[36.161,6.435],[36.152,6.438],[36.147,6.437],[36.137,6.438],[36.135,6.436],[36.132,6.435],[36.131,6.433],[36.127,6.43],[36.125,6.425],[36.118,6.416],[36.108,6.414],[36.097,6.401],[36.094,6.388],[36.08,6.38],[36.076,6.374],[36.07,6.355],[36.064,6.352],[36.06,6.351],[36.054,6.347],[36.046,6.35],[36.041,6.349],[36.038,6.343],[36.035,6.334],[36.037,6.328],[36.05,6.316],[36.055,6.314],[36.057,6.312],[36.059,6.308],[36.058,6.304],[36.054,6.3],[36.046,6.296],[36.044,6.292],[36.044,6.287],[36.042,6.284],[36.041,6.274],[36.039,6.27],[36.036,6.269],[36.032,6.274],[36.027,6.275],[36.023,6.271],[36.019,6.266],[36.008,6.264],[36,6.261],[35.995,6.258],[35.992,6.258],[35.99,6.255],[35.984,6.252],[35.978,6.246],[35.972,6.24],[35.969,6.235],[35.964,6.23],[35.962,6.228],[35.958,6.227],[35.956,6.219],[35.96,6.212],[35.967,6.208],[35.968,6.2],[35.966,6.195],[35.962,6.182],[35.964,6.178],[35.974,6.172],[35.977,6.169],[35.978,6.166],[35.974,6.164],[35.968,6.164],[35.959,6.168],[35.953,6.167],[35.944,6.158],[35.937,6.144],[35.936,6.143],[35.934,6.136],[35.933,6.133],[35.935,6.129],[35.94,6.127],[35.948,6.125],[35.951,6.12],[35.951,6.115],[35.947,6.11],[35.945,6.104],[35.949,6.099],[35.96,6.096],[35.973,6.098],[35.982,6.091],[35.986,6.089],[35.995,6.085],[35.994,6.076],[35.986,6.065],[35.984,6.056],[35.982,6.052],[35.984,6.047],[35.987,6.043],[35.991,6.04],[35.994,6.036],[35.995,6.028],[35.999,6.023],[36,6.021],[35.999,6.015],[36.001,6.01],[36.007,6.002],[36.009,5.996],[36.007,5.99],[36.006,5.981],[36.002,5.972],[35.99,5.967],[35.988,5.961],[35.989,5.956],[35.984,5.955],[35.98,5.951],[35.978,5.947],[35.977,5.944],[35.98,5.94],[35.989,5.931],[35.99,5.915],[35.988,5.909],[35.983,5.901],[35.988,5.895],[35.983,5.89],[35.979,5.888],[35.977,5.885],[35.978,5.874],[35.975,5.87],[35.97,5.872],[35.968,5.869],[35.97,5.859],[35.974,5.845],[35.973,5.84],[35.962,5.838],[35.961,5.828],[35.965,5.822],[35.966,5.82],[35.962,5.813],[35.966,5.804],[35.967,5.8],[35.962,5.788],[35.963,5.78],[35.966,5.774],[35.977,5.763],[35.979,5.759],[35.977,5.755],[35.978,5.736],[35.976,5.734],[35.975,5.726],[35.966,5.717],[35.964,5.712],[35.961,5.707],[35.959,5.699],[35.962,5.696],[35.97,5.697],[35.97,5.693],[35.961,5.692],[35.959,5.688],[35.958,5.683],[35.962,5.681],[35.968,5.682],[35.965,5.679],[35.964,5.666],[35.956,5.661],[35.952,5.653],[35.952,5.651],[35.949,5.652],[35.938,5.655],[35.918,5.661],[35.904,5.665],[35.876,5.673],[35.86,5.671],[35.849,5.67],[35.834,5.668],[35.821,5.668],[35.808,5.666],[35.803,5.662],[35.792,5.647],[35.785,5.64],[35.773,5.624],[35.766,5.616],[35.761,5.608],[35.755,5.601],[35.754,5.586],[35.756,5.564],[35.758,5.515],[35.756,5.505],[35.756,5.471],[35.754,5.463],[35.756,5.413],[35.754,5.394],[35.754,5.374],[35.756,5.371],[35.756,5.368],[35.754,5.371],[35.751,5.37],[35.75,5.37],[35.749,5.37],[35.746,5.372],[35.744,5.373],[35.738,5.374],[35.736,5.373],[35.735,5.372],[35.732,5.373],[35.73,5.375],[35.729,5.376],[35.727,5.375],[35.726,5.375],[35.725,5.377],[35.724,5.378],[35.719,5.39],[35.717,5.39],[35.704,5.388],[35.699,5.387],[35.691,5.384],[35.683,5.387],[35.679,5.384],[35.678,5.383],[35.671,5.384],[35.661,5.384],[35.66,5.385],[35.659,5.387],[35.658,5.389],[35.658,5.39],[35.657,5.39],[35.656,5.39],[35.654,5.389],[35.638,5.381],[35.637,5.381],[35.628,5.378],[35.622,5.38],[35.62,5.384],[35.62,5.385],[35.62,5.398],[35.618,5.399],[35.617,5.399],[35.611,5.399],[35.603,5.397],[35.599,5.4],[35.598,5.4],[35.596,5.403],[35.592,5.41],[35.588,5.413],[35.585,5.414],[35.584,5.415],[35.583,5.415],[35.582,5.415],[35.575,5.414],[35.57,5.41],[35.568,5.408],[35.565,5.408],[35.564,5.407],[35.553,5.411],[35.549,5.414],[35.547,5.417],[35.546,5.417],[35.545,5.417],[35.544,5.417],[35.536,5.418],[35.535,5.418],[35.532,5.418],[35.527,5.413],[35.524,5.414],[35.523,5.414],[35.52,5.416],[35.518,5.417],[35.514,5.417],[35.501,5.415],[35.499,5.414],[35.495,5.412],[35.492,5.41],[35.482,5.409],[35.472,5.407],[35.468,5.403],[35.466,5.399],[35.456,5.387],[35.43,5.375],[35.425,5.372],[35.421,5.37],[35.416,5.367],[35.409,5.361],[35.4,5.357],[35.389,5.356],[35.374,5.355],[35.365,5.349],[35.364,5.348],[35.353,5.337],[35.344,5.333],[35.339,5.331],[35.337,5.33],[35.335,5.33],[35.334,5.33]]]}},{"type":"Feature","properties":{"name":"South Ethiopia","centroid":[37.215,5.766],"code":""},"geometry":{"type":"MultiPolygon","coordinates":[[[[38.396,5.92],[38.389,5.911],[38.381,5.904],[38.359,5.902],[38.342,5.884],[38.325,5.868],[38.317,5.865],[38.312,5.864],[38.304,5.861],[38.293,5.863],[38.27,5.868],[38.255,5.859],[38.239,5.844],[38.223,5.838],[38.208,5.84],[38.198,5.849],[38.199,5.86],[38.2,5.861],[38.2,5.866],[38.204,5.871],[38.209,5.88],[38.214,5.891],[38.215,5.892],[38.212,5.916],[38.204,5.935],[38.192,5.938],[38.187,5.939],[38.181,5.941],[38.17,5.957],[38.159,5.984],[38.155,5.993],[38.154,5.995],[38.153,5.995],[38.148,6.003],[38.146,6.003],[38.139,6.01],[38.122,6.017],[38.117,6.05],[38.105,6.065],[38.101,6.076],[38.099,6.087],[38.097,6.088],[38.097,6.09],[38.096,6.091],[38.094,6.093],[38.08,6.117],[38.087,6.16],[38.089,6.164],[38.09,6.165],[38.102,6.18],[38.117,6.167],[38.125,6.155],[38.142,6.154],[38.159,6.16],[38.171,6.166],[38.187,6.182],[38.198,6.206],[38.193,6.226],[38.179,6.238],[38.172,6.255],[38.174,6.266],[38.181,6.281],[38.186,6.298],[38.187,6.298],[38.188,6.304],[38.198,6.319],[38.213,6.33],[38.233,6.331],[38.252,6.337],[38.274,6.348],[38.284,6.357],[38.288,6.359],[38.288,6.36],[38.293,6.37],[38.293,6.397],[38.29,6.402],[38.283,6.408],[38.285,6.411],[38.281,6.416],[38.283,6.418],[38.282,6.424],[38.284,6.427],[38.282,6.43],[38.283,6.436],[38.282,6.438],[38.281,6.441],[38.286,6.44],[38.286,6.435],[38.291,6.434],[38.289,6.428],[38.294,6.427],[38.297,6.428],[38.299,6.424],[38.307,6.423],[38.308,6.42],[38.311,6.419],[38.314,6.42],[38.32,6.418],[38.338,6.417],[38.341,6.42],[38.346,6.418],[38.351,6.418],[38.354,6.416],[38.361,6.415],[38.366,6.413],[38.369,6.415],[38.376,6.414],[38.389,6.416],[38.391,6.414],[38.395,6.413],[38.397,6.411],[38.398,6.407],[38.4,6.405],[38.401,6.4],[38.404,6.395],[38.4,6.381],[38.399,6.373],[38.395,6.37],[38.394,6.367],[38.394,6.366],[38.398,6.366],[38.399,6.364],[38.402,6.361],[38.401,6.355],[38.405,6.356],[38.408,6.355],[38.41,6.362],[38.417,6.37],[38.424,6.369],[38.424,6.363],[38.422,6.347],[38.424,6.327],[38.425,6.308],[38.427,6.3],[38.426,6.288],[38.433,6.266],[38.438,6.225],[38.438,6.224],[38.439,6.216],[38.434,6.198],[38.413,6.189],[38.393,6.181],[38.377,6.164],[38.365,6.142],[38.363,6.12],[38.351,6.095],[38.342,6.083],[38.342,6.082],[38.332,6.067],[38.32,6.048],[38.318,6.037],[38.314,6.027],[38.295,6.016],[38.279,6.005],[38.272,5.987],[38.273,5.984],[38.28,5.973],[38.283,5.97],[38.293,5.973],[38.305,5.98],[38.32,5.974],[38.325,5.964],[38.327,5.955],[38.341,5.954],[38.356,5.948],[38.375,5.943],[38.389,5.932],[38.396,5.92]]],[[[36.871,5.024],[36.87,5.023],[36.868,5.006],[36.861,4.978],[36.865,4.944],[36.861,4.934],[36.862,4.903],[36.862,4.849],[36.863,4.849],[36.863,4.795],[36.864,4.792],[36.855,4.735],[36.828,4.709],[36.755,4.709],[36.706,4.71],[36.647,4.709],[36.681,4.604],[36.658,4.58],[36.694,4.488],[36.712,4.442],[36.712,4.441],[36.709,4.441],[36.689,4.441],[36.684,4.441],[36.672,4.44],[36.669,4.44],[36.666,4.44],[36.659,4.443],[36.655,4.444],[36.647,4.454],[36.646,4.455],[36.646,4.454],[36.565,4.448],[36.564,4.448],[36.551,4.447],[36.544,4.446],[36.52,4.446],[36.475,4.447],[36.448,4.447],[36.438,4.447],[36.436,4.447],[36.4,4.448],[36.381,4.448],[36.361,4.448],[36.315,4.449],[36.311,4.449],[36.306,4.449],[36.279,4.449],[36.264,4.449],[36.246,4.46],[36.245,4.461],[36.243,4.459],[36.233,4.451],[36.212,4.448],[36.196,4.449],[36.193,4.449],[36.192,4.45],[36.19,4.45],[36.189,4.45],[36.188,4.45],[36.187,4.45],[36.143,4.449],[36.137,4.448],[36.123,4.447],[36.113,4.447],[36.066,4.447],[36.056,4.447],[36.048,4.447],[36.044,4.447],[36.041,4.448],[36.039,4.449],[36.037,4.45],[36.035,4.453],[36.029,4.461],[36.014,4.475],[35.988,4.503],[35.981,4.51],[35.98,4.511],[35.971,4.52],[35.966,4.526],[35.965,4.527],[35.962,4.529],[35.959,4.531],[35.958,4.531],[35.957,4.533],[35.956,4.535],[35.954,4.543],[35.954,4.545],[35.955,4.546],[35.961,4.563],[35.959,4.564],[35.954,4.57],[35.945,4.575],[35.948,4.62],[35.934,4.637],[35.916,4.659],[35.864,4.724],[35.817,4.777],[35.817,4.787],[35.817,4.789],[35.817,4.795],[35.816,4.825],[35.816,4.832],[35.816,4.833],[35.816,4.84],[35.816,4.879],[35.816,4.89],[35.816,4.896],[35.814,4.913],[35.816,4.936],[35.816,4.959],[35.816,4.991],[35.816,4.993],[35.816,5],[35.816,5.026],[35.815,5.072],[35.815,5.084],[35.815,5.085],[35.817,5.103],[35.817,5.104],[35.819,5.106],[35.827,5.115],[35.828,5.117],[35.829,5.118],[35.84,5.126],[35.845,5.136],[35.859,5.154],[35.863,5.166],[35.863,5.169],[35.864,5.175],[35.863,5.178],[35.863,5.179],[35.859,5.188],[35.856,5.194],[35.855,5.195],[35.847,5.204],[35.846,5.205],[35.84,5.213],[35.838,5.215],[35.829,5.234],[35.829,5.242],[35.829,5.251],[35.832,5.259],[35.84,5.271],[35.845,5.277],[35.851,5.284],[35.856,5.286],[35.861,5.288],[35.863,5.296],[35.864,5.303],[35.864,5.305],[35.864,5.306],[35.863,5.308],[35.862,5.312],[35.862,5.313],[35.862,5.314],[35.861,5.315],[35.859,5.316],[35.854,5.319],[35.844,5.323],[35.843,5.325],[35.843,5.326],[35.842,5.327],[35.841,5.329],[35.84,5.33],[35.839,5.33],[35.828,5.331],[35.82,5.336],[35.815,5.338],[35.809,5.34],[35.793,5.344],[35.788,5.347],[35.787,5.347],[35.784,5.349],[35.782,5.35],[35.778,5.353],[35.776,5.352],[35.774,5.352],[35.774,5.347],[35.772,5.348],[35.762,5.353],[35.757,5.357],[35.757,5.358],[35.757,5.359],[35.757,5.362],[35.756,5.366],[35.756,5.368],[35.756,5.371],[35.754,5.374],[35.754,5.394],[35.756,5.413],[35.754,5.463],[35.756,5.471],[35.756,5.505],[35.758,5.515],[35.756,5.564],[35.754,5.586],[35.755,5.601],[35.761,5.608],[35.766,5.616],[35.773,5.624],[35.785,5.64],[35.792,5.647],[35.803,5.662],[35.808,5.666],[35.821,5.668],[35.834,5.668],[35.849,5.67],[35.86,5.671],[35.876,5.673],[35.904,5.665],[35.918,5.661],[35.938,5.655],[35.949,5.652],[35.952,5.651],[35.952,5.653],[35.956,5.661],[35.964,5.666],[35.965,5.679],[35.968,5.682],[35.962,5.681],[35.958,5.683],[35.959,5.688],[35.961,5.692],[35.97,5.693],[35.97,5.697],[35.962,5.696],[35.959,5.699],[35.961,5.707],[35.964,5.712],[35.966,5.717],[35.975,5.726],[35.976,5.734],[35.978,5.736],[35.977,5.755],[35.979,5.759],[35.977,5.763],[35.966,5.774],[35.963,5.78],[35.962,5.788],[35.967,5.8],[35.966,5.804],[35.962,5.813],[35.966,5.82],[35.965,5.822],[35.961,5.828],[35.962,5.838],[35.973,5.84],[35.974,5.845],[35.97,5.859],[35.968,5.869],[35.97,5.872],[35.975,5.87],[35.978,5.874],[35.977,5.885],[35.979,5.888],[35.983,5.89],[35.988,5.895],[35.983,5.901],[35.988,5.909],[35.99,5.915],[35.989,5.931],[35.98,5.94],[35.977,5.944],[35.978,5.947],[35.98,5.951],[35.984,5.955],[35.989,5.956],[35.988,5.961],[35.99,5.967],[36.002,5.972],[36.006,5.981],[36.007,5.99],[36.009,5.996],[36.007,6.002],[36.001,6.01],[35.999,6.015],[36,6.021],[35.999,6.023],[35.995,6.028],[35.994,6.036],[35.991,6.04],[35.987,6.043],[35.984,6.047],[35.982,6.052],[35.984,6.056],[35.986,6.065],[35.994,6.076],[35.995,6.085],[35.986,6.089],[35.982,6.091],[35.973,6.098],[35.96,6.096],[35.949,6.099],[35.945,6.104],[35.947,6.11],[35.951,6.115],[35.951,6.12],[35.948,6.125],[35.94,6.127],[35.935,6.129],[35.933,6.133],[35.934,6.136],[35.936,6.143],[35.937,6.144],[35.944,6.158],[35.953,6.167],[35.959,6.168],[35.968,6.164],[35.974,6.164],[35.978,6.166],[35.977,6.169],[35.974,6.172],[35.964,6.178],[35.962,6.182],[35.966,6.195],[35.968,6.2],[35.967,6.208],[35.96,6.212],[35.956,6.219],[35.958,6.227],[35.962,6.228],[35.964,6.23],[35.969,6.235],[35.972,6.24],[35.978,6.246],[35.984,6.252],[35.99,6.255],[35.992,6.258],[35.995,6.258],[36,6.261],[36.008,6.264],[36.019,6.266],[36.023,6.271],[36.027,6.275],[36.032,6.274],[36.036,6.269],[36.039,6.27],[36.041,6.274],[36.042,6.284],[36.044,6.287],[36.044,6.292],[36.046,6.296],[36.054,6.3],[36.058,6.304],[36.059,6.308],[36.057,6.312],[36.055,6.314],[36.05,6.316],[36.037,6.328],[36.035,6.334],[36.038,6.343],[36.041,6.349],[36.046,6.35],[36.054,6.347],[36.06,6.351],[36.064,6.352],[36.07,6.355],[36.076,6.374],[36.08,6.38],[36.094,6.388],[36.097,6.401],[36.108,6.414],[36.118,6.416],[36.125,6.425],[36.127,6.43],[36.131,6.433],[36.132,6.435],[36.135,6.436],[36.137,6.438],[36.147,6.437],[36.152,6.438],[36.161,6.435],[36.172,6.437],[36.187,6.443],[36.191,6.442],[36.2,6.431],[36.203,6.429],[36.204,6.427],[36.212,6.42],[36.214,6.41],[36.216,6.407],[36.22,6.405],[36.221,6.403],[36.225,6.401],[36.228,6.398],[36.23,6.395],[36.233,6.393],[36.236,6.39],[36.242,6.386],[36.249,6.385],[36.26,6.39],[36.264,6.39],[36.267,6.392],[36.27,6.399],[36.28,6.41],[36.289,6.416],[36.3,6.42],[36.304,6.424],[36.308,6.428],[36.314,6.438],[36.316,6.448],[36.318,6.451],[36.323,6.455],[36.323,6.458],[36.325,6.458],[36.325,6.459],[36.327,6.458],[36.339,6.46],[36.348,6.459],[36.352,6.461],[36.356,6.463],[36.362,6.469],[36.367,6.467],[36.371,6.46],[36.38,6.458],[36.384,6.458],[36.389,6.461],[36.393,6.465],[36.409,6.474],[36.417,6.476],[36.42,6.483],[36.425,6.489],[36.43,6.496],[36.434,6.5],[36.438,6.504],[36.443,6.511],[36.451,6.517],[36.455,6.522],[36.464,6.53],[36.472,6.529],[36.483,6.532],[36.491,6.534],[36.496,6.544],[36.503,6.549],[36.513,6.552],[36.521,6.556],[36.53,6.563],[36.539,6.567],[36.553,6.58],[36.569,6.581],[36.572,6.583],[36.578,6.592],[36.58,6.6],[36.593,6.614],[36.597,6.623],[36.6,6.627],[36.608,6.63],[36.621,6.629],[36.628,6.635],[36.632,6.636],[36.642,6.646],[36.662,6.652],[36.671,6.656],[36.679,6.665],[36.68,6.674],[36.679,6.684],[36.679,6.686],[36.682,6.691],[36.691,6.703],[36.693,6.704],[36.693,6.705],[36.696,6.705],[36.705,6.709],[36.719,6.711],[36.723,6.713],[36.733,6.713],[36.741,6.711],[36.747,6.712],[36.759,6.711],[36.771,6.712],[36.783,6.709],[36.794,6.702],[36.807,6.689],[36.81,6.689],[36.811,6.686],[36.817,6.684],[36.82,6.682],[36.826,6.68],[36.834,6.676],[36.84,6.672],[36.843,6.671],[36.859,6.67],[36.867,6.668],[36.872,6.67],[36.883,6.679],[36.889,6.686],[36.895,6.689],[36.902,6.692],[36.908,6.694],[36.919,6.699],[36.928,6.701],[36.931,6.703],[36.932,6.704],[36.934,6.703],[36.942,6.703],[36.945,6.701],[36.953,6.698],[36.966,6.694],[36.982,6.687],[36.988,6.681],[36.99,6.676],[36.992,6.657],[36.994,6.652],[36.992,6.645],[36.989,6.64],[36.988,6.635],[36.989,6.632],[36.991,6.629],[36.99,6.609],[36.988,6.603],[36.989,6.599],[36.999,6.591],[37.006,6.589],[37.02,6.593],[37.026,6.595],[37.032,6.599],[37.036,6.603],[37.041,6.611],[37.053,6.62],[37.059,6.623],[37.065,6.626],[37.082,6.629],[37.087,6.631],[37.099,6.632],[37.106,6.634],[37.112,6.645],[37.121,6.652],[37.121,6.654],[37.134,6.655],[37.139,6.66],[37.146,6.669],[37.166,6.67],[37.173,6.668],[37.184,6.666],[37.193,6.657],[37.194,6.654],[37.195,6.654],[37.197,6.65],[37.202,6.648],[37.211,6.649],[37.22,6.653],[37.227,6.652],[37.231,6.653],[37.234,6.652],[37.237,6.653],[37.241,6.657],[37.242,6.666],[37.24,6.672],[37.239,6.673],[37.238,6.672],[37.233,6.671],[37.231,6.676],[37.231,6.687],[37.228,6.69],[37.229,6.698],[37.226,6.699],[37.224,6.698],[37.222,6.701],[37.223,6.705],[37.226,6.71],[37.225,6.721],[37.229,6.727],[37.238,6.73],[37.243,6.737],[37.25,6.743],[37.25,6.747],[37.244,6.751],[37.243,6.757],[37.245,6.763],[37.251,6.766],[37.255,6.771],[37.261,6.773],[37.265,6.776],[37.266,6.779],[37.268,6.777],[37.27,6.788],[37.274,6.791],[37.274,6.798],[37.277,6.799],[37.277,6.81],[37.279,6.815],[37.28,6.821],[37.282,6.824],[37.283,6.828],[37.286,6.831],[37.287,6.831],[37.288,6.833],[37.293,6.835],[37.299,6.843],[37.302,6.851],[37.304,6.858],[37.309,6.864],[37.313,6.863],[37.317,6.865],[37.321,6.863],[37.324,6.864],[37.328,6.866],[37.335,6.865],[37.337,6.874],[37.341,6.874],[37.343,6.871],[37.353,6.872],[37.361,6.868],[37.37,6.868],[37.374,6.866],[37.38,6.866],[37.387,6.861],[37.391,6.861],[37.397,6.865],[37.401,6.866],[37.403,6.867],[37.407,6.866],[37.411,6.869],[37.416,6.87],[37.423,6.876],[37.426,6.881],[37.425,6.884],[37.43,6.89],[37.434,6.894],[37.436,6.897],[37.434,6.902],[37.435,6.904],[37.434,6.908],[37.429,6.916],[37.431,6.922],[37.423,6.933],[37.424,6.939],[37.421,6.946],[37.422,6.954],[37.421,6.956],[37.421,6.962],[37.424,6.973],[37.423,6.977],[37.424,6.982],[37.427,6.989],[37.426,6.998],[37.427,7.003],[37.432,7.009],[37.433,7.018],[37.432,7.026],[37.439,7.031],[37.441,7.039],[37.445,7.041],[37.447,7.045],[37.441,7.051],[37.445,7.06],[37.449,7.064],[37.45,7.07],[37.455,7.079],[37.456,7.089],[37.458,7.09],[37.46,7.098],[37.459,7.103],[37.46,7.106],[37.459,7.109],[37.46,7.115],[37.456,7.121],[37.454,7.127],[37.455,7.133],[37.459,7.14],[37.465,7.144],[37.476,7.146],[37.479,7.145],[37.483,7.146],[37.489,7.148],[37.494,7.15],[37.504,7.161],[37.507,7.168],[37.51,7.172],[37.519,7.179],[37.527,7.184],[37.528,7.189],[37.53,7.189],[37.53,7.19],[37.533,7.189],[37.535,7.19],[37.536,7.188],[37.54,7.185],[37.54,7.18],[37.542,7.177],[37.544,7.171],[37.547,7.17],[37.554,7.172],[37.557,7.171],[37.56,7.172],[37.564,7.171],[37.568,7.173],[37.57,7.174],[37.574,7.173],[37.586,7.177],[37.589,7.176],[37.595,7.178],[37.6,7.177],[37.603,7.178],[37.605,7.177],[37.61,7.179],[37.612,7.177],[37.615,7.179],[37.622,7.177],[37.624,7.179],[37.626,7.178],[37.629,7.179],[37.63,7.177],[37.631,7.177],[37.632,7.178],[37.636,7.179],[37.638,7.181],[37.639,7.18],[37.645,7.179],[37.65,7.181],[37.653,7.18],[37.652,7.178],[37.655,7.179],[37.657,7.178],[37.659,7.179],[37.664,7.178],[37.666,7.178],[37.67,7.175],[37.673,7.174],[37.676,7.175],[37.679,7.173],[37.68,7.169],[37.683,7.169],[37.687,7.165],[37.691,7.167],[37.698,7.163],[37.7,7.164],[37.704,7.163],[37.704,7.162],[37.707,7.161],[37.706,7.159],[37.711,7.158],[37.715,7.156],[37.718,7.156],[37.718,7.152],[37.72,7.149],[37.719,7.142],[37.73,7.137],[37.739,7.139],[37.74,7.137],[37.746,7.135],[37.741,7.124],[37.737,7.12],[37.742,7.119],[37.742,7.117],[37.744,7.118],[37.749,7.117],[37.759,7.121],[37.761,7.119],[37.764,7.12],[37.77,7.119],[37.771,7.117],[37.775,7.117],[37.773,7.114],[37.778,7.111],[37.782,7.105],[37.788,7.101],[37.79,7.1],[37.792,7.101],[37.795,7.099],[37.797,7.096],[37.802,7.097],[37.811,7.094],[37.814,7.093],[37.821,7.097],[37.826,7.096],[37.835,7.099],[37.835,7.098],[37.838,7.099],[37.847,7.099],[37.848,7.102],[37.852,7.102],[37.854,7.104],[37.855,7.11],[37.858,7.111],[37.864,7.112],[37.87,7.115],[37.874,7.109],[37.881,7.107],[37.886,7.104],[37.894,7.102],[37.901,7.099],[37.906,7.1],[37.909,7.099],[37.913,7.103],[37.913,7.105],[37.914,7.105],[37.914,7.106],[37.919,7.109],[37.924,7.112],[37.93,7.117],[37.937,7.113],[37.939,7.111],[37.945,7.11],[37.951,7.108],[37.966,7.105],[37.971,7.111],[37.973,7.109],[37.98,7.108],[37.986,7.101],[37.985,7.099],[37.992,7.095],[37.995,7.089],[37.997,7.081],[37.993,7.068],[37.994,7.061],[37.994,7.06],[37.998,7.06],[38.002,7.058],[38.009,7.06],[38.011,7.062],[38.015,7.062],[38.019,7.065],[38.024,7.065],[38.025,7.066],[38.028,7.067],[38.034,7.064],[38.038,7.064],[38.038,7.066],[38.04,7.067],[38.037,7.073],[38.039,7.075],[38.046,7.076],[38.052,7.074],[38.054,7.072],[38.058,7.075],[38.063,7.076],[38.062,7.073],[38.064,7.057],[38.065,7.042],[38.074,7.029],[38.088,7.023],[38.102,7.01],[38.109,6.999],[38.117,6.98],[38.128,6.975],[38.13,6.974],[38.131,6.972],[38.13,6.963],[38.136,6.959],[38.135,6.957],[38.136,6.952],[38.133,6.949],[38.136,6.943],[38.137,6.939],[38.134,6.936],[38.13,6.934],[38.129,6.93],[38.131,6.927],[38.13,6.92],[38.131,6.912],[38.128,6.907],[38.125,6.9],[38.124,6.895],[38.118,6.888],[38.121,6.882],[38.118,6.876],[38.119,6.873],[38.114,6.864],[38.113,6.86],[38.11,6.853],[38.109,6.851],[38.103,6.848],[38.101,6.842],[38.098,6.835],[38.096,6.828],[38.091,6.817],[38.092,6.815],[38.09,6.81],[38.087,6.808],[38.086,6.805],[38.081,6.797],[38.08,6.792],[38.078,6.789],[38.077,6.781],[38.071,6.772],[38.07,6.767],[38.07,6.762],[38.067,6.756],[38.069,6.754],[38.066,6.746],[38.065,6.741],[38.062,6.738],[38.06,6.732],[38.058,6.73],[38.057,6.723],[38.054,6.716],[38.055,6.708],[38.051,6.701],[38.049,6.699],[38.05,6.692],[38.048,6.691],[38.046,6.692],[38.045,6.687],[38.041,6.686],[38.041,6.684],[38.038,6.686],[38.036,6.686],[38.039,6.683],[38.038,6.681],[38.039,6.68],[38.036,6.672],[38.029,6.67],[38.026,6.667],[38.022,6.668],[38.022,6.666],[38.019,6.664],[38.016,6.648],[38.014,6.639],[38.01,6.618],[38.013,6.608],[38.014,6.585],[38.017,6.583],[38.019,6.577],[38.017,6.576],[38.017,6.575],[37.996,6.575],[37.984,6.557],[37.971,6.55],[37.955,6.549],[37.933,6.557],[37.919,6.573],[37.915,6.583],[37.913,6.59],[37.904,6.593],[37.898,6.594],[37.897,6.594],[37.897,6.595],[37.896,6.595],[37.894,6.595],[37.894,6.596],[37.892,6.596],[37.872,6.582],[37.855,6.557],[37.844,6.543],[37.817,6.513],[37.814,6.51],[37.813,6.507],[37.807,6.498],[37.8,6.476],[37.796,6.449],[37.798,6.429],[37.808,6.409],[37.82,6.393],[37.84,6.378],[37.845,6.353],[37.848,6.332],[37.851,6.322],[37.852,6.3],[37.847,6.275],[37.84,6.248],[37.83,6.23],[37.825,6.219],[37.824,6.218],[37.81,6.196],[37.791,6.172],[37.779,6.15],[37.776,6.132],[37.775,6.116],[37.776,6.116],[37.776,6.114],[37.777,6.102],[37.779,6.094],[37.785,6.072],[37.79,6.049],[37.784,6.016],[37.783,6.01],[37.784,6.009],[37.792,5.995],[37.805,5.993],[37.815,5.998],[37.828,6.01],[37.843,6.011],[37.856,5.999],[37.865,5.986],[37.881,5.984],[37.895,5.975],[37.905,5.96],[37.928,5.96],[37.951,5.963],[37.959,5.96],[37.969,5.955],[37.978,5.928],[37.979,5.906],[37.983,5.888],[38.004,5.855],[38.007,5.848],[38.009,5.823],[38.013,5.803],[38.02,5.789],[38.04,5.771],[38.055,5.764],[38.073,5.762],[38.089,5.746],[38.089,5.739],[38.088,5.739],[38.087,5.721],[38.081,5.702],[38.075,5.689],[38.054,5.68],[38.041,5.673],[38.025,5.66],[38.009,5.65],[37.975,5.649],[37.966,5.646],[37.943,5.639],[37.942,5.637],[37.93,5.617],[37.94,5.587],[37.942,5.568],[37.948,5.534],[37.949,5.502],[37.947,5.475],[37.94,5.45],[37.935,5.422],[37.919,5.396],[37.902,5.373],[37.901,5.37],[37.9,5.368],[37.896,5.349],[37.901,5.326],[37.905,5.3],[37.904,5.274],[37.901,5.245],[37.893,5.24],[37.893,5.239],[37.892,5.239],[37.892,5.238],[37.89,5.238],[37.89,5.237],[37.889,5.237],[37.889,5.236],[37.888,5.236],[37.887,5.236],[37.887,5.235],[37.886,5.235],[37.854,5.234],[37.827,5.249],[37.81,5.268],[37.791,5.274],[37.773,5.283],[37.747,5.276],[37.729,5.292],[37.701,5.305],[37.675,5.307],[37.647,5.299],[37.646,5.297],[37.645,5.297],[37.644,5.295],[37.638,5.283],[37.63,5.266],[37.587,5.25],[37.58,5.248],[37.577,5.242],[37.553,5.234],[37.535,5.227],[37.518,5.22],[37.491,5.202],[37.466,5.193],[37.434,5.176],[37.432,5.175],[37.431,5.174],[37.417,5.166],[37.367,5.155],[37.34,5.159],[37.317,5.174],[37.292,5.194],[37.255,5.198],[37.25,5.198],[37.238,5.199],[37.217,5.212],[37.198,5.21],[37.182,5.194],[37.147,5.189],[37.119,5.187],[37.086,5.186],[37.054,5.191],[37.029,5.195],[37.005,5.198],[37.004,5.199],[36.992,5.196],[36.983,5.192],[36.949,5.194],[36.922,5.145],[36.893,5.109],[36.883,5.076],[36.872,5.029],[36.871,5.024]]]]}},{"type":"Feature","properties":{"name":"Central Ethiopia","centroid":[38.021,7.766],"code":""},"geometry":{"type":"Polygon","coordinates":[[[38.002,7.058],[37.998,7.06],[37.994,7.06],[37.994,7.061],[37.993,7.068],[37.997,7.081],[37.995,7.089],[37.992,7.095],[37.985,7.099],[37.986,7.101],[37.98,7.108],[37.973,7.109],[37.971,7.111],[37.966,7.105],[37.951,7.108],[37.945,7.11],[37.939,7.111],[37.937,7.113],[37.93,7.117],[37.924,7.112],[37.919,7.109],[37.914,7.106],[37.914,7.105],[37.913,7.105],[37.913,7.103],[37.909,7.099],[37.906,7.1],[37.901,7.099],[37.894,7.102],[37.886,7.104],[37.881,7.107],[37.874,7.109],[37.87,7.115],[37.864,7.112],[37.858,7.111],[37.855,7.11],[37.854,7.104],[37.852,7.102],[37.848,7.102],[37.847,7.099],[37.838,7.099],[37.835,7.098],[37.835,7.099],[37.826,7.096],[37.821,7.097],[37.814,7.093],[37.811,7.094],[37.802,7.097],[37.797,7.096],[37.795,7.099],[37.792,7.101],[37.79,7.1],[37.788,7.101],[37.782,7.105],[37.778,7.111],[37.773,7.114],[37.775,7.117],[37.771,7.117],[37.77,7.119],[37.764,7.12],[37.761,7.119],[37.759,7.121],[37.749,7.117],[37.744,7.118],[37.742,7.117],[37.742,7.119],[37.737,7.12],[37.741,7.124],[37.746,7.135],[37.74,7.137],[37.739,7.139],[37.73,7.137],[37.719,7.142],[37.72,7.149],[37.718,7.152],[37.718,7.156],[37.715,7.156],[37.711,7.158],[37.706,7.159],[37.707,7.161],[37.704,7.162],[37.704,7.163],[37.7,7.164],[37.698,7.163],[37.691,7.167],[37.687,7.165],[37.683,7.169],[37.68,7.169],[37.679,7.173],[37.676,7.175],[37.673,7.174],[37.67,7.175],[37.666,7.178],[37.664,7.178],[37.659,7.179],[37.657,7.178],[37.655,7.179],[37.652,7.178],[37.653,7.18],[37.65,7.181],[37.645,7.179],[37.639,7.18],[37.638,7.181],[37.636,7.179],[37.632,7.178],[37.631,7.177],[37.63,7.177],[37.629,7.179],[37.626,7.178],[37.624,7.179],[37.622,7.177],[37.615,7.179],[37.612,7.177],[37.61,7.179],[37.605,7.177],[37.603,7.178],[37.6,7.177],[37.595,7.178],[37.589,7.176],[37.586,7.177],[37.574,7.173],[37.57,7.174],[37.568,7.173],[37.564,7.171],[37.56,7.172],[37.557,7.171],[37.554,7.172],[37.547,7.17],[37.544,7.171],[37.542,7.177],[37.54,7.18],[37.54,7.185],[37.536,7.188],[37.535,7.19],[37.533,7.189],[37.53,7.19],[37.531,7.198],[37.528,7.204],[37.524,7.206],[37.523,7.208],[37.517,7.21],[37.515,7.213],[37.508,7.215],[37.504,7.213],[37.5,7.211],[37.496,7.207],[37.491,7.206],[37.488,7.204],[37.478,7.203],[37.475,7.201],[37.467,7.199],[37.462,7.2],[37.456,7.203],[37.453,7.209],[37.446,7.213],[37.442,7.218],[37.439,7.221],[37.428,7.223],[37.425,7.226],[37.419,7.228],[37.415,7.23],[37.409,7.239],[37.404,7.244],[37.401,7.247],[37.397,7.245],[37.388,7.247],[37.385,7.246],[37.381,7.247],[37.373,7.252],[37.359,7.272],[37.356,7.279],[37.355,7.296],[37.353,7.301],[37.355,7.323],[37.354,7.325],[37.353,7.325],[37.352,7.329],[37.354,7.342],[37.35,7.354],[37.35,7.357],[37.35,7.358],[37.358,7.362],[37.38,7.38],[37.39,7.401],[37.395,7.424],[37.397,7.436],[37.401,7.462],[37.407,7.492],[37.42,7.515],[37.439,7.545],[37.443,7.557],[37.445,7.564],[37.435,7.584],[37.428,7.609],[37.427,7.613],[37.426,7.616],[37.421,7.631],[37.418,7.637],[37.407,7.657],[37.401,7.682],[37.402,7.708],[37.4,7.741],[37.402,7.761],[37.403,7.784],[37.405,7.827],[37.412,7.853],[37.417,7.862],[37.434,7.897],[37.437,7.918],[37.43,7.929],[37.417,7.943],[37.408,7.949],[37.404,7.95],[37.403,7.951],[37.398,7.954],[37.39,7.962],[37.388,7.975],[37.392,7.992],[37.404,7.994],[37.41,7.998],[37.414,8],[37.422,8.002],[37.437,8.004],[37.458,8.007],[37.479,8.014],[37.491,8.017],[37.5,8.013],[37.513,8.001],[37.518,7.992],[37.522,7.978],[37.53,7.964],[37.538,7.954],[37.547,7.95],[37.556,7.948],[37.572,7.952],[37.589,7.96],[37.603,7.965],[37.601,7.978],[37.602,7.985],[37.601,8.002],[37.602,8.01],[37.597,8.038],[37.595,8.057],[37.592,8.077],[37.593,8.096],[37.597,8.119],[37.599,8.128],[37.6,8.128],[37.601,8.132],[37.606,8.15],[37.617,8.177],[37.624,8.2],[37.622,8.208],[37.615,8.211],[37.616,8.214],[37.618,8.221],[37.618,8.224],[37.617,8.224],[37.615,8.227],[37.606,8.228],[37.605,8.232],[37.602,8.234],[37.596,8.23],[37.587,8.235],[37.582,8.232],[37.577,8.232],[37.567,8.24],[37.562,8.239],[37.555,8.245],[37.55,8.244],[37.549,8.248],[37.547,8.25],[37.54,8.249],[37.538,8.251],[37.536,8.258],[37.533,8.26],[37.532,8.263],[37.528,8.266],[37.522,8.261],[37.506,8.254],[37.497,8.256],[37.491,8.255],[37.489,8.258],[37.481,8.258],[37.481,8.259],[37.48,8.259],[37.479,8.259],[37.476,8.262],[37.472,8.265],[37.465,8.28],[37.463,8.302],[37.464,8.317],[37.464,8.319],[37.466,8.33],[37.471,8.35],[37.481,8.37],[37.498,8.402],[37.511,8.416],[37.524,8.42],[37.525,8.421],[37.529,8.421],[37.536,8.423],[37.558,8.425],[37.576,8.414],[37.588,8.387],[37.598,8.365],[37.612,8.354],[37.632,8.365],[37.666,8.383],[37.674,8.379],[37.676,8.379],[37.676,8.378],[37.679,8.377],[37.685,8.368],[37.693,8.353],[37.705,8.337],[37.717,8.334],[37.733,8.344],[37.748,8.351],[37.763,8.348],[37.763,8.347],[37.764,8.347],[37.766,8.347],[37.766,8.346],[37.768,8.345],[37.78,8.339],[37.795,8.335],[37.816,8.331],[37.84,8.332],[37.863,8.335],[37.887,8.349],[37.91,8.37],[37.928,8.378],[37.949,8.367],[37.974,8.363],[37.988,8.359],[38.008,8.372],[38.018,8.381],[38.022,8.385],[38.028,8.39],[38.04,8.389],[38.059,8.379],[38.061,8.379],[38.067,8.376],[38.076,8.38],[38.087,8.39],[38.099,8.389],[38.11,8.39],[38.117,8.4],[38.122,8.406],[38.13,8.407],[38.13,8.408],[38.149,8.409],[38.164,8.408],[38.18,8.393],[38.203,8.403],[38.218,8.408],[38.24,8.409],[38.266,8.406],[38.282,8.399],[38.289,8.38],[38.302,8.376],[38.312,8.369],[38.312,8.348],[38.308,8.328],[38.307,8.299],[38.322,8.272],[38.326,8.268],[38.326,8.266],[38.329,8.264],[38.333,8.258],[38.348,8.254],[38.363,8.261],[38.367,8.262],[38.367,8.263],[38.375,8.265],[38.383,8.273],[38.402,8.279],[38.42,8.288],[38.427,8.294],[38.431,8.3],[38.432,8.311],[38.433,8.315],[38.44,8.331],[38.44,8.334],[38.441,8.335],[38.448,8.363],[38.452,8.385],[38.462,8.4],[38.465,8.416],[38.469,8.435],[38.478,8.447],[38.484,8.446],[38.489,8.446],[38.502,8.444],[38.511,8.448],[38.527,8.457],[38.548,8.453],[38.569,8.447],[38.576,8.444],[38.585,8.431],[38.591,8.426],[38.606,8.431],[38.617,8.43],[38.64,8.412],[38.655,8.394],[38.662,8.375],[38.667,8.354],[38.667,8.35],[38.666,8.327],[38.654,8.294],[38.651,8.284],[38.662,8.271],[38.685,8.256],[38.705,8.242],[38.716,8.229],[38.715,8.219],[38.692,8.202],[38.682,8.19],[38.679,8.17],[38.685,8.122],[38.679,8.095],[38.672,8.09],[38.664,8.098],[38.654,8.114],[38.645,8.124],[38.635,8.133],[38.63,8.145],[38.611,8.201],[38.604,8.223],[38.601,8.25],[38.593,8.26],[38.578,8.264],[38.56,8.266],[38.55,8.262],[38.544,8.25],[38.543,8.249],[38.542,8.242],[38.543,8.225],[38.552,8.212],[38.568,8.193],[38.582,8.171],[38.587,8.155],[38.589,8.127],[38.584,8.108],[38.592,8.092],[38.598,8.086],[38.601,8.085],[38.607,8.079],[38.622,8.068],[38.615,8.052],[38.614,8.05],[38.614,8.049],[38.613,8.043],[38.627,8.033],[38.625,8.028],[38.61,8.011],[38.612,8.006],[38.597,7.99],[38.591,7.97],[38.589,7.96],[38.586,7.938],[38.575,7.922],[38.567,7.905],[38.563,7.884],[38.549,7.871],[38.548,7.869],[38.541,7.865],[38.539,7.865],[38.539,7.864],[38.533,7.861],[38.513,7.848],[38.503,7.831],[38.5,7.81],[38.492,7.795],[38.469,7.778],[38.455,7.767],[38.445,7.759],[38.443,7.739],[38.439,7.719],[38.426,7.696],[38.414,7.684],[38.412,7.68],[38.411,7.661],[38.418,7.642],[38.42,7.624],[38.409,7.605],[38.401,7.594],[38.401,7.578],[38.419,7.569],[38.419,7.568],[38.42,7.568],[38.421,7.564],[38.426,7.553],[38.43,7.533],[38.427,7.514],[38.414,7.504],[38.41,7.503],[38.409,7.503],[38.394,7.502],[38.374,7.492],[38.342,7.478],[38.327,7.462],[38.328,7.452],[38.325,7.435],[38.319,7.414],[38.31,7.402],[38.293,7.391],[38.28,7.381],[38.278,7.363],[38.277,7.362],[38.278,7.359],[38.282,7.338],[38.275,7.318],[38.264,7.306],[38.245,7.295],[38.233,7.287],[38.221,7.276],[38.209,7.268],[38.208,7.266],[38.206,7.266],[38.2,7.262],[38.193,7.26],[38.186,7.259],[38.186,7.258],[38.181,7.257],[38.163,7.244],[38.144,7.232],[38.105,7.211],[38.101,7.208],[38.098,7.204],[38.087,7.194],[38.078,7.18],[38.077,7.154],[38.074,7.145],[38.073,7.139],[38.072,7.131],[38.069,7.122],[38.067,7.087],[38.063,7.076],[38.058,7.075],[38.054,7.072],[38.052,7.074],[38.046,7.076],[38.039,7.075],[38.037,7.073],[38.04,7.067],[38.038,7.066],[38.038,7.064],[38.034,7.064],[38.028,7.067],[38.025,7.066],[38.024,7.065],[38.019,7.065],[38.015,7.062],[38.011,7.062],[38.009,7.06],[38.002,7.058]]]}}]}