{"type":"FeatureCollection","features":[{"type":"Feature","properties":{"name":"Addis Ababa","place":"city","population":3500000},"geometry":{"type":"Point","coordinates":[38.7524,9.0358]}},{"type":"Feature","properties":{"name":"Wolaita Sodo","place":"city","population":512498},"geometry":{"type":"Point","coordinates":[37.7578,6.8578]}},{"type":"Feature","properties":{"name":"Dire Dawa","place":"city","population":398000},"geometry":{"type":"Point","coordinates":[41.8566,9.5913]}},{"type":"Feature","properties":{"name":"Adama","place":"city","population":228623},"geometry":{"type":"Point","coordinates":[39.2705,8.541]}},{"type":"Feature","properties":{"name":"Gonder","place":"city","population":213434},"geometry":{"type":"Point","coordinates":[37.4668,12.6104]}},{"type":"Feature","properties":{"name":"Jimma","place":"city","population":207573},"geometry":{"type":"Point","coordinates":[36.8479,7.6756]}},{"type":"Feature","properties":{"name":"Mek'elē","place":"city","population":185207},"geometry":{"type":"Point","coordinates":[39.4768,13.4967]}},{"type":"Feature","properties":{"name":"Dessie","place":"city","population":169104},"geometry":{"type":"Point","coordinates":[39.635,11.1226]}},{"type":"Feature","properties":{"name":"Abudwak","place":"city","population":164286},"geometry":{"type":"Point","coordinates":[46.2252,6.2462]}},{"type":"Feature","properties":{"name":"Hawassa","place":"city","population":160000},"geometry":{"type":"Point","coordinates":[38.4786,7.0481]}},{"type":"Feature","properties":{"name":"Harar","place":"city","population":132042},"geometry":{"type":"Point","coordinates":[42.1284,9.3118]}},{"type":"Feature","properties":{"name":"Asella","place":"city","population":110088},"geometry":{"type":"Point","coordinates":[39.1333,7.95]}},{"type":"Feature","properties":{"name":"Jijiga","place":"city","population":107122},"geometry":{"type":"Point","coordinates":[42.8004,9.3509]}},{"type":"Feature","properties":{"name":"Arba Minch","place":"city","population":101000},"geometry":{"type":"Point","coordinates":[37.554,6.0215]}},{"type":"Feature","properties":{"name":"Debre Markos","place":"city","population":93780},"geometry":{"type":"Point","coordinates":[37.7286,10.3359]}},{"type":"Feature","properties":{"name":"Naqamte","place":"city","population":92700},"geometry":{"type":"Point","coordinates":[36.5482,9.0905]}},{"type":"Feature","properties":{"name":"Kombolcha","place":"city","population":75434},"geometry":{"type":"Point","coordinates":[39.7409,11.0814]}},{"type":"Feature","properties":{"name":"Gode","place":"city","population":74546},"geometry":{"type":"Point","coordinates":[43.5522,5.9527]}},{"type":"Feature","properties":{"name":"Debre Birhan","place":"city","population":73697},"geometry":{"type":"Point","coordinates":[39.5325,9.6752]}},{"type":"Feature","properties":{"name":"Dilla","place":"city","population":67036},"geometry":{"type":"Point","coordinates":[38.3103,6.41]}},{"type":"Feature","properties":{"name":"Balanbale بالانبالي","place":"city","population":60000},"geometry":{"type":"Point","coordinates":[45.766,5.7669]}},{"type":"Feature","properties":{"name":"Ambo","place":"city","population":54211},"geometry":{"type":"Point","coordinates":[37.8554,8.9821]}},{"type":"Feature","properties":{"name":"Bati","place":"city","population":43500},"geometry":{"type":"Point","coordinates":[40.0198,11.1916]}},{"type":"Feature","properties":{"name":"Gambela","place":"city","population":31282},"geometry":{"type":"Point","coordinates":[34.5877,8.2504]}},{"type":"Feature","properties":{"name":"Fiche","place":"city","population":27493},"geometry":{"type":"Point","coordinates":[38.7389,9.772]}},{"type":"Feature","properties":{"name":"Fitche","place":"city","population":27493},"geometry":{"type":"Point","coordinates":[38.7333,9.7833]}},{"type":"Feature","properties":{"name":"Asosa","place":"city","population":20226},"geometry":{"type":"Point","coordinates":[34.5437,10.0646]}},{"type":"Feature","properties":{"name":"Abobo","place":"city","population":0},"geometry":{"type":"Point","coordinates":[34.5408,7.8979]}},{"type":"Feature","properties":{"name":"Addi Hamli","place":"city","population":0},"geometry":{"type":"Point","coordinates":[37.2722,13.6242]}},{"type":"Feature","properties":{"name":"Areka","place":"city","population":0},"geometry":{"type":"Point","coordinates":[37.7078,7.0732]}},{"type":"Feature","properties":{"name":"Awareh","place":"city","population":0},"geometry":{"type":"Point","coordinates":[44.1588,8.2591]}},{"type":"Feature","properties":{"name":"Badessa","place":"city","population":0},"geometry":{"type":"Point","coordinates":[37.9352,6.8784]}},{"type":"Feature","properties":{"name":"Bahir Dar","place":"city","population":0},"geometry":{"type":"Point","coordinates":[37.3882,11.595]}},{"type":"Feature","properties":{"name":"Bale Hawassa","place":"city","population":0},"geometry":{"type":"Point","coordinates":[37.5267,6.9181]}},{"type":"Feature","properties":{"name":"Baligubadle","place":"city","population":0},"geometry":{"type":"Point","coordinates":[44.0001,9.001]}},{"type":"Feature","properties":{"name":"Beklo Segno","place":"city","population":0},"geometry":{"type":"Point","coordinates":[37.6191,6.8317]}},{"type":"Feature","properties":{"name":"Boditi","place":"city","population":0},"geometry":{"type":"Point","coordinates":[37.8575,6.9549]}},{"type":"Feature","properties":{"name":"Bombe","place":"city","population":0},"geometry":{"type":"Point","coordinates":[37.5819,7.1376]}},{"type":"Feature","properties":{"name":"Dambidollo","place":"city","population":0},"geometry":{"type":"Point","coordinates":[34.8003,8.5353]}},{"type":"Feature","properties":{"name":"Dimtu","place":"city","population":0},"geometry":{"type":"Point","coordinates":[38.1252,6.9315]}},{"type":"Feature","properties":{"name":"Elanle","place":"city","population":0},"geometry":{"type":"Point","coordinates":[45.7858,6.5605]}},{"type":"Feature","properties":{"name":"Gara Godo","place":"city","population":0},"geometry":{"type":"Point","coordinates":[37.778,7.0807]}},{"type":"Feature","properties":{"name":"Gasuba","place":"city","population":0},"geometry":{"type":"Point","coordinates":[37.5552,6.7239]}},{"type":"Feature","properties":{"name":"Geladi","place":"city","population":0},"geometry":{"type":"Point","coordinates":[46.414,6.973]}},{"type":"Feature","properties":{"name":"Gununo","place":"city","population":0},"geometry":{"type":"Point","coordinates":[37.6522,6.9268]}},{"type":"Feature","properties":{"name":"Hara Gebeya","place":"city","population":0},"geometry":{"type":"Point","coordinates":[39.7387,11.8418]}},{"type":"Feature","properties":{"name":"Ksad Gimel","place":"city","population":0},"geometry":{"type":"Point","coordinates":[37.3663,13.6145]}},{"type":"Feature","properties":{"name":"Maya City","place":"city","population":0},"geometry":{"type":"Point","coordinates":[42.0013,9.3972]}},{"type":"Feature","properties":{"name":"Robe","place":"city","population":0},"geometry":{"type":"Point","coordinates":[40.0081,7.1243]}},{"type":"Feature","properties":{"name":"Shanto","place":"city","population":0},"geometry":{"type":"Point","coordinates":[37.8608,7.0232]}},{"type":"Feature","properties":{"name":"Shilabo","place":"city","population":0},"geometry":{"type":"Point","coordinates":[44.7688,6.0943]}},{"type":"Feature","properties":{"name":"Tebela","place":"city","population":0},"geometry":{"type":"Point","coordinates":[37.7666,6.7063]}},{"type":"Feature","properties":{"name":"Togechane ቶግ ዋጃሌ","place":"city","population":0},"geometry":{"type":"Point","coordinates":[43.3306,9.5977]}},{"type":"Feature","properties":{"name":"Toon Barwaaqo","place":"city","population":0},"geometry":{"type":"Point","coordinates":[45.6826,7.32]}},{"type":"Feature","properties":{"name":"Werder","place":"city","population":0},"geometry":{"type":"Point","coordinates":[45.3432,6.9745]}},{"type":"Feature","properties":{"name":"Semera","place":"town","population":100000},"geometry":{"type":"Point","coordinates":[41.0089,11.7923]}},{"type":"Feature","properties":{"name":"Molale","place":"town","population":93800},"geometry":{"type":"Point","coordinates":[39.6607,10.1192]}},{"type":"Feature","properties":{"name":"Adigrat","place":"town","population":71453},"geometry":{"type":"Point","coordinates":[39.4615,14.2774]}},{"type":"Feature","properties":{"name":"`Alemaya","place":"town","population":63700},"geometry":{"type":"Point","coordinates":[41.9333,9.3833]}},{"type":"Feature","properties":{"name":"Axum","place":"town","population":51790},"geometry":{"type":"Point","coordinates":[38.7322,14.1221]}},{"type":"Feature","properties":{"name":"Bona Qabelanka","place":"town","population":50000},"geometry":{"type":"Point","coordinates":[38.7121,6.5287]}},{"type":"Feature","properties":{"name":"Shire","place":"town","population":47284},"geometry":{"type":"Point","coordinates":[38.2825,14.1024]}},{"type":"Feature","properties":{"name":"Batu","place":"town","population":35931},"geometry":{"type":"Point","coordinates":[38.7165,7.9358]}},{"type":"Feature","properties":{"name":"Degehabur","place":"town","population":32000},"geometry":{"type":"Point","coordinates":[43.5584,8.2203]}},{"type":"Feature","properties":{"name":"Dolo","place":"town","population":30970},"geometry":{"type":"Point","coordinates":[42.0589,4.1786]}},{"type":"Feature","properties":{"name":"Bule Hora","place":"town","population":27820},"geometry":{"type":"Point","coordinates":[38.2394,5.64]}},{"type":"Feature","properties":{"name":"አዲስ ዘመን / Adis Zemen","place":"town","population":24849},"geometry":{"type":"Point","coordinates":[37.7775,12.1253]}},{"type":"Feature","properties":{"name":"Asaita","place":"town","population":22718},"geometry":{"type":"Point","coordinates":[41.4386,11.5653]}},{"type":"Feature","properties":{"name":"Metu","place":"town","population":22103},"geometry":{"type":"Point","coordinates":[35.5834,8.2956]}},{"type":"Feature","properties":{"name":"Humera","place":"town","population":21653},"geometry":{"type":"Point","coordinates":[36.6088,14.2877]}},{"type":"Feature","properties":{"name":"Adet","place":"town","population":21117},"geometry":{"type":"Point","coordinates":[37.4888,11.2644]}},{"type":"Feature","properties":{"name":"Denboya","place":"town","population":20000},"geometry":{"type":"Point","coordinates":[37.9513,7.3455]}},{"type":"Feature","properties":{"name":"Bechena","place":"town","population":19916},"geometry":{"type":"Point","coordinates":[38.2017,10.4481]}},{"type":"Feature","properties":{"name":"Ab'aala","place":"town","population":14470},"geometry":{"type":"Point","coordinates":[39.7549,13.3555]}},{"type":"Feature","properties":{"name":"Mieso","place":"town","population":12000},"geometry":{"type":"Point","coordinates":[40.7548,9.2331]}},{"type":"Feature","properties":{"name":"Mai-Aini Refugee Camp","place":"town","population":11718},"geometry":{"type":"Point","coordinates":[38.1545,13.6571]}},{"type":"Feature","properties":{"name":"Awash","place":"town","population":11053},"geometry":{"type":"Point","coordinates":[40.1677,8.9925]}},{"type":"Feature","properties":{"name":"Zalambessa","place":"town","population":10551},"geometry":{"type":"Point","coordinates":[39.3871,14.5256]}},{"type":"Feature","properties":{"name":"Lalibela","place":"town","population":8484},"geometry":{"type":"Point","coordinates":[39.0457,12.0361]}},{"type":"Feature","properties":{"name":"Rama","place":"town","population":7824},"geometry":{"type":"Point","coordinates":[38.7864,14.412]}},{"type":"Feature","properties":{"name":"Gerba","place":"town","population":7425},"geometry":{"type":"Point","coordinates":[38.271,5.7789]}},{"type":"Feature","properties":{"name":"Finchawa","place":"town","population":5560},"geometry":{"type":"Point","coordinates":[38.2707,5.3941]}},{"type":"Feature","properties":{"name":"Melka Chireti","place":"town","population":5152},"geometry":{"type":"Point","coordinates":[41.8828,5.337]}},{"type":"Feature","properties":{"name":"Tore","place":"town","population":3405},"geometry":{"type":"Point","coordinates":[38.1566,5.9384]}},{"type":"Feature","properties":{"name":"Gish Abay","place":"town","population":3385},"geometry":{"type":"Point","coordinates":[37.21,10.9802]}},{"type":"Feature","properties":{"name":"Derba","place":"town","population":2188},"geometry":{"type":"Point","coordinates":[38.65,9.4333]}},{"type":"Feature","properties":{"name":"Dawa Digati","place":"town","population":1264},"geometry":{"type":"Point","coordinates":[38.7923,5.3288]}},{"type":"Feature","properties":{"name":"`Arb Gebeya","place":"town","population":0},"geometry":{"type":"Point","coordinates":[37.7495,11.6318]}},{"type":"Feature","properties":{"name":"Abadra","place":"town","population":0},"geometry":{"type":"Point","coordinates":[36.7828,11.3229]}},{"type":"Feature","properties":{"name":"Abay Yilas","place":"town","population":0},"geometry":{"type":"Point","coordinates":[38.8483,12.371]}},{"type":"Feature","properties":{"name":"Abba Jimma","place":"town","population":0},"geometry":{"type":"Point","coordinates":[39.9062,8.3742]}},{"type":"Feature","properties":{"name":"Abe dongooroo","place":"town","population":0},"geometry":{"type":"Point","coordinates":[36.9371,9.6094]}},{"type":"Feature","properties":{"name":"Abertege","place":"town","population":0},"geometry":{"type":"Point","coordinates":[37.414,12.7432]}},{"type":"Feature","properties":{"name":"Abiy Addi","place":"town","population":0},"geometry":{"type":"Point","coordinates":[39.0001,13.623]}},{"type":"Feature","properties":{"name":"Abomsa","place":"town","population":0},"geometry":{"type":"Point","coordinates":[39.8341,8.4891]}},{"type":"Feature","properties":{"name":"Abora","place":"town","population":0},"geometry":{"type":"Point","coordinates":[37.0293,9.9926]}},{"type":"Feature","properties":{"name":"Achamo","place":"town","population":0},"geometry":{"type":"Point","coordinates":[38.0389,7.6656]}},{"type":"Feature","properties":{"name":"Achano","place":"town","population":0},"geometry":{"type":"Point","coordinates":[37.3172,11.0585]}},{"type":"Feature","properties":{"name":"Achura","place":"town","population":0},"geometry":{"type":"Point","coordinates":[37.7004,7.1564]}},{"type":"Feature","properties":{"name":"Achuwa","place":"town","population":0},"geometry":{"type":"Point","coordinates":[36.0326,7.6488]}},{"type":"Feature","properties":{"name":"Adaba","place":"town","population":0},"geometry":{"type":"Point","coordinates":[39.3917,7.0073]}},{"type":"Feature","properties":{"name":"Adagalla","place":"town","population":0},"geometry":{"type":"Point","coordinates":[42.2388,10.4264]}},{"type":"Feature","properties":{"name":"Addi Hirdi","place":"town","population":0},"geometry":{"type":"Point","coordinates":[37.1349,13.9077]}},{"type":"Feature","properties":{"name":"Addi Khaye","place":"town","population":0},"geometry":{"type":"Point","coordinates":[38.5945,14.2786]}},{"type":"Feature","properties":{"name":"Addis Alem","place":"town","population":0},"geometry":{"type":"Point","coordinates":[38.4124,9.0466]}},{"type":"Feature","properties":{"name":"Addis Kidan","place":"town","population":0},"geometry":{"type":"Point","coordinates":[36.8893,11.075]}},{"type":"Feature","properties":{"name":"Adebay","place":"town","population":0},"geometry":{"type":"Point","coordinates":[36.7588,14.2022]}},{"type":"Feature","properties":{"name":"Adele","place":"town","population":0},"geometry":{"type":"Point","coordinates":[39.9043,7.7929]}},{"type":"Feature","properties":{"name":"Adi Abun","place":"town","population":0},"geometry":{"type":"Point","coordinates":[38.8831,14.188]}},{"type":"Feature","properties":{"name":"Adi Arkay","place":"town","population":0},"geometry":{"type":"Point","coordinates":[38.0608,13.4479]}},{"type":"Feature","properties":{"name":"Adi Bidera (1)","place":"town","population":0},"geometry":{"type":"Point","coordinates":[39.8125,12.767]}},{"type":"Feature","properties":{"name":"Adi Da`Iro","place":"town","population":0},"geometry":{"type":"Point","coordinates":[38.1715,14.3096]}},{"type":"Feature","properties":{"name":"Adi Goshu","place":"town","population":0},"geometry":{"type":"Point","coordinates":[37.3096,14.1643]}},{"type":"Feature","properties":{"name":"Adi Mehameday","place":"town","population":0},"geometry":{"type":"Point","coordinates":[37.8267,13.995]}},{"type":"Feature","properties":{"name":"Adi Ramets","place":"town","population":0},"geometry":{"type":"Point","coordinates":[37.3214,13.7517]}},{"type":"Feature","properties":{"name":"Adi Shahu","place":"town","population":0},"geometry":{"type":"Point","coordinates":[39.5162,12.9356]}},{"type":"Feature","properties":{"name":"Adi-Nebried","place":"town","population":0},"geometry":{"type":"Point","coordinates":[38.187,14.4155]}},{"type":"Feature","properties":{"name":"Adulala","place":"town","population":0},"geometry":{"type":"Point","coordinates":[38.9059,8.5344]}},{"type":"Feature","properties":{"name":"Adwa","place":"town","population":0},"geometry":{"type":"Point","coordinates":[38.8912,14.1671]}},{"type":"Feature","properties":{"name":"Āfdem","place":"town","population":0},"geometry":{"type":"Point","coordinates":[40.9981,9.4626]}},{"type":"Feature","properties":{"name":"Agarfa","place":"town","population":0},"geometry":{"type":"Point","coordinates":[39.8228,7.2689]}},{"type":"Feature","properties":{"name":"Agaro","place":"town","population":0},"geometry":{"type":"Point","coordinates":[36.5896,7.8566]}},{"type":"Feature","properties":{"name":"Agena","place":"town","population":0},"geometry":{"type":"Point","coordinates":[38.0035,8.1357]}},{"type":"Feature","properties":{"name":"Agre Salam","place":"town","population":0},"geometry":{"type":"Point","coordinates":[38.5252,6.4884]}},{"type":"Feature","properties":{"name":"Agula","place":"town","population":0},"geometry":{"type":"Point","coordinates":[39.5858,13.6941]}},{"type":"Feature","properties":{"name":"Aira","place":"town","population":0},"geometry":{"type":"Point","coordinates":[35.3985,9.0997]}},{"type":"Feature","properties":{"name":"Akesta","place":"town","population":0},"geometry":{"type":"Point","coordinates":[39.1777,10.8705]}},{"type":"Feature","properties":{"name":"Alaba Kulito","place":"town","population":0},"geometry":{"type":"Point","coordinates":[38.0879,7.313]}},{"type":"Feature","properties":{"name":"Alamata","place":"town","population":0},"geometry":{"type":"Point","coordinates":[39.5603,12.4176]}},{"type":"Feature","properties":{"name":"Aleltu","place":"town","population":0},"geometry":{"type":"Point","coordinates":[38.2539,8.4653]}},{"type":"Feature","properties":{"name":"Alem Gebeya","place":"town","population":0},"geometry":{"type":"Point","coordinates":[38.1781,7.5649]}},{"type":"Feature","properties":{"name":"Alem Ketema","place":"town","population":0},"geometry":{"type":"Point","coordinates":[38.9962,10.0581]}},{"type":"Feature","properties":{"name":"Alem Teferi","place":"town","population":0},"geometry":{"type":"Point","coordinates":[35.2272,8.9047]}},{"type":"Feature","properties":{"name":"Alemtena","place":"town","population":0},"geometry":{"type":"Point","coordinates":[38.9489,8.2974]}},{"type":"Feature","properties":{"name":"Aleta Wendo","place":"town","population":0},"geometry":{"type":"Point","coordinates":[38.4233,6.6037]}},{"type":"Feature","properties":{"name":"Alga","place":"town","population":0},"geometry":{"type":"Point","coordinates":[37.1096,8.5809]}},{"type":"Feature","properties":{"name":"Ali","place":"town","population":0},"geometry":{"type":"Point","coordinates":[39.9305,7.2433]}},{"type":"Feature","properties":{"name":"Alibo","place":"town","population":0},"geometry":{"type":"Point","coordinates":[37.078,9.8853]}},{"type":"Feature","properties":{"name":"Alimu","place":"town","population":0},"geometry":{"type":"Point","coordinates":[36.3873,11.2597]}},{"type":"Feature","properties":{"name":"Almahal","place":"town","population":0},"geometry":{"type":"Point","coordinates":[35.1568,11.5463]}},{"type":"Feature","properties":{"name":"Aman","place":"town","population":0},"geometry":{"type":"Point","coordinates":[35.5537,6.9556]}},{"type":"Feature","properties":{"name":"Amanuel","place":"town","population":0},"geometry":{"type":"Point","coordinates":[37.5667,10.4392]}},{"type":"Feature","properties":{"name":"Amaya","place":"town","population":0},"geometry":{"type":"Point","coordinates":[36.6772,7.1066]}},{"type":"Feature","properties":{"name":"Amba Georgis","place":"town","population":0},"geometry":{"type":"Point","coordinates":[37.6232,12.7681]}},{"type":"Feature","properties":{"name":"Amba Madre","place":"town","population":0},"geometry":{"type":"Point","coordinates":[38.1748,13.6942]}},{"type":"Feature","properties":{"name":"Amber","place":"town","population":0},"geometry":{"type":"Point","coordinates":[37.8422,10.2526]}},{"type":"Feature","properties":{"name":"Ambuye","place":"town","population":0},"geometry":{"type":"Point","coordinates":[36.901,7.9812]}},{"type":"Feature","properties":{"name":"Amde Werq","place":"town","population":0},"geometry":{"type":"Point","coordinates":[38.7161,12.4295]}},{"type":"Feature","properties":{"name":"Amedber","place":"town","population":0},"geometry":{"type":"Point","coordinates":[37.8846,11.9135]}},{"type":"Feature","properties":{"name":"Angacha","place":"town","population":0},"geometry":{"type":"Point","coordinates":[37.8627,7.349]}},{"type":"Feature","properties":{"name":"Angiyo Kolla","place":"town","population":0},"geometry":{"type":"Point","coordinates":[36.55,7.25]}},{"type":"Feature","properties":{"name":"Anka Oruwa","place":"town","population":0},"geometry":{"type":"Point","coordinates":[38.015,6.8815]}},{"type":"Feature","properties":{"name":"Araarso","place":"town","population":0},"geometry":{"type":"Point","coordinates":[43.368,8.752]}},{"type":"Feature","properties":{"name":"Arb Gebeya","place":"town","population":0},"geometry":{"type":"Point","coordinates":[38.5392,11.6093]}},{"type":"Feature","properties":{"name":"Arbe Gona","place":"town","population":0},"geometry":{"type":"Point","coordinates":[38.7165,6.6887]}},{"type":"Feature","properties":{"name":"Arboye","place":"town","population":0},"geometry":{"type":"Point","coordinates":[39.6852,8.3824]}},{"type":"Feature","properties":{"name":"Arema","place":"town","population":0},"geometry":{"type":"Point","coordinates":[37.0204,13.3599]}},{"type":"Feature","properties":{"name":"Arerti","place":"town","population":0},"geometry":{"type":"Point","coordinates":[39.4252,8.9285]}},{"type":"Feature","properties":{"name":"Arsi Negelle","place":"town","population":0},"geometry":{"type":"Point","coordinates":[38.6757,7.3533]}},{"type":"Feature","properties":{"name":"Asassa","place":"town","population":0},"geometry":{"type":"Point","coordinates":[39.1953,7.0993]}},{"type":"Feature","properties":{"name":"Asebot","place":"town","population":0},"geometry":{"type":"Point","coordinates":[40.6661,9.1742]}},{"type":"Feature","properties":{"name":"Asendabo","place":"town","population":0},"geometry":{"type":"Point","coordinates":[37.2222,7.7567]}},{"type":"Feature","properties":{"name":"Ashenat","place":"town","population":0},"geometry":{"type":"Point","coordinates":[38.9143,11.4632]}},{"type":"Feature","properties":{"name":"Ashoka Velag","place":"town","population":0},"geometry":{"type":"Point","coordinates":[38.8965,7.0258]}},{"type":"Feature","properties":{"name":"Asigori","place":"town","population":0},"geometry":{"type":"Point","coordinates":[38.3311,8.7896]}},{"type":"Feature","properties":{"name":"Asketama","place":"town","population":0},"geometry":{"type":"Point","coordinates":[39.0148,12.4098]}},{"type":"Feature","properties":{"name":"Ataye","place":"town","population":0},"geometry":{"type":"Point","coordinates":[39.9575,10.3449]}},{"type":"Feature","properties":{"name":"Atsbi","place":"town","population":0},"geometry":{"type":"Point","coordinates":[39.7405,13.8768]}},{"type":"Feature","properties":{"name":"Ayesha","place":"town","population":0},"geometry":{"type":"Point","coordinates":[42.5703,10.7538]}},{"type":"Feature","properties":{"name":"Aykel","place":"town","population":0},"geometry":{"type":"Point","coordinates":[37.0632,12.5479]}},{"type":"Feature","properties":{"name":"Āzayē","place":"town","population":0},"geometry":{"type":"Point","coordinates":[37.4757,12.4798]}},{"type":"Feature","properties":{"name":"Azena","place":"town","population":0},"geometry":{"type":"Point","coordinates":[36.8147,10.7632]}},{"type":"Feature","properties":{"name":"Azezo","place":"town","population":0},"geometry":{"type":"Point","coordinates":[37.427,12.5491]}},{"type":"Feature","properties":{"name":"Babich","place":"town","population":0},"geometry":{"type":"Point","coordinates":[37.543,8.9726]}},{"type":"Feature","properties":{"name":"Babille","place":"town","population":0},"geometry":{"type":"Point","coordinates":[42.3322,9.2256]}},{"type":"Feature","properties":{"name":"Babo Tower","place":"town","population":0},"geometry":{"type":"Point","coordinates":[35.1962,9.4744]}},{"type":"Feature","properties":{"name":"Bako","place":"town","population":0},"geometry":{"type":"Point","coordinates":[37.0656,9.1217]}},{"type":"Feature","properties":{"name":"Balchi","place":"town","population":0},"geometry":{"type":"Point","coordinates":[39.371,8.9152]}},{"type":"Feature","properties":{"name":"Bale","place":"town","population":0},"geometry":{"type":"Point","coordinates":[39.9999,7.7309]}},{"type":"Feature","properties":{"name":"Balemi","place":"town","population":0},"geometry":{"type":"Point","coordinates":[37.5184,9.1279]}},{"type":"Feature","properties":{"name":"Balo","place":"town","population":0},"geometry":{"type":"Point","coordinates":[36.2174,9.2947]}},{"type":"Feature","properties":{"name":"Bambasi","place":"town","population":0},"geometry":{"type":"Point","coordinates":[34.7299,9.7604]}},{"type":"Feature","properties":{"name":"Banitu","place":"town","population":0},"geometry":{"type":"Point","coordinates":[38.3632,8.6151]}},{"type":"Feature","properties":{"name":"Bareda","place":"town","population":0},"geometry":{"type":"Point","coordinates":[36.2509,9.23]}},{"type":"Feature","properties":{"name":"Bedele","place":"town","population":0},"geometry":{"type":"Point","coordinates":[36.3525,8.4556]}},{"type":"Feature","properties":{"name":"Bedeno","place":"town","population":0},"geometry":{"type":"Point","coordinates":[41.6343,9.1131]}},{"type":"Feature","properties":{"name":"Bedessa","place":"town","population":0},"geometry":{"type":"Point","coordinates":[40.7765,8.9032]}},{"type":"Feature","properties":{"name":"Begi","place":"town","population":0},"geometry":{"type":"Point","coordinates":[34.5304,9.3508]}},{"type":"Feature","properties":{"name":"Beke","place":"town","population":0},"geometry":{"type":"Point","coordinates":[39.0475,9.1619]}},{"type":"Feature","properties":{"name":"Beke Kelate","place":"town","population":0},"geometry":{"type":"Point","coordinates":[37.9824,9.6147]}},{"type":"Feature","properties":{"name":"Bekoji","place":"town","population":0},"geometry":{"type":"Point","coordinates":[39.25,7.5333]}},{"type":"Feature","properties":{"name":"Beleho","place":"town","population":0},"geometry":{"type":"Point","coordinates":[39.1078,14.1703]}},{"type":"Feature","properties":{"name":"Belessa","place":"town","population":0},"geometry":{"type":"Point","coordinates":[37.92,7.5887]}},{"type":"Feature","properties":{"name":"Bendi","place":"town","population":0},"geometry":{"type":"Point","coordinates":[35.6442,7.0712]}},{"type":"Feature","properties":{"name":"Berehed","place":"town","population":0},"geometry":{"type":"Point","coordinates":[39.7093,9.1974]}},{"type":"Feature","properties":{"name":"Betmara","place":"town","population":0},"geometry":{"type":"Point","coordinates":[39.5268,13.0222]}},{"type":"Feature","properties":{"name":"Beto","place":"town","population":0},"geometry":{"type":"Point","coordinates":[36.8844,6.0556]}},{"type":"Feature","properties":{"name":"Bidre","place":"town","population":0},"geometry":{"type":"Point","coordinates":[39.6388,5.9113]}},{"type":"Feature","properties":{"name":"Bike","place":"town","population":0},"geometry":{"type":"Point","coordinates":[41.1974,9.5309]}},{"type":"Feature","properties":{"name":"Bikita","place":"town","population":0},"geometry":{"type":"Point","coordinates":[38.8876,10.0105]}},{"type":"Feature","properties":{"name":"Bila","place":"town","population":0},"geometry":{"type":"Point","coordinates":[35.5986,9.3693]}},{"type":"Feature","properties":{"name":"Bila","place":"town","population":0},"geometry":{"type":"Point","coordinates":[37.0258,9.2892]}},{"type":"Feature","properties":{"name":"Bilbala","place":"town","population":0},"geometry":{"type":"Point","coordinates":[38.9844,12.1676]}},{"type":"Feature","properties":{"name":"Bilo","place":"town","population":0},"geometry":{"type":"Point","coordinates":[37.0001,8.8978]}},{"type":"Feature","properties":{"name":"Birbirsa","place":"town","population":0},"geometry":{"type":"Point","coordinates":[35.2904,7.8982]}},{"type":"Feature","properties":{"name":"Bishoftu","place":"town","population":0},"geometry":{"type":"Point","coordinates":[38.9817,8.75]}},{"type":"Feature","properties":{"name":"Bitahora","place":"town","population":0},"geometry":{"type":"Point","coordinates":[35.8916,7.4019]}},{"type":"Feature","properties":{"name":"Bitana","place":"town","population":0},"geometry":{"type":"Point","coordinates":[38.0341,6.9664]}},{"type":"Feature","properties":{"name":"Bode Ameda","place":"town","population":0},"geometry":{"type":"Point","coordinates":[38.2082,7.2126]}},{"type":"Feature","properties":{"name":"Bofa Town","place":"town","population":0},"geometry":{"type":"Point","coordinates":[39.45,8.4667]}},{"type":"Feature","properties":{"name":"Boke Tiko","place":"town","population":0},"geometry":{"type":"Point","coordinates":[40.6435,8.7266]}},{"type":"Feature","properties":{"name":"Boko","place":"town","population":0},"geometry":{"type":"Point","coordinates":[42.0776,9.1356]}},{"type":"Feature","properties":{"name":"Bokoksa","place":"town","population":0},"geometry":{"type":"Point","coordinates":[39.8793,11.441]}},{"type":"Feature","properties":{"name":"Bole","place":"town","population":0},"geometry":{"type":"Point","coordinates":[39.7541,8.6503]}},{"type":"Feature","properties":{"name":"Bollo Silassie","place":"town","population":0},"geometry":{"type":"Point","coordinates":[39.3966,8.8782]}},{"type":"Feature","properties":{"name":"Bolo","place":"town","population":0},"geometry":{"type":"Point","coordinates":[39.5805,8.2444]}},{"type":"Feature","properties":{"name":"Bombas","place":"town","population":0},"geometry":{"type":"Point","coordinates":[42.4635,9.218]}},{"type":"Feature","properties":{"name":"Bonga","place":"town","population":0},"geometry":{"type":"Point","coordinates":[36.2461,7.2645]}},{"type":"Feature","properties":{"name":"Bonosha","place":"town","population":0},"geometry":{"type":"Point","coordinates":[38.0905,7.5112]}},{"type":"Feature","properties":{"name":"Bookh","place":"town","population":0},"geometry":{"type":"Point","coordinates":[46.6469,7.437]}},{"type":"Feature","properties":{"name":"Bordode","place":"town","population":0},"geometry":{"type":"Point","coordinates":[40.389,9.0131]}},{"type":"Feature","properties":{"name":"Bore","place":"town","population":0},"geometry":{"type":"Point","coordinates":[38.6222,6.3596]}},{"type":"Feature","properties":{"name":"Boreda","place":"town","population":0},"geometry":{"type":"Point","coordinates":[41.2903,9.3341]}},{"type":"Feature","properties":{"name":"Boreda","place":"town","population":0},"geometry":{"type":"Point","coordinates":[37.6356,6.4728]}},{"type":"Feature","properties":{"name":"Buee","place":"town","population":0},"geometry":{"type":"Point","coordinates":[38.5499,8.3194]}},{"type":"Feature","properties":{"name":"Bulala","place":"town","population":0},"geometry":{"type":"Point","coordinates":[39.5681,7.9857]}},{"type":"Feature","properties":{"name":"Bulki","place":"town","population":0},"geometry":{"type":"Point","coordinates":[36.8106,6.2818]}},{"type":"Feature","properties":{"name":"Burayu","place":"town","population":0},"geometry":{"type":"Point","coordinates":[38.6608,9.036]}},{"type":"Feature","properties":{"name":"Bure","place":"town","population":0},"geometry":{"type":"Point","coordinates":[35.0992,8.2863]}},{"type":"Feature","properties":{"name":"Burgesole","place":"town","population":0},"geometry":{"type":"Point","coordinates":[45.9561,6.3622]}},{"type":"Feature","properties":{"name":"Burie","place":"town","population":0},"geometry":{"type":"Point","coordinates":[37.0669,10.713]}},{"type":"Feature","properties":{"name":"Burka","place":"town","population":0},"geometry":{"type":"Point","coordinates":[41.5683,8.8194]}},{"type":"Feature","properties":{"name":"Busa","place":"town","population":0},"geometry":{"type":"Point","coordinates":[38.1462,8.7765]}},{"type":"Feature","properties":{"name":"Butajira","place":"town","population":0},"geometry":{"type":"Point","coordinates":[38.3777,8.1206]}},{"type":"Feature","properties":{"name":"Buundada","place":"town","population":0},"geometry":{"type":"Point","coordinates":[42.0226,6.6157]}},{"type":"Feature","properties":{"name":"Ch'Emero","place":"town","population":0},"geometry":{"type":"Point","coordinates":[39.6508,12.6192]}},{"type":"Feature","properties":{"name":"Ch'Erch'Er","place":"town","population":0},"geometry":{"type":"Point","coordinates":[39.7714,12.5406]}},{"type":"Feature","properties":{"name":"Cha´cha´","place":"town","population":0},"geometry":{"type":"Point","coordinates":[39.4552,9.5338]}},{"type":"Feature","properties":{"name":"Chagni","place":"town","population":0},"geometry":{"type":"Point","coordinates":[36.499,10.9583]}},{"type":"Feature","properties":{"name":"Chancho","place":"town","population":0},"geometry":{"type":"Point","coordinates":[38.7514,9.3039]}},{"type":"Feature","properties":{"name":"Chanka","place":"town","population":0},"geometry":{"type":"Point","coordinates":[35.072,8.8619]}},{"type":"Feature","properties":{"name":"Chefedonsa","place":"town","population":0},"geometry":{"type":"Point","coordinates":[39.1249,8.97]}},{"type":"Feature","properties":{"name":"Chelala","place":"town","population":0},"geometry":{"type":"Point","coordinates":[38.253,13.4439]}},{"type":"Feature","properties":{"name":"Chele","place":"town","population":0},"geometry":{"type":"Point","coordinates":[37.6155,6.4336]}},{"type":"Feature","properties":{"name":"Chelena","place":"town","population":0},"geometry":{"type":"Point","coordinates":[39.341,12.8951]}},{"type":"Feature","properties":{"name":"Chelenko","place":"town","population":0},"geometry":{"type":"Point","coordinates":[41.5604,9.3966]}},{"type":"Feature","properties":{"name":"Chencha","place":"town","population":0},"geometry":{"type":"Point","coordinates":[37.5729,6.2511]}},{"type":"Feature","properties":{"name":"Chifra","place":"town","population":0},"geometry":{"type":"Point","coordinates":[40.0162,11.6033]}},{"type":"Feature","properties":{"name":"Chinaksen","place":"town","population":0},"geometry":{"type":"Point","coordinates":[42.6089,9.506]}},{"type":"Feature","properties":{"name":"Chiro","place":"town","population":0},"geometry":{"type":"Point","coordinates":[40.8663,9.0875]}},{"type":"Feature","properties":{"name":"Chitu","place":"town","population":0},"geometry":{"type":"Point","coordinates":[37.9238,8.608]}},{"type":"Feature","properties":{"name":"Chole","place":"town","population":0},"geometry":{"type":"Point","coordinates":[39.9008,8.138]}},{"type":"Feature","properties":{"name":"Chole","place":"town","population":0},"geometry":{"type":"Point","coordinates":[39.8921,8.249]}},{"type":"Feature","properties":{"name":"Chucko","place":"town","population":0},"geometry":{"type":"Point","coordinates":[38.3366,6.5873]}},{"type":"Feature","properties":{"name":"Ciogguar Cudo","place":"town","population":0},"geometry":{"type":"Point","coordinates":[37.3858,13.352]}},{"type":"Feature","properties":{"name":"Dabat","place":"town","population":0},"geometry":{"type":"Point","coordinates":[37.7651,12.9841]}},{"type":"Feature","properties":{"name":"Dahana","place":"town","population":0},"geometry":{"type":"Point","coordinates":[38.8422,12.4456]}},{"type":"Feature","properties":{"name":"Daka","place":"town","population":0},"geometry":{"type":"Point","coordinates":[35.7606,7.5938]}},{"type":"Feature","properties":{"name":"Dalbo","place":"town","population":0},"geometry":{"type":"Point","coordinates":[37.8305,6.8999]}},{"type":"Feature","properties":{"name":"Daleti","place":"town","population":0},"geometry":{"type":"Point","coordinates":[36.0914,9.8784]}},{"type":"Feature","properties":{"name":"Dalifage","place":"town","population":0},"geometry":{"type":"Point","coordinates":[40.3132,10.6272]}},{"type":"Feature","properties":{"name":"Dandi Gudi","place":"town","population":0},"geometry":{"type":"Point","coordinates":[35.2966,9.6787]}},{"type":"Feature","properties":{"name":"Dangla","place":"town","population":0},"geometry":{"type":"Point","coordinates":[36.8498,11.2569]}},{"type":"Feature","properties":{"name":"Dansha","place":"town","population":0},"geometry":{"type":"Point","coordinates":[36.9724,13.5662]}},{"type":"Feature","properties":{"name":"Daratoole","place":"town","population":0},"geometry":{"type":"Point","coordinates":[45.4369,7.3021]}},{"type":"Feature","properties":{"name":"Darechera","place":"town","population":0},"geometry":{"type":"Point","coordinates":[37.8817,11.4001]}},{"type":"Feature","properties":{"name":"Daror","place":"town","population":0},"geometry":{"type":"Point","coordinates":[44.6951,8.2245]}},{"type":"Feature","properties":{"name":"Dawo","place":"town","population":0},"geometry":{"type":"Point","coordinates":[41.8771,9.2923]}},{"type":"Feature","properties":{"name":"Debark","place":"town","population":0},"geometry":{"type":"Point","coordinates":[37.899,13.1585]}},{"type":"Feature","properties":{"name":"Debre Gelan","place":"town","population":0},"geometry":{"type":"Point","coordinates":[38.8333,8.8333]}},{"type":"Feature","properties":{"name":"Debrè Kerbe","place":"town","population":0},"geometry":{"type":"Point","coordinates":[38.4546,13.9504]}},{"type":"Feature","properties":{"name":"Debre Libanos","place":"town","population":0},"geometry":{"type":"Point","coordinates":[38.8168,9.7296]}},{"type":"Feature","properties":{"name":"Debre Sina","place":"town","population":0},"geometry":{"type":"Point","coordinates":[39.7635,9.8505]}},{"type":"Feature","properties":{"name":"Debre Tabor","place":"town","population":0},"geometry":{"type":"Point","coordinates":[38.0083,11.8566]}},{"type":"Feature","properties":{"name":"Debre Tsige","place":"town","population":0},"geometry":{"type":"Point","coordinates":[38.8316,9.6331]}},{"type":"Feature","properties":{"name":"Debre Work","place":"town","population":0},"geometry":{"type":"Point","coordinates":[38.1645,10.6578]}},{"type":"Feature","properties":{"name":"Dedai","place":"town","population":0},"geometry":{"type":"Point","coordinates":[41.5735,11.914]}},{"type":"Feature","properties":{"name":"Dedebit","place":"town","population":0},"geometry":{"type":"Point","coordinates":[37.7623,14.07]}},{"type":"Feature","properties":{"name":"Dedecha Bela","place":"town","population":0},"geometry":{"type":"Point","coordinates":[41.1264,6.8966]}},{"type":"Feature","properties":{"name":"Deder","place":"town","population":0},"geometry":{"type":"Point","coordinates":[41.4428,9.3123]}},{"type":"Feature","properties":{"name":"Degan","place":"town","population":0},"geometry":{"type":"Point","coordinates":[39.9022,11.1485]}},{"type":"Feature","properties":{"name":"Degem Hambiso","place":"town","population":0},"geometry":{"type":"Point","coordinates":[38.6329,9.8136]}},{"type":"Feature","properties":{"name":"Degolo","place":"town","population":0},"geometry":{"type":"Point","coordinates":[39.2539,10.4222]}},{"type":"Feature","properties":{"name":"Dejen","place":"town","population":0},"geometry":{"type":"Point","coordinates":[38.15,10.1641]}},{"type":"Feature","properties":{"name":"Dekebora","place":"town","population":0},"geometry":{"type":"Point","coordinates":[39.2052,8.7158]}},{"type":"Feature","properties":{"name":"Deksis","place":"town","population":0},"geometry":{"type":"Point","coordinates":[39.5577,8.0572]}},{"type":"Feature","properties":{"name":"Del","place":"town","population":0},"geometry":{"type":"Point","coordinates":[35.8221,7.8281]}},{"type":"Feature","properties":{"name":"Delosebro","place":"town","population":0},"geometry":{"type":"Point","coordinates":[40.4681,7.2562]}},{"type":"Feature","properties":{"name":"Demebecha","place":"town","population":0},"geometry":{"type":"Point","coordinates":[37.492,10.5643]}},{"type":"Feature","properties":{"name":"Demobasho","place":"town","population":0},"geometry":{"type":"Point","coordinates":[37.3923,11.2694]}},{"type":"Feature","properties":{"name":"Denan","place":"town","population":0},"geometry":{"type":"Point","coordinates":[43.4937,6.5091]}},{"type":"Feature","properties":{"name":"Deneba","place":"town","population":0},"geometry":{"type":"Point","coordinates":[37.3675,7.8417]}},{"type":"Feature","properties":{"name":"Deneba","place":"town","population":0},"geometry":{"type":"Point","coordinates":[39.1925,9.762]}},{"type":"Feature","properties":{"name":"Dengolat","place":"town","population":0},"geometry":{"type":"Point","coordinates":[39.3274,13.3086]}},{"type":"Feature","properties":{"name":"Dera","place":"town","population":0},"geometry":{"type":"Point","coordinates":[39.3181,8.3309]}},{"type":"Feature","properties":{"name":"Derek' Amba","place":"town","population":0},"geometry":{"type":"Point","coordinates":[39.2667,10.7]}},{"type":"Feature","properties":{"name":"Dewele","place":"town","population":0},"geometry":{"type":"Point","coordinates":[42.6319,11.0329]}},{"type":"Feature","properties":{"name":"Dhagahle","place":"town","population":0},"geometry":{"type":"Point","coordinates":[42.5979,9.2397]}},{"type":"Feature","properties":{"name":"Dhagxanya Cado","place":"town","population":0},"geometry":{"type":"Point","coordinates":[45.5049,7.2317]}},{"type":"Feature","properties":{"name":"Dhudub","place":"town","population":0},"geometry":{"type":"Point","coordinates":[46.6949,6.9298]}},{"type":"Feature","properties":{"name":"Dibdibo","place":"town","population":0},"geometry":{"type":"Point","coordinates":[39.0896,14.2697]}},{"type":"Feature","properties":{"name":"Digo Tsion","place":"town","population":0},"geometry":{"type":"Point","coordinates":[37.7389,10.8474]}},{"type":"Feature","properties":{"name":"Dil Yibza","place":"town","population":0},"geometry":{"type":"Point","coordinates":[38.4426,13.1194]}},{"type":"Feature","properties":{"name":"Dilela","place":"town","population":0},"geometry":{"type":"Point","coordinates":[38.0511,8.6401]}},{"type":"Feature","properties":{"name":"Dima","place":"town","population":0},"geometry":{"type":"Point","coordinates":[38.588,8.8993]}},{"type":"Feature","properties":{"name":"Dima","place":"town","population":0},"geometry":{"type":"Point","coordinates":[35.1841,6.5094]}},{"type":"Feature","properties":{"name":"Dimbra","place":"town","population":0},"geometry":{"type":"Point","coordinates":[35.9884,7.2952]}},{"type":"Feature","properties":{"name":"Dimeka","place":"town","population":0},"geometry":{"type":"Point","coordinates":[36.5485,5.1744]}},{"type":"Feature","properties":{"name":"Dimtu Hambella","place":"town","population":0},"geometry":{"type":"Point","coordinates":[38.4263,5.9971]}},{"type":"Feature","properties":{"name":"Dinsho","place":"town","population":0},"geometry":{"type":"Point","coordinates":[39.7802,7.1082]}},{"type":"Feature","properties":{"name":"Dire","place":"town","population":0},"geometry":{"type":"Point","coordinates":[38.9236,9.1823]}},{"type":"Feature","properties":{"name":"Diri","place":"town","population":0},"geometry":{"type":"Point","coordinates":[36.2873,7.3817]}},{"type":"Feature","properties":{"name":"Do'esha","place":"town","population":0},"geometry":{"type":"Point","coordinates":[38.0687,7.5929]}},{"type":"Feature","properties":{"name":"Doba","place":"town","population":0},"geometry":{"type":"Point","coordinates":[41.0914,9.2857]}},{"type":"Feature","properties":{"name":"Dodolla","place":"town","population":0},"geometry":{"type":"Point","coordinates":[39.1833,6.9789]}},{"type":"Feature","properties":{"name":"Doni","place":"town","population":0},"geometry":{"type":"Point","coordinates":[39.5525,8.5073]}},{"type":"Feature","properties":{"name":"Dorze","place":"town","population":0},"geometry":{"type":"Point","coordinates":[37.5743,6.1949]}},{"type":"Feature","properties":{"name":"Doyogena","place":"town","population":0},"geometry":{"type":"Point","coordinates":[37.7831,7.3531]}},{"type":"Feature","properties":{"name":"Duber","place":"town","population":0},"geometry":{"type":"Point","coordinates":[38.8805,9.4623]}},{"type":"Feature","properties":{"name":"Dubti","place":"town","population":0},"geometry":{"type":"Point","coordinates":[41.084,11.7368]}},{"type":"Feature","properties":{"name":"Dugda","place":"town","population":0},"geometry":{"type":"Point","coordinates":[38.6407,8.1668]}},{"type":"Feature","properties":{"name":"Dula Bota","place":"town","population":0},"geometry":{"type":"Point","coordinates":[38.2972,13.4614]}},{"type":"Feature","properties":{"name":"Durame","place":"town","population":0},"geometry":{"type":"Point","coordinates":[37.905,7.2439]}},{"type":"Feature","properties":{"name":"Duuban","place":"town","population":0},"geometry":{"type":"Point","coordinates":[46.0669,6.679]}},{"type":"Feature","properties":{"name":"East Imi","place":"town","population":0},"geometry":{"type":"Point","coordinates":[42.1753,6.4663]}},{"type":"Feature","properties":{"name":"Ebbenat","place":"town","population":0},"geometry":{"type":"Point","coordinates":[38.0502,12.1241]}},{"type":"Feature","properties":{"name":"Edaga Hamus","place":"town","population":0},"geometry":{"type":"Point","coordinates":[39.5634,14.186]}},{"type":"Feature","properties":{"name":"Edjere","place":"town","population":0},"geometry":{"type":"Point","coordinates":[39.2615,8.7788]}},{"type":"Feature","properties":{"name":"Edo","place":"town","population":0},"geometry":{"type":"Point","coordinates":[39.0442,7.0121]}},{"type":"Feature","properties":{"name":"Edo","place":"town","population":0},"geometry":{"type":"Point","coordinates":[37.9925,7.0127]}},{"type":"Feature","properties":{"name":"Ehsaa","place":"town","population":0},"geometry":{"type":"Point","coordinates":[38.9659,14.3497]}},{"type":"Feature","properties":{"name":"Ejaji","place":"town","population":0},"geometry":{"type":"Point","coordinates":[37.3282,8.998]}},{"type":"Feature","properties":{"name":"Ejere","place":"town","population":0},"geometry":{"type":"Point","coordinates":[38.5181,9.9143]}},{"type":"Feature","properties":{"name":"Ejersa","place":"town","population":0},"geometry":{"type":"Point","coordinates":[39.0622,8.4802]}},{"type":"Feature","properties":{"name":"El Dere","place":"town","population":0},"geometry":{"type":"Point","coordinates":[45.9501,6.668]}},{"type":"Feature","properties":{"name":"El Ley","place":"town","population":0},"geometry":{"type":"Point","coordinates":[39.2271,3.7709]}},{"type":"Feature","properties":{"name":"Elias","place":"town","population":0},"geometry":{"type":"Point","coordinates":[37.4619,10.2999]}},{"type":"Feature","properties":{"name":"Elida'ar","place":"town","population":0},"geometry":{"type":"Point","coordinates":[41.9238,12.053]}},{"type":"Feature","properties":{"name":"Emdibir","place":"town","population":0},"geometry":{"type":"Point","coordinates":[37.9283,8.12]}},{"type":"Feature","properties":{"name":"Enchini","place":"town","population":0},"geometry":{"type":"Point","coordinates":[37.6636,8.8195]}},{"type":"Feature","properties":{"name":"Enferaz","place":"town","population":0},"geometry":{"type":"Point","coordinates":[37.6291,12.2556]}},{"type":"Feature","properties":{"name":"Enseno","place":"town","population":0},"geometry":{"type":"Point","coordinates":[38.4804,8.06]}},{"type":"Feature","properties":{"name":"Enwari","place":"town","population":0},"geometry":{"type":"Point","coordinates":[39.1487,9.8928]}},{"type":"Feature","properties":{"name":"Erer","place":"town","population":0},"geometry":{"type":"Point","coordinates":[41.3854,9.5572]}},{"type":"Feature","properties":{"name":"Erestino","place":"town","population":0},"geometry":{"type":"Point","coordinates":[39.5556,3.4577]}},{"type":"Feature","properties":{"name":"Esara (Balle)","place":"town","population":0},"geometry":{"type":"Point","coordinates":[37.016,6.8945]}},{"type":"Feature","properties":{"name":"Eso","place":"town","population":0},"geometry":{"type":"Point","coordinates":[37.5898,6.3507]}},{"type":"Feature","properties":{"name":"Fadhigaradle","place":"town","population":0},"geometry":{"type":"Point","coordinates":[45.2987,6.1759]}},{"type":"Feature","properties":{"name":"Fatsi","place":"town","population":0},"geometry":{"type":"Point","coordinates":[39.3781,14.4019]}},{"type":"Feature","properties":{"name":"Felege Birhan","place":"town","population":0},"geometry":{"type":"Point","coordinates":[38.065,10.747]}},{"type":"Feature","properties":{"name":"Feres Bet","place":"town","population":0},"geometry":{"type":"Point","coordinates":[37.6,10.85]}},{"type":"Feature","properties":{"name":"Ferfer","place":"town","population":0},"geometry":{"type":"Point","coordinates":[45.1327,5.085]}},{"type":"Feature","properties":{"name":"Fiche Gelila","place":"town","population":0},"geometry":{"type":"Point","coordinates":[39.1936,9.2396]}},{"type":"Feature","properties":{"name":"Fik'","place":"town","population":0},"geometry":{"type":"Point","coordinates":[42.2946,8.1384]}},{"type":"Feature","properties":{"name":"Filakit Gereger","place":"town","population":0},"geometry":{"type":"Point","coordinates":[38.7502,11.7623]}},{"type":"Feature","properties":{"name":"Filiklik","place":"town","population":0},"geometry":{"type":"Point","coordinates":[38.2486,10.0506]}},{"type":"Feature","properties":{"name":"Finicha'a","place":"town","population":0},"geometry":{"type":"Point","coordinates":[37.3614,9.5675]}},{"type":"Feature","properties":{"name":"Finote Selam","place":"town","population":0},"geometry":{"type":"Point","coordinates":[37.2601,10.68]}},{"type":"Feature","properties":{"name":"Fint'Al Feres","place":"town","population":0},"geometry":{"type":"Point","coordinates":[38.8409,12.1653]}},{"type":"Feature","properties":{"name":"Finyano","place":"town","population":0},"geometry":{"type":"Point","coordinates":[39.8022,11.8043]}},{"type":"Feature","properties":{"name":"Fireselam","place":"town","population":0},"geometry":{"type":"Point","coordinates":[36.9499,14.1121]}},{"type":"Feature","properties":{"name":"Fital","place":"town","population":0},"geometry":{"type":"Point","coordinates":[38.6463,9.6229]}},{"type":"Feature","properties":{"name":"Fofa","place":"town","population":0},"geometry":{"type":"Point","coordinates":[37.5201,7.8508]}},{"type":"Feature","properties":{"name":"Freweyni","place":"town","population":0},"geometry":{"type":"Point","coordinates":[39.5773,14.0542]}},{"type":"Feature","properties":{"name":"Gado","place":"town","population":0},"geometry":{"type":"Point","coordinates":[38.2975,6.8459]}},{"type":"Feature","properties":{"name":"Gado Dona","place":"town","population":0},"geometry":{"type":"Point","coordinates":[39.4737,7.5288]}},{"type":"Feature","properties":{"name":"Galcha","place":"town","population":0},"geometry":{"type":"Point","coordinates":[37.9239,6.9426]}},{"type":"Feature","properties":{"name":"Galdogob","place":"town","population":0},"geometry":{"type":"Point","coordinates":[47.019,7.0332]}},{"type":"Feature","properties":{"name":"Galma","place":"town","population":0},"geometry":{"type":"Point","coordinates":[37.018,6.2504]}},{"type":"Feature","properties":{"name":"Garanuugle","place":"town","population":0},"geometry":{"type":"Point","coordinates":[45.82,8.2232]}},{"type":"Feature","properties":{"name":"Garasse","place":"town","population":0},"geometry":{"type":"Point","coordinates":[37.3088,5.9181]}},{"type":"Feature","properties":{"name":"Garbo","place":"town","population":0},"geometry":{"type":"Point","coordinates":[43.2965,7.3127]}},{"type":"Feature","properties":{"name":"Gasay","place":"town","population":0},"geometry":{"type":"Point","coordinates":[38.1417,11.7951]}},{"type":"Feature","properties":{"name":"Gasera","place":"town","population":0},"geometry":{"type":"Point","coordinates":[40.191,7.3712]}},{"type":"Feature","properties":{"name":"Gatira","place":"town","population":0},"geometry":{"type":"Point","coordinates":[36.3411,8.0424]}},{"type":"Feature","properties":{"name":"Gazer","place":"town","population":0},"geometry":{"type":"Point","coordinates":[36.5774,5.9026]}},{"type":"Feature","properties":{"name":"Geber Shengo","place":"town","population":0},"geometry":{"type":"Point","coordinates":[39.1806,10.12]}},{"type":"Feature","properties":{"name":"Gebeze Mariam","place":"town","population":0},"geometry":{"type":"Point","coordinates":[37.4248,10.9991]}},{"type":"Feature","properties":{"name":"Gebre Guracha","place":"town","population":0},"geometry":{"type":"Point","coordinates":[38.4241,9.8039]}},{"type":"Feature","properties":{"name":"Geche","place":"town","population":0},"geometry":{"type":"Point","coordinates":[35.4036,7.5633]}},{"type":"Feature","properties":{"name":"Gechi","place":"town","population":0},"geometry":{"type":"Point","coordinates":[36.4187,8.333]}},{"type":"Feature","properties":{"name":"Gedo","place":"town","population":0},"geometry":{"type":"Point","coordinates":[37.4508,9.0119]}},{"type":"Feature","properties":{"name":"Gelawdiwos","place":"town","population":0},"geometry":{"type":"Point","coordinates":[37.8168,11.6335]}},{"type":"Feature","properties":{"name":"Gelegu","place":"town","population":0},"geometry":{"type":"Point","coordinates":[35.8942,12.2157]}},{"type":"Feature","properties":{"name":"Gelemso","place":"town","population":0},"geometry":{"type":"Point","coordinates":[40.522,8.8127]}},{"type":"Feature","properties":{"name":"Gelgel Beles","place":"town","population":0},"geometry":{"type":"Point","coordinates":[36.344,11.1592]}},{"type":"Feature","properties":{"name":"Gelila","place":"town","population":0},"geometry":{"type":"Point","coordinates":[36.4776,9.8461]}},{"type":"Feature","properties":{"name":"Gembe","place":"town","population":0},"geometry":{"type":"Point","coordinates":[36.6701,7.8356]}},{"type":"Feature","properties":{"name":"Gende Woin","place":"town","population":0},"geometry":{"type":"Point","coordinates":[38.0879,10.927]}},{"type":"Feature","properties":{"name":"Genet","place":"town","population":0},"geometry":{"type":"Point","coordinates":[36.95,8.1]}},{"type":"Feature","properties":{"name":"Gera","place":"town","population":0},"geometry":{"type":"Point","coordinates":[36.3387,7.7791]}},{"type":"Feature","properties":{"name":"Gerba","place":"town","population":0},"geometry":{"type":"Point","coordinates":[39.9348,11.1634]}},{"type":"Feature","properties":{"name":"Gerbo","place":"town","population":0},"geometry":{"type":"Point","coordinates":[38.1424,8.4925]}},{"type":"Feature","properties":{"name":"Gerhu Sirnay","place":"town","population":0},"geometry":{"type":"Point","coordinates":[39.1727,14.4902]}},{"type":"Feature","properties":{"name":"Gesa","place":"town","population":0},"geometry":{"type":"Point","coordinates":[37.2741,7.0124]}},{"type":"Feature","properties":{"name":"Geshena","place":"town","population":0},"geometry":{"type":"Point","coordinates":[38.924,11.6883]}},{"type":"Feature","properties":{"name":"Getema","place":"town","population":0},"geometry":{"type":"Point","coordinates":[36.4873,8.9008]}},{"type":"Feature","properties":{"name":"Gewane","place":"town","population":0},"geometry":{"type":"Point","coordinates":[40.6616,10.1592]}},{"type":"Feature","properties":{"name":"Ghimbi","place":"town","population":0},"geometry":{"type":"Point","coordinates":[35.8345,9.169]}},{"type":"Feature","properties":{"name":"Gida Ayana","place":"town","population":0},"geometry":{"type":"Point","coordinates":[36.6205,9.8779]}},{"type":"Feature","properties":{"name":"Gidole","place":"town","population":0},"geometry":{"type":"Point","coordinates":[37.3661,5.6505]}},{"type":"Feature","properties":{"name":"Gijet","place":"town","population":0},"geometry":{"type":"Point","coordinates":[39.174,13.3235]}},{"type":"Feature","properties":{"name":"Ginido","place":"town","population":0},"geometry":{"type":"Point","coordinates":[37.7581,8.598]}},{"type":"Feature","properties":{"name":"Ginir","place":"town","population":0},"geometry":{"type":"Point","coordinates":[40.7117,7.1384]}},{"type":"Feature","properties":{"name":"Ginsi","place":"town","population":0},"geometry":{"type":"Point","coordinates":[38.1474,9.0313]}},{"type":"Feature","properties":{"name":"Giraara","place":"town","population":0},"geometry":{"type":"Point","coordinates":[37.8754,6.8462]}},{"type":"Feature","properties":{"name":"Girja","place":"town","population":0},"geometry":{"type":"Point","coordinates":[38.9345,6.2482]}},{"type":"Feature","properties":{"name":"Giundu","place":"town","population":0},"geometry":{"type":"Point","coordinates":[37.5212,8.422]}},{"type":"Feature","properties":{"name":"Goba","place":"town","population":0},"geometry":{"type":"Point","coordinates":[39.9694,7.0073]}},{"type":"Feature","properties":{"name":"Goben","place":"town","population":0},"geometry":{"type":"Point","coordinates":[37.3089,9.1725]}},{"type":"Feature","properties":{"name":"Gobesa","place":"town","population":0},"geometry":{"type":"Point","coordinates":[39.4949,7.6211]}},{"type":"Feature","properties":{"name":"Gocho","place":"town","population":0},"geometry":{"type":"Point","coordinates":[37.3745,6.8093]}},{"type":"Feature","properties":{"name":"Gohala","place":"town","population":0},"geometry":{"type":"Point","coordinates":[38.0834,12.4067]}},{"type":"Feature","properties":{"name":"Gohatsion","place":"town","population":0},"geometry":{"type":"Point","coordinates":[38.2469,10.0073]}},{"type":"Feature","properties":{"name":"Gojeb","place":"town","population":0},"geometry":{"type":"Point","coordinates":[36.3728,7.4123]}},{"type":"Feature","properties":{"name":"Gojo Town","place":"town","population":0},"geometry":{"type":"Point","coordinates":[38.0838,9.2666]}},{"type":"Feature","properties":{"name":"Gore","place":"town","population":0},"geometry":{"type":"Point","coordinates":[35.5371,8.1526]}},{"type":"Feature","properties":{"name":"Gorki","place":"town","population":0},"geometry":{"type":"Point","coordinates":[38.0841,8.4574]}},{"type":"Feature","properties":{"name":"Goro","place":"town","population":0},"geometry":{"type":"Point","coordinates":[40.4799,6.9914]}},{"type":"Feature","properties":{"name":"Goru","place":"town","population":0},"geometry":{"type":"Point","coordinates":[37.8687,8.4005]}},{"type":"Feature","properties":{"name":"Gosh Bado","place":"town","population":0},"geometry":{"type":"Point","coordinates":[39.4569,9.7303]}},{"type":"Feature","properties":{"name":"Gouder","place":"town","population":0},"geometry":{"type":"Point","coordinates":[37.7656,8.9767]}},{"type":"Feature","properties":{"name":"Guia","place":"town","population":0},"geometry":{"type":"Point","coordinates":[38.8181,13.6194]}},{"type":"Feature","properties":{"name":"Gulisso","place":"town","population":0},"geometry":{"type":"Point","coordinates":[35.4725,9.1638]}},{"type":"Feature","properties":{"name":"Gumar","place":"town","population":0},"geometry":{"type":"Point","coordinates":[36.8901,10.5282]}},{"type":"Feature","properties":{"name":"Gundo Meskel","place":"town","population":0},"geometry":{"type":"Point","coordinates":[38.7057,10.2241]}},{"type":"Feature","properties":{"name":"Gursum","place":"town","population":0},"geometry":{"type":"Point","coordinates":[42.4008,9.353]}},{"type":"Feature","properties":{"name":"Gurura","place":"town","population":0},"geometry":{"type":"Point","coordinates":[37.9237,8.4395]}},{"type":"Feature","properties":{"name":"Gutin","place":"town","population":0},"geometry":{"type":"Point","coordinates":[36.632,9.5647]}},{"type":"Feature","properties":{"name":"Gwyane Diriye","place":"town","population":0},"geometry":{"type":"Point","coordinates":[45.762,6.1029]}},{"type":"Feature","properties":{"name":"Habe","place":"town","population":0},"geometry":{"type":"Point","coordinates":[39.7864,7.8223]}},{"type":"Feature","properties":{"name":"Hadero","place":"town","population":0},"geometry":{"type":"Point","coordinates":[37.6639,7.1964]}},{"type":"Feature","properties":{"name":"Hagere Selam","place":"town","population":0},"geometry":{"type":"Point","coordinates":[39.1729,13.6497]}},{"type":"Feature","properties":{"name":"Haike Meshal","place":"town","population":0},"geometry":{"type":"Point","coordinates":[39.707,13.7541]}},{"type":"Feature","properties":{"name":"Halale","place":"town","population":0},"geometry":{"type":"Point","coordinates":[37.3423,6.7534]}},{"type":"Feature","properties":{"name":"Hanaze","place":"town","population":0},"geometry":{"type":"Point","coordinates":[37.5027,6.8578]}},{"type":"Feature","properties":{"name":"Hantate","place":"town","population":0},"geometry":{"type":"Point","coordinates":[38.2602,6.6915]}},{"type":"Feature","properties":{"name":"Harbu","place":"town","population":0},"geometry":{"type":"Point","coordinates":[39.785,10.9235]}},{"type":"Feature","properties":{"name":"Hare Wacha","place":"town","population":0},"geometry":{"type":"Point","coordinates":[41.3391,9.1778]}},{"type":"Feature","properties":{"name":"Hareto","place":"town","population":0},"geometry":{"type":"Point","coordinates":[37.119,9.3677]}},{"type":"Feature","properties":{"name":"Hargele","place":"town","population":0},"geometry":{"type":"Point","coordinates":[42.1805,5.2218]}},{"type":"Feature","properties":{"name":"Haro","place":"town","population":0},"geometry":{"type":"Point","coordinates":[36.313,9.8446]}},{"type":"Feature","properties":{"name":"Haro Adi","place":"town","population":0},"geometry":{"type":"Point","coordinates":[39.9172,8.869]}},{"type":"Feature","properties":{"name":"Haro Dumal","place":"town","population":0},"geometry":{"type":"Point","coordinates":[40.1743,6.7504]}},{"type":"Feature","properties":{"name":"Harodibe","place":"town","population":0},"geometry":{"type":"Point","coordinates":[40.4809,6.6183]}},{"type":"Feature","properties":{"name":"Hawzen","place":"town","population":0},"geometry":{"type":"Point","coordinates":[39.4301,13.9797]}},{"type":"Feature","properties":{"name":"Hayq","place":"town","population":0},"geometry":{"type":"Point","coordinates":[39.677,11.3132]}},{"type":"Feature","properties":{"name":"Hembecho","place":"town","population":0},"geometry":{"type":"Point","coordinates":[37.6611,7.1502]}},{"type":"Feature","properties":{"name":"Herale","place":"town","population":0},"geometry":{"type":"Point","coordinates":[45.962,6.0221]}},{"type":"Feature","properties":{"name":"Hidilola","place":"town","population":0},"geometry":{"type":"Point","coordinates":[38.5788,3.7418]}},{"type":"Feature","properties":{"name":"Hidmo","place":"town","population":0},"geometry":{"type":"Point","coordinates":[38.8316,13.4218]}},{"type":"Feature","properties":{"name":"Hinde","place":"town","population":0},"geometry":{"type":"Point","coordinates":[36.4526,9.9737]}},{"type":"Feature","properties":{"name":"Hirna","place":"town","population":0},"geometry":{"type":"Point","coordinates":[41.1018,9.2174]}},{"type":"Feature","properties":{"name":"Hitsats","place":"town","population":0},"geometry":{"type":"Point","coordinates":[37.9609,14.0948]}},{"type":"Feature","properties":{"name":"Hiwane","place":"town","population":0},"geometry":{"type":"Point","coordinates":[39.4961,13.105]}},{"type":"Feature","properties":{"name":"Hiyadima","place":"town","population":0},"geometry":{"type":"Point","coordinates":[38.8095,5.5345]}},{"type":"Feature","properties":{"name":"Hobicha Bada","place":"town","population":0},"geometry":{"type":"Point","coordinates":[37.8746,6.7641]}},{"type":"Feature","properties":{"name":"Holeta Genet","place":"town","population":0},"geometry":{"type":"Point","coordinates":[38.4937,9.0652]}},{"type":"Feature","properties":{"name":"Holota","place":"town","population":0},"geometry":{"type":"Point","coordinates":[38.0552,7.0655]}},{"type":"Feature","properties":{"name":"Hossana","place":"town","population":0},"geometry":{"type":"Point","coordinates":[37.8528,7.5502]}},{"type":"Feature","properties":{"name":"Hudat","place":"town","population":0},"geometry":{"type":"Point","coordinates":[39.2368,4.7573]}},{"type":"Feature","properties":{"name":"Hurta","place":"town","population":0},"geometry":{"type":"Point","coordinates":[39.4332,8.1327]}},{"type":"Feature","properties":{"name":"Huruta / ሁሩታ","place":"town","population":0},"geometry":{"type":"Point","coordinates":[39.3535,8.1487]}},{"type":"Feature","properties":{"name":"Huse","place":"town","population":0},"geometry":{"type":"Point","coordinates":[41.8465,8.6578]}},{"type":"Feature","properties":{"name":"Ilimo","place":"town","population":0},"geometry":{"type":"Point","coordinates":[35.8167,8.4667]}},{"type":"Feature","properties":{"name":"Imiye","place":"town","population":0},"geometry":{"type":"Point","coordinates":[39.4247,10.7238]}},{"type":"Feature","properties":{"name":"Inagabile","place":"town","population":0},"geometry":{"type":"Point","coordinates":[45.8539,6.0768]}},{"type":"Feature","properties":{"name":"Inango","place":"town","population":0},"geometry":{"type":"Point","coordinates":[35.6828,9.1678]}},{"type":"Feature","properties":{"name":"InchIni","place":"town","population":0},"geometry":{"type":"Point","coordinates":[38.3802,9.3146]}},{"type":"Feature","properties":{"name":"Inda Aba Guna","place":"town","population":0},"geometry":{"type":"Point","coordinates":[38.1842,13.9492]}},{"type":"Feature","properties":{"name":"Indabaguna","place":"town","population":0},"geometry":{"type":"Point","coordinates":[38.2811,13.5655]}},{"type":"Feature","properties":{"name":"Injibara","place":"town","population":0},"geometry":{"type":"Point","coordinates":[36.9341,10.9592]}},{"type":"Feature","properties":{"name":"Inticho","place":"town","population":0},"geometry":{"type":"Point","coordinates":[39.1506,14.2781]}},{"type":"Feature","properties":{"name":"Irgalem","place":"town","population":0},"geometry":{"type":"Point","coordinates":[38.4058,6.7469]}},{"type":"Feature","properties":{"name":"Islamge","place":"town","population":0},"geometry":{"type":"Point","coordinates":[38.2675,12.9659]}},{"type":"Feature","properties":{"name":"Itang","place":"town","population":0},"geometry":{"type":"Point","coordinates":[34.2678,8.1969]}},{"type":"Feature","properties":{"name":"Itiya","place":"town","population":0},"geometry":{"type":"Point","coordinates":[39.2333,8.1333]}},{"type":"Feature","properties":{"name":"Jaja","place":"town","population":0},"geometry":{"type":"Point","coordinates":[41.3653,9.0813]}},{"type":"Feature","properties":{"name":"Jara","place":"town","population":0},"geometry":{"type":"Point","coordinates":[40.4983,7.3679]}},{"type":"Feature","properties":{"name":"Jarso Tower","place":"town","population":0},"geometry":{"type":"Point","coordinates":[35.318,9.4506]}},{"type":"Feature","properties":{"name":"Jawi","place":"town","population":0},"geometry":{"type":"Point","coordinates":[36.4882,11.565]}},{"type":"Feature","properties":{"name":"Jeba","place":"town","population":0},"geometry":{"type":"Point","coordinates":[35.2243,6.2527]}},{"type":"Feature","properties":{"name":"Jere","place":"town","population":0},"geometry":{"type":"Point","coordinates":[37.0679,9.2167]}},{"type":"Feature","properties":{"name":"Jibri","place":"town","population":0},"geometry":{"type":"Point","coordinates":[40.4369,6.6418]}},{"type":"Feature","properties":{"name":"Jiga","place":"town","population":0},"geometry":{"type":"Point","coordinates":[37.3773,10.6767]}},{"type":"Feature","properties":{"name":"Jihur","place":"town","population":0},"geometry":{"type":"Point","coordinates":[39.2502,10.0208]}},{"type":"Feature","properties":{"name":"Jima","place":"town","population":0},"geometry":{"type":"Point","coordinates":[37.8902,10.1388]}},{"type":"Feature","properties":{"name":"Jimata","place":"town","population":0},"geometry":{"type":"Point","coordinates":[36.6725,9.0298]}},{"type":"Feature","properties":{"name":"Jinka","place":"town","population":0},"geometry":{"type":"Point","coordinates":[36.5654,5.7862]}},{"type":"Feature","properties":{"name":"Jole 1","place":"town","population":0},"geometry":{"type":"Point","coordinates":[38.4709,8.1887]}},{"type":"Feature","properties":{"name":"K'Ojora","place":"town","population":0},"geometry":{"type":"Point","coordinates":[40.1,7.0333]}},{"type":"Feature","properties":{"name":"K'Ore / Qoree","place":"town","population":0},"geometry":{"type":"Point","coordinates":[38.927,7.2193]}},{"type":"Feature","properties":{"name":"Kachise","place":"town","population":0},"geometry":{"type":"Point","coordinates":[37.8462,9.5997]}},{"type":"Feature","properties":{"name":"Kamisee","place":"town","population":0},"geometry":{"type":"Point","coordinates":[39.867,10.7164]}},{"type":"Feature","properties":{"name":"Karakore","place":"town","population":0},"geometry":{"type":"Point","coordinates":[39.9352,10.4226]}},{"type":"Feature","properties":{"name":"Karamile","place":"town","population":0},"geometry":{"type":"Point","coordinates":[41.3698,9.3743]}},{"type":"Feature","properties":{"name":"Karati","place":"town","population":0},"geometry":{"type":"Point","coordinates":[37.4424,5.3398]}},{"type":"Feature","properties":{"name":"Kasagita","place":"town","population":0},"geometry":{"type":"Point","coordinates":[40.2139,11.2516]}},{"type":"Feature","properties":{"name":"Kebri Beyah","place":"town","population":0},"geometry":{"type":"Point","coordinates":[43.1787,9.1001]}},{"type":"Feature","properties":{"name":"Kebri Dehar","place":"town","population":0},"geometry":{"type":"Point","coordinates":[44.2804,6.7389]}},{"type":"Feature","properties":{"name":"Kefole","place":"town","population":0},"geometry":{"type":"Point","coordinates":[38.7817,7.0773]}},{"type":"Feature","properties":{"name":"Kela","place":"town","population":0},"geometry":{"type":"Point","coordinates":[39.5722,7.7327]}},{"type":"Feature","properties":{"name":"Kela","place":"town","population":0},"geometry":{"type":"Point","coordinates":[38.4951,8.2543]}},{"type":"Feature","properties":{"name":"Kele","place":"town","population":0},"geometry":{"type":"Point","coordinates":[37.8977,5.8339]}},{"type":"Feature","properties":{"name":"Kelisha","place":"town","population":0},"geometry":{"type":"Point","coordinates":[39.7187,13.6468]}},{"type":"Feature","properties":{"name":"Kellafo","place":"town","population":0},"geometry":{"type":"Point","coordinates":[44.2029,5.5922]}},{"type":"Feature","properties":{"name":"Kelo","place":"town","population":0},"geometry":{"type":"Point","coordinates":[36.4651,10.0996]}},{"type":"Feature","properties":{"name":"Kemashi","place":"town","population":0},"geometry":{"type":"Point","coordinates":[35.8628,9.5045]}},{"type":"Feature","properties":{"name":"Kemba","place":"town","population":0},"geometry":{"type":"Point","coordinates":[37.1755,6.0598]}},{"type":"Feature","properties":{"name":"Kercha","place":"town","population":0},"geometry":{"type":"Point","coordinates":[38.4053,5.7805]}},{"type":"Feature","properties":{"name":"Kercheche","place":"town","population":0},"geometry":{"type":"Point","coordinates":[37.9853,6.9525]}},{"type":"Feature","properties":{"name":"Kersa","place":"town","population":0},"geometry":{"type":"Point","coordinates":[38.9855,7.5307]}},{"type":"Feature","properties":{"name":"Kersa","place":"town","population":0},"geometry":{"type":"Point","coordinates":[41.8669,9.4549]}},{"type":"Feature","properties":{"name":"Ketema Nigus","place":"town","population":0},"geometry":{"type":"Point","coordinates":[37.4012,13.3929]}},{"type":"Feature","properties":{"name":"Keyafer","place":"town","population":0},"geometry":{"type":"Point","coordinates":[36.7348,5.5226]}},{"type":"Feature","properties":{"name":"Khiret","place":"town","population":0},"geometry":{"type":"Point","coordinates":[37.9826,14.456]}},{"type":"Feature","properties":{"name":"Khundi","place":"town","population":0},"geometry":{"type":"Point","coordinates":[40.8358,6.249]}},{"type":"Feature","properties":{"name":"Kibet","place":"town","population":0},"geometry":{"type":"Point","coordinates":[38.3301,8.0265]}},{"type":"Feature","properties":{"name":"Kibre Mengist","place":"town","population":0},"geometry":{"type":"Point","coordinates":[38.9954,5.8734]}},{"type":"Feature","properties":{"name":"Kilaj","place":"town","population":0},"geometry":{"type":"Point","coordinates":[36.4938,10.7107]}},{"type":"Feature","properties":{"name":"Kile","place":"town","population":0},"geometry":{"type":"Point","coordinates":[35.3557,8.9164]}},{"type":"Feature","properties":{"name":"Kiltu Kara","place":"town","population":0},"geometry":{"type":"Point","coordinates":[35.2612,9.6892]}},{"type":"Feature","properties":{"name":"Kimir Dingay","place":"town","population":0},"geometry":{"type":"Point","coordinates":[38.2165,11.8143]}},{"type":"Feature","properties":{"name":"Kiremu","place":"town","population":0},"geometry":{"type":"Point","coordinates":[36.8668,9.9595]}},{"type":"Feature","properties":{"name":"Kobo","place":"town","population":0},"geometry":{"type":"Point","coordinates":[39.6288,12.1506]}},{"type":"Feature","properties":{"name":"Kobo","place":"town","population":0},"geometry":{"type":"Point","coordinates":[41.4744,9.3764]}},{"type":"Feature","properties":{"name":"Koche","place":"town","population":0},"geometry":{"type":"Point","coordinates":[36.6596,7.8965]}},{"type":"Feature","properties":{"name":"Koibi","place":"town","population":0},"geometry":{"type":"Point","coordinates":[36.7977,5.7727]}},{"type":"Feature","properties":{"name":"Kokosa","place":"town","population":0},"geometry":{"type":"Point","coordinates":[38.7912,6.7394]}},{"type":"Feature","properties":{"name":"Kola Diba","place":"town","population":0},"geometry":{"type":"Point","coordinates":[37.334,12.4253]}},{"type":"Feature","properties":{"name":"Kolango","place":"town","population":0},"geometry":{"type":"Point","coordinates":[37.2178,5.4918]}},{"type":"Feature","properties":{"name":"Kombosha","place":"town","population":0},"geometry":{"type":"Point","coordinates":[37.4749,9.5052]}},{"type":"Feature","properties":{"name":"Komona","place":"town","population":0},"geometry":{"type":"Point","coordinates":[40.5558,8.9507]}},{"type":"Feature","properties":{"name":"Kon","place":"town","population":0},"geometry":{"type":"Point","coordinates":[38.9313,11.6097]}},{"type":"Feature","properties":{"name":"Korem","place":"town","population":0},"geometry":{"type":"Point","coordinates":[39.5223,12.5057]}},{"type":"Feature","properties":{"name":"Koshe","place":"town","population":0},"geometry":{"type":"Point","coordinates":[38.5321,8.0133]}},{"type":"Feature","properties":{"name":"Kossober","place":"town","population":0},"geometry":{"type":"Point","coordinates":[36.9347,10.9552]}},{"type":"Feature","properties":{"name":"Kuergeng","place":"town","population":0},"geometry":{"type":"Point","coordinates":[33.9566,8.3326]}},{"type":"Feature","properties":{"name":"Kula","place":"town","population":0},"geometry":{"type":"Point","coordinates":[39.6881,7.9783]}},{"type":"Feature","properties":{"name":"Kulubi","place":"town","population":0},"geometry":{"type":"Point","coordinates":[41.6831,9.4269]}},{"type":"Feature","properties":{"name":"Kurfa Chele","place":"town","population":0},"geometry":{"type":"Point","coordinates":[41.8247,9.2376]}},{"type":"Feature","properties":{"name":"Kurmuk","place":"town","population":0},"geometry":{"type":"Point","coordinates":[34.2961,10.5569]}},{"type":"Feature","properties":{"name":"Kuta Ber","place":"town","population":0},"geometry":{"type":"Point","coordinates":[39.5445,11.2745]}},{"type":"Feature","properties":{"name":"Kuyera","place":"town","population":0},"geometry":{"type":"Point","coordinates":[38.6523,7.2786]}},{"type":"Feature","properties":{"name":"Kuyi","place":"town","population":0},"geometry":{"type":"Point","coordinates":[37.9909,10.4978]}},{"type":"Feature","properties":{"name":"Ladisa","place":"town","population":0},"geometry":{"type":"Point","coordinates":[37.7321,6.9579]}},{"type":"Feature","properties":{"name":"Laha","place":"town","population":0},"geometry":{"type":"Point","coordinates":[36.5864,6.4695]}},{"type":"Feature","properties":{"name":"Lasarat","place":"town","population":0},"geometry":{"type":"Point","coordinates":[42.4547,10.6651]}},{"type":"Feature","properties":{"name":"Lasho","place":"town","population":0},"geometry":{"type":"Point","coordinates":[37.4739,6.7856]}},{"type":"Feature","properties":{"name":"Lasoano","place":"town","population":0},"geometry":{"type":"Point","coordinates":[45.385,6.2555]}},{"type":"Feature","properties":{"name":"Leera","place":"town","population":0},"geometry":{"type":"Point","coordinates":[37.8718,7.0856]}},{"type":"Feature","properties":{"name":"Leka","place":"town","population":0},"geometry":{"type":"Point","coordinates":[35.6675,8.0883]}},{"type":"Feature","properties":{"name":"Lemen","place":"town","population":0},"geometry":{"type":"Point","coordinates":[38.6075,8.608]}},{"type":"Feature","properties":{"name":"Lemi","place":"town","population":0},"geometry":{"type":"Point","coordinates":[38.9074,9.8028]}},{"type":"Feature","properties":{"name":"Lera","place":"town","population":0},"geometry":{"type":"Point","coordinates":[37.8946,7.7468]}},{"type":"Feature","properties":{"name":"Liben","place":"town","population":0},"geometry":{"type":"Point","coordinates":[36.9415,11.6971]}},{"type":"Feature","properties":{"name":"Libo","place":"town","population":0},"geometry":{"type":"Point","coordinates":[37.872,12.2042]}},{"type":"Feature","properties":{"name":"Limushay","place":"town","population":0},"geometry":{"type":"Point","coordinates":[36.6906,7.9743]}},{"type":"Feature","properties":{"name":"Logiya","place":"town","population":0},"geometry":{"type":"Point","coordinates":[40.9761,11.7231]}},{"type":"Feature","properties":{"name":"Lumame","place":"town","population":0},"geometry":{"type":"Point","coordinates":[37.9389,10.2518]}},{"type":"Feature","properties":{"name":"Magaala Dabbasoo","place":"town","population":0},"geometry":{"type":"Point","coordinates":[35.6507,8.8497]}},{"type":"Feature","properties":{"name":"Maheber Dego","place":"town","population":0},"geometry":{"type":"Point","coordinates":[38.7799,14.0284]}},{"type":"Feature","properties":{"name":"Mai Kadra","place":"town","population":0},"geometry":{"type":"Point","coordinates":[36.5657,14.0722]}},{"type":"Feature","properties":{"name":"Maiwoini","place":"town","population":0},"geometry":{"type":"Point","coordinates":[37.212,14.0816]}},{"type":"Feature","properties":{"name":"Majete","place":"town","population":0},"geometry":{"type":"Point","coordinates":[39.8645,10.4927]}},{"type":"Feature","properties":{"name":"Maksegnit","place":"town","population":0},"geometry":{"type":"Point","coordinates":[37.5561,12.3796]}},{"type":"Feature","properties":{"name":"Malek Sanca","place":"town","population":0},"geometry":{"type":"Point","coordinates":[38.77,11.0351]}},{"type":"Feature","properties":{"name":"Manasebo","place":"town","population":0},"geometry":{"type":"Point","coordinates":[35.6645,10.6313]}},{"type":"Feature","properties":{"name":"Manbuk","place":"town","population":0},"geometry":{"type":"Point","coordinates":[36.2476,11.3]}},{"type":"Feature","properties":{"name":"Mancusa","place":"town","population":0},"geometry":{"type":"Point","coordinates":[37.1769,10.6999]}},{"type":"Feature","properties":{"name":"Mare","place":"town","population":0},"geometry":{"type":"Point","coordinates":[37.8151,7.4301]}},{"type":"Feature","properties":{"name":"Masha","place":"town","population":0},"geometry":{"type":"Point","coordinates":[35.476,7.7475]}},{"type":"Feature","properties":{"name":"Matar","place":"town","population":0},"geometry":{"type":"Point","coordinates":[33.4456,8.3567]}},{"type":"Feature","properties":{"name":"May Hansse","place":"town","population":0},"geometry":{"type":"Point","coordinates":[37.8781,14.1258]}},{"type":"Feature","properties":{"name":"May Tsebri","place":"town","population":0},"geometry":{"type":"Point","coordinates":[38.1315,13.5614]}},{"type":"Feature","properties":{"name":"Maychew","place":"town","population":0},"geometry":{"type":"Point","coordinates":[39.5393,12.7841]}},{"type":"Feature","properties":{"name":"Maymekden","place":"town","population":0},"geometry":{"type":"Point","coordinates":[39.5669,13.5809]}},{"type":"Feature","properties":{"name":"Mechara","place":"town","population":0},"geometry":{"type":"Point","coordinates":[34.9954,8.7358]}},{"type":"Feature","properties":{"name":"Mechara","place":"town","population":0},"geometry":{"type":"Point","coordinates":[40.3245,8.5998]}},{"type":"Feature","properties":{"name":"Mechitu","place":"town","population":0},"geometry":{"type":"Point","coordinates":[39.4779,7.4371]}},{"type":"Feature","properties":{"name":"Medina","place":"town","population":0},"geometry":{"type":"Point","coordinates":[40.0227,10.9202]}},{"type":"Feature","properties":{"name":"Mega","place":"town","population":0},"geometry":{"type":"Point","coordinates":[38.3209,4.0588]}},{"type":"Feature","properties":{"name":"Mehal Meda","place":"town","population":0},"geometry":{"type":"Point","coordinates":[39.658,10.3122]}},{"type":"Feature","properties":{"name":"Mekane Berhan","place":"town","population":0},"geometry":{"type":"Point","coordinates":[38.1042,13.0047]}},{"type":"Feature","properties":{"name":"Mekane Eyesus","place":"town","population":0},"geometry":{"type":"Point","coordinates":[38.064,11.6096]}},{"type":"Feature","properties":{"name":"Mekane Selam","place":"town","population":0},"geometry":{"type":"Point","coordinates":[38.7552,10.7478]}},{"type":"Feature","properties":{"name":"Meki","place":"town","population":0},"geometry":{"type":"Point","coordinates":[38.8211,8.1518]}},{"type":"Feature","properties":{"name":"Meko","place":"town","population":0},"geometry":{"type":"Point","coordinates":[36.0333,8.6833]}},{"type":"Feature","properties":{"name":"Mekoni","place":"town","population":0},"geometry":{"type":"Point","coordinates":[39.646,12.8035]}},{"type":"Feature","properties":{"name":"Meliyu","place":"town","population":0},"geometry":{"type":"Point","coordinates":[40.3584,7.0228]}},{"type":"Feature","properties":{"name":"Melka Awash","place":"town","population":0},"geometry":{"type":"Point","coordinates":[38.6116,8.7071]}},{"type":"Feature","properties":{"name":"Melka Jebdu","place":"town","population":0},"geometry":{"type":"Point","coordinates":[41.7837,9.6193]}},{"type":"Feature","properties":{"name":"Melkasa","place":"town","population":0},"geometry":{"type":"Point","coordinates":[39.3365,8.4049]}},{"type":"Feature","properties":{"name":"Menagesha","place":"town","population":0},"geometry":{"type":"Point","coordinates":[38.5707,9.0544]}},{"type":"Feature","properties":{"name":"Mendi","place":"town","population":0},"geometry":{"type":"Point","coordinates":[35.1,9.8]}},{"type":"Feature","properties":{"name":"Mengie","place":"town","population":0},"geometry":{"type":"Point","coordinates":[34.7656,10.3846]}},{"type":"Feature","properties":{"name":"Meraro","place":"town","population":0},"geometry":{"type":"Point","coordinates":[39.2417,7.4079]}},{"type":"Feature","properties":{"name":"Merawi","place":"town","population":0},"geometry":{"type":"Point","coordinates":[37.1603,11.4179]}},{"type":"Feature","properties":{"name":"Mersa","place":"town","population":0},"geometry":{"type":"Point","coordinates":[39.6593,11.6667]}},{"type":"Feature","properties":{"name":"Mertule Mariam","place":"town","population":0},"geometry":{"type":"Point","coordinates":[38.2709,10.8676]}},{"type":"Feature","properties":{"name":"Mesela","place":"town","population":0},"geometry":{"type":"Point","coordinates":[41.1739,9.08]}},{"type":"Feature","properties":{"name":"Metehara","place":"town","population":0},"geometry":{"type":"Point","coordinates":[39.9181,8.9025]}},{"type":"Feature","properties":{"name":"Metemma","place":"town","population":0},"geometry":{"type":"Point","coordinates":[36.1564,12.9538]}},{"type":"Feature","properties":{"name":"Metemmeli","place":"town","population":0},"geometry":{"type":"Point","coordinates":[36.8874,13.8647]}},{"type":"Feature","properties":{"name":"Meti Chafi / Tilk u Meti","place":"town","population":0},"geometry":{"type":"Point","coordinates":[35.3153,7.2341]}},{"type":"Feature","properties":{"name":"Micha Biliso","place":"town","population":0},"geometry":{"type":"Point","coordinates":[40.9793,7.4562]}},{"type":"Feature","properties":{"name":"Micheta","place":"town","population":0},"geometry":{"type":"Point","coordinates":[40.3173,8.5728]}},{"type":"Feature","properties":{"name":"Midre Genet","place":"town","population":0},"geometry":{"type":"Point","coordinates":[36.4734,13.6964]}},{"type":"Feature","properties":{"name":"Minare","place":"town","population":0},"geometry":{"type":"Point","coordinates":[38.2763,9.6011]}},{"type":"Feature","properties":{"name":"Mindeera","place":"town","population":0},"geometry":{"type":"Point","coordinates":[36.3772,11.2523]}},{"type":"Feature","properties":{"name":"Mintamir","place":"town","population":0},"geometry":{"type":"Point","coordinates":[39.5579,9.1288]}},{"type":"Feature","properties":{"name":"Mirab Abaya","place":"town","population":0},"geometry":{"type":"Point","coordinates":[37.769,6.2923]}},{"type":"Feature","properties":{"name":"Mistima","place":"town","population":0},"geometry":{"type":"Point","coordinates":[39.7721,11.3392]}},{"type":"Feature","properties":{"name":"Mizan Aman","place":"town","population":0},"geometry":{"type":"Point","coordinates":[35.5869,6.9953]}},{"type":"Feature","properties":{"name":"Moje","place":"town","population":0},"geometry":{"type":"Point","coordinates":[39.8523,8.2828]}},{"type":"Feature","properties":{"name":"Mojo","place":"town","population":0},"geometry":{"type":"Point","coordinates":[39.125,8.587]}},{"type":"Feature","properties":{"name":"Mota","place":"town","population":0},"geometry":{"type":"Point","coordinates":[37.881,11.0814]}},{"type":"Feature","properties":{"name":"Mote","place":"town","population":0},"geometry":{"type":"Point","coordinates":[36.9236,8.8243]}},{"type":"Feature","properties":{"name":"Mudula","place":"town","population":0},"geometry":{"type":"Point","coordinates":[37.545,7.2852]}},{"type":"Feature","properties":{"name":"Muger","place":"town","population":0},"geometry":{"type":"Point","coordinates":[38.3429,9.4427]}},{"type":"Feature","properties":{"name":"Muja","place":"town","population":0},"geometry":{"type":"Point","coordinates":[39.2912,12.0094]}},{"type":"Feature","properties":{"name":"Muketuri","place":"town","population":0},"geometry":{"type":"Point","coordinates":[38.8727,9.5501]}},{"type":"Feature","properties":{"name":"Mulo","place":"town","population":0},"geometry":{"type":"Point","coordinates":[38.565,9.2966]}},{"type":"Feature","properties":{"name":"Mustakhil'","place":"town","population":0},"geometry":{"type":"Point","coordinates":[44.7318,5.2455]}},{"type":"Feature","properties":{"name":"Namelafen","place":"town","population":0},"geometry":{"type":"Point","coordinates":[40.208,10.9266]}},{"type":"Feature","properties":{"name":"Nedjo","place":"town","population":0},"geometry":{"type":"Point","coordinates":[35.502,9.5045]}},{"type":"Feature","properties":{"name":"Nefas Meewcha","place":"town","population":0},"geometry":{"type":"Point","coordinates":[38.4727,11.7386]}},{"type":"Feature","properties":{"name":"Negash","place":"town","population":0},"geometry":{"type":"Point","coordinates":[39.5981,13.88]}},{"type":"Feature","properties":{"name":"Negele","place":"town","population":0},"geometry":{"type":"Point","coordinates":[39.5807,5.3328]}},{"type":"Feature","properties":{"name":"Nunu","place":"town","population":0},"geometry":{"type":"Point","coordinates":[36.6399,8.7647]}},{"type":"Feature","properties":{"name":"Obera Bota","place":"town","population":0},"geometry":{"type":"Point","coordinates":[40.1779,7.1741]}},{"type":"Feature","properties":{"name":"Oda","place":"town","population":0},"geometry":{"type":"Point","coordinates":[36.5187,7.0993]}},{"type":"Feature","properties":{"name":"Ombole","place":"town","population":0},"geometry":{"type":"Point","coordinates":[38.7833,8.3667]}},{"type":"Feature","properties":{"name":"Omonada","place":"town","population":0},"geometry":{"type":"Point","coordinates":[37.2515,7.6338]}},{"type":"Feature","properties":{"name":"Omorate","place":"town","population":0},"geometry":{"type":"Point","coordinates":[36.0504,4.8032]}},{"type":"Feature","properties":{"name":"Pagak (South Sudan)","place":"town","population":0},"geometry":{"type":"Point","coordinates":[34.0246,8.4747]}},{"type":"Feature","properties":{"name":"Pagak(Gambella, Ethiopia)","place":"town","population":0},"geometry":{"type":"Point","coordinates":[34.0055,8.4595]}},{"type":"Feature","properties":{"name":"Paracho","place":"town","population":0},"geometry":{"type":"Point","coordinates":[37.8386,6.6635]}},{"type":"Feature","properties":{"name":"Pawi","place":"town","population":0},"geometry":{"type":"Point","coordinates":[36.4088,11.325]}},{"type":"Feature","properties":{"name":"Pinyudo","place":"town","population":0},"geometry":{"type":"Point","coordinates":[34.2572,7.647]}},{"type":"Feature","properties":{"name":"Qoqa","place":"town","population":0},"geometry":{"type":"Point","coordinates":[39.0347,8.441]}},{"type":"Feature","properties":{"name":"Qorof","place":"town","population":0},"geometry":{"type":"Point","coordinates":[46.4353,6.5842]}},{"type":"Feature","properties":{"name":"Quiha","place":"town","population":0},"geometry":{"type":"Point","coordinates":[39.5463,13.4765]}},{"type":"Feature","properties":{"name":"Raaso","place":"town","population":0},"geometry":{"type":"Point","coordinates":[41.797,6.5469]}},{"type":"Feature","properties":{"name":"Raqo","place":"town","population":0},"geometry":{"type":"Point","coordinates":[45.8526,6.4193]}},{"type":"Feature","properties":{"name":"Rob Gebeya","place":"town","population":0},"geometry":{"type":"Point","coordinates":[34.88,8.6876]}},{"type":"Feature","properties":{"name":"Robe","place":"town","population":0},"geometry":{"type":"Point","coordinates":[39.6299,7.8656]}},{"type":"Feature","properties":{"name":"Robe Gerjeda","place":"town","population":0},"geometry":{"type":"Point","coordinates":[39.4302,7.1905]}},{"type":"Feature","properties":{"name":"Ropi","place":"town","population":0},"geometry":{"type":"Point","coordinates":[38.1092,7.1407]}},{"type":"Feature","properties":{"name":"Sagure","place":"town","population":0},"geometry":{"type":"Point","coordinates":[39.1564,7.7512]}},{"type":"Feature","properties":{"name":"Saja","place":"town","population":0},"geometry":{"type":"Point","coordinates":[37.4392,7.969]}},{"type":"Feature","properties":{"name":"Saja","place":"town","population":0},"geometry":{"type":"Point","coordinates":[36.0702,7.5045]}},{"type":"Feature","properties":{"name":"Samre","place":"town","population":0},"geometry":{"type":"Point","coordinates":[39.2091,13.1882]}},{"type":"Feature","properties":{"name":"Sanja","place":"town","population":0},"geometry":{"type":"Point","coordinates":[37.2953,12.9928]}},{"type":"Feature","properties":{"name":"Sawla","place":"town","population":0},"geometry":{"type":"Point","coordinates":[36.8833,6.3]}},{"type":"Feature","properties":{"name":"Sebeta","place":"town","population":0},"geometry":{"type":"Point","coordinates":[38.624,8.9122]}},{"type":"Feature","properties":{"name":"Segen","place":"town","population":0},"geometry":{"type":"Point","coordinates":[37.5465,5.5887]}},{"type":"Feature","properties":{"name":"Seka","place":"town","population":0},"geometry":{"type":"Point","coordinates":[36.7239,7.6028]}},{"type":"Feature","properties":{"name":"Sekoro","place":"town","population":0},"geometry":{"type":"Point","coordinates":[39.0223,9.6741]}},{"type":"Feature","properties":{"name":"Selam Ber ሰላምበር","place":"town","population":0},"geometry":{"type":"Point","coordinates":[37.4633,6.4753]}},{"type":"Feature","properties":{"name":"Sele","place":"town","population":0},"geometry":{"type":"Point","coordinates":[39.0393,13.539]}},{"type":"Feature","properties":{"name":"Selekleka","place":"town","population":0},"geometry":{"type":"Point","coordinates":[38.4718,14.1155]}},{"type":"Feature","properties":{"name":"Sendafa","place":"town","population":0},"geometry":{"type":"Point","coordinates":[39.0238,9.1559]}},{"type":"Feature","properties":{"name":"Serera","place":"town","population":0},"geometry":{"type":"Point","coordinates":[37.7896,7.3075]}},{"type":"Feature","properties":{"name":"Seru","place":"town","population":0},"geometry":{"type":"Point","coordinates":[40.2014,7.6756]}},{"type":"Feature","properties":{"name":"Seyo","place":"town","population":0},"geometry":{"type":"Point","coordinates":[37.2641,8.7652]}},{"type":"Feature","properties":{"name":"Shahadi","place":"town","population":0},"geometry":{"type":"Point","coordinates":[36.4047,12.7799]}},{"type":"Feature","properties":{"name":"Shahura (Alefa)","place":"town","population":0},"geometry":{"type":"Point","coordinates":[36.8725,11.9341]}},{"type":"Feature","properties":{"name":"Shakiso","place":"town","population":0},"geometry":{"type":"Point","coordinates":[38.9028,5.7747]}},{"type":"Feature","properties":{"name":"Shambu","place":"town","population":0},"geometry":{"type":"Point","coordinates":[37.1007,9.5667]}},{"type":"Feature","properties":{"name":"Shano","place":"town","population":0},"geometry":{"type":"Point","coordinates":[39.3,9.3333]}},{"type":"Feature","properties":{"name":"Shebe","place":"town","population":0},"geometry":{"type":"Point","coordinates":[36.5113,7.5034]}},{"type":"Feature","properties":{"name":"Shebel","place":"town","population":0},"geometry":{"type":"Point","coordinates":[34.5841,8.4891]}},{"type":"Feature","properties":{"name":"Sheik Hussein","place":"town","population":0},"geometry":{"type":"Point","coordinates":[40.7036,7.7463]}},{"type":"Feature","properties":{"name":"Shenen","place":"town","population":0},"geometry":{"type":"Point","coordinates":[37.4746,8.7285]}},{"type":"Feature","properties":{"name":"Sheno","place":"town","population":0},"geometry":{"type":"Point","coordinates":[38.2722,9.3161]}},{"type":"Feature","properties":{"name":"Sheraro","place":"town","population":0},"geometry":{"type":"Point","coordinates":[37.7714,14.3931]}},{"type":"Feature","properties":{"name":"Shime","place":"town","population":0},"geometry":{"type":"Point","coordinates":[37.9536,11.4134]}},{"type":"Feature","properties":{"name":"Shimelba","place":"town","population":0},"geometry":{"type":"Point","coordinates":[37.7244,14.1771]}},{"type":"Feature","properties":{"name":"Shinile","place":"town","population":0},"geometry":{"type":"Point","coordinates":[41.8447,9.6881]}},{"type":"Feature","properties":{"name":"Shinshicho","place":"town","population":0},"geometry":{"type":"Point","coordinates":[37.7769,7.2062]}},{"type":"Feature","properties":{"name":"Shira","place":"town","population":0},"geometry":{"type":"Point","coordinates":[36.2501,7.7446]}},{"type":"Feature","properties":{"name":"Shoa Robit","place":"town","population":0},"geometry":{"type":"Point","coordinates":[39.9009,9.9938]}},{"type":"Feature","properties":{"name":"Shoboka","place":"town","population":0},"geometry":{"type":"Point","coordinates":[37.1234,9.0933]}},{"type":"Feature","properties":{"name":"Shone","place":"town","population":0},"geometry":{"type":"Point","coordinates":[37.9556,7.1442]}},{"type":"Feature","properties":{"name":"Shufune","place":"town","population":0},"geometry":{"type":"Point","coordinates":[38.7447,9.1324]}},{"type":"Feature","properties":{"name":"Shukute","place":"town","population":0},"geometry":{"type":"Point","coordinates":[38.0253,9.3808]}},{"type":"Feature","properties":{"name":"Shul","place":"town","population":0},"geometry":{"type":"Point","coordinates":[37.0235,10.4832]}},{"type":"Feature","properties":{"name":"Sibo","place":"town","population":0},"geometry":{"type":"Point","coordinates":[35.2398,8.2406]}},{"type":"Feature","properties":{"name":"Sigmo","place":"town","population":0},"geometry":{"type":"Point","coordinates":[36.0975,7.9105]}},{"type":"Feature","properties":{"name":"Sirambi","place":"town","population":0},"geometry":{"type":"Point","coordinates":[37.4293,8.5363]}},{"type":"Feature","properties":{"name":"Sire","place":"town","population":0},"geometry":{"type":"Point","coordinates":[39.4927,8.2764]}},{"type":"Feature","properties":{"name":"Sire Robe","place":"town","population":0},"geometry":{"type":"Point","coordinates":[39.1599,8.4755]}},{"type":"Feature","properties":{"name":"Sof Omar","place":"town","population":0},"geometry":{"type":"Point","coordinates":[40.8438,6.9013]}},{"type":"Feature","properties":{"name":"Softu","place":"town","population":0},"geometry":{"type":"Point","coordinates":[41.8554,3.9711]}},{"type":"Feature","properties":{"name":"Soge","place":"town","population":0},"geometry":{"type":"Point","coordinates":[36.1885,9.3598]}},{"type":"Feature","properties":{"name":"Sokoru","place":"town","population":0},"geometry":{"type":"Point","coordinates":[37.4179,7.9257]}},{"type":"Feature","properties":{"name":"Solemo","place":"town","population":0},"geometry":{"type":"Point","coordinates":[38.5924,6.0899]}},{"type":"Feature","properties":{"name":"Sologiorgis","place":"town","population":0},"geometry":{"type":"Point","coordinates":[39.3635,8.8381]}},{"type":"Feature","properties":{"name":"Sorto","place":"town","population":0},"geometry":{"type":"Point","coordinates":[37.6158,6.9092]}},{"type":"Feature","properties":{"name":"Soyama","place":"town","population":0},"geometry":{"type":"Point","coordinates":[37.8608,5.4853]}},{"type":"Feature","properties":{"name":"Sululta","place":"town","population":0},"geometry":{"type":"Point","coordinates":[38.7594,9.1813]}},{"type":"Feature","properties":{"name":"Sumbo","place":"town","population":0},"geometry":{"type":"Point","coordinates":[38.2523,8.5394]}},{"type":"Feature","properties":{"name":"Sup'E","place":"town","population":0},"geometry":{"type":"Point","coordinates":[35.663,8.5204]}},{"type":"Feature","properties":{"name":"Tarcha","place":"town","population":0},"geometry":{"type":"Point","coordinates":[37.1751,7.1468]}},{"type":"Feature","properties":{"name":"Teferī Ber","place":"town","population":0},"geometry":{"type":"Point","coordinates":[43.224,9.7835]}},{"type":"Feature","properties":{"name":"Tefki","place":"town","population":0},"geometry":{"type":"Point","coordinates":[38.4993,8.8479]}},{"type":"Feature","properties":{"name":"Teji","place":"town","population":0},"geometry":{"type":"Point","coordinates":[38.3796,8.839]}},{"type":"Feature","properties":{"name":"Telo","place":"town","population":0},"geometry":{"type":"Point","coordinates":[36.4692,7.1185]}},{"type":"Feature","properties":{"name":"Tenta","place":"town","population":0},"geometry":{"type":"Point","coordinates":[38.3241,11.5423]}},{"type":"Feature","properties":{"name":"Tepi","place":"town","population":0},"geometry":{"type":"Point","coordinates":[35.4218,7.1971]}},{"type":"Feature","properties":{"name":"Terre","place":"town","population":0},"geometry":{"type":"Point","coordinates":[38.6265,8.5322]}},{"type":"Feature","properties":{"name":"Tharpham","place":"town","population":0},"geometry":{"type":"Point","coordinates":[34.2767,8.2581]}},{"type":"Feature","properties":{"name":"Tibe","place":"town","population":0},"geometry":{"type":"Point","coordinates":[37.1802,9.059]}},{"type":"Feature","properties":{"name":"Ticho","place":"town","population":0},"geometry":{"type":"Point","coordinates":[39.5167,7.8078]}},{"type":"Feature","properties":{"name":"Tijo","place":"town","population":0},"geometry":{"type":"Point","coordinates":[39.2478,7.6906]}},{"type":"Feature","properties":{"name":"Tis Abay","place":"town","population":0},"geometry":{"type":"Point","coordinates":[37.5858,11.4862]}},{"type":"Feature","properties":{"name":"Tiya","place":"town","population":0},"geometry":{"type":"Point","coordinates":[38.6093,8.4373]}},{"type":"Feature","properties":{"name":"Tobba","place":"town","population":0},"geometry":{"type":"Point","coordinates":[36.4927,8.003]}},{"type":"Feature","properties":{"name":"Tocha","place":"town","population":0},"geometry":{"type":"Point","coordinates":[37.0409,7.0884]}},{"type":"Feature","properties":{"name":"Tog Wajaale","place":"town","population":0},"geometry":{"type":"Point","coordinates":[43.3363,9.6008]}},{"type":"Feature","properties":{"name":"Tongo","place":"town","population":0},"geometry":{"type":"Point","coordinates":[34.439,9.3742]}},{"type":"Feature","properties":{"name":"Tora","place":"town","population":0},"geometry":{"type":"Point","coordinates":[38.4231,7.8597]}},{"type":"Feature","properties":{"name":"Ts'Abat","place":"town","population":0},"geometry":{"type":"Point","coordinates":[39.6707,13.6722]}},{"type":"Feature","properties":{"name":"Tsege","place":"town","population":0},"geometry":{"type":"Point","coordinates":[36.5055,9.1887]}},{"type":"Feature","properties":{"name":"Tulu Bolo","place":"town","population":0},"geometry":{"type":"Point","coordinates":[38.214,8.661]}},{"type":"Feature","properties":{"name":"Tulu Milki","place":"town","population":0},"geometry":{"type":"Point","coordinates":[38.347,9.9081]}},{"type":"Feature","properties":{"name":"Ufa","place":"town","population":0},"geometry":{"type":"Point","coordinates":[36.2305,7.407]}},{"type":"Feature","properties":{"name":"Uke","place":"town","population":0},"geometry":{"type":"Point","coordinates":[36.5262,9.3761]}},{"type":"Feature","properties":{"name":"Uoter","place":"town","population":0},"geometry":{"type":"Point","coordinates":[41.7708,9.3575]}},{"type":"Feature","properties":{"name":"Urmadag","place":"town","population":0},"geometry":{"type":"Point","coordinates":[46.2631,6.6715]}},{"type":"Feature","properties":{"name":"Wabe","place":"town","population":0},"geometry":{"type":"Point","coordinates":[39.0225,7.014]}},{"type":"Feature","properties":{"name":"Wachiga","place":"town","population":0},"geometry":{"type":"Point","coordinates":[37.662,6.7487]}},{"type":"Feature","properties":{"name":"WachIle","place":"town","population":0},"geometry":{"type":"Point","coordinates":[39.0612,4.5451]}},{"type":"Feature","properties":{"name":"Wachu","place":"town","population":0},"geometry":{"type":"Point","coordinates":[40.6234,8.8484]}},{"type":"Feature","properties":{"name":"Wadera","place":"town","population":0},"geometry":{"type":"Point","coordinates":[39.3106,5.7773]}},{"type":"Feature","properties":{"name":"Wahisa Abo","place":"town","population":0},"geometry":{"type":"Point","coordinates":[36.9719,10.8951]}},{"type":"Feature","properties":{"name":"Waliso","place":"town","population":0},"geometry":{"type":"Point","coordinates":[37.9762,8.5389]}},{"type":"Feature","properties":{"name":"Wamura","place":"town","population":0},"geometry":{"type":"Point","coordinates":[37.4033,6.7672]}},{"type":"Feature","properties":{"name":"Washa","place":"town","population":0},"geometry":{"type":"Point","coordinates":[39.4732,7.0352]}},{"type":"Feature","properties":{"name":"Wayu","place":"town","population":0},"geometry":{"type":"Point","coordinates":[37.3608,9.2306]}},{"type":"Feature","properties":{"name":"Wedarage","place":"town","population":0},"geometry":{"type":"Point","coordinates":[40.1832,10.8151]}},{"type":"Feature","properties":{"name":"Wefe","place":"town","population":0},"geometry":{"type":"Point","coordinates":[40.3089,8.6978]}},{"type":"Feature","properties":{"name":"Wegeda","place":"town","population":0},"geometry":{"type":"Point","coordinates":[38.2391,11.3981]}},{"type":"Feature","properties":{"name":"Wegide","place":"town","population":0},"geometry":{"type":"Point","coordinates":[38.0363,9.3838]}},{"type":"Feature","properties":{"name":"Wekepeche","place":"town","population":0},"geometry":{"type":"Point","coordinates":[37.9738,8.0119]}},{"type":"Feature","properties":{"name":"Welenchiti","place":"town","population":0},"geometry":{"type":"Point","coordinates":[39.4343,8.6633]}},{"type":"Feature","properties":{"name":"Welkite","place":"town","population":0},"geometry":{"type":"Point","coordinates":[37.7818,8.2861]}},{"type":"Feature","properties":{"name":"Wenji","place":"town","population":0},"geometry":{"type":"Point","coordinates":[39.2175,8.4541]}},{"type":"Feature","properties":{"name":"Wereta","place":"town","population":0},"geometry":{"type":"Point","coordinates":[37.6964,11.9237]}},{"type":"Feature","properties":{"name":"Werka","place":"town","population":0},"geometry":{"type":"Point","coordinates":[39.1063,6.5876]}},{"type":"Feature","properties":{"name":"Werkamba","place":"town","population":0},"geometry":{"type":"Point","coordinates":[39.0009,13.7334]}},{"type":"Feature","properties":{"name":"West Imi","place":"town","population":0},"geometry":{"type":"Point","coordinates":[42.1391,6.4575]}},{"type":"Feature","properties":{"name":"Woito","place":"town","population":0},"geometry":{"type":"Point","coordinates":[36.9933,5.376]}},{"type":"Feature","properties":{"name":"Woldehane","place":"town","population":0},"geometry":{"type":"Point","coordinates":[37.2704,7.2409]}},{"type":"Feature","properties":{"name":"Woldia","place":"town","population":0},"geometry":{"type":"Point","coordinates":[39.5963,11.8289]}},{"type":"Feature","properties":{"name":"Wolenkomi","place":"town","population":0},"geometry":{"type":"Point","coordinates":[38.2467,9.0017]}},{"type":"Feature","properties":{"name":"Woncho","place":"town","population":0},"geometry":{"type":"Point","coordinates":[38.5079,6.7557]}},{"type":"Feature","properties":{"name":"Worabe","place":"town","population":0},"geometry":{"type":"Point","coordinates":[38.1873,7.8534]}},{"type":"Feature","properties":{"name":"Workmeda","place":"town","population":0},"geometry":{"type":"Point","coordinates":[36.6469,11.362]}},{"type":"Feature","properties":{"name":"Worqicha","place":"town","population":0},"geometry":{"type":"Point","coordinates":[38.0915,7.0167]}},{"type":"Feature","properties":{"name":"Wukro","place":"town","population":0},"geometry":{"type":"Point","coordinates":[39.6015,13.7863]}},{"type":"Feature","properties":{"name":"Wukro Maray","place":"town","population":0},"geometry":{"type":"Point","coordinates":[38.5936,14.1232]}},{"type":"Feature","properties":{"name":"Wulbareg","place":"town","population":0},"geometry":{"type":"Point","coordinates":[38.1219,7.739]}},{"type":"Feature","properties":{"name":"Wurgessa","place":"town","population":0},"geometry":{"type":"Point","coordinates":[39.6185,11.5435]}},{"type":"Feature","properties":{"name":"Yabēlo","place":"town","population":0},"geometry":{"type":"Point","coordinates":[38.095,4.8926]}},{"type":"Feature","properties":{"name":"Yamaaruglay","place":"town","population":0},"geometry":{"type":"Point","coordinates":[46.0844,6.8085]}},{"type":"Feature","properties":{"name":"Yanfa","place":"town","population":0},"geometry":{"type":"Point","coordinates":[36.603,8.245]}},{"type":"Feature","properties":{"name":"Yayu","place":"town","population":0},"geometry":{"type":"Point","coordinates":[35.8122,8.3415]}},{"type":"Feature","properties":{"name":"Yebokile","place":"town","population":0},"geometry":{"type":"Point","coordinates":[37.8926,10.4446]}},{"type":"Feature","properties":{"name":"Yebu","place":"town","population":0},"geometry":{"type":"Point","coordinates":[36.7266,7.7846]}},{"type":"Feature","properties":{"name":"Yechila","place":"town","population":0},"geometry":{"type":"Point","coordinates":[38.9959,13.2863]}},{"type":"Feature","properties":{"name":"Yejube","place":"town","population":0},"geometry":{"type":"Point","coordinates":[37.75,10.15]}},{"type":"Feature","properties":{"name":"Yelamgej","place":"town","population":0},"geometry":{"type":"Point","coordinates":[37.8375,10.0569]}},{"type":"Feature","properties":{"name":"Yetmen","place":"town","population":0},"geometry":{"type":"Point","coordinates":[38.1465,10.332]}},{"type":"Feature","properties":{"name":"Yirga Cheffe","place":"town","population":0},"geometry":{"type":"Point","coordinates":[38.2029,6.162]}},{"type":"Feature","properties":{"name":"Yubdo","place":"town","population":0},"geometry":{"type":"Point","coordinates":[35.4512,8.9546]}},{"type":"Feature","properties":{"name":"Zaro","place":"town","population":0},"geometry":{"type":"Point","coordinates":[37.3511,6.8032]}},{"type":"Feature","properties":{"name":"Zizencio","place":"town","population":0},"geometry":{"type":"Point","coordinates":[38.0373,7.9582]}},{"type":"Feature","properties":{"name":"መስዋእቲ ከተማ","place":"town","population":0},"geometry":{"type":"Point","coordinates":[39.5432,12.6949]}},{"type":"Feature","properties":{"name":"መሸንቲ / Meshenti","place":"town","population":0},"geometry":{"type":"Point","coordinates":[37.287,11.4739]}},{"type":"Feature","properties":{"name":"ሰቆጣ / Sekota","place":"town","population":0},"geometry":{"type":"Point","coordinates":[39.0354,12.6257]}},{"type":"Feature","properties":{"name":"ብዘት / Bizet","place":"town","population":0},"geometry":{"type":"Point","coordinates":[39.2911,14.2828]}},{"type":"Feature","properties":{"name":"ከተማ ሕብረት","place":"town","population":0},"geometry":{"type":"Point","coordinates":[38.033,14.0472]}},{"type":"Feature","properties":{"name":"ከተማ ክሳድ ጋባ","place":"town","population":0},"geometry":{"type":"Point","coordinates":[38.0983,14.121]}},{"type":"Feature","properties":{"name":"ጉባ / Guba","place":"town","population":0},"geometry":{"type":"Point","coordinates":[35.2916,11.2665]}}]}
