{"type":"FeatureCollection","features":[{"type":"Feature","properties":{"name":"Northwest Tigray","region":"Tigray","centroid":[38.1445,14.0073],"code":"ET0101"},"geometry":{"type":"MultiPolygon","coordinates":[[[[38.462,13.46],[38.4617,13.4588],[38.4608,13.4597],[38.462,13.46]]],[[[38.729,13.402],[38.7221,13.4075],[38.7064,13.3895],[38.6499,13.3959],[38.623,13.4098],[38.6158,13.451],[38.6476,13.4807],[38.6801,13.4856],[38.7295,13.4055],[38.729,13.402]]],[[[38.462,13.46],[38.4666,13.4851],[38.4982,13.4839],[38.4961,13.5054],[38.5423,13.5251],[38.554,13.5492],[38.4777,13.5521],[38.4659,13.5674],[38.4436,13.5598],[38.4505,13.5835],[38.4421,13.5845],[38.4071,13.5396],[38.3924,13.5526],[38.3797,13.5444],[38.3607,13.5527],[38.3414,13.5372],[38.3283,13.5502],[38.3197,13.5017],[38.2792,13.4854],[38.2587,13.4864],[38.2479,13.5009],[38.2012,13.48],[38.1736,13.4931],[38.145,13.4717],[38.1202,13.5055],[38.1128,13.4919],[38.0521,13.4675],[38.0062,13.5015],[37.9633,13.4903],[37.9466,13.4662],[37.9043,13.4467],[37.8669,13.4749],[37.817,13.4629],[37.8091,13.5184],[37.7927,13.5206],[37.7693,13.562],[37.7851,13.5963],[37.7749,13.6112],[37.7867,13.6518],[37.7774,13.684],[37.8112,13.7568],[37.8005,13.7735],[37.8034,13.8099],[37.7645,13.8323],[37.7671,13.859],[37.7296,13.8961],[37.7021,13.887],[37.662,13.9149],[37.6542,13.9472],[37.6303,13.9526],[37.6335,13.9745],[37.6101,14.0059],[37.6235,14.0376],[37.5905,14.0516],[37.5743,14.0966],[37.5606,14.0909],[37.5582,14.1034],[37.5265,14.1176],[37.5165,14.1639],[37.9121,14.893],[37.9456,14.8596],[37.9492,14.8393],[37.9675,14.8329],[37.9687,14.8049],[37.9854,14.8107],[37.9903,14.7802],[38.018,14.7636],[38.0157,14.741],[38.0541,14.7152],[38.0915,14.7157],[38.1418,14.6762],[38.1866,14.6783],[38.1921,14.6946],[38.2562,14.6799],[38.2746,14.6397],[38.2696,14.6184],[38.2918,14.6156],[38.3139,14.5907],[38.3497,14.513],[38.3781,14.4863],[38.3974,14.4885],[38.4022,14.4715],[38.4264,14.4699],[38.4297,14.4088],[38.4474,14.3784],[38.463,14.2941],[38.4516,14.2772],[38.4518,14.2363],[38.5106,14.2064],[38.5444,14.2216],[38.5484,14.2085],[38.5785,14.2037],[38.5565,14.1665],[38.5378,14.1675],[38.5503,14.1391],[38.5015,14.1171],[38.4965,14.0794],[38.5233,14.0452],[38.4894,14.0304],[38.4965,13.9685],[38.5615,13.9068],[38.5657,13.8817],[38.5196,13.8297],[38.4926,13.7739],[38.531,13.687],[38.6138,13.6331],[38.6686,13.5356],[38.6151,13.4907],[38.5895,13.5055],[38.5644,13.4836],[38.4671,13.4616],[38.462,13.46]]]]}},{"type":"Feature","properties":{"name":"Central Tigray","region":"Tigray","centroid":[38.9312,13.8661],"code":"ET0102"},"geometry":{"type":"MultiPolygon","coordinates":[[[[39.036,13.17],[38.9975,13.203],[38.9565,13.2112],[38.9517,13.2368],[38.8626,13.2094],[38.802,13.2465],[38.7319,13.2621],[38.7425,13.3384],[38.7311,13.4084],[38.676,13.485],[38.6684,13.539],[38.6363,13.6009],[38.5984,13.6494],[38.5734,13.6525],[38.531,13.687],[38.4926,13.7739],[38.5196,13.8297],[38.5657,13.8817],[38.5615,13.9068],[38.4965,13.9685],[38.4894,14.0304],[38.5233,14.0452],[38.4965,14.0794],[38.5015,14.1171],[38.5503,14.1391],[38.5378,14.1675],[38.5565,14.1665],[38.5785,14.2037],[38.5484,14.2085],[38.5444,14.2216],[38.5106,14.2064],[38.4518,14.2363],[38.4516,14.2772],[38.463,14.2941],[38.4474,14.3784],[38.4297,14.4088],[38.4363,14.4329],[38.4545,14.4141],[38.4865,14.4247],[38.52,14.4088],[38.5591,14.4319],[38.6485,14.4432],[38.706,14.4716],[38.7962,14.4681],[38.851,14.5015],[38.9009,14.5069],[38.9296,14.5377],[38.9743,14.543],[39.017,14.5968],[39.0146,14.6241],[39.0358,14.64],[39.0979,14.6351],[39.157,14.6519],[39.1684,14.6489],[39.1574,14.6083],[39.2053,14.5653],[39.241,14.5632],[39.2618,14.5158],[39.2679,14.4849],[39.2279,14.4518],[39.2511,14.4094],[39.2326,14.372],[39.2478,14.3631],[39.2466,14.3395],[39.2399,14.3098],[39.2185,14.3054],[39.2411,14.3004],[39.2289,14.2662],[39.2602,14.2363],[39.2549,14.2065],[39.3232,14.138],[39.3445,14.0875],[39.3066,13.9925],[39.2486,13.9526],[39.2206,13.9078],[39.1945,13.8945],[39.2277,13.8445],[39.2245,13.7764],[39.1901,13.7645],[39.1937,13.7486],[39.1827,13.7405],[39.1768,13.7519],[39.1659,13.7437],[39.1652,13.7225],[39.1377,13.7144],[39.1378,13.6999],[39.1041,13.693],[39.0688,13.7054],[39.0608,13.6366],[39.02,13.618],[39.0486,13.5993],[39.0675,13.6181],[39.1014,13.596],[39.0887,13.5859],[39.1345,13.5604],[39.1587,13.5603],[39.1266,13.507],[39.126,13.478],[39.0932,13.4843],[39.0473,13.4494],[39.021,13.46],[39.0282,13.3759],[39.0655,13.3286],[39.0415,13.2896],[39.0643,13.2851],[39.0728,13.2961],[39.0977,13.2806],[39.1015,13.2366],[39.0706,13.2168],[39.0686,13.1995],[39.0516,13.2014],[39.0395,13.1705],[39.036,13.17]]],[[[39.027,13.408],[39.0282,13.4077],[39.0273,13.4068],[39.027,13.408]]],[[[39.078,13.288],[39.0783,13.2892],[39.0792,13.2883],[39.078,13.288]]]]}},{"type":"Feature","properties":{"name":"East Tigray","region":"Tigray","centroid":[39.5201,14.1152],"code":"ET0103"},"geometry":{"type":"MultiPolygon","coordinates":[[[[39.224,14.306],[39.2243,14.3072],[39.2252,14.3063],[39.224,14.306]]],[[[39.224,14.306],[39.2399,14.3098],[39.2466,14.3395],[39.2478,14.3631],[39.2326,14.372],[39.2445,14.4024],[39.2659,14.4128],[39.3013,14.4699],[39.3464,14.4663],[39.3286,14.4939],[39.36,14.4833],[39.3609,14.5332],[39.3686,14.5266],[39.3731,14.5395],[39.3977,14.5434],[39.4192,14.5136],[39.4894,14.5052],[39.4959,14.4841],[39.5259,14.4858],[39.5402,14.4999],[39.5102,14.5141],[39.5081,14.5502],[39.5328,14.5846],[39.5868,14.609],[39.6878,14.5914],[39.7134,14.5562],[39.7726,14.5447],[39.7954,14.5037],[39.8188,14.4849],[39.8397,14.4907],[39.8741,14.4698],[39.9243,14.4152],[39.9577,14.418],[39.9931,14.4558],[39.9798,14.4098],[39.9906,14.3815],[39.9508,14.3598],[39.8534,14.3672],[39.7996,14.387],[39.772,14.374],[39.7782,14.3284],[39.7261,14.3023],[39.7577,14.2765],[39.7568,14.2386],[39.6937,14.2404],[39.672,14.1997],[39.65,14.1882],[39.6823,14.1642],[39.7713,14.1385],[39.8377,14.1535],[39.8445,14.049],[39.8856,14.0113],[39.8584,13.9658],[39.8266,13.973],[39.8025,13.9468],[39.8332,13.9175],[39.8295,13.8685],[39.8418,13.8375],[39.8335,13.8212],[39.8524,13.7943],[39.8529,13.7663],[39.8836,13.7475],[39.8642,13.5477],[39.747,13.571],[39.6856,13.6129],[39.6338,13.5591],[39.6109,13.6026],[39.5743,13.5775],[39.5448,13.6032],[39.5308,13.5937],[39.5078,13.6206],[39.4844,13.6205],[39.4785,13.6415],[39.4656,13.6437],[39.4244,13.6125],[39.4037,13.6254],[39.4145,13.6389],[39.41,13.672],[39.3251,13.6653],[39.2929,13.7046],[39.2613,13.6991],[39.2456,13.7097],[39.2535,13.7167],[39.2343,13.7422],[39.238,13.793],[39.2188,13.8055],[39.2277,13.8445],[39.194,13.893],[39.2206,13.9078],[39.2486,13.9526],[39.3066,13.9925],[39.3445,14.0875],[39.3232,14.138],[39.2549,14.2065],[39.2602,14.2363],[39.2289,14.2662],[39.2411,14.3004],[39.2185,14.3054],[39.224,14.306]]]]}},{"type":"Feature","properties":{"name":"South Tigray","region":"Tigray","centroid":[39.5423,12.6368],"code":"ET0104"},"geometry":{"type":"MultiPolygon","coordinates":[[[[39.5563,12.2545],[39.5228,12.326],[39.5075,12.3325],[39.4558,12.3247],[39.4203,12.2966],[39.3211,12.3043],[39.294,12.296],[39.2458,12.3523],[39.2304,12.499],[39.1749,12.6415],[39.1851,12.655],[39.242,12.664],[39.2799,12.6869],[39.285,12.704],[39.2697,12.7228],[39.2791,12.7579],[39.2678,12.7712],[39.2759,12.7875],[39.3029,12.7918],[39.307,12.811],[39.2785,12.8255],[39.3101,12.8519],[39.2952,12.8707],[39.2793,12.8563],[39.2587,12.9141],[39.234,12.917],[39.2408,12.9639],[39.2165,12.9902],[39.2219,13.0079],[39.2991,13.0311],[39.3218,13.0822],[39.3453,13.1005],[39.386,13.083],[39.4706,12.9866],[39.4967,12.9901],[39.4705,13.0315],[39.533,13.0418],[39.5834,12.9653],[39.5991,12.9661],[39.624,12.904],[39.6616,12.9117],[39.7505,12.8832],[39.7994,12.9337],[39.837,12.9415],[39.844,12.9245],[39.873,12.942],[39.9261,12.8918],[39.9775,12.7912],[39.8987,12.7619],[39.826,12.6928],[39.82,12.6584],[39.8325,12.634],[39.8074,12.5949],[39.8334,12.549],[39.8532,12.5464],[39.8634,12.5307],[39.864,12.5037],[39.881,12.4841],[39.8665,12.4723],[39.8826,12.4574],[39.863,12.4629],[39.8152,12.407],[39.8306,12.3567],[39.818,12.324],[39.7618,12.3031],[39.759,12.32],[39.7073,12.3059],[39.6325,12.3072],[39.615,12.2759],[39.5733,12.256],[39.5563,12.2545]]],[[[39.233,12.916],[39.233,12.917],[39.234,12.917],[39.234,12.916],[39.233,12.916]]]]}},{"type":"Feature","properties":{"name":"West Tigray","region":"Tigray","centroid":[37.1322,13.8929],"code":"ET0105"},"geometry":{"type":"Polygon","coordinates":[[[37.3475,14.4154],[37.3721,14.3734],[37.3922,14.3666],[37.3804,14.3423],[37.404,14.3376],[37.3943,14.3004],[37.4478,14.2524],[37.4697,14.2542],[37.4666,14.2163],[37.4971,14.1959],[37.4959,14.184],[37.5273,14.1851],[37.5164,14.1579],[37.5265,14.1176],[37.5582,14.1034],[37.5606,14.0909],[37.5743,14.0966],[37.5905,14.0516],[37.6235,14.0376],[37.6101,14.0059],[37.6335,13.9745],[37.6303,13.9526],[37.6499,13.9533],[37.662,13.9149],[37.6914,13.8902],[37.7296,13.8961],[37.7671,13.859],[37.7645,13.8323],[37.8034,13.8099],[37.8005,13.7735],[37.8112,13.7568],[37.7774,13.684],[37.7867,13.6518],[37.7595,13.5915],[37.7151,13.5415],[37.6938,13.4726],[37.6301,13.4097],[37.6106,13.4109],[37.5175,13.3665],[37.4727,13.3675],[37.4413,13.3535],[37.4159,13.3733],[37.3978,13.358],[37.3619,13.3582],[37.3236,13.2976],[37.2809,13.2845],[37.2523,13.2955],[37.2059,13.2555],[37.1528,13.2997],[37.0695,13.3173],[37.0378,13.3521],[36.9565,13.3624],[36.9393,13.3792],[36.93,13.3716],[36.8961,13.4064],[36.8252,13.4478],[36.77,13.3806],[36.7351,13.3625],[36.6848,13.3742],[36.6654,13.3663],[36.6356,13.382],[36.6071,13.3756],[36.5665,13.4457],[36.5726,13.4749],[36.5957,13.4881],[36.599,13.5037],[36.5653,13.5318],[36.5554,13.5699],[36.52,13.5855],[36.5262,13.6055],[36.5044,13.6644],[36.477,13.694],[36.4812,13.7341],[36.4516,13.7635],[36.5009,13.8322],[36.4529,13.9811],[36.4987,14.0657],[36.5655,14.265],[36.5546,14.2798],[36.6129,14.2945],[36.631,14.3151],[36.6814,14.3001],[36.7389,14.3212],[36.8273,14.3172],[36.8317,14.3078],[36.8651,14.3208],[36.9704,14.2911],[37.0178,14.2514],[37.0416,14.2681],[37.0979,14.2742],[37.105,14.3444],[37.1363,14.4087],[37.2284,14.4446],[37.2461,14.4364],[37.3095,14.4455],[37.3439,14.4174],[37.3475,14.4154]]]}},{"type":"Feature","properties":{"name":"Southeast Tigray","region":"Tigray","centroid":[39.4525,13.3169],"code":"ET0106"},"geometry":{"type":"MultiPolygon","coordinates":[[[[39.806,13.2],[39.8635,13.018],[39.8603,12.9682],[39.873,12.942],[39.844,12.9245],[39.837,12.9415],[39.7994,12.9337],[39.7505,12.8832],[39.6616,12.9117],[39.624,12.904],[39.5991,12.9661],[39.5834,12.9653],[39.533,13.0418],[39.4705,13.0315],[39.4967,12.9901],[39.4706,12.9866],[39.386,13.083],[39.3453,13.1005],[39.3218,13.0822],[39.2865,13.0205],[39.2623,13.0264],[39.2205,13.0064],[39.2165,12.9871],[39.2408,12.9639],[39.233,12.916],[39.1437,12.9552],[39.0832,12.9591],[39.0544,12.99],[39.0004,13.0032],[38.9787,13.0986],[39.0369,13.1338],[39.036,13.17],[39.0516,13.2014],[39.0686,13.1995],[39.0706,13.2168],[39.1015,13.2366],[39.0977,13.2806],[39.0728,13.2961],[39.0643,13.2851],[39.0415,13.2896],[39.0655,13.3286],[39.0282,13.3759],[39.021,13.46],[39.0473,13.4494],[39.0932,13.4843],[39.126,13.478],[39.1266,13.507],[39.1587,13.5603],[39.1345,13.5604],[39.0887,13.5859],[39.1014,13.596],[39.0675,13.6181],[39.0486,13.5993],[39.02,13.618],[39.0608,13.6366],[39.0688,13.7054],[39.1041,13.693],[39.1378,13.6999],[39.14,13.714],[39.1652,13.7225],[39.1659,13.7437],[39.1768,13.7519],[39.1827,13.7405],[39.1937,13.7486],[39.1901,13.7645],[39.2245,13.7764],[39.2251,13.7988],[39.238,13.793],[39.2343,13.7422],[39.2535,13.7167],[39.2485,13.7065],[39.2929,13.7046],[39.3251,13.6653],[39.41,13.672],[39.4145,13.6389],[39.4037,13.6254],[39.4244,13.6125],[39.4656,13.6437],[39.4785,13.6415],[39.4844,13.6205],[39.5078,13.6206],[39.5308,13.5937],[39.5448,13.6032],[39.5743,13.5775],[39.6109,13.6026],[39.6338,13.5591],[39.6856,13.6129],[39.7191,13.5968],[39.7475,13.5735],[39.7205,13.4855],[39.7451,13.374],[39.7297,13.3785],[39.7417,13.3512],[39.7195,13.2936],[39.773,13.28],[39.8085,13.2166],[39.806,13.201],[39.806,13.2]],[[39.436,13.528],[39.4246,13.4944],[39.438,13.478],[39.4095,13.4785],[39.3935,13.4646],[39.4004,13.4534],[39.3885,13.4341],[39.4045,13.4185],[39.439,13.3993],[39.45,13.416],[39.4705,13.4064],[39.5136,13.4134],[39.5315,13.4014],[39.5479,13.4405],[39.5683,13.4405],[39.5985,13.3864],[39.6239,13.4015],[39.6424,13.398],[39.6423,13.4207],[39.6196,13.4277],[39.6375,13.4549],[39.6197,13.4735],[39.5698,13.4852],[39.5532,13.5267],[39.4872,13.5769],[39.4746,13.6095],[39.4309,13.5289],[39.436,13.528]]],[[[39.14,13.714],[39.1377,13.7144],[39.1395,13.7153],[39.14,13.714]]]]}},{"type":"Feature","properties":{"name":"Mekele","region":"Tigray","centroid":[39.5124,13.4593],"code":"ET0107"},"geometry":{"type":"Polygon","coordinates":[[[39.45,13.416],[39.439,13.3993],[39.3885,13.4341],[39.3955,13.4686],[39.438,13.478],[39.4246,13.4944],[39.436,13.528],[39.4282,13.5382],[39.447,13.5502],[39.4746,13.6095],[39.4872,13.5769],[39.5532,13.5267],[39.5698,13.4852],[39.6197,13.4735],[39.6375,13.4549],[39.6196,13.4277],[39.6463,13.4151],[39.6356,13.4157],[39.6424,13.398],[39.6239,13.4015],[39.5985,13.3864],[39.5683,13.4405],[39.5479,13.4405],[39.5315,13.4014],[39.5136,13.4134],[39.4705,13.4064],[39.4515,13.4155],[39.45,13.416]]]}},{"type":"Feature","properties":{"name":"Awusi","region":"Afar","centroid":[41.2164,11.8295],"code":"ET0201"},"geometry":{"type":"Polygon","coordinates":[[[41.7944,11.5644],[41.7734,11.4875],[41.8077,11.3183],[41.8038,11.0629],[41.7894,10.9866],[41.7639,10.9915],[41.7187,10.9645],[41.518,10.965],[41.482,11.29],[41.424,11.4471],[41.4485,11.4738],[41.3947,11.5517],[41.3112,11.5796],[41.3249,11.5857],[41.296,11.612],[41.2835,11.5925],[41.266,11.5965],[41.2965,11.399],[41.2733,11.3688],[41.2243,11.3629],[41.2075,11.341],[41.1265,11.3295],[41.0171,11.3354],[40.9904,11.3001],[40.9509,11.1979],[40.9101,11.1801],[40.8744,11.1821],[40.8592,11.2197],[40.8491,11.1992],[40.8135,11.2083],[40.8054,11.1698],[40.783,11.161],[40.7565,11.0539],[40.712,11.01],[40.6945,11.0287],[40.6847,11.0928],[40.6649,11.1087],[40.6419,11.0986],[40.6298,11.1095],[40.5812,11.104],[40.506,11.054],[40.438,11.0872],[40.4055,11.1266],[40.3436,11.1636],[40.2199,11.1335],[40.2176,11.1485],[40.202,11.145],[40.1729,11.2396],[40.1458,11.2554],[40.1035,11.3165],[40.0718,11.3249],[40.0648,11.3379],[40.0609,11.4741],[39.9935,11.5832],[40.0145,11.6465],[39.9937,11.6805],[39.9698,11.6642],[39.927,11.699],[39.9616,11.7035],[39.9992,11.6876],[40.1238,11.7272],[40.1879,11.7105],[40.2621,11.7532],[40.2983,11.7145],[40.3145,11.7215],[40.3295,11.7695],[40.3545,11.6972],[40.4547,11.6646],[40.4529,11.8186],[40.4678,11.8266],[40.4504,11.8665],[40.465,11.886],[40.4969,11.9143],[40.5355,11.9153],[40.6012,11.894],[40.6375,11.9015],[40.6465,11.9147],[40.6488,11.9458],[40.6284,11.9985],[40.6366,12.0174],[40.6515,12.0172],[40.6446,12.0328],[40.6745,12.0772],[40.6328,12.1622],[40.596,12.283],[40.6635,12.3185],[40.8185,12.4775],[40.8888,12.626],[40.9147,12.7182],[40.8955,12.7407],[40.891,12.803],[41.0276,12.7454],[41.1355,12.7527],[41.1823,12.73],[41.185,12.687],[41.2865,12.6517],[41.4133,12.582],[41.4676,12.6281],[41.4485,12.7426],[41.6251,12.8529],[42.0814,12.7595],[42.1201,12.7582],[42.1366,12.7769],[42.2183,12.765],[42.2787,12.6353],[42.4022,12.4714],[42.3371,12.3718],[42.3172,12.3046],[42.2402,12.2345],[42.1702,12.1285],[42.1523,12.0766],[42.0666,11.9758],[41.9778,11.8345],[41.901,11.7875],[41.8865,11.7496],[41.8368,11.728],[41.8026,11.5931],[41.7944,11.5644]],[[40.823,11.206],[40.8237,11.2104],[40.8224,11.2114],[40.8206,11.2079],[40.823,11.206]]]}},{"type":"Feature","properties":{"name":"Kilbati","region":"Afar","centroid":[40.5124,13.2609],"code":"ET0202"},"geometry":{"type":"Polygon","coordinates":[[[39.8407,12.5464],[39.8074,12.5949],[39.8325,12.634],[39.82,12.6584],[39.826,12.6928],[39.8987,12.7619],[39.9775,12.7912],[39.9261,12.8918],[39.8633,12.9605],[39.8635,13.018],[39.7858,13.2623],[39.7675,13.2845],[39.7195,13.2936],[39.7417,13.3512],[39.7297,13.3785],[39.7451,13.374],[39.7195,13.4756],[39.7453,13.5705],[39.8643,13.5477],[39.8836,13.7475],[39.8529,13.7663],[39.8524,13.7943],[39.8335,13.8212],[39.8418,13.8375],[39.8295,13.8685],[39.8332,13.9175],[39.8025,13.9468],[39.8266,13.973],[39.8584,13.9658],[39.8856,14.0113],[39.8445,14.049],[39.8377,14.1535],[39.7713,14.1385],[39.6823,14.1642],[39.65,14.1882],[39.672,14.1997],[39.6937,14.2404],[39.7568,14.2386],[39.7577,14.2765],[39.7261,14.3023],[39.7782,14.3284],[39.772,14.374],[39.7996,14.387],[39.8534,14.3672],[39.9508,14.3598],[39.98,14.371],[39.9906,14.3815],[39.9798,14.4098],[39.9931,14.4558],[40.0068,14.4494],[40.0454,14.4971],[40.039,14.5079],[40.0695,14.5406],[40.0941,14.5484],[40.1475,14.5392],[40.2133,14.3867],[40.2595,14.4115],[40.4517,14.3074],[40.8087,14.1724],[40.9422,14.0816],[41.2494,13.6104],[41.3074,13.5796],[41.4017,13.5025],[41.6438,13.3855],[41.6673,13.3239],[41.721,13.2755],[41.7356,13.2366],[41.8911,13.0734],[41.9663,12.9246],[42.0271,12.8674],[42.0564,12.8012],[42.1366,12.7769],[42.1201,12.7582],[42.0814,12.7595],[41.6251,12.8529],[41.4485,12.7426],[41.4676,12.6281],[41.4133,12.582],[41.2865,12.6517],[41.185,12.687],[41.1823,12.73],[41.1355,12.7527],[41.0276,12.7454],[40.7159,12.8755],[40.5775,12.8901],[40.516,13.052],[40.396,12.888],[40.3541,12.9102],[40.2974,12.9125],[40.258,12.8844],[40.2845,12.7561],[40.2457,12.7443],[40.2136,12.7694],[40.2064,12.7917],[40.171,12.8078],[40.124,12.798],[40.1069,12.7774],[40.0971,12.7075],[40.042,12.568],[39.9129,12.5927],[39.8397,12.5732],[39.849,12.547],[39.8407,12.5464]]]}},{"type":"Feature","properties":{"name":"Gabi","region":"Afar","centroid":[40.3203,9.573],"code":"ET0203"},"geometry":{"type":"Polygon","coordinates":[[[40.0498,8.8401],[40.0104,8.856],[40.0369,8.9069],[40.0474,8.9781],[40.0211,9.0023],[39.9477,9.0036],[39.9519,9.0298],[39.9188,9.0685],[39.9088,9.132],[39.8778,9.1444],[39.817,9.136],[39.8133,9.171],[39.8735,9.2279],[39.8572,9.2698],[39.886,9.269],[39.8455,9.3134],[39.7787,9.3097],[39.7508,9.3635],[39.7915,9.3695],[39.7853,9.3952],[39.8076,9.4129],[39.8779,9.4008],[39.8728,9.4587],[39.8382,9.5012],[39.8575,9.5472],[39.8477,9.5642],[39.8768,9.5765],[39.8838,9.6096],[39.8393,9.7232],[39.85,9.748],[39.8762,9.7525],[39.954,9.73],[39.9245,9.6805],[40.0104,9.6835],[40.0747,9.6475],[40.1424,9.6525],[40.299,9.625],[40.2971,9.6558],[40.274,9.6535],[40.2727,9.6664],[40.2544,9.6706],[40.2623,9.6935],[40.2415,9.7109],[40.2598,9.7402],[40.2528,9.7614],[40.2245,9.7638],[40.2597,9.8449],[40.2525,9.854],[40.2725,9.8626],[40.2856,9.9023],[40.3116,9.9221],[40.3361,9.9215],[40.3528,9.9482],[40.3381,9.9909],[40.3251,9.9918],[40.335,10.038],[40.3896,10.1291],[40.3921,10.1504],[40.3675,10.1725],[40.3912,10.1847],[40.4031,10.23],[40.4315,10.2589],[40.4069,10.3133],[40.4331,10.3253],[40.4908,10.3042],[40.5657,10.3155],[40.547,10.369],[40.5711,10.3309],[40.5978,10.3182],[40.5895,10.2971],[40.6361,10.2646],[40.6912,10.2951],[40.7241,10.2777],[40.7416,10.2966],[40.79,10.283],[40.8053,10.3311],[40.8507,10.3147],[40.9025,10.3208],[40.9335,10.2911],[40.9953,10.2878],[40.9748,10.1563],[40.9366,10.0347],[40.966,9.9713],[41.014,9.9592],[41.0141,9.9391],[40.8472,9.7899],[40.7512,9.6527],[40.7023,9.5357],[40.697,9.447],[40.675,9.4165],[40.6344,9.3953],[40.5284,9.3852],[40.4711,9.3545],[40.4081,9.2808],[40.3264,9.1534],[40.2448,9.0733],[40.2377,8.9969],[40.1705,8.9645],[40.096,8.864],[40.0668,8.8436],[40.0498,8.8401]],[[40.28,9.661],[40.2813,9.6636],[40.2768,9.6643],[40.2783,9.6613],[40.28,9.661]]]}},{"type":"Feature","properties":{"name":"Fanti","region":"Afar","centroid":[40.3337,12.3074],"code":"ET0204"},"geometry":{"type":"Polygon","coordinates":[[[40.465,11.886],[40.4504,11.8665],[40.4678,11.8266],[40.4529,11.8186],[40.4547,11.6646],[40.3545,11.6972],[40.3295,11.7695],[40.3145,11.7215],[40.2983,11.7145],[40.2621,11.7532],[40.1879,11.7105],[40.1238,11.7272],[39.9992,11.6876],[39.9616,11.7035],[39.9246,11.6998],[39.8746,11.7799],[39.8872,11.906],[39.8773,11.9716],[39.8414,12.0529],[39.8624,12.0879],[39.8287,12.0995],[39.8,12.1945],[39.8072,12.2384],[39.8275,12.2402],[39.818,12.33],[39.8303,12.3631],[39.8152,12.407],[39.863,12.4629],[39.8826,12.4574],[39.8665,12.4723],[39.881,12.4841],[39.8397,12.5732],[39.9129,12.5927],[40.042,12.568],[40.0971,12.7075],[40.1069,12.7774],[40.124,12.798],[40.171,12.8078],[40.2064,12.7917],[40.2136,12.7694],[40.2457,12.7443],[40.2845,12.7561],[40.258,12.8844],[40.2974,12.9125],[40.3541,12.9102],[40.396,12.888],[40.516,13.052],[40.5775,12.8901],[40.7159,12.8755],[40.891,12.803],[40.8955,12.7407],[40.9147,12.7182],[40.8888,12.626],[40.8185,12.4775],[40.6635,12.3185],[40.596,12.283],[40.6328,12.1622],[40.6745,12.0772],[40.6446,12.0328],[40.6515,12.0172],[40.6366,12.0174],[40.6284,11.9985],[40.6488,11.9458],[40.6465,11.9147],[40.6375,11.9015],[40.6012,11.894],[40.5355,11.9153],[40.4969,11.9143],[40.4655,11.8855],[40.465,11.886]]]}},{"type":"Feature","properties":{"name":"Khari","region":"Afar","centroid":[40.2579,10.3894],"code":"ET0205"},"geometry":{"type":"MultiPolygon","coordinates":[[[[40.154,10.086],[40.1291,10.1733],[40.1555,10.2573],[40.147,10.2766],[40.1605,10.3005],[40.1645,10.402],[40.1025,10.7539],[40.1667,10.8047],[40.1807,10.8965],[40.1495,10.8955],[40.1238,10.9373],[40.187,11.025],[40.194,11.0961],[40.2123,11.1087],[40.2027,11.1457],[40.2176,11.1485],[40.2199,11.1335],[40.3301,11.1665],[40.4055,11.1266],[40.4592,11.0736],[40.506,11.054],[40.4805,11.0374],[40.4575,10.9922],[40.4645,10.9785],[40.4495,10.9746],[40.4585,10.8956],[40.4495,10.8885],[40.4575,10.8766],[40.4385,10.7865],[40.4484,10.7677],[40.4393,10.7224],[40.4565,10.7024],[40.4553,10.6838],[40.4754,10.6757],[40.4931,10.6226],[40.5144,10.613],[40.514,10.5946],[40.505,10.6],[40.5164,10.5755],[40.5115,10.5274],[40.5265,10.5263],[40.5222,10.4986],[40.5634,10.4361],[40.5464,10.3673],[40.5657,10.3155],[40.4908,10.3042],[40.4331,10.3253],[40.4055,10.3109],[40.4315,10.2589],[40.4031,10.23],[40.39,10.185],[40.3675,10.1725],[40.3921,10.1504],[40.3896,10.1291],[40.335,10.038],[40.3251,9.9918],[40.3381,9.9909],[40.3528,9.9482],[40.3361,9.9215],[40.3116,9.9221],[40.2856,9.9023],[40.2725,9.8626],[40.2525,9.854],[40.2597,9.8449],[40.2245,9.7638],[40.2528,9.7614],[40.2598,9.7402],[40.2415,9.7109],[40.2623,9.6935],[40.2544,9.6706],[40.274,9.6535],[40.2971,9.6558],[40.299,9.625],[40.1424,9.6525],[40.0747,9.6475],[40.0104,9.6835],[39.9212,9.6816],[39.954,9.73],[40.0135,9.7371],[39.9915,9.7564],[40.011,9.8181],[40.0705,9.8572],[40.0585,9.8642],[40.0634,9.9005],[40.078,9.9056],[40.0889,9.9342],[40.0434,9.9906],[39.9472,9.9933],[39.93,10.005],[39.9435,10.0582],[39.928,10.089],[40.109,10.0705],[40.1525,10.0855],[40.154,10.086]]],[[[40.536,10.483],[40.5363,10.4842],[40.5372,10.4833],[40.536,10.483]]],[[[40.39,10.185],[40.3912,10.1847],[40.3903,10.1838],[40.39,10.185]]],[[[39.928,10.089],[39.927,10.089],[39.9275,10.0903],[39.928,10.089]]],[[[40.259,9.678],[40.2609,9.6804],[40.2623,9.6786],[40.259,9.678]]],[[[40.271,9.664],[40.2727,9.6664],[40.2744,9.6649],[40.271,9.664]]],[[[40.2813,9.6636],[40.28,9.661],[40.2783,9.6613],[40.2768,9.6643],[40.2813,9.6636]]]]}},{"type":"Feature","properties":{"name":"Mahi","region":"Afar","centroid":[40.9828,10.8976],"code":"ET0206"},"geometry":{"type":"MultiPolygon","coordinates":[[[[41.167,10.78],[41.0774,10.6809],[41.087,10.5996],[40.999,10.283],[40.9335,10.2911],[40.9025,10.3208],[40.8507,10.3147],[40.8053,10.3311],[40.79,10.283],[40.7416,10.2966],[40.7241,10.2777],[40.6912,10.2951],[40.6361,10.2646],[40.5895,10.2971],[40.5978,10.3182],[40.5711,10.3309],[40.547,10.369],[40.5634,10.4361],[40.5222,10.4986],[40.5265,10.5263],[40.5115,10.5274],[40.5164,10.5755],[40.505,10.6],[40.514,10.5946],[40.5144,10.613],[40.4931,10.6226],[40.4754,10.6757],[40.4553,10.6838],[40.4565,10.7024],[40.4393,10.7224],[40.4484,10.7677],[40.4385,10.7865],[40.4575,10.8766],[40.4495,10.8885],[40.4585,10.8956],[40.4482,10.9651],[40.4645,10.9785],[40.4636,11.0105],[40.4805,11.0374],[40.6003,11.1105],[40.6419,11.0986],[40.6542,11.1085],[40.6772,11.1038],[40.6945,11.0287],[40.712,11.01],[40.7565,11.0539],[40.783,11.161],[40.8054,11.1698],[40.8135,11.2083],[40.8491,11.1992],[40.863,11.214],[40.8744,11.1821],[40.9101,11.1801],[40.9509,11.1979],[40.9904,11.3001],[41.0171,11.3354],[41.1265,11.3295],[41.2075,11.341],[41.2243,11.3629],[41.2733,11.3688],[41.2965,11.399],[41.266,11.5965],[41.2835,11.5925],[41.296,11.612],[41.3249,11.5857],[41.3112,11.5796],[41.3947,11.5517],[41.4485,11.4738],[41.424,11.4471],[41.482,11.29],[41.518,10.965],[41.2683,10.9576],[41.241,10.921],[41.2201,10.8341],[41.1698,10.7816],[41.167,10.78]]],[[[40.861,11.219],[40.8613,11.2173],[40.8628,11.2157],[40.863,11.214],[40.8566,11.2192],[40.8592,11.2197],[40.861,11.219]]],[[[40.8237,11.2104],[40.823,11.206],[40.8206,11.2079],[40.8224,11.2114],[40.8237,11.2104]]]]}},{"type":"Feature","properties":{"name":"North Gondar","region":"Amhara","centroid":[38.1515,13.1287],"code":"ET0301"},"geometry":{"type":"MultiPolygon","coordinates":[[[[38.312,12.754],[38.296,12.8158],[38.2626,12.8245],[38.2653,12.898],[38.2479,12.9025],[38.2238,12.8725],[38.1869,12.904],[38.1923,12.9386],[38.1632,12.9414],[38.1343,12.8721],[38.1237,12.8758],[38.1335,12.8997],[38.1274,12.9672],[38.0902,12.9815],[38.0536,12.9355],[38.0351,12.95],[38.0012,13.0263],[38.044,13.074],[37.9938,13.1057],[37.9755,13.0812],[37.948,13.0705],[37.9495,13.0563],[37.905,13.042],[37.9195,13.0291],[37.8937,12.998],[37.9132,12.9052],[37.8466,12.9265],[37.7726,12.9206],[37.7139,12.8771],[37.6505,12.9023],[37.6505,12.9273],[37.629,12.921],[37.6365,12.9557],[37.576,12.9456],[37.5483,12.9651],[37.5239,13.0951],[37.4556,13.0992],[37.4835,13.1567],[37.5134,13.1895],[37.5424,13.1955],[37.5485,13.2207],[37.5293,13.2971],[37.5495,13.3125],[37.524,13.369],[37.6356,13.4126],[37.6763,13.4498],[37.7151,13.5415],[37.7595,13.5915],[37.776,13.633],[37.7851,13.5963],[37.7693,13.562],[37.7927,13.5206],[37.8091,13.5184],[37.817,13.4629],[37.8669,13.4749],[37.9043,13.4467],[37.9466,13.4662],[37.9633,13.4903],[38.0062,13.5015],[38.0521,13.4675],[38.1128,13.4919],[38.1202,13.5055],[38.145,13.4717],[38.1736,13.4931],[38.2012,13.48],[38.2479,13.5009],[38.2587,13.4864],[38.2792,13.4854],[38.3197,13.5017],[38.3283,13.5502],[38.3414,13.5372],[38.3607,13.5527],[38.3797,13.5444],[38.3924,13.5526],[38.4071,13.5396],[38.4421,13.5845],[38.4505,13.5835],[38.4436,13.5598],[38.4659,13.5674],[38.4777,13.5521],[38.554,13.5492],[38.5423,13.5251],[38.4961,13.5054],[38.4982,13.4839],[38.4666,13.4851],[38.4617,13.4588],[38.5644,13.4836],[38.5895,13.5055],[38.6151,13.4907],[38.6639,13.5285],[38.6755,13.4834],[38.6476,13.4807],[38.6158,13.451],[38.621,13.416],[38.6697,13.3916],[38.7064,13.3895],[38.7221,13.4075],[38.7325,13.3988],[38.74,13.293],[38.6678,13.2935],[38.6293,13.3094],[38.5726,13.2919],[38.5771,13.2476],[38.5495,13.2247],[38.5601,13.1986],[38.5335,13.199],[38.5505,13.1715],[38.4946,13.1864],[38.4965,13.1649],[38.5115,13.159],[38.4901,13.1029],[38.5042,13.0825],[38.4653,13.0854],[38.4489,13.0565],[38.4253,13.0945],[38.4109,13.0665],[38.3889,13.0759],[38.3786,13.0644],[38.3813,13.0075],[38.3525,13.0214],[38.3696,12.9835],[38.353,12.988],[38.34,12.9767],[38.3359,12.9527],[38.3708,12.9456],[38.3985,12.9208],[38.3817,12.9102],[38.3884,12.8916],[38.3615,12.9058],[38.3554,12.8978],[38.3416,12.8526],[38.3553,12.8492],[38.3286,12.7989],[38.33,12.76],[38.3134,12.7546],[38.312,12.754]]],[[[37.629,12.921],[37.6287,12.9198],[37.6278,12.9207],[37.629,12.921]]]]}},{"type":"Feature","properties":{"name":"South Gondar","region":"Amhara","centroid":[38.1344,11.7139],"code":"ET0302"},"geometry":{"type":"MultiPolygon","coordinates":[[[[38.4739,11.0365],[38.4376,11.0849],[38.389,11.086],[38.2932,11.1511],[38.2762,11.1425],[38.2362,11.1525],[38.2022,11.1385],[38.1575,11.1599],[38.075,11.1575],[38.0192,11.1728],[37.9912,11.2014],[37.9463,11.1916],[37.9285,11.209],[37.878,11.2155],[37.8285,11.2571],[37.7886,11.2646],[37.7354,11.305],[37.6866,11.3659],[37.634,11.4556],[37.626,11.48],[37.6445,11.491],[37.6303,11.518],[37.6169,11.5275],[37.5925,11.5105],[37.5731,11.5497],[37.5567,11.545],[37.543,11.561],[37.5505,11.5779],[37.5191,11.5928],[37.5125,11.6273],[37.5258,11.6263],[37.5436,11.6485],[37.5035,11.6987],[37.5055,11.7209],[37.4965,11.7315],[37.4408,11.7195],[37.426,11.737],[37.4495,11.7555],[37.4615,11.7835],[37.4475,11.7986],[37.4645,11.8058],[37.4726,11.8351],[37.4829,11.8226],[37.5178,11.8417],[37.5045,11.8887],[37.4956,11.8957],[37.4889,11.8805],[37.4924,11.9072],[37.5156,11.9115],[37.523,11.8996],[37.5524,11.9278],[37.5751,11.977],[37.557,11.997],[37.5719,11.9926],[37.5858,12.0049],[37.6192,12.0899],[37.603,12.13],[37.6324,12.1533],[37.6464,12.1417],[37.6926,12.1515],[37.6943,12.1701],[37.7306,12.1706],[37.7594,12.1913],[37.7622,12.2157],[37.735,12.1985],[37.6828,12.275],[37.6479,12.2851],[37.6651,12.3213],[37.7055,12.3355],[37.7285,12.3245],[37.767,12.3671],[37.7762,12.3475],[37.7945,12.3434],[37.7886,12.3041],[37.813,12.2999],[37.8304,12.2515],[37.8641,12.2547],[37.8836,12.2906],[37.9051,12.2675],[37.9184,12.2741],[37.9358,12.224],[37.9631,12.2175],[37.9489,12.3005],[37.96,12.304],[37.9647,12.2885],[37.9821,12.307],[38.0217,12.3085],[38.0601,12.3335],[38.0753,12.3095],[38.0987,12.3247],[38.1134,12.3176],[38.1151,12.3385],[38.1396,12.3304],[38.1725,12.3392],[38.2097,12.3736],[38.268,12.3976],[38.3124,12.4625],[38.3455,12.4865],[38.3646,12.5248],[38.3997,12.5508],[38.421,12.552],[38.4244,12.5377],[38.4135,12.532],[38.4354,12.4768],[38.4285,12.4561],[38.4403,12.406],[38.4895,12.3464],[38.4853,12.322],[38.458,12.289],[38.4448,12.2268],[38.4612,12.2153],[38.487,12.1269],[38.5038,12.1145],[38.5324,12.1234],[38.5695,12.0855],[38.6103,12.0753],[38.642,12.029],[38.6341,11.9756],[38.6031,11.9553],[38.5478,11.8688],[38.5744,11.8247],[38.5563,11.7889],[38.561,11.7733],[38.6036,11.7517],[38.609,11.729],[38.6364,11.704],[38.6316,11.6366],[38.6495,11.6015],[38.7074,11.5627],[38.7244,11.5264],[38.7077,11.5124],[38.7048,11.4086],[38.6527,11.3818],[38.63,11.2996],[38.618,11.2974],[38.61,11.266],[38.5735,11.2292],[38.5827,11.2157],[38.5771,11.1872],[38.5204,11.1461],[38.4818,11.0966],[38.4725,11.0757],[38.4842,11.0627],[38.48,11.0399],[38.4739,11.0365]]],[[[38.307,12.452],[38.3047,12.4524],[38.3065,12.4533],[38.307,12.452]]]]}},{"type":"Feature","properties":{"name":"North Wollo","region":"Amhara","centroid":[39.1951,11.7886],"code":"ET0303"},"geometry":{"type":"Polygon","coordinates":[[[38.9242,11.3445],[38.897,11.3529],[38.8924,11.3761],[38.8456,11.3855],[38.7978,11.3675],[38.729,11.4181],[38.707,11.416],[38.7077,11.5124],[38.7244,11.5264],[38.7234,11.5427],[38.6495,11.6015],[38.6316,11.6366],[38.6364,11.704],[38.598,11.7569],[38.561,11.7733],[38.5566,11.7969],[38.5744,11.8247],[38.5485,11.8528],[38.5478,11.8688],[38.6031,11.9553],[38.6341,11.9756],[38.642,12.029],[38.6103,12.0753],[38.5695,12.0855],[38.5324,12.1234],[38.5038,12.1145],[38.487,12.1269],[38.4612,12.2153],[38.4448,12.2268],[38.458,12.289],[38.473,12.306],[38.5205,12.2835],[38.567,12.2967],[38.6913,12.2727],[38.7392,12.2975],[38.8137,12.268],[38.8407,12.2815],[38.965,12.2506],[38.987,12.2552],[39.0553,12.2101],[39.0286,12.1834],[39.0417,12.1706],[39.0975,12.1673],[39.1213,12.1168],[39.1647,12.1521],[39.1539,12.1678],[39.1615,12.1995],[39.1965,12.2024],[39.264,12.329],[39.2886,12.2967],[39.3211,12.3043],[39.4034,12.2948],[39.4558,12.3247],[39.5075,12.3325],[39.5228,12.326],[39.5563,12.2545],[39.615,12.2759],[39.6325,12.3072],[39.7073,12.3059],[39.759,12.32],[39.7618,12.3031],[39.818,12.324],[39.8275,12.2402],[39.8072,12.2384],[39.8,12.1945],[39.8287,12.0995],[39.8624,12.0879],[39.8414,12.0529],[39.8773,11.9716],[39.8872,11.906],[39.8746,11.7799],[39.9246,11.6998],[39.9698,11.6642],[39.9937,11.6805],[40.015,11.645],[39.9635,11.6255],[39.8637,11.5552],[39.8504,11.5193],[39.7924,11.4765],[39.7328,11.4706],[39.7056,11.4818],[39.674,11.4706],[39.663,11.5097],[39.6425,11.5095],[39.626,11.5295],[39.5854,11.5235],[39.6058,11.5615],[39.5785,11.6107],[39.5906,11.6174],[39.5819,11.6223],[39.5915,11.642],[39.5771,11.7084],[39.5495,11.7115],[39.5464,11.6751],[39.5132,11.6664],[39.4864,11.6066],[39.4686,11.5942],[39.334,11.597],[39.358,11.6587],[39.4095,11.6945],[39.4348,11.6946],[39.43,11.7121],[39.4605,11.7292],[39.4637,11.7482],[39.4224,11.7585],[39.442,11.7812],[39.429,11.7962],[39.4395,11.8199],[39.3738,11.8296],[39.3511,11.8491],[39.3171,11.8175],[39.3052,11.8224],[39.2544,11.7892],[39.2605,11.7558],[39.249,11.7035],[39.1752,11.6801],[39.1495,11.6435],[39.1166,11.6396],[39.0481,11.5572],[38.977,11.525],[38.9819,11.5026],[39.0091,11.475],[39.0072,11.4516],[38.9857,11.4283],[38.995,11.399],[38.958,11.3943],[38.9302,11.3463],[38.9242,11.3445]]]}},{"type":"Feature","properties":{"name":"South Wollo","region":"Amhara","centroid":[39.3225,10.9016],"code":"ET0304"},"geometry":{"type":"Polygon","coordinates":[[[39.2138,10.158],[39.1725,10.1885],[39.2026,10.2409],[39.2469,10.2806],[39.2495,10.3053],[39.2105,10.2825],[39.1857,10.2863],[39.1692,10.3046],[39.1705,10.3234],[39.1379,10.3415],[39.0766,10.3137],[39.066,10.386],[38.9741,10.3325],[38.9413,10.3523],[38.7726,10.3656],[38.741,10.385],[38.4902,10.3683],[38.4809,10.453],[38.4891,10.4839],[38.4615,10.5934],[38.4779,10.6401],[38.5078,10.674],[38.5076,10.7504],[38.5314,10.7889],[38.5078,10.8412],[38.5275,10.8813],[38.5235,10.9012],[38.4905,10.9658],[38.4953,10.9882],[38.4707,11.0364],[38.4842,11.0627],[38.4725,11.0757],[38.5204,11.1461],[38.5771,11.1872],[38.5827,11.2157],[38.5735,11.2292],[38.61,11.266],[38.618,11.2974],[38.63,11.2996],[38.6527,11.3818],[38.7242,11.4195],[38.7978,11.3675],[38.8456,11.3855],[38.8924,11.3761],[38.897,11.3529],[38.9302,11.3463],[38.958,11.3943],[38.995,11.399],[38.9857,11.4283],[39.0072,11.4516],[39.0091,11.475],[38.9819,11.5026],[38.977,11.525],[39.0481,11.5572],[39.1166,11.6396],[39.1495,11.6435],[39.1752,11.6801],[39.249,11.7035],[39.2605,11.7558],[39.2544,11.7892],[39.3052,11.8224],[39.3171,11.8175],[39.3511,11.8491],[39.3738,11.8296],[39.4395,11.8199],[39.429,11.7962],[39.442,11.7812],[39.4224,11.7585],[39.4637,11.7482],[39.4605,11.7292],[39.43,11.7121],[39.4348,11.6946],[39.4095,11.6945],[39.358,11.6587],[39.334,11.597],[39.4686,11.5942],[39.4864,11.6066],[39.5132,11.6664],[39.5464,11.6751],[39.5495,11.7115],[39.5771,11.7084],[39.5915,11.642],[39.5819,11.6223],[39.5906,11.6174],[39.5785,11.6107],[39.6058,11.5615],[39.5854,11.5235],[39.626,11.5295],[39.6425,11.5095],[39.663,11.5097],[39.674,11.4706],[39.7056,11.4818],[39.7328,11.4706],[39.7924,11.4765],[39.8504,11.5193],[39.8637,11.5552],[39.9635,11.6255],[40.015,11.645],[39.9935,11.5832],[40.0555,11.4865],[40.067,11.432],[40.0155,11.4236],[39.9748,11.3746],[39.8845,11.3425],[39.8478,11.3141],[39.8594,11.3086],[39.8563,11.2751],[39.8716,11.2706],[39.8869,11.2407],[39.9175,11.2505],[39.9176,11.2255],[39.9738,11.1899],[39.9559,11.1147],[39.9999,11.0259],[40.0496,10.9805],[40.0317,10.9507],[40.0166,10.9582],[40.0184,10.9364],[40.103,10.876],[39.9686,10.8573],[39.9725,10.8417],[39.9606,10.8465],[39.9445,10.8321],[39.9355,10.8486],[39.9565,10.868],[39.9346,10.8848],[39.9343,10.9098],[39.8855,10.9045],[39.8714,10.8884],[39.8269,10.8765],[39.8195,10.9106],[39.7998,10.9007],[39.8044,10.8912],[39.7894,10.8944],[39.7905,10.8785],[39.7432,10.8925],[39.7192,10.8742],[39.6635,10.8962],[39.6927,10.8416],[39.71,10.8375],[39.6933,10.8252],[39.7105,10.8034],[39.6865,10.7875],[39.7131,10.7683],[39.7093,10.7281],[39.6798,10.7205],[39.6501,10.7405],[39.5267,10.6325],[39.5063,10.6795],[39.4838,10.6741],[39.4723,10.5645],[39.4985,10.5082],[39.4683,10.4713],[39.4533,10.4149],[39.4346,10.4012],[39.4353,10.3824],[39.4032,10.3394],[39.2985,10.2565],[39.2774,10.2009],[39.2164,10.1596],[39.2138,10.158]]]}},{"type":"Feature","properties":{"name":"North Shewa (AM)","region":"Amhara","centroid":[39.5275,9.7246],"code":"ET0305"},"geometry":{"type":"MultiPolygon","coordinates":[[[[39.787,9.109],[39.7425,9.0908],[39.7485,8.9194],[39.7333,8.8259],[39.6628,8.8129],[39.617,8.7867],[39.5621,8.8175],[39.552,8.7686],[39.5009,8.7146],[39.4492,8.7522],[39.418,8.814],[39.3791,8.7921],[39.377,8.7307],[39.3615,8.7206],[39.3245,8.7465],[39.3016,8.7186],[39.2705,8.7245],[39.262,8.7466],[39.2722,8.7819],[39.244,8.833],[39.2655,8.8428],[39.2375,8.862],[39.2655,8.9226],[39.2585,8.9624],[39.2883,8.9993],[39.2968,9.053],[39.357,9.062],[39.3232,9.1484],[39.2496,9.1353],[39.2139,9.1741],[39.1888,9.209],[39.2135,9.2278],[39.1778,9.2709],[39.2071,9.2915],[39.2338,9.2932],[39.267,9.2456],[39.2845,9.2772],[39.266,9.288],[39.265,9.323],[39.2853,9.315],[39.3068,9.3659],[39.3361,9.3805],[39.3572,9.3688],[39.395,9.3915],[39.4203,9.3711],[39.4525,9.3945],[39.446,9.4329],[39.3944,9.4548],[39.3736,9.4455],[39.3764,9.4659],[39.359,9.4745],[39.3111,9.4665],[39.2945,9.4915],[39.3128,9.5353],[39.3298,9.5257],[39.3785,9.5727],[39.3725,9.5908],[39.3864,9.6298],[39.3523,9.6208],[39.3705,9.6986],[39.3451,9.699],[39.3465,9.7245],[39.3216,9.7235],[39.2979,9.7477],[39.2874,9.7339],[39.2643,9.7363],[39.2499,9.7049],[39.2279,9.694],[39.184,9.7199],[39.1837,9.6858],[39.1592,9.6875],[39.1454,9.6926],[39.1402,9.7399],[39.0986,9.7348],[39.1045,9.7485],[39.0929,9.7626],[38.9908,9.7457],[38.9745,9.7606],[38.9523,9.7385],[38.9594,9.7105],[38.934,9.7277],[38.9179,9.711],[38.8985,9.713],[38.8294,9.7684],[38.8085,9.8179],[38.791,9.8818],[38.8027,9.9099],[38.801,9.962],[38.7793,9.9822],[38.673,10.015],[38.6576,10.0514],[38.7212,10.0514],[38.8519,10.1168],[38.8342,10.1592],[38.8325,10.21],[38.8606,10.2767],[38.8516,10.3636],[38.9413,10.3523],[38.9741,10.3325],[39.066,10.386],[39.0766,10.3137],[39.1379,10.3415],[39.1705,10.3234],[39.1692,10.3046],[39.1857,10.2863],[39.2105,10.2825],[39.2495,10.3053],[39.2469,10.2806],[39.2026,10.2409],[39.172,10.186],[39.2138,10.158],[39.2622,10.1852],[39.3218,10.2842],[39.3563,10.2984],[39.4215,10.3635],[39.4346,10.4012],[39.4533,10.4149],[39.4683,10.4713],[39.4985,10.5082],[39.4723,10.5645],[39.4838,10.6741],[39.5063,10.6795],[39.5267,10.6325],[39.6501,10.7405],[39.6798,10.7205],[39.713,10.737],[39.7287,10.7086],[39.8127,10.7338],[39.8175,10.6895],[39.8805,10.6955],[39.8345,10.6535],[39.8402,10.6219],[39.8603,10.6227],[39.8655,10.5756],[39.9178,10.5304],[39.9384,10.4884],[39.9294,10.4725],[39.9423,10.445],[39.9386,10.3979],[39.948,10.395],[39.9346,10.3736],[39.9825,10.348],[39.95,10.336],[39.9235,10.2977],[39.926,10.2745],[39.9404,10.2767],[39.9445,10.257],[39.9286,10.2562],[39.9265,10.2395],[39.9516,10.2191],[39.9295,10.1297],[39.9481,10.1101],[39.9821,10.1257],[39.9905,10.1146],[39.9622,10.0905],[39.9304,10.0986],[39.9243,10.0686],[39.9435,10.0582],[39.925,10.014],[39.9472,9.9933],[40.0434,9.9906],[40.0889,9.9342],[40.078,9.9056],[40.0634,9.9005],[40.0585,9.8642],[40.0705,9.8572],[40.011,9.8181],[39.9915,9.7564],[40.0084,9.7324],[39.954,9.73],[39.863,9.7536],[39.8393,9.7232],[39.8838,9.6096],[39.8768,9.5765],[39.8477,9.5642],[39.8575,9.5472],[39.8382,9.5012],[39.8728,9.4587],[39.8779,9.4008],[39.8215,9.417],[39.7853,9.3952],[39.7915,9.3695],[39.75,9.368],[39.7787,9.3097],[39.8455,9.3134],[39.886,9.269],[39.8572,9.2698],[39.8735,9.2279],[39.8133,9.171],[39.817,9.136],[39.7909,9.1102],[39.787,9.109]]],[[[39.265,9.323],[39.2638,9.3233],[39.2647,9.3242],[39.265,9.323]]]]}},{"type":"Feature","properties":{"name":"East Gojam","region":"Amhara","centroid":[37.8741,10.4664],"code":"ET0306"},"geometry":{"type":"Polygon","coordinates":[[[37.7013,9.8368],[37.6821,9.861],[37.6608,9.8607],[37.6185,9.8931],[37.5309,9.9951],[37.4462,10.0136],[37.393,10.046],[37.3572,10.0404],[37.3441,10.0047],[37.323,10.0081],[37.2893,10.0617],[37.2168,10.0853],[37.1893,10.1139],[37.1683,10.162],[37.1975,10.2132],[37.192,10.235],[37.0785,10.2628],[37.0497,10.2944],[37.1479,10.3405],[37.205,10.3213],[37.2525,10.3245],[37.28,10.361],[37.2745,10.3838],[37.3095,10.4398],[37.3093,10.4612],[37.4205,10.4905],[37.4545,10.4863],[37.4951,10.5274],[37.5749,10.5537],[37.5785,10.5835],[37.6055,10.6124],[37.6175,10.6506],[37.651,10.68],[37.649,10.7],[37.7751,10.7411],[37.7515,10.7625],[37.7388,10.7528],[37.7181,10.7626],[37.6917,10.8432],[37.6933,10.8875],[37.7187,10.9654],[37.7126,10.9898],[37.7471,11.0151],[37.7605,11.0579],[37.7511,11.0851],[37.7005,11.0428],[37.6737,11.0591],[37.6803,11.0729],[37.6435,11.0882],[37.6648,11.1059],[37.6914,11.0997],[37.7143,11.111],[37.7012,11.121],[37.7036,11.1367],[37.7948,11.1516],[37.8045,11.1682],[37.8204,11.1669],[37.8257,11.2302],[37.854,11.239],[37.878,11.2155],[37.9285,11.209],[37.9463,11.1916],[37.9912,11.2014],[38.0192,11.1728],[38.075,11.1575],[38.1575,11.1599],[38.2022,11.1385],[38.2362,11.1525],[38.2762,11.1425],[38.2932,11.1511],[38.389,11.086],[38.4376,11.0849],[38.4796,11.0264],[38.4953,10.9882],[38.4905,10.9658],[38.5188,10.917],[38.5275,10.8813],[38.5078,10.8412],[38.5314,10.7889],[38.5076,10.7504],[38.5078,10.674],[38.4779,10.6401],[38.4615,10.5934],[38.4891,10.4839],[38.4829,10.4066],[38.496,10.363],[38.4755,10.3571],[38.4729,10.2915],[38.4606,10.2899],[38.4554,10.2496],[38.4195,10.2195],[38.4265,10.1716],[38.3783,10.1406],[38.343,10.1571],[38.3219,10.1065],[38.3086,10.1076],[38.2959,10.0895],[38.2525,10.0879],[38.2383,10.1015],[38.1504,10.0354],[38.126,10.0434],[38.1145,10.0155],[38.0803,10.0151],[38.0822,10.0027],[38.0435,9.9695],[37.9563,9.9381],[37.9337,9.9418],[37.9301,9.9146],[37.8992,9.9294],[37.8705,9.9075],[37.86,9.9123],[37.8569,9.8965],[37.8428,9.8965],[37.8162,9.8672],[37.7691,9.8511],[37.749,9.8563],[37.7439,9.8407],[37.7095,9.8415],[37.7013,9.8368]]]}},{"type":"Feature","properties":{"name":"West Gojam","region":"Amhara","centroid":[37.1845,10.7174],"code":"ET0307"},"geometry":{"type":"Polygon","coordinates":[[[37.119,10.827],[37.1202,10.852],[37.1305,10.8541],[37.1156,10.863],[37.1135,10.9093],[37.0818,10.9425],[37.1015,10.9656],[37.1342,10.9597],[37.1328,10.9727],[37.1075,11.0105],[37.1145,11.0339],[37.0935,11.0273],[37.0961,11.011],[37.0726,11.0627],[37.0717,11.0811],[37.0893,11.0984],[37.0746,11.1144],[37.081,11.144],[37.0987,11.1255],[37.1388,11.1449],[37.157,11.1292],[37.1901,11.1288],[37.1985,11.1035],[37.2184,11.1505],[37.2319,11.1351],[37.2347,11.0998],[37.2444,11.0992],[37.2723,11.1314],[37.2968,11.1063],[37.319,11.131],[37.3235,11.1142],[37.3822,11.1293],[37.4441,11.0786],[37.4886,11.1275],[37.5575,11.0865],[37.563,11.014],[37.6137,11.0054],[37.6495,11.0125],[37.6455,11.0365],[37.7005,11.0428],[37.7511,11.0851],[37.7605,11.0579],[37.7471,11.0151],[37.7126,10.9898],[37.7187,10.9654],[37.6933,10.8875],[37.6917,10.8432],[37.7181,10.7626],[37.7388,10.7528],[37.7515,10.7625],[37.7751,10.7411],[37.649,10.7],[37.651,10.68],[37.6175,10.6506],[37.6055,10.6124],[37.5785,10.5835],[37.5749,10.5537],[37.4951,10.5274],[37.4545,10.4863],[37.4205,10.4905],[37.3093,10.4612],[37.3095,10.4398],[37.2745,10.3838],[37.28,10.361],[37.2525,10.3245],[37.205,10.3213],[37.1479,10.3405],[37.0929,10.3215],[37.047,10.288],[37.0135,10.2849],[36.9812,10.3132],[36.8894,10.3148],[36.869,10.34],[36.8074,10.335],[36.7773,10.3452],[36.7623,10.3667],[36.6915,10.3565],[36.685,10.317],[36.6692,10.3135],[36.606,10.3643],[36.5393,10.3646],[36.5205,10.4051],[36.5465,10.4557],[36.5278,10.4948],[36.6102,10.5385],[36.6836,10.5566],[36.7284,10.5234],[36.7445,10.5295],[36.7519,10.583],[36.7857,10.5831],[36.8252,10.6223],[36.8225,10.6629],[36.8569,10.6796],[36.9185,10.667],[36.9325,10.6847],[36.9252,10.705],[36.935,10.724],[36.9626,10.7053],[36.977,10.711],[36.9654,10.7325],[36.9785,10.7225],[37.0138,10.7625],[37.0125,10.7353],[37.0276,10.7414],[37.0245,10.7585],[37.0644,10.7615],[37.0608,10.7945],[37.0765,10.7916],[37.0728,10.7825],[37.0874,10.7868],[37.1019,10.7977],[37.0923,10.8272],[37.1002,10.8188],[37.1173,10.8265],[37.119,10.827]]]}},{"type":"Feature","properties":{"name":"Wag Himra","region":"Amhara","centroid":[38.8574,12.7207],"code":"ET0308"},"geometry":{"type":"Polygon","coordinates":[[[39.241,12.401],[39.2598,12.3139],[39.2206,12.2637],[39.1965,12.2024],[39.1615,12.1995],[39.1539,12.1678],[39.1647,12.1521],[39.1213,12.1168],[39.0975,12.1673],[39.0417,12.1706],[39.0286,12.1834],[39.0553,12.2101],[38.987,12.2552],[38.965,12.2506],[38.8407,12.2815],[38.8137,12.268],[38.7392,12.2975],[38.6913,12.2727],[38.567,12.2967],[38.5205,12.2835],[38.473,12.306],[38.4895,12.3464],[38.4403,12.406],[38.4285,12.4561],[38.4354,12.4768],[38.4135,12.532],[38.4815,12.613],[38.4705,12.6208],[38.482,12.629],[38.4715,12.6529],[38.4515,12.6752],[38.465,12.745],[38.4489,12.7515],[38.4268,12.7412],[38.3586,12.763],[38.33,12.76],[38.3286,12.7989],[38.3553,12.8492],[38.3416,12.8526],[38.3554,12.8978],[38.3615,12.9058],[38.3884,12.8916],[38.3817,12.9102],[38.3985,12.9208],[38.3708,12.9456],[38.3359,12.9527],[38.34,12.9767],[38.353,12.988],[38.3696,12.9835],[38.3525,13.0214],[38.3813,13.0075],[38.3786,13.0644],[38.3889,13.0759],[38.4109,13.0665],[38.4253,13.0945],[38.4489,13.0565],[38.4653,13.0854],[38.5042,13.0825],[38.4901,13.1029],[38.5115,13.159],[38.4965,13.1649],[38.4946,13.1864],[38.5505,13.1715],[38.5335,13.199],[38.5601,13.1986],[38.5495,13.2247],[38.5771,13.2476],[38.5726,13.2919],[38.6293,13.3094],[38.6678,13.2935],[38.74,13.293],[38.7319,13.2621],[38.802,13.2465],[38.8626,13.2094],[38.9517,13.2368],[38.9565,13.2112],[38.9975,13.203],[39.0424,13.1595],[39.0369,13.1338],[38.9787,13.0986],[39.0004,13.0032],[39.0544,12.99],[39.0832,12.9591],[39.1437,12.9552],[39.1927,12.9281],[39.251,12.918],[39.2793,12.8563],[39.3039,12.8693],[39.3101,12.8519],[39.2785,12.8255],[39.3059,12.8121],[39.3063,12.8006],[39.2953,12.7853],[39.2759,12.7875],[39.2678,12.7712],[39.2791,12.7579],[39.2697,12.7228],[39.285,12.704],[39.2799,12.6869],[39.242,12.664],[39.1851,12.655],[39.1749,12.6415],[39.2304,12.499],[39.242,12.401],[39.241,12.401]]]}},{"type":"Feature","properties":{"name":"Awi","region":"Amhara","centroid":[36.4911,11.1737],"code":"ET0309"},"geometry":{"type":"MultiPolygon","coordinates":[[[[36.4352,10.4523],[36.3914,10.4671],[36.3594,10.529],[36.3267,10.5229],[36.3025,10.5538],[36.3058,10.5779],[36.2816,10.6034],[36.3074,10.6239],[36.3048,10.6412],[36.3244,10.6608],[36.3112,10.6785],[36.3218,10.685],[36.3165,10.7011],[36.3733,10.7579],[36.3771,10.7853],[36.3423,10.7894],[36.3111,10.7476],[36.286,10.7436],[36.282,10.8034],[36.3094,10.8257],[36.3085,10.8614],[36.3539,10.9365],[36.4172,10.9993],[36.4223,11.0305],[36.4893,11.0678],[36.5239,11.1118],[36.5538,11.0927],[36.575,11.1005],[36.549,11.138],[36.5042,11.1365],[36.4685,11.1553],[36.4605,11.2263],[36.4759,11.2438],[36.4672,11.2645],[36.4949,11.2884],[36.5566,11.302],[36.5568,11.3286],[36.535,11.3351],[36.5645,11.3704],[36.5335,11.3945],[36.5298,11.4341],[36.5126,11.4575],[36.4665,11.4277],[36.4105,11.4135],[36.4105,11.4586],[36.4439,11.4926],[36.3753,11.6071],[36.3485,11.605],[36.3327,11.6658],[36.3473,11.6961],[36.3322,11.7042],[36.341,11.7809],[36.3293,11.7963],[36.3089,11.8029],[36.2315,11.7223],[36.2069,11.7205],[36.1653,11.6778],[36.1184,11.7054],[36.1252,11.7185],[36.1054,11.8151],[36.0817,11.8237],[36.0665,11.8512],[36.0546,11.8492],[36.056,11.874],[36.0339,11.8913],[36.0425,11.8949],[35.996,11.9268],[35.9782,11.9601],[35.9692,11.9582],[35.9661,11.9844],[35.9402,11.9717],[35.9344,12.0021],[35.9427,12.0121],[35.9749,12.0045],[36.0615,12.0251],[36.0515,12.0372],[36.0644,12.053],[36.0884,12.0265],[36.0997,12.0345],[36.1297,12.0115],[36.1898,11.9995],[36.2271,12.0014],[36.2485,12.0205],[36.2825,12.0264],[36.2975,12.0455],[36.3436,12.0538],[36.4083,12.0184],[36.5663,11.9704],[36.5702,11.9603],[36.5457,11.9478],[36.5571,11.9318],[36.5205,11.9301],[36.5684,11.9015],[36.6088,11.8574],[36.6185,11.8165],[36.5737,11.7755],[36.611,11.7627],[36.6362,11.7305],[36.6622,11.7294],[36.6635,11.6717],[36.655,11.642],[36.5582,11.5455],[36.5518,11.5226],[36.6232,11.5331],[36.6517,11.5086],[36.6635,11.4649],[36.6505,11.404],[36.7207,11.4197],[36.7471,11.4423],[36.779,11.409],[36.8074,11.4025],[36.8219,11.3699],[36.8677,11.3446],[36.8831,11.3147],[36.9127,11.3181],[36.9263,11.2995],[36.9422,11.3048],[36.9478,11.2909],[36.9255,11.2584],[36.9819,11.253],[36.9934,11.2154],[37.0097,11.2114],[37.0051,11.1826],[37.0295,11.1895],[37.0409,11.1775],[37.0447,11.1905],[37.0716,11.1785],[37.0666,11.1702],[37.0819,11.1575],[37.0746,11.1144],[37.087,11.098],[37.0726,11.0627],[37.0961,11.011],[37.0935,11.0273],[37.1145,11.0339],[37.1075,11.0105],[37.1328,10.9727],[37.1342,10.9597],[37.1015,10.9656],[37.083,10.948],[37.1135,10.9093],[37.1156,10.863],[37.1305,10.8541],[37.1202,10.852],[37.1255,10.8289],[37.1002,10.8188],[37.0923,10.8272],[37.0964,10.7925],[37.0728,10.7825],[37.0765,10.7916],[37.0608,10.7945],[37.0644,10.7615],[37.0245,10.7585],[37.0276,10.7414],[37.0125,10.7353],[37.0138,10.7625],[36.9785,10.7225],[36.9654,10.7325],[36.977,10.711],[36.9626,10.7053],[36.935,10.724],[36.9252,10.705],[36.9325,10.6847],[36.9185,10.667],[36.8569,10.6796],[36.8225,10.6629],[36.8252,10.6223],[36.7857,10.5831],[36.7519,10.583],[36.7445,10.5295],[36.7284,10.5234],[36.6889,10.5565],[36.6528,10.5492],[36.5383,10.5029],[36.5205,10.4795],[36.4631,10.4789],[36.4469,10.4558],[36.4352,10.4523]]],[[[37.074,11.17],[37.0752,11.1697],[37.0743,11.1688],[37.074,11.17]]],[[[37.087,11.098],[37.0876,11.0993],[37.0893,11.0984],[37.087,11.098]]]]}},{"type":"Feature","properties":{"name":"Oromia","region":"Amhara","centroid":[40.0199,10.7407],"code":"ET0310"},"geometry":{"type":"MultiPolygon","coordinates":[[[[40.151,10.464],[40.1645,10.402],[40.1605,10.3005],[40.1291,10.1733],[40.1581,10.0901],[40.1335,10.0715],[40.109,10.0705],[39.927,10.089],[39.931,10.099],[39.9728,10.0936],[39.9895,10.1085],[39.9821,10.1257],[39.9481,10.1101],[39.9295,10.1297],[39.9516,10.2191],[39.9265,10.2395],[39.9286,10.2562],[39.9445,10.257],[39.9404,10.2767],[39.926,10.2745],[39.9235,10.2965],[39.95,10.336],[39.9825,10.348],[39.9346,10.3736],[39.948,10.395],[39.9386,10.3979],[39.9423,10.445],[39.9294,10.4725],[39.9384,10.4884],[39.9178,10.5304],[39.8655,10.5756],[39.8603,10.6227],[39.8402,10.6219],[39.8345,10.6535],[39.8805,10.6955],[39.8175,10.6895],[39.8127,10.7338],[39.7443,10.7088],[39.7232,10.7128],[39.7131,10.7683],[39.6865,10.7875],[39.7105,10.8034],[39.6933,10.8252],[39.71,10.8375],[39.6927,10.8416],[39.6635,10.8962],[39.7192,10.8742],[39.7432,10.8925],[39.7905,10.8785],[39.7894,10.8944],[39.8044,10.8912],[39.7998,10.9007],[39.8195,10.9106],[39.8269,10.8765],[39.8714,10.8884],[39.8855,10.9045],[39.9343,10.9098],[39.9346,10.8848],[39.9565,10.868],[39.9355,10.8486],[39.9445,10.8321],[39.9606,10.8465],[39.9725,10.8417],[39.9686,10.8573],[40.103,10.876],[40.0184,10.9364],[40.0166,10.9582],[40.0317,10.9507],[40.0496,10.9805],[39.9999,11.0259],[39.9559,11.1147],[39.9738,11.1899],[39.9176,11.2255],[39.9175,11.2505],[39.8869,11.2407],[39.8716,11.2706],[39.8563,11.2751],[39.8594,11.3086],[39.847,11.322],[39.9648,11.3685],[40.0155,11.4236],[40.0502,11.4357],[40.067,11.432],[40.0648,11.3379],[40.0718,11.3249],[40.1035,11.3165],[40.1458,11.2554],[40.1729,11.2396],[40.2123,11.1087],[40.194,11.0961],[40.187,11.025],[40.1238,10.9373],[40.1495,10.8955],[40.1807,10.8965],[40.1667,10.8047],[40.1025,10.7539],[40.1505,10.4712],[40.151,10.464]]],[[[39.934,10.071],[39.9243,10.0686],[39.929,10.084],[39.934,10.071]]]]}},{"type":"Feature","properties":{"name":"Central Gondar","region":"Amhara","centroid":[37.2726,12.5713],"code":"ET0311"},"geometry":{"type":"MultiPolygon","coordinates":[[[[37.003,12.039],[37.0228,12.0122],[37.0236,11.9361],[37.0053,11.908],[36.9867,11.9076],[36.9488,11.8679],[36.8721,11.8437],[36.8605,11.7873],[36.8839,11.7587],[36.8824,11.7389],[36.8465,11.7426],[36.8441,11.7257],[36.8207,11.7185],[36.8145,11.6964],[36.7894,11.6763],[36.7134,11.6885],[36.657,11.642],[36.6622,11.7294],[36.6362,11.7305],[36.611,11.7627],[36.5737,11.7755],[36.6185,11.8165],[36.6088,11.8574],[36.5684,11.9015],[36.5205,11.9301],[36.5571,11.9318],[36.5457,11.9478],[36.5702,11.9603],[36.5663,11.9704],[36.417,12.016],[36.4676,12.0608],[36.493,12.106],[36.4506,12.1415],[36.4164,12.1482],[36.4055,12.1659],[36.4855,12.2235],[36.4817,12.2568],[36.4715,12.2583],[36.4989,12.2914],[36.475,12.323],[36.4937,12.3243],[36.5306,12.3546],[36.5279,12.3755],[36.5085,12.3767],[36.5196,12.3928],[36.5703,12.3915],[36.588,12.4037],[36.6571,12.3825],[36.672,12.4007],[36.718,12.3883],[36.7456,12.4072],[36.843,12.369],[36.8556,12.3825],[36.8683,12.3777],[36.8745,12.4305],[36.8595,12.4424],[36.8721,12.4885],[36.8879,12.4845],[36.915,12.535],[36.8846,12.5596],[36.8504,12.5673],[36.8565,12.5875],[36.8876,12.592],[36.909,12.5812],[36.9382,12.5917],[36.9251,12.6124],[36.9327,12.6463],[36.9233,12.7096],[36.9656,12.6732],[36.986,12.6724],[36.9875,12.6956],[37.0288,12.7031],[37.055,12.74],[37.0252,12.7728],[37.0089,12.7718],[37.008,12.802],[36.9098,12.7945],[36.8828,12.8219],[36.8345,12.8035],[36.8018,12.8166],[36.7858,12.9323],[36.829,12.9165],[36.7559,13.0348],[36.7617,13.0509],[36.8113,13.0624],[36.8259,13.0325],[36.8316,13.1115],[36.8154,13.1538],[36.7504,13.2199],[36.7026,13.2225],[36.6969,13.2385],[36.688,13.2349],[36.6782,13.279],[36.5515,13.3197],[36.5147,13.3503],[36.4824,13.4922],[36.4971,13.5607],[36.5175,13.5913],[36.5554,13.5699],[36.5653,13.5318],[36.599,13.5037],[36.5957,13.4881],[36.5726,13.4749],[36.5665,13.4457],[36.6071,13.3756],[36.6356,13.382],[36.6654,13.3663],[36.6848,13.3742],[36.7351,13.3625],[36.77,13.3806],[36.8252,13.4478],[36.8961,13.4064],[36.93,13.3716],[36.9393,13.3792],[36.9565,13.3624],[37.0378,13.3521],[37.0695,13.3173],[37.1528,13.2997],[37.2059,13.2555],[37.2523,13.2955],[37.2809,13.2845],[37.3236,13.2976],[37.3619,13.3582],[37.3978,13.358],[37.4159,13.3733],[37.4413,13.3535],[37.524,13.369],[37.5495,13.3125],[37.5293,13.2971],[37.5485,13.2207],[37.5424,13.1955],[37.5134,13.1895],[37.4835,13.1567],[37.4556,13.0992],[37.5239,13.0951],[37.5384,12.9924],[37.5642,12.9513],[37.6365,12.9557],[37.6278,12.9207],[37.6505,12.9273],[37.6505,12.9023],[37.7139,12.8771],[37.7726,12.9206],[37.8466,12.9265],[37.9132,12.9052],[37.8937,12.998],[37.9195,13.0291],[37.905,13.042],[37.9495,13.0563],[37.948,13.0705],[37.9755,13.0812],[37.9938,13.1057],[38.044,13.074],[38.0012,13.0263],[38.0367,12.9483],[38.0536,12.9355],[38.0902,12.9815],[38.1274,12.9672],[38.1335,12.8997],[38.1237,12.8758],[38.1343,12.8721],[38.1513,12.894],[38.1569,12.9381],[38.1923,12.9386],[38.1869,12.904],[38.2025,12.8822],[38.2238,12.8725],[38.2479,12.9025],[38.2653,12.898],[38.2626,12.8245],[38.296,12.8158],[38.312,12.754],[38.3586,12.763],[38.3837,12.7483],[38.465,12.745],[38.4515,12.6752],[38.482,12.629],[38.4705,12.6208],[38.4815,12.613],[38.4674,12.5881],[38.4382,12.5723],[38.4322,12.5531],[38.3997,12.5508],[38.3715,12.5317],[38.3455,12.4865],[38.294,12.4374],[38.2898,12.4166],[38.2097,12.3736],[38.1725,12.3392],[38.1396,12.3304],[38.1151,12.3385],[38.1134,12.3176],[38.0987,12.3247],[38.0753,12.3095],[38.0601,12.3335],[38.0217,12.3085],[37.9821,12.307],[37.9647,12.2885],[37.96,12.304],[37.9489,12.3005],[37.9675,12.2192],[37.9358,12.224],[37.9184,12.2741],[37.9051,12.2675],[37.8836,12.2906],[37.8641,12.2547],[37.8304,12.2515],[37.813,12.2999],[37.7886,12.3041],[37.7945,12.3434],[37.7762,12.3475],[37.767,12.3671],[37.7285,12.3245],[37.6847,12.3317],[37.6465,12.2929],[37.6828,12.275],[37.735,12.1985],[37.7622,12.2157],[37.7594,12.1913],[37.7306,12.1706],[37.6943,12.1701],[37.6926,12.1515],[37.6464,12.1417],[37.6324,12.1533],[37.603,12.13],[37.5774,12.1625],[37.5604,12.2296],[37.5294,12.2495],[37.4937,12.3034],[37.4276,12.2775],[37.4158,12.2895],[37.3585,12.2555],[37.3606,12.2723],[37.3185,12.2725],[37.2977,12.2512],[37.2934,12.2061],[37.2576,12.1961],[37.2342,12.2128],[37.2044,12.2039],[37.2103,12.1915],[37.1848,12.1958],[37.1612,12.2681],[37.1461,12.2694],[37.0675,12.2175],[37.0415,12.1617],[37.0324,12.1057],[37.0435,12.0999],[37.0187,12.0428],[37.005,12.0439],[37.003,12.039]]],[[[36.862,12.564],[36.8617,12.5628],[36.8608,12.5637],[36.862,12.564]]],[[[36.8756,12.5593],[36.876,12.556],[36.8747,12.5567],[36.8756,12.5593]]],[[[37.563,12.197],[37.5627,12.1958],[37.5618,12.1967],[37.563,12.197]]],[[[37.3577,12.2542],[37.358,12.253],[37.3568,12.2533],[37.3577,12.2542]]],[[[37.253,12.2],[37.2527,12.1988],[37.2518,12.1997],[37.253,12.2]]]]}},{"type":"Feature","properties":{"name":"West Gondar","region":"Amhara","centroid":[36.2501,12.5373],"code":"ET0312"},"geometry":{"type":"MultiPolygon","coordinates":[[[[36.475,12.323],[36.4989,12.2914],[36.4715,12.2583],[36.4817,12.2568],[36.4855,12.2235],[36.4055,12.1659],[36.4164,12.1482],[36.4506,12.1415],[36.493,12.106],[36.4676,12.0608],[36.417,12.016],[36.3436,12.0538],[36.2975,12.0455],[36.2825,12.0264],[36.2485,12.0205],[36.2271,12.0014],[36.1898,11.9995],[36.1297,12.0115],[36.0997,12.0345],[36.0884,12.0265],[36.0644,12.053],[36.0515,12.0372],[36.0615,12.0251],[35.9365,12.0065],[35.9365,11.9205],[35.8745,11.8855],[35.8487,11.8406],[35.8228,11.8265],[35.8034,11.8378],[35.6667,11.8256],[35.6617,11.7927],[35.5758,11.7663],[35.5168,11.7178],[35.4727,11.7361],[35.4211,11.7292],[35.3635,11.7528],[35.3256,11.794],[35.2963,11.7994],[35.2836,11.8873],[35.2623,11.9254],[35.2933,11.9652],[35.3022,12.0122],[35.3425,12.0337],[35.3337,12.073],[35.396,12.1834],[35.4362,12.1992],[35.431,12.2541],[35.6419,12.602],[35.6882,12.6158],[35.6894,12.6601],[35.7248,12.6722],[35.7838,12.6636],[36.0096,12.7246],[36.0783,12.7236],[36.1078,12.7059],[36.1116,12.6838],[36.1552,12.6809],[36.1761,12.7534],[36.1822,12.8899],[36.1503,12.9409],[36.1809,13.015],[36.2462,13.27],[36.2924,13.3242],[36.3741,13.5302],[36.3753,13.5824],[36.4224,13.7288],[36.4516,13.7635],[36.4812,13.7341],[36.477,13.694],[36.5044,13.6644],[36.5262,13.6055],[36.4971,13.5607],[36.4824,13.4922],[36.5147,13.3503],[36.5515,13.3197],[36.6782,13.279],[36.688,13.2349],[36.6969,13.2385],[36.7026,13.2225],[36.7504,13.2199],[36.8154,13.1538],[36.8316,13.1115],[36.8259,13.0325],[36.8113,13.0624],[36.7617,13.0509],[36.7559,13.0348],[36.829,12.9165],[36.7858,12.9323],[36.8018,12.8166],[36.8345,12.8035],[36.8828,12.8219],[36.9098,12.7945],[37.008,12.802],[37.0089,12.7718],[37.0252,12.7728],[37.055,12.74],[37.0288,12.7031],[36.9875,12.6956],[36.986,12.6724],[36.9656,12.6732],[36.9233,12.7096],[36.9327,12.6463],[36.9251,12.6124],[36.937,12.592],[36.909,12.5812],[36.8876,12.592],[36.8565,12.5875],[36.8504,12.5673],[36.8846,12.5596],[36.915,12.535],[36.8879,12.4845],[36.8721,12.4885],[36.8595,12.4424],[36.8755,12.4231],[36.867,12.38],[36.843,12.369],[36.7456,12.4072],[36.718,12.3883],[36.672,12.4007],[36.6571,12.3825],[36.588,12.4037],[36.5703,12.3915],[36.5508,12.3987],[36.5196,12.3928],[36.5085,12.3767],[36.5279,12.3755],[36.5306,12.3546],[36.4937,12.3243],[36.4758,12.3239],[36.475,12.323]],[[36.876,12.556],[36.8756,12.5593],[36.8747,12.5567],[36.876,12.556]]],[[[36.937,12.592],[36.9382,12.5917],[36.9373,12.5908],[36.937,12.592]]],[[[36.867,12.38],[36.8694,12.3795],[36.8683,12.3777],[36.867,12.38]]]]}},{"type":"Feature","properties":{"name":"North Gojam","region":"Amhara","centroid":[37.2728,11.4269],"code":null},"geometry":{"type":"MultiPolygon","coordinates":[[[[37.772,11.282],[37.854,11.239],[37.8257,11.2302],[37.8204,11.1669],[37.8045,11.1682],[37.7948,11.1516],[37.7036,11.1367],[37.7012,11.121],[37.7143,11.111],[37.6914,11.0997],[37.6648,11.1059],[37.6468,11.0928],[37.6546,11.0778],[37.6803,11.0729],[37.6737,11.0591],[37.689,11.049],[37.6395,11.032],[37.6495,11.0125],[37.5665,11.0124],[37.5575,11.0865],[37.4886,11.1275],[37.4441,11.0786],[37.3822,11.1293],[37.3235,11.1142],[37.319,11.131],[37.2968,11.1063],[37.2723,11.1314],[37.2444,11.0992],[37.2347,11.0998],[37.2319,11.1351],[37.2184,11.1505],[37.1985,11.1035],[37.1901,11.1288],[37.157,11.1292],[37.1388,11.1449],[37.0987,11.1255],[37.0666,11.1702],[37.0716,11.1785],[37.0447,11.1905],[37.0409,11.1775],[37.0295,11.1895],[37.0051,11.1826],[37.0097,11.2114],[36.9968,11.2105],[36.977,11.257],[36.9255,11.2584],[36.9478,11.2909],[36.9422,11.3048],[36.9263,11.2995],[36.9127,11.3181],[36.8831,11.3147],[36.8677,11.3446],[36.8219,11.3699],[36.8074,11.4025],[36.779,11.409],[36.7471,11.4423],[36.7207,11.4197],[36.6505,11.404],[36.6635,11.4649],[36.6517,11.5086],[36.6232,11.5331],[36.5518,11.5226],[36.5506,11.5364],[36.6988,11.6798],[36.7295,11.6885],[36.7894,11.6763],[36.8145,11.6964],[36.8207,11.7185],[36.8441,11.7257],[36.8465,11.7426],[36.8824,11.7389],[36.8839,11.7587],[36.8605,11.7873],[36.8721,11.8437],[36.9488,11.8679],[36.995,11.907],[36.9997,11.8877],[37.0335,11.8861],[37.0474,11.8427],[37.0816,11.8284],[37.0765,11.8145],[37.095,11.802],[37.108,11.808],[37.0973,11.8451],[37.1132,11.8415],[37.128,11.869],[37.1125,11.828],[37.13,11.7821],[37.1763,11.7766],[37.1804,11.745],[37.2137,11.7191],[37.1265,11.6905],[37.1294,11.667],[37.105,11.632],[37.1114,11.579],[37.1676,11.5763],[37.1895,11.5305],[37.2265,11.4939],[37.2216,11.4818],[37.251,11.4345],[37.3027,11.4296],[37.3135,11.4153],[37.2993,11.393],[37.3291,11.3984],[37.3254,11.3686],[37.3684,11.3417],[37.3713,11.3335],[37.3553,11.3354],[37.3533,11.3082],[37.3715,11.3005],[37.3695,11.2892],[37.3945,11.2925],[37.3994,11.3467],[37.41,11.3437],[37.4238,11.3825],[37.4515,11.3905],[37.4808,11.4188],[37.5115,11.4135],[37.5165,11.3916],[37.5448,11.3802],[37.5817,11.4216],[37.6062,11.4017],[37.655,11.423],[37.7245,11.3175],[37.7695,11.2825],[37.772,11.282]]],[[[37.304,11.428],[37.304,11.431],[37.307,11.431],[37.307,11.428],[37.304,11.428]]]]}},{"type":"Feature","properties":{"name":"Bahir Dar","region":"Amhara","centroid":[37.3527,11.6097],"code":"ET0314"},"geometry":{"type":"MultiPolygon","coordinates":[[[[37.323,11.713],[37.3543,11.709],[37.357,11.6915],[37.3264,11.6819],[37.3152,11.6913],[37.3175,11.6747],[37.3036,11.6779],[37.2916,11.6576],[37.3128,11.6566],[37.3457,11.6165],[37.3655,11.6196],[37.3723,11.6085],[37.3714,11.6255],[37.38,11.6243],[37.3774,11.6045],[37.3902,11.5964],[37.3918,11.6104],[37.4086,11.6094],[37.4255,11.6668],[37.4155,11.6816],[37.4365,11.7082],[37.4244,11.7365],[37.4408,11.7195],[37.4965,11.7315],[37.5035,11.6987],[37.5436,11.6485],[37.5258,11.6263],[37.5125,11.6273],[37.5191,11.5928],[37.5505,11.5779],[37.543,11.561],[37.5567,11.545],[37.5731,11.5497],[37.5925,11.5105],[37.6169,11.5275],[37.6303,11.518],[37.6445,11.491],[37.626,11.48],[37.655,11.423],[37.6062,11.4017],[37.5817,11.4216],[37.5448,11.3802],[37.5165,11.3916],[37.5115,11.4135],[37.4808,11.4188],[37.417,11.3733],[37.41,11.3437],[37.3994,11.3467],[37.3866,11.2845],[37.356,11.301],[37.3553,11.3354],[37.3713,11.3335],[37.3684,11.3417],[37.3254,11.3686],[37.3291,11.3984],[37.2993,11.393],[37.3135,11.4153],[37.2995,11.4237],[37.307,11.431],[37.251,11.4345],[37.2216,11.4818],[37.2265,11.4939],[37.1895,11.5305],[37.1676,11.5763],[37.1114,11.579],[37.105,11.632],[37.1294,11.667],[37.1265,11.6905],[37.2137,11.7191],[37.1804,11.745],[37.1763,11.7766],[37.13,11.7821],[37.1125,11.828],[37.1287,11.8725],[37.1373,11.8644],[37.1203,11.829],[37.129,11.8099],[37.1876,11.8077],[37.2364,11.8325],[37.2543,11.8147],[37.2758,11.8145],[37.3095,11.7848],[37.3027,11.7431],[37.321,11.7162],[37.323,11.713]]],[[[37.2825,11.9315],[37.3003,11.9295],[37.2995,11.9015],[37.274,11.883],[37.2643,11.8925],[37.2495,11.8844],[37.2405,11.9178],[37.2717,11.9473],[37.2755,11.9326],[37.2825,11.9315]]],[[[37.3204,11.891],[37.3056,11.8952],[37.3166,11.8936],[37.3204,11.891]]],[[[37.1307,11.8392],[37.131,11.838],[37.1298,11.8383],[37.1307,11.8392]]],[[[37.302,11.428],[37.3017,11.4268],[37.3008,11.4277],[37.302,11.428]]]]}},{"type":"Feature","properties":{"name":"West Wellega","region":"Oromia","centroid":[35.2995,9.2616],"code":"ET0401"},"geometry":{"type":"Polygon","coordinates":[[[35.937,8.876],[35.9468,8.8652],[35.9181,8.8279],[35.887,8.8389],[35.8685,8.8202],[35.8885,8.8172],[35.8814,8.7957],[35.8932,8.7849],[35.9225,8.7787],[35.9235,8.7535],[35.8934,8.7285],[35.8678,8.725],[35.8755,8.7085],[35.8591,8.7006],[35.8546,8.6775],[35.8311,8.671],[35.7549,8.6863],[35.7426,8.7335],[35.7129,8.7171],[35.6548,8.7162],[35.6342,8.6805],[35.5613,8.6945],[35.5064,8.7336],[35.4946,8.7585],[35.4554,8.7559],[35.4575,8.7735],[35.4424,8.7797],[35.4474,8.8108],[35.4252,8.8458],[35.4432,8.8597],[35.4396,8.8899],[35.451,8.9081],[35.412,8.9116],[35.3975,8.9467],[35.3788,8.9363],[35.3647,8.9502],[35.3508,8.9449],[35.3376,8.9595],[35.3436,9.0057],[35.3131,9.0573],[35.2791,9.07],[35.281,9.0924],[35.2632,9.0781],[35.2336,9.1105],[35.2186,9.0956],[35.1966,9.1155],[35.188,9.105],[35.1641,9.1632],[35.125,9.215],[35.138,9.227],[35.127,9.2585],[35.0552,9.3159],[35.0255,9.3086],[34.9836,9.3354],[34.9857,9.3485],[34.9692,9.3455],[34.9492,9.3649],[34.9311,9.3596],[34.9235,9.3797],[34.9415,9.3993],[34.925,9.405],[34.9121,9.3814],[34.9225,9.3474],[34.8725,9.2905],[34.8734,9.2644],[34.8523,9.2512],[34.8294,9.2555],[34.8222,9.2395],[34.7904,9.2484],[34.779,9.174],[34.698,9.174],[34.5898,9.1403],[34.5273,9.1885],[34.4818,9.1482],[34.423,9.1539],[34.38,9.13],[34.3414,9.1686],[34.4019,9.1864],[34.4397,9.2154],[34.4663,9.3654],[34.4519,9.4488],[34.513,9.4476],[34.4989,9.5139],[34.5232,9.5408],[34.5485,9.6291],[34.586,9.6295],[34.6314,9.5883],[34.7348,9.545],[34.7822,9.5528],[34.7921,9.603],[34.8113,9.6305],[34.8095,9.7032],[34.7962,9.736],[34.8318,9.8029],[34.8698,9.8204],[34.8975,9.8815],[34.8675,9.9018],[34.8879,9.9081],[34.9045,9.9555],[34.9431,9.9333],[34.9883,9.9965],[35.0151,9.9948],[35.0198,9.9284],[35.0487,9.9174],[35.0805,9.9216],[35.0887,9.9501],[35.1599,9.9481],[35.2206,9.9252],[35.2311,9.893],[35.2976,9.9222],[35.3499,9.8659],[35.364,9.8126],[35.4195,9.7849],[35.3791,9.7652],[35.3686,9.7192],[35.4111,9.7131],[35.469,9.67],[35.5554,9.6952],[35.579,9.6648],[35.6362,9.6505],[35.6535,9.6339],[35.6437,9.5944],[35.661,9.532],[35.7116,9.4862],[35.7654,9.4722],[35.7785,9.4367],[35.7502,9.4025],[35.7572,9.3233],[35.7984,9.3075],[35.86,9.3247],[35.9111,9.3156],[35.918,9.2852],[35.9508,9.2484],[36.0317,9.2329],[36.0536,9.1192],[36.0341,9.107],[36.0282,9.0556],[36.0422,9.0148],[36.051,9.017],[36.0444,8.9779],[36.0175,8.9341],[36.0174,8.9069],[35.9772,8.9139],[35.9412,8.8753],[35.937,8.876]]]}},{"type":"Feature","properties":{"name":"East Wellega","region":"Oromia","centroid":[36.6362,9.3012],"code":"ET0402"},"geometry":{"type":"Polygon","coordinates":[[[36.648,8.524],[36.6132,8.5297],[36.627,8.546],[36.5889,8.5768],[36.557,8.5748],[36.5352,8.5585],[36.5234,8.5924],[36.5059,8.5897],[36.4772,8.6149],[36.4413,8.6257],[36.4195,8.6558],[36.4095,8.7321],[36.3827,8.7609],[36.376,8.793],[36.3525,8.8049],[36.3535,8.838],[36.3338,8.846],[36.3221,8.8832],[36.3003,8.8856],[36.2355,8.9665],[36.2073,8.9596],[36.1479,9.0044],[36.1769,9.0442],[36.2259,9.0307],[36.2465,9.0406],[36.1847,9.0716],[36.1616,9.1049],[36.2042,9.1572],[36.229,9.2288],[36.2264,9.2714],[36.1945,9.289],[36.2062,9.3544],[36.2341,9.3467],[36.2145,9.3318],[36.2186,9.2967],[36.2533,9.3016],[36.2754,9.3431],[36.2956,9.3015],[36.319,9.3056],[36.3343,9.3394],[36.3755,9.3581],[36.4616,9.3571],[36.4842,9.3675],[36.4755,9.3945],[36.5069,9.4189],[36.515,9.4437],[36.4945,9.509],[36.4613,9.5278],[36.4008,9.5105],[36.3803,9.4802],[36.3012,9.5551],[36.232,9.5701],[36.2008,9.6147],[36.1915,9.6878],[36.1589,9.7469],[36.1055,9.7731],[36.1365,9.8071],[36.1283,9.8518],[36.1525,9.8487],[36.1195,9.9623],[36.1427,10.0118],[36.1847,10.0493],[36.2192,10.053],[36.2598,10.0787],[36.2723,10.1129],[36.3719,10.1629],[36.4455,10.2455],[36.5153,10.2399],[36.5545,10.2847],[36.5757,10.2791],[36.5754,10.2639],[36.6106,10.2589],[36.6594,10.2765],[36.6921,10.2959],[36.6814,10.3352],[36.6915,10.3565],[36.7623,10.3667],[36.7773,10.3452],[36.8242,10.3355],[36.837,10.2879],[36.8665,10.2478],[36.8493,10.1835],[36.8868,10.1614],[36.8975,10.1336],[36.8857,10.1012],[36.9007,10.0588],[36.8935,10.018],[36.912,10.0167],[36.9166,10.0034],[36.8942,9.9771],[36.9199,9.9549],[36.8967,9.9154],[36.9075,9.9044],[36.9295,9.9166],[36.9071,9.8954],[36.9155,9.8596],[36.9046,9.8487],[36.9223,9.8201],[36.913,9.804],[36.8803,9.7939],[36.8769,9.78],[36.792,9.76],[36.7765,9.7405],[36.7827,9.7084],[36.7624,9.6875],[36.7225,9.6886],[36.6927,9.6748],[36.6734,9.6335],[36.6796,9.6025],[36.6672,9.5862],[36.6624,9.5054],[36.7338,9.416],[36.753,9.4242],[36.7615,9.4135],[36.7974,9.4124],[36.8302,9.4309],[36.8301,9.4606],[36.8841,9.4881],[36.9175,9.4415],[36.9563,9.4696],[36.9992,9.4485],[37.0305,9.4578],[37.0353,9.4271],[37.0635,9.4261],[37.0523,9.3765],[37.0735,9.3467],[37.0639,9.3275],[37.078,9.3282],[37.0878,9.3015],[37.1135,9.3074],[37.1253,9.2857],[37.1574,9.2671],[37.159,9.251],[37.1173,9.2168],[37.1187,9.1956],[37.0919,9.1905],[37.0879,9.2024],[37.052,9.203],[37.0556,9.1766],[37.0354,9.1466],[37.0566,9.0855],[37.0296,9.0819],[37.0225,9.0365],[37.0598,8.9985],[37.1249,8.9829],[37.1385,8.9614],[37.1495,8.9652],[37.1515,8.9294],[37.1944,8.9241],[37.1846,8.9017],[37.1996,8.8825],[37.1755,8.8652],[37.1525,8.8703],[37.1474,8.8592],[37.0886,8.8694],[37.0601,8.804],[37.0166,8.8094],[36.9915,8.7938],[36.9938,8.7749],[37.0091,8.7787],[37.0195,8.7595],[36.998,8.7323],[36.9857,8.6464],[36.9521,8.6146],[36.938,8.6092],[36.8979,8.6268],[36.8872,8.6623],[36.8525,8.6846],[36.7925,8.6528],[36.7361,8.545],[36.7265,8.5543],[36.6521,8.5245],[36.648,8.524]],[[37.05,9.203],[37.051,9.203],[37.051,9.204],[37.05,9.204],[37.05,9.203]],[[37.05,9.204],[37.05,9.206],[37.0486,9.205],[37.05,9.204]]]}},{"type":"Feature","properties":{"name":"Ilubabor","region":"Oromia","centroid":[35.4201,8.1679],"code":"ET0403"},"geometry":{"type":"Polygon","coordinates":[[[35.116,7.645],[35.0772,7.7305],[34.9952,7.7476],[34.9321,7.7279],[34.9444,7.8793],[34.9508,7.89],[35.0007,7.862],[35.0131,7.8821],[35.0087,7.9233],[35.0485,7.9541],[35.1084,7.9568],[35.1415,7.9886],[35.1196,8.0783],[35.0893,8.1135],[35.1432,8.1424],[35.1582,8.1367],[35.1185,8.2005],[35.0727,8.2203],[35.0187,8.2192],[34.965,8.247],[34.9814,8.3292],[34.9525,8.353],[34.999,8.4849],[35.0267,8.4929],[35.0314,8.5124],[35.0611,8.5207],[35.1175,8.4983],[35.1875,8.5185],[35.1886,8.5388],[35.2005,8.5408],[35.1215,8.6061],[35.112,8.632],[35.1248,8.6624],[35.1454,8.6674],[35.1418,8.6825],[35.1597,8.7061],[35.2043,8.7302],[35.216,8.757],[35.2358,8.7205],[35.2542,8.7558],[35.2726,8.7525],[35.2828,8.7327],[35.3078,8.7477],[35.3633,8.7382],[35.3735,8.7586],[35.4088,8.7743],[35.4006,8.8019],[35.4285,8.8246],[35.4474,8.8108],[35.4405,8.7855],[35.4575,8.7735],[35.4554,8.7559],[35.4946,8.7585],[35.5064,8.7336],[35.5613,8.6945],[35.6342,8.6805],[35.6548,8.7162],[35.7129,8.7171],[35.7426,8.7335],[35.7586,8.6845],[35.8311,8.671],[35.857,8.68],[35.8786,8.6655],[35.9023,8.6756],[35.9463,8.6285],[35.9808,8.6313],[35.9922,8.4431],[36.0059,8.4438],[36.001,8.403],[36.0443,8.3376],[36.088,8.3137],[36.083,8.265],[36.0667,8.2401],[36.0815,8.174],[36.0698,8.1492],[36.0468,8.1354],[36.0103,8.1454],[35.9545,8.0955],[35.912,8.083],[35.929,8.0165],[35.884,8.016],[35.8613,8.0768],[35.7659,8.0809],[35.7228,8.0224],[35.7387,7.9884],[35.8005,7.9339],[35.7371,7.8648],[35.7157,7.8551],[35.6935,7.8641],[35.592,7.808],[35.5449,7.8303],[35.5211,7.895],[35.4748,7.8735],[35.4294,7.8815],[35.4009,7.8296],[35.351,7.836],[35.3405,7.776],[35.2754,7.7455],[35.2229,7.7029],[35.2126,7.6512],[35.1205,7.6455],[35.116,7.645]]]}},{"type":"Feature","properties":{"name":"Jimma","region":"Oromia","centroid":[36.8807,7.9172],"code":"ET0404"},"geometry":{"type":"Polygon","coordinates":[[[37.1051,7.2241],[37.04,7.2397],[36.965,7.225],[36.9557,7.26],[36.8793,7.3294],[36.8413,7.3258],[36.791,7.252],[36.6733,7.3272],[36.633,7.378],[36.599,7.3685],[36.4841,7.4157],[36.375,7.4152],[36.349,7.445],[36.302,7.4495],[36.2256,7.4837],[36.1566,7.5423],[36.0462,7.5647],[36.0325,7.5905],[36.052,7.6536],[35.9973,7.7448],[35.8487,7.8385],[35.9024,7.9257],[35.884,8.016],[35.929,8.0165],[35.912,8.083],[35.9545,8.0955],[36.0103,8.1454],[36.0468,8.1354],[36.0698,8.1492],[36.0815,8.174],[36.0667,8.2401],[36.083,8.265],[36.0965,8.2404],[36.1603,8.2164],[36.2345,8.2365],[36.2494,8.2557],[36.282,8.227],[36.2678,8.1766],[36.287,8.1769],[36.2886,8.1518],[36.3081,8.1483],[36.3273,8.1177],[36.3477,8.1331],[36.3735,8.1299],[36.3712,8.1079],[36.3973,8.0918],[36.3924,8.0763],[36.423,8.05],[36.4801,8.0443],[36.5286,8.0541],[36.5358,8.069],[36.5669,8.0663],[36.6016,8.0314],[36.583,8.003],[36.5939,7.9942],[36.6403,7.9945],[36.6635,8.0584],[36.6917,8.0718],[36.7382,8.057],[36.7654,8.1101],[36.7886,8.1164],[36.7882,8.0949],[36.7982,8.098],[36.826,8.14],[36.7895,8.2291],[36.7947,8.2571],[36.7618,8.2551],[36.7435,8.2696],[36.7522,8.2873],[36.7305,8.3892],[36.7395,8.3966],[36.7218,8.4177],[36.7232,8.4629],[36.7006,8.4694],[36.661,8.531],[36.7265,8.5543],[36.7361,8.545],[36.7925,8.6528],[36.8525,8.6846],[36.8872,8.6623],[36.8979,8.6268],[36.938,8.6092],[36.9521,8.6146],[36.9857,8.6464],[36.998,8.7323],[37.0195,8.7595],[37.0091,8.7787],[36.9938,8.7749],[36.9915,8.7938],[37.0166,8.8094],[37.0601,8.804],[37.0886,8.8694],[37.1474,8.8592],[37.1525,8.8703],[37.1755,8.8652],[37.199,8.88],[37.2152,8.8654],[37.1986,8.847],[37.2125,8.8333],[37.2039,8.7798],[37.1789,8.7642],[37.1798,8.7477],[37.1483,8.7398],[37.1385,8.688],[37.1705,8.6923],[37.1755,8.6455],[37.217,8.602],[37.238,8.5975],[37.2473,8.6105],[37.3043,8.5619],[37.3234,8.5067],[37.3624,8.4693],[37.3915,8.4033],[37.388,8.3863],[37.4111,8.3735],[37.4323,8.3345],[37.4409,8.3435],[37.4555,8.3333],[37.4725,8.2655],[37.506,8.2542],[37.5284,8.2663],[37.5769,8.2315],[37.6148,8.2275],[37.6239,8.1997],[37.5925,8.0956],[37.6029,7.9646],[37.5474,7.9497],[37.4906,8.0167],[37.3918,7.9925],[37.3898,7.9619],[37.4368,7.9181],[37.405,7.8269],[37.4012,7.682],[37.445,7.564],[37.4073,7.4918],[37.3796,7.3796],[37.3304,7.343],[37.2383,7.3121],[37.1558,7.2416],[37.1167,7.226],[37.1051,7.2241]]]}},{"type":"Feature","properties":{"name":"West Shewa","region":"Oromia","centroid":[37.8619,9.079],"code":"ET0405"},"geometry":{"type":"MultiPolygon","coordinates":[[[[37.6,8.617],[37.6053,8.5888],[37.5805,8.5645],[37.5775,8.5255],[37.5347,8.4893],[37.5197,8.4499],[37.525,8.421],[37.4979,8.4019],[37.464,8.317],[37.4471,8.3412],[37.4323,8.3345],[37.4111,8.3735],[37.388,8.3863],[37.3915,8.4033],[37.3624,8.4693],[37.3234,8.5067],[37.3043,8.5619],[37.2473,8.6105],[37.238,8.5975],[37.217,8.602],[37.1755,8.6455],[37.1705,8.6923],[37.1385,8.688],[37.1483,8.7398],[37.1798,8.7477],[37.1789,8.7642],[37.2039,8.7798],[37.2125,8.8333],[37.1986,8.847],[37.2152,8.8654],[37.1846,8.9017],[37.1944,8.9241],[37.1515,8.9294],[37.1495,8.9652],[37.1385,8.9614],[37.1249,8.9829],[37.0598,8.9985],[37.0225,9.0365],[37.0296,9.0819],[37.0566,9.0855],[37.0368,9.1583],[37.0556,9.1766],[37.0525,9.2035],[37.0879,9.2024],[37.0919,9.1905],[37.1187,9.1956],[37.1173,9.2168],[37.159,9.251],[37.1988,9.2375],[37.2096,9.2186],[37.2933,9.1706],[37.391,9.163],[37.4185,9.2449],[37.466,9.319],[37.4987,9.3287],[37.5778,9.3157],[37.6038,9.3481],[37.6459,9.3606],[37.6644,9.4168],[37.6354,9.4546],[37.6371,9.5148],[37.6203,9.5444],[37.6173,9.5857],[37.6295,9.623],[37.6181,9.6823],[37.6425,9.753],[37.6366,9.8333],[37.6778,9.8625],[37.7013,9.8368],[37.7439,9.8407],[37.749,9.8563],[37.7691,9.8511],[37.8162,9.8672],[37.8428,9.8965],[37.8569,9.8965],[37.86,9.9123],[37.8705,9.9075],[37.9091,9.9304],[37.9429,9.9101],[37.9716,9.8702],[38.003,9.8688],[38.0476,9.8294],[38.0551,9.771],[38.1038,9.6639],[38.1265,9.639],[38.1491,9.643],[38.1777,9.6877],[38.2458,9.6932],[38.3218,9.6754],[38.3963,9.6086],[38.445,9.605],[38.4584,9.5884],[38.5275,9.5657],[38.5458,9.5096],[38.568,9.492],[38.521,9.4653],[38.5565,9.4403],[38.5312,9.4154],[38.548,9.3892],[38.5446,9.3685],[38.4986,9.3419],[38.5105,9.3269],[38.4843,9.252],[38.5105,9.2404],[38.5091,9.1996],[38.5365,9.2145],[38.5485,9.2085],[38.5353,9.199],[38.5526,9.1715],[38.6129,9.1775],[38.622,9.1928],[38.6737,9.164],[38.6601,9.1493],[38.62,9.1609],[38.5444,9.1155],[38.547,9.072],[38.527,9.036],[38.5516,9.0126],[38.5246,8.9859],[38.5217,8.9564],[38.5437,8.9378],[38.5181,8.861],[38.4452,8.8795],[38.4069,8.8525],[38.3774,8.8907],[38.3475,8.8925],[38.3348,8.913],[38.295,8.8938],[38.2743,8.8577],[38.253,8.852],[38.2395,8.8785],[38.198,8.893],[38.1648,8.902],[38.1579,8.8845],[38.1272,8.8899],[38.1376,8.9219],[38.1208,8.9314],[38.081,8.8908],[38.1163,8.888],[38.1414,8.8525],[38.1432,8.8165],[38.0896,8.8405],[38.0514,8.8325],[38.0226,8.8135],[38.0144,8.7944],[38.0358,8.7843],[38.0122,8.7503],[38.0025,8.7667],[37.926,8.7816],[37.9141,8.8046],[37.8871,8.8138],[37.8911,8.8221],[37.8712,8.8118],[37.847,8.8203],[37.8395,8.8025],[37.7955,8.8136],[37.8093,8.7885],[37.7912,8.7838],[37.786,8.794],[37.7833,8.7681],[37.759,8.7465],[37.6806,8.7177],[37.6703,8.6865],[37.6405,8.7058],[37.625,8.6575],[37.6037,8.6817],[37.611,8.6495],[37.6018,8.6202],[37.6,8.617]]],[[[38.024,8.802],[38.0252,8.8017],[38.0243,8.8008],[38.024,8.802]]],[[[38.547,9.203],[38.5482,9.2027],[38.5473,9.2018],[38.547,9.203]]],[[[37.05,9.204],[37.0486,9.205],[37.05,9.206],[37.05,9.204]]],[[[37.051,9.203],[37.05,9.203],[37.05,9.204],[37.051,9.204],[37.051,9.203]]],[[[37.047,9.129],[37.0467,9.1278],[37.0458,9.1287],[37.047,9.129]]]]}},{"type":"Feature","properties":{"name":"North Shewa (OR)","region":"Oromia","centroid":[38.7656,9.6121],"code":"ET0406"},"geometry":{"type":"MultiPolygon","coordinates":[[[[39.102,9.083],[39.1041,9.0211],[39.0779,9.0095],[39.065,9.021],[39.0362,9.0007],[39.0285,9.0176],[39.0188,9.0079],[39.0255,8.9789],[38.979,8.889],[38.966,8.895],[38.9797,8.9345],[38.97,8.938],[38.9897,8.9666],[38.968,9.0048],[38.9978,9.0175],[39.0036,9.0375],[38.9904,9.0672],[39.004,9.093],[38.9453,9.1659],[38.9463,9.1992],[38.8598,9.1845],[38.7627,9.2319],[38.7457,9.2265],[38.7505,9.2151],[38.7386,9.2075],[38.7188,9.2159],[38.7053,9.1869],[38.6705,9.1713],[38.622,9.1928],[38.6129,9.1775],[38.574,9.1784],[38.5637,9.1678],[38.539,9.1909],[38.5422,9.2126],[38.5091,9.1996],[38.5105,9.2404],[38.4843,9.252],[38.4843,9.2759],[38.5105,9.3269],[38.4986,9.3419],[38.5446,9.3685],[38.548,9.3892],[38.5312,9.4154],[38.5565,9.4403],[38.521,9.4653],[38.568,9.492],[38.5458,9.5096],[38.5275,9.5657],[38.4584,9.5884],[38.445,9.605],[38.3963,9.6086],[38.3218,9.6754],[38.2458,9.6932],[38.1777,9.6877],[38.1491,9.643],[38.1265,9.639],[38.1038,9.6639],[38.0551,9.771],[38.0476,9.8294],[38.003,9.8688],[37.9716,9.8702],[37.9346,9.915],[37.9337,9.9418],[37.9563,9.9381],[38.0435,9.9695],[38.0822,10.0027],[38.0803,10.0151],[38.1145,10.0155],[38.126,10.0434],[38.1504,10.0354],[38.2383,10.1015],[38.2525,10.0879],[38.2959,10.0895],[38.3086,10.1076],[38.3219,10.1065],[38.343,10.1571],[38.3692,10.1395],[38.3984,10.1444],[38.4265,10.1716],[38.4195,10.2195],[38.4503,10.2413],[38.4606,10.2899],[38.4729,10.2915],[38.4781,10.3643],[38.6307,10.3817],[38.6652,10.3725],[38.7126,10.3863],[38.746,10.3834],[38.7726,10.3656],[38.846,10.361],[38.8606,10.2767],[38.8325,10.21],[38.8342,10.1592],[38.8519,10.1168],[38.7212,10.0514],[38.6576,10.0514],[38.673,10.015],[38.7793,9.9822],[38.801,9.962],[38.8027,9.9099],[38.791,9.8818],[38.8294,9.7684],[38.909,9.7083],[38.934,9.7277],[38.9594,9.7105],[38.9523,9.7385],[38.9745,9.7606],[38.9908,9.7457],[39.0929,9.7626],[39.1045,9.7485],[39.0986,9.7348],[39.1402,9.7399],[39.1454,9.6926],[39.1592,9.6875],[39.1837,9.6858],[39.184,9.7199],[39.2279,9.694],[39.2499,9.7049],[39.2643,9.7363],[39.2874,9.7339],[39.2979,9.7477],[39.3216,9.7235],[39.343,9.727],[39.34,9.7029],[39.3705,9.6986],[39.3523,9.6208],[39.3864,9.6298],[39.3895,9.6163],[39.3651,9.5512],[39.3428,9.5457],[39.3298,9.5257],[39.3128,9.5353],[39.2945,9.4915],[39.3111,9.4665],[39.359,9.4745],[39.3764,9.4659],[39.3736,9.4455],[39.3944,9.4548],[39.4484,9.4307],[39.4454,9.3832],[39.4203,9.3711],[39.395,9.3915],[39.3572,9.3688],[39.3241,9.3794],[39.2935,9.349],[39.2853,9.315],[39.2638,9.3233],[39.266,9.288],[39.2845,9.2772],[39.267,9.2456],[39.2338,9.2932],[39.2071,9.2915],[39.1778,9.2709],[39.2135,9.2278],[39.1888,9.209],[39.242,9.145],[39.1625,9.0835],[39.1278,9.0995],[39.1035,9.0824],[39.102,9.083]]],[[[38.747,9.226],[38.747,9.227],[38.7483,9.2265],[38.747,9.226]]]]}},{"type":"Feature","properties":{"name":"East Shewa","region":"Oromia","centroid":[39.0576,8.3265],"code":"ET0407"},"geometry":{"type":"MultiPolygon","coordinates":[[[[38.4235,7.5668],[38.4015,7.5784],[38.4005,7.5944],[38.4202,7.6237],[38.412,7.68],[38.4387,7.7186],[38.4451,7.7593],[38.4925,7.7951],[38.5127,7.8484],[38.5629,7.8844],[38.5968,7.9896],[38.6275,8.0333],[38.6131,8.0428],[38.6218,8.0682],[38.584,8.1075],[38.5874,8.1553],[38.543,8.2247],[38.543,8.249],[38.5604,8.2658],[38.5934,8.2601],[38.6347,8.133],[38.6723,8.0896],[38.6846,8.1224],[38.6821,8.1897],[38.7165,8.2294],[38.6512,8.2844],[38.667,8.35],[38.6965,8.3836],[38.7472,8.3854],[38.768,8.4012],[38.7604,8.4469],[38.7496,8.449],[38.763,8.545],[38.7349,8.5647],[38.7005,8.5683],[38.7032,8.6044],[38.6895,8.605],[38.698,8.634],[38.7247,8.6364],[38.7516,8.6195],[38.7455,8.7066],[38.7215,8.7233],[38.711,8.767],[38.7189,8.7785],[38.7604,8.7916],[38.787,8.7765],[38.7975,8.7925],[38.8236,8.7878],[38.8632,8.8086],[38.8877,8.8455],[38.9395,8.8374],[38.9628,8.8923],[38.979,8.889],[38.9819,8.9099],[39.0086,8.9305],[39.0006,8.9411],[39.0255,8.9789],[39.0188,9.0079],[39.0285,9.0176],[39.0362,9.0007],[39.065,9.021],[39.0779,9.0095],[39.1041,9.0211],[39.0999,9.0823],[39.1278,9.0995],[39.1625,9.0835],[39.242,9.145],[39.2496,9.1353],[39.3232,9.1484],[39.357,9.062],[39.2968,9.053],[39.2883,8.9993],[39.2585,8.9624],[39.2655,8.9226],[39.2375,8.862],[39.2655,8.8428],[39.244,8.833],[39.2722,8.7819],[39.262,8.7466],[39.2705,8.7245],[39.3016,8.7186],[39.3245,8.7465],[39.3615,8.7206],[39.377,8.7307],[39.3791,8.7921],[39.418,8.814],[39.4492,8.7522],[39.5009,8.7146],[39.552,8.7686],[39.5621,8.8175],[39.617,8.7867],[39.6628,8.8129],[39.7333,8.8259],[39.7485,8.9194],[39.7425,9.0908],[39.7909,9.1102],[39.8078,9.1351],[39.8778,9.1444],[39.9088,9.132],[39.9188,9.0685],[39.9519,9.0298],[39.9477,9.0036],[40.0211,9.0023],[40.0474,8.9781],[40.0369,8.9069],[40.0104,8.856],[40.0498,8.8401],[40.0984,8.8633],[40.0741,8.8201],[40.09,8.7786],[40.0535,8.7078],[39.9781,8.6616],[39.9513,8.677],[39.9437,8.7043],[39.9045,8.7159],[39.8553,8.6672],[39.8367,8.6731],[39.7868,8.6479],[39.7571,8.6515],[39.7173,8.6334],[39.7105,8.6085],[39.6856,8.5804],[39.6515,8.5672],[39.6296,8.5301],[39.5725,8.5235],[39.4704,8.4188],[39.4273,8.4065],[39.4225,8.4193],[39.3995,8.4234],[39.3883,8.3762],[39.3556,8.3745],[39.3433,8.3984],[39.3126,8.3966],[39.2972,8.3805],[39.2924,8.3895],[39.263,8.362],[39.2423,8.2397],[39.1844,8.2335],[39.1912,8.2701],[39.1618,8.3264],[39.1202,8.3261],[39.0788,8.3702],[39.059,8.372],[39.0561,8.3188],[39.0036,8.293],[38.9848,8.2595],[38.989,8.1988],[38.9836,8.1831],[38.9465,8.1617],[38.915,8.0271],[38.7768,7.8869],[38.8045,7.8605],[38.8385,7.8555],[38.8575,7.8126],[38.8525,7.7916],[38.8695,7.7845],[38.8646,7.764],[38.891,7.729],[38.8872,7.7028],[38.876,7.693],[38.8483,7.7066],[38.8106,7.6995],[38.7987,7.6476],[38.7885,7.6665],[38.7647,7.6626],[38.7545,7.6775],[38.7795,7.6883],[38.7517,7.6929],[38.7471,7.6745],[38.7365,7.6954],[38.71,7.679],[38.6122,7.667],[38.5462,7.6848],[38.4575,7.609],[38.4611,7.5929],[38.4235,7.5715],[38.4235,7.5668]]],[[[39.016,8.97],[39.0157,8.9688],[39.0148,8.9697],[39.016,8.97]]]]}},{"type":"Feature","properties":{"name":"Arsi","region":"Oromia","centroid":[39.6934,7.8192],"code":"ET0408"},"geometry":{"type":"Polygon","coordinates":[[[39.4205,7.1754],[39.3365,7.2517],[39.332,7.2734],[39.3056,7.268],[39.2722,7.305],[39.2356,7.2876],[39.2212,7.2945],[39.2068,7.2786],[39.2092,7.3301],[39.1633,7.3639],[39.1229,7.3465],[39.1274,7.3617],[39.0695,7.3438],[39.0572,7.3535],[39.0275,7.3302],[38.9712,7.3211],[38.9463,7.3357],[38.907,7.326],[38.8791,7.3506],[38.85,7.352],[38.8593,7.3908],[38.8425,7.4176],[38.8615,7.4536],[38.8489,7.4726],[38.8623,7.4725],[38.8731,7.4941],[38.8864,7.5744],[38.872,7.5785],[38.8925,7.6024],[38.8845,7.6352],[38.8964,7.6672],[38.8775,7.6734],[38.876,7.693],[38.892,7.7243],[38.8754,7.7625],[38.8646,7.764],[38.8695,7.7845],[38.8525,7.7916],[38.8575,7.8126],[38.8385,7.8555],[38.8045,7.8605],[38.7768,7.8869],[38.915,8.0271],[38.9465,8.1617],[38.9836,8.1831],[38.989,8.1988],[38.9823,8.2444],[39.0036,8.293],[39.0561,8.3188],[39.059,8.372],[39.0788,8.3702],[39.1117,8.3307],[39.1659,8.3211],[39.1912,8.2701],[39.1844,8.2335],[39.2423,8.2397],[39.263,8.362],[39.2924,8.3895],[39.2972,8.3805],[39.3126,8.3966],[39.3433,8.3984],[39.3556,8.3745],[39.3883,8.3762],[39.3995,8.4234],[39.4225,8.4193],[39.4273,8.4065],[39.4704,8.4188],[39.5725,8.5235],[39.6296,8.5301],[39.6515,8.5672],[39.6856,8.5804],[39.7105,8.6085],[39.7173,8.6334],[39.7571,8.6515],[39.7868,8.6479],[39.8367,8.6731],[39.8553,8.6672],[39.9045,8.7159],[39.9437,8.7043],[39.9513,8.677],[39.9781,8.6616],[40.023,8.683],[40.0432,8.633],[40.0804,8.6387],[40.1173,8.6185],[40.1411,8.6275],[40.1763,8.6147],[40.1671,8.5561],[40.1833,8.5385],[40.23,8.5704],[40.2582,8.5715],[40.2585,8.6064],[40.2785,8.6175],[40.3013,8.5868],[40.307,8.3962],[40.3896,8.1809],[40.3828,8.1523],[40.3573,8.1271],[40.3935,8.0561],[40.3851,8.0369],[40.4686,7.9497],[40.5415,7.9125],[40.545,7.898],[40.596,7.864],[40.6525,7.8996],[40.6645,7.8887],[40.7291,7.9056],[40.7097,7.8247],[40.6869,7.8244],[40.6729,7.8075],[40.6249,7.7902],[40.6013,7.7453],[40.5854,7.7436],[40.5517,7.6496],[40.5178,7.6592],[40.4636,7.6325],[40.4296,7.6316],[40.3122,7.5475],[40.2914,7.5143],[40.1609,7.4389],[40.1017,7.4384],[40.0695,7.4655],[39.9761,7.4755],[39.9603,7.4896],[39.8756,7.4789],[39.8576,7.4615],[39.8266,7.469],[39.8048,7.4452],[39.7763,7.4375],[39.6987,7.4735],[39.6714,7.4668],[39.6582,7.4814],[39.638,7.478],[39.6054,7.4466],[39.5668,7.4454],[39.499,7.356],[39.502,7.2929],[39.4451,7.2131],[39.4485,7.1811],[39.4236,7.1808],[39.4205,7.1754]]]}},{"type":"Feature","properties":{"name":"West Hararge","region":"Oromia","centroid":[40.7881,8.5627],"code":"ET0409"},"geometry":{"type":"Polygon","coordinates":[[[40.596,7.864],[40.545,7.898],[40.5415,7.9125],[40.4686,7.9497],[40.3851,8.0369],[40.3935,8.0561],[40.3573,8.1271],[40.3828,8.1523],[40.3896,8.1809],[40.307,8.3962],[40.3065,8.519],[40.292,8.6053],[40.2785,8.6175],[40.2585,8.6064],[40.2582,8.5715],[40.23,8.5704],[40.1833,8.5385],[40.1671,8.5561],[40.1763,8.6147],[40.1411,8.6275],[40.1173,8.6185],[40.0804,8.6387],[40.0432,8.633],[40.0306,8.646],[40.023,8.683],[40.0535,8.7078],[40.09,8.7786],[40.0741,8.8201],[40.17,8.964],[40.2377,8.9969],[40.2448,9.0733],[40.3264,9.1534],[40.427,9.306],[40.4987,9.3746],[40.6591,9.4037],[40.697,9.447],[40.8627,9.4625],[40.9275,9.4048],[40.8896,9.3889],[40.7972,9.3952],[40.7888,9.3857],[40.8128,9.3102],[40.8515,9.3055],[41.0137,9.3567],[41.0557,9.3901],[41.1452,9.4243],[41.192,9.459],[41.2403,9.3519],[41.2584,9.3388],[41.2543,9.3025],[41.281,9.2666],[41.2075,9.1815],[41.2743,9.1517],[41.2665,9.1326],[41.2895,9.0946],[41.2796,9.031],[41.2454,8.9653],[41.2286,8.8738],[41.173,8.768],[41.2104,8.6836],[41.2444,8.6583],[41.2669,8.6191],[41.2766,8.5286],[41.2619,8.469],[41.2451,8.4489],[41.2805,8.3902],[41.3589,8.3505],[41.3863,8.3618],[41.4127,8.329],[41.4428,8.3153],[41.4479,8.2795],[41.4895,8.2488],[41.4967,8.1981],[41.5237,8.1849],[41.5327,8.1661],[41.5609,8.1705],[41.5712,8.1601],[41.5799,8.0445],[41.5694,7.9979],[41.5289,7.9732],[41.5274,8.0519],[41.4982,8.1293],[41.4793,8.1352],[41.4169,8.1125],[41.3323,8.1585],[41.2202,8.1225],[41.211,8.1359],[41.1956,8.1319],[41.1466,8.0864],[41.0857,8.0619],[41.0517,8.0115],[41.0033,8.0019],[40.9762,7.9705],[40.8488,7.9525],[40.7988,7.9606],[40.7402,7.9264],[40.734,7.899],[40.679,7.9002],[40.6645,7.8887],[40.6525,7.8996],[40.5977,7.8645],[40.596,7.864]]]}},{"type":"Feature","properties":{"name":"East Hararge","region":"Oromia","centroid":[42.0713,8.6344],"code":"ET0410"},"geometry":{"type":"Polygon","coordinates":[[[41.8615,7.5304],[41.8461,7.5567],[41.8193,7.5616],[41.7531,7.6125],[41.7009,7.6337],[41.7057,7.6582],[41.6766,7.6701],[41.6739,7.695],[41.6232,7.7327],[41.6043,7.7647],[41.6045,7.8404],[41.5889,7.8614],[41.5703,7.8497],[41.5595,7.9214],[41.5361,7.9364],[41.5378,7.9733],[41.5657,7.9922],[41.5775,8.0227],[41.5712,8.1601],[41.5609,8.1705],[41.5327,8.1661],[41.5237,8.1849],[41.4967,8.1981],[41.4895,8.2488],[41.4479,8.2795],[41.4428,8.3153],[41.4127,8.329],[41.3863,8.3618],[41.3589,8.3505],[41.2805,8.3902],[41.2468,8.4434],[41.2766,8.5286],[41.2669,8.6191],[41.2444,8.6583],[41.2104,8.6836],[41.173,8.768],[41.2286,8.8738],[41.2454,8.9653],[41.2796,9.031],[41.2895,9.0946],[41.2665,9.1326],[41.2743,9.1517],[41.2075,9.1815],[41.281,9.2666],[41.2543,9.3025],[41.2584,9.3388],[41.2403,9.3519],[41.192,9.459],[41.2358,9.4973],[41.3089,9.5027],[41.4911,9.4572],[41.5409,9.4994],[41.6426,9.5147],[41.6546,9.4804],[41.7028,9.4663],[41.7732,9.4908],[41.8154,9.4764],[41.8597,9.4876],[41.9135,9.4722],[41.9823,9.508],[42.0298,9.5048],[42.0745,9.4733],[42.1525,9.5563],[42.125,9.614],[42.1807,9.6441],[42.2252,9.6565],[42.2586,9.6514],[42.3459,9.7212],[42.4986,9.7206],[42.5687,9.7367],[42.6484,9.7754],[42.6952,9.7679],[42.7334,9.7192],[42.8543,9.6618],[42.9095,9.6506],[42.9435,9.6761],[42.9781,9.6281],[42.9685,9.5919],[42.9096,9.5628],[42.8651,9.5864],[42.8138,9.5723],[42.7769,9.5119],[42.6543,9.4549],[42.5382,9.3719],[42.555,9.328],[42.5516,9.2857],[42.5966,9.1914],[42.6355,9.1575],[42.5999,9.1055],[42.6448,9.0724],[42.7276,8.9514],[42.8645,8.8259],[42.832,8.6947],[42.8386,8.664],[42.9054,8.5818],[42.9125,8.5209],[42.8985,8.4084],[42.7676,8.3619],[42.7014,8.1788],[42.6516,8.1293],[42.6171,8.1578],[42.5672,8.255],[42.5205,8.478],[42.503,8.4916],[42.3233,8.5363],[42.2633,8.6355],[42.2332,8.6353],[42.0698,8.4936],[42.0256,8.4249],[42.0264,8.3216],[41.9484,8.2003],[41.9265,8.0805],[41.9125,7.8441],[41.9571,7.7745],[41.867,7.531],[41.8615,7.5304]],[[42.2331,9.1861],[42.2575,9.1909],[42.2721,9.2151],[42.2495,9.2705],[42.2701,9.3607],[42.2528,9.3835],[42.169,9.362],[42.1468,9.3871],[42.1293,9.3885],[42.0706,9.3038],[42.0612,9.2264],[42.1162,9.2295],[42.1484,9.2061],[42.1973,9.2196],[42.2214,9.1957],[42.2331,9.1861]]]}},{"type":"Feature","properties":{"name":"Bale","region":"Oromia","centroid":[40.1763,6.6788],"code":"ET0411"},"geometry":{"type":"MultiPolygon","coordinates":[[[[40.644,6.722],[40.6631,6.6684],[40.6451,6.6479],[40.6615,6.6055],[40.6408,6.5491],[40.6735,6.4775],[40.7635,6.4075],[40.805,6.3275],[40.8245,6.3495],[40.864,6.35],[40.8817,6.2435],[40.8655,6.1195],[40.8785,5.9867],[40.8748,5.8076],[40.893,5.761],[40.8806,5.7763],[40.8358,5.7836],[40.8197,5.8215],[40.7953,5.8087],[40.7634,5.8562],[40.7439,5.8519],[40.7153,5.8735],[40.7161,5.8632],[40.6962,5.8652],[40.6725,5.8865],[40.6445,5.8597],[40.6351,5.8745],[40.6079,5.8579],[40.6041,5.8681],[40.5702,5.8567],[40.5573,5.8685],[40.5471,5.8555],[40.5361,5.866],[40.5183,5.8568],[40.4614,5.8851],[40.4414,5.8725],[40.4223,5.8766],[40.3896,5.8969],[40.2795,5.8686],[40.2459,5.8435],[40.2054,5.8545],[40.1579,5.8467],[40.1164,5.868],[40.0283,5.8746],[39.9849,5.9012],[39.9756,5.9303],[39.9272,5.9355],[39.8604,5.9887],[39.8695,6.012],[39.86,6.0312],[39.9065,6.0978],[39.9065,6.1445],[39.8522,6.2245],[39.775,6.242],[39.7438,6.2165],[39.6837,6.2063],[39.6824,6.1852],[39.6488,6.1557],[39.6156,6.1679],[39.6094,6.1862],[39.5578,6.1275],[39.4946,6.1703],[39.4666,6.2118],[39.4635,6.2498],[39.4156,6.2795],[39.4034,6.3502],[39.3699,6.3626],[39.2975,6.3565],[39.279,6.369],[39.2966,6.4292],[39.3376,6.4732],[39.3402,6.5185],[39.4015,6.5554],[39.4265,6.545],[39.4198,6.6024],[39.4606,6.6576],[39.509,6.6735],[39.5289,6.7194],[39.5795,6.6705],[39.598,6.6905],[39.6415,6.6895],[39.6435,6.7146],[39.6151,6.7599],[39.6865,6.8365],[39.7405,6.8705],[39.771,6.915],[39.7294,6.9506],[39.7313,6.97],[39.7105,6.9925],[39.7205,7.0169],[39.6753,7.0125],[39.6737,7.0525],[39.6615,7.0535],[39.6553,7.0809],[39.6215,7.0925],[39.6163,7.1275],[39.6028,7.1251],[39.5945,7.1415],[39.6297,7.1485],[39.6643,7.1904],[39.6935,7.1914],[39.6842,7.2282],[39.6637,7.228],[39.635,7.2526],[39.6335,7.2765],[39.5884,7.3246],[39.5774,7.363],[39.5523,7.3509],[39.5315,7.3592],[39.524,7.398],[39.5435,7.4037],[39.5465,7.4286],[39.5668,7.4454],[39.6054,7.4466],[39.638,7.478],[39.7125,7.4695],[39.7763,7.4375],[39.8048,7.4452],[39.8266,7.469],[39.8576,7.4615],[39.8756,7.4789],[39.9603,7.4896],[39.9761,7.4755],[40.0695,7.4655],[40.0866,7.4432],[40.127,7.433],[40.2134,7.4634],[40.2353,7.4887],[40.2914,7.5143],[40.342,7.57],[40.3848,7.4888],[40.372,7.4646],[40.338,7.4446],[40.3397,7.4258],[40.3579,7.4374],[40.3471,7.4137],[40.3602,7.4116],[40.331,7.3995],[40.3522,7.3885],[40.3695,7.3965],[40.3705,7.3666],[40.3224,7.3504],[40.336,7.313],[40.2755,7.2517],[40.296,7.194],[40.3609,7.1704],[40.392,7.115],[40.401,7.125],[40.4343,7.1204],[40.4615,7.0958],[40.455,7.1071],[40.4725,7.1094],[40.4686,7.1275],[40.4339,7.1383],[40.4664,7.1427],[40.5071,7.1205],[40.5323,7.1528],[40.5682,7.1105],[40.6138,7.1015],[40.6163,7.0307],[40.6475,7.0186],[40.6555,6.9905],[40.7064,6.9737],[40.722,6.946],[40.7025,6.9184],[40.726,6.8906],[40.7647,6.8885],[40.7545,6.8688],[40.7677,6.8181],[40.7484,6.8014],[40.7523,6.7761],[40.6912,6.7295],[40.6445,6.7226],[40.644,6.722]]],[[[39.668,7.475],[39.6686,7.4763],[39.6703,7.4754],[39.668,7.475]]]]}},{"type":"Feature","properties":{"name":"Borena","region":"Oromia","centroid":[38.1739,4.3819],"code":"ET0412"},"geometry":{"type":"Polygon","coordinates":[[[39.0983,3.5364],[39.0242,3.5335],[39.0177,3.5187],[38.9691,3.534],[38.9549,3.5152],[38.9156,3.5122],[38.7203,3.578],[38.6878,3.6236],[38.6764,3.6242],[38.6678,3.6008],[38.6193,3.6073],[38.6139,3.6182],[38.5798,3.6118],[38.5637,3.6232],[38.5605,3.6457],[38.5308,3.6588],[38.5168,3.6298],[38.447,3.6029],[38.1711,3.624],[38.1292,3.617],[38.0414,3.6832],[38.0008,3.7339],[37.9626,3.7417],[37.6534,3.9491],[37.6347,3.9744],[37.1223,4.298],[37.0906,4.3401],[37.0685,4.3454],[37.0419,4.3756],[36.9935,4.3839],[36.8684,4.4445],[36.7115,4.4412],[36.6578,4.5798],[36.6809,4.604],[36.6468,4.7095],[36.8275,4.7085],[36.8546,4.7346],[36.8608,4.9784],[36.893,5.1094],[36.949,5.1943],[37.1193,5.1865],[37.1818,5.1936],[37.2172,5.2122],[37.2923,5.194],[37.3403,5.1594],[37.3668,5.1547],[37.417,5.1661],[37.6297,5.2656],[37.6472,5.2992],[37.675,5.3074],[37.701,5.3055],[37.7472,5.2764],[37.773,5.283],[37.8102,5.2679],[37.8536,5.2338],[37.9102,5.244],[37.9187,5.2646],[37.9639,5.2595],[37.9611,5.2436],[38.0013,5.231],[38.0132,5.2135],[38.0356,5.2379],[38.0995,5.2445],[38.102,5.2965],[38.122,5.3241],[38.1354,5.2895],[38.1725,5.3225],[38.2169,5.3145],[38.2305,5.2925],[38.2979,5.2785],[38.3115,5.2895],[38.3376,5.2603],[38.396,5.2391],[38.3915,5.2156],[38.4393,5.1761],[38.4435,5.1446],[38.4594,5.1275],[38.5229,5.1228],[38.5295,5.1445],[38.5617,5.1505],[38.6055,5.1416],[38.632,5.108],[38.6105,5.0995],[38.5946,5.0736],[38.5454,5.0676],[38.5183,5.0424],[38.451,5.041],[38.4605,4.9942],[38.4507,4.8331],[38.4677,4.7956],[38.4415,4.7735],[38.4393,4.6471],[38.39,4.574],[38.429,4.5107],[38.4463,4.4502],[38.4808,4.4062],[38.4625,4.3985],[38.4615,4.3665],[38.3906,4.3128],[38.397,4.266],[38.4345,4.2602],[38.4208,4.2052],[38.4462,4.1788],[38.451,4.132],[38.5829,4.1525],[38.7035,4.0687],[38.7442,4.0511],[38.764,4.0707],[38.797,4.018],[39.0232,4.001],[39.0475,4.0047],[39.0496,4.0286],[39.1401,4.1085],[39.301,4.1095],[39.4048,4.1391],[39.574,4.277],[39.5398,4.2349],[39.528,4.163],[39.4783,4.0399],[39.4997,3.9657],[39.4008,3.7974],[39.2847,3.6228],[39.1088,3.5422],[39.0983,3.5364]]]}},{"type":"Feature","properties":{"name":"South West Shewa","region":"Oromia","centroid":[38.1848,8.5332],"code":"ET0413"},"geometry":{"type":"MultiPolygon","coordinates":[[[[38.3476,8.2539],[38.326,8.266],[38.3072,8.2991],[38.3125,8.3689],[38.2664,8.4063],[38.2181,8.4085],[38.1803,8.3928],[38.1638,8.4081],[38.13,8.408],[38.067,8.3758],[38.0285,8.3902],[37.9883,8.3593],[37.928,8.3778],[37.8399,8.332],[37.7484,8.3514],[37.7048,8.3367],[37.666,8.3832],[37.612,8.3539],[37.5762,8.4135],[37.5583,8.4251],[37.5245,8.4215],[37.5197,8.4499],[37.5347,8.4893],[37.5527,8.4967],[37.5601,8.519],[37.5712,8.5137],[37.5805,8.5645],[37.6053,8.5888],[37.6037,8.6817],[37.625,8.6575],[37.6405,8.7058],[37.6703,8.6865],[37.6806,8.7177],[37.759,8.7465],[37.7833,8.7681],[37.786,8.794],[37.7912,8.7838],[37.8093,8.7885],[37.7955,8.8136],[37.8395,8.8025],[37.847,8.8203],[37.8712,8.8118],[37.8911,8.8221],[37.8871,8.8138],[37.9141,8.8046],[37.926,8.7816],[38.0025,8.7667],[38.0187,8.7525],[38.0358,8.7843],[38.0146,8.7958],[38.0514,8.8325],[38.0896,8.8405],[38.1432,8.8165],[38.1414,8.8525],[38.1163,8.888],[38.081,8.8908],[38.1208,8.9314],[38.1376,8.9219],[38.1272,8.8899],[38.1579,8.8845],[38.1648,8.902],[38.198,8.893],[38.2395,8.8785],[38.253,8.852],[38.2743,8.8577],[38.295,8.8938],[38.3348,8.913],[38.3475,8.8925],[38.3774,8.8907],[38.4069,8.8525],[38.438,8.877],[38.4605,8.8785],[38.514,8.859],[38.5558,8.8245],[38.6097,8.805],[38.6278,8.8125],[38.6516,8.7663],[38.7096,8.7686],[38.7215,8.7233],[38.7455,8.7066],[38.7516,8.6195],[38.7247,8.6364],[38.698,8.634],[38.6895,8.605],[38.7032,8.6044],[38.7005,8.5683],[38.7349,8.5647],[38.763,8.545],[38.7485,8.4844],[38.7655,8.3935],[38.6965,8.3836],[38.667,8.35],[38.6548,8.3941],[38.6173,8.4305],[38.5911,8.4259],[38.576,8.4444],[38.5273,8.4572],[38.5017,8.4438],[38.4782,8.4472],[38.4309,8.3002],[38.3631,8.2608],[38.3476,8.2539]]],[[[38.514,8.859],[38.514,8.86],[38.515,8.86],[38.515,8.859],[38.514,8.859]]],[[[37.603,8.678],[37.6027,8.6768],[37.6018,8.6777],[37.603,8.678]]]]}},{"type":"Feature","properties":{"name":"Gujii","region":"Oromia","centroid":[38.9341,5.8131],"code":"ET0414"},"geometry":{"type":"MultiPolygon","coordinates":[[[[39.232,5.666],[39.2226,5.6616],[39.2285,5.5627],[39.2195,5.5483],[39.2616,5.4957],[39.2359,5.4482],[39.2299,5.3741],[39.2144,5.3654],[39.1905,5.2635],[39.1461,5.1589],[39.1585,5.1342],[39.1387,5.1385],[39.111,5.051],[39.0658,5.0468],[39.017,5.0967],[39.0106,5.1235],[38.9834,5.1419],[38.9493,5.1195],[38.9152,5.1184],[38.9035,5.1009],[38.9105,5.1088],[38.8616,5.1648],[38.843,5.171],[38.8535,5.1894],[38.8335,5.2119],[38.86,5.2419],[38.8392,5.2603],[38.8386,5.2956],[38.823,5.305],[38.8137,5.2967],[38.8086,5.3167],[38.7928,5.3096],[38.7984,5.3244],[38.7664,5.3513],[38.7606,5.3798],[38.7356,5.3877],[38.7255,5.4145],[38.7163,5.4736],[38.7373,5.4775],[38.7498,5.4994],[38.7499,5.5947],[38.7064,5.6293],[38.681,5.6327],[38.6642,5.6698],[38.639,5.67],[38.6175,5.7745],[38.573,5.818],[38.5908,5.8415],[38.6232,5.8241],[38.6392,5.7902],[38.6669,5.7937],[38.6887,5.8144],[38.7016,5.8115],[38.6876,5.8614],[38.673,5.884],[38.6528,5.8767],[38.6304,5.9077],[38.6172,5.9075],[38.6044,5.9429],[38.5785,5.9419],[38.5211,6.0001],[38.455,6.0324],[38.4298,6.072],[38.4041,6.0715],[38.3952,6.0985],[38.3869,6.0785],[38.342,6.082],[38.3769,6.1639],[38.4345,6.1983],[38.4218,6.3474],[38.4279,6.3859],[38.451,6.415],[38.4756,6.4302],[38.5677,6.4401],[38.6266,6.4169],[38.655,6.421],[38.7074,6.392],[38.7587,6.4085],[38.8743,6.3004],[38.9604,6.1594],[39.0342,6.1372],[39.1315,6.1585],[39.1134,6.1762],[39.086,6.2518],[39.1193,6.2977],[39.125,6.357],[39.1405,6.3547],[39.1384,6.3244],[39.1772,6.2835],[39.2026,6.3001],[39.2215,6.2775],[39.2755,6.2722],[39.3181,6.2017],[39.3175,6.1675],[39.3365,6.1554],[39.3285,6.1269],[39.3578,6.0948],[39.3375,6.0786],[39.3403,6.0566],[39.3739,6.0311],[39.3829,5.9694],[39.4101,5.9297],[39.4667,5.8834],[39.4435,5.8459],[39.4586,5.8077],[39.4402,5.7587],[39.4025,5.7485],[39.3914,5.7221],[39.3685,5.7405],[39.3309,5.7303],[39.3142,5.6847],[39.2491,5.6754],[39.2327,5.662],[39.232,5.666]]],[[[38.786,5.327],[38.7857,5.3258],[38.7848,5.3267],[38.786,5.327]]]]}},{"type":"Feature","properties":{"name":"West Gujii","region":"Oromia","centroid":[38.3408,5.6756],"code":"ET0415"},"geometry":{"type":"MultiPolygon","coordinates":[[[[38.7304,5.0556],[38.7135,5.0585],[38.6934,5.1056],[38.6642,5.1205],[38.632,5.108],[38.5984,5.1446],[38.5295,5.1445],[38.5229,5.1228],[38.4594,5.1275],[38.4435,5.1446],[38.4393,5.1761],[38.3915,5.2156],[38.396,5.2391],[38.3376,5.2603],[38.3115,5.2895],[38.2979,5.2785],[38.2305,5.2925],[38.2169,5.3145],[38.1725,5.3225],[38.1354,5.2895],[38.122,5.3241],[38.102,5.2965],[38.0995,5.2445],[38.0356,5.2379],[38.0132,5.2135],[37.9442,5.2649],[37.9136,5.2621],[37.9102,5.244],[37.893,5.239],[37.9055,5.2995],[37.9002,5.3677],[37.9351,5.4224],[37.947,5.475],[37.9483,5.5345],[37.9304,5.6166],[37.943,5.639],[38.009,5.6503],[38.0752,5.6886],[38.089,5.739],[38.0729,5.7621],[38.0202,5.7894],[37.9689,5.9554],[37.9049,5.9595],[37.8432,6.0105],[37.8045,5.993],[37.783,6.01],[37.7899,6.0489],[37.7786,6.1502],[37.8402,6.2478],[37.8518,6.3001],[37.8404,6.3782],[37.7975,6.4287],[37.7997,6.476],[37.814,6.51],[37.8925,6.5955],[37.955,6.5485],[38.017,6.575],[38.052,6.5341],[38.0919,6.5253],[38.1147,6.4993],[38.1402,6.5058],[38.1553,6.439],[38.2452,6.4678],[38.282,6.438],[38.2884,6.3596],[38.1979,6.3188],[38.1737,6.2658],[38.198,6.2061],[38.1873,6.1817],[38.142,6.1541],[38.1254,6.1548],[38.1024,6.1802],[38.0868,6.1603],[38.0799,6.1166],[38.1166,6.0496],[38.1216,6.0166],[38.148,6.003],[38.1815,5.9411],[38.204,5.9348],[38.215,5.892],[38.1984,5.8486],[38.2234,5.8383],[38.2703,5.8681],[38.3041,5.8612],[38.3891,5.9111],[38.396,5.92],[38.3746,5.9431],[38.3275,5.9555],[38.3048,5.9797],[38.2826,5.9703],[38.2721,5.9867],[38.279,6.0055],[38.3137,6.0274],[38.342,6.082],[38.3869,6.0785],[38.3952,6.0985],[38.4041,6.0715],[38.4298,6.072],[38.4623,6.0262],[38.5211,6.0001],[38.5785,5.9419],[38.6044,5.9429],[38.6172,5.9075],[38.6304,5.9077],[38.6528,5.8767],[38.673,5.884],[38.6906,5.836],[38.7018,5.836],[38.7016,5.8115],[38.6526,5.791],[38.6392,5.7902],[38.6232,5.8241],[38.5908,5.8415],[38.573,5.818],[38.6175,5.7745],[38.639,5.67],[38.6642,5.6698],[38.681,5.6327],[38.7064,5.6293],[38.7499,5.5947],[38.7498,5.4994],[38.7373,5.4775],[38.7163,5.4736],[38.7255,5.4145],[38.7356,5.3877],[38.7652,5.3733],[38.7848,5.3267],[38.7984,5.3244],[38.7928,5.3096],[38.8086,5.3167],[38.8137,5.2967],[38.8352,5.3009],[38.8392,5.2603],[38.86,5.2419],[38.8469,5.2189],[38.8357,5.2199],[38.8535,5.1894],[38.8494,5.1659],[38.8235,5.1505],[38.8058,5.1182],[38.8123,5.0909],[38.793,5.1045],[38.7716,5.0695],[38.738,5.0735],[38.7345,5.0595],[38.7304,5.0556]]],[[[37.892,5.238],[37.892,5.239],[37.893,5.239],[37.893,5.238],[37.892,5.238]]],[[[37.89,5.237],[37.89,5.238],[37.892,5.238],[37.892,5.237],[37.89,5.237]]],[[[37.889,5.236],[37.889,5.237],[37.89,5.237],[37.89,5.236],[37.889,5.236]]],[[[37.887,5.235],[37.887,5.236],[37.888,5.236],[37.888,5.235],[37.887,5.235]]],[[[38.789,5.098],[38.7902,5.0977],[38.7893,5.0968],[38.789,5.098]]]]}},{"type":"Feature","properties":{"name":"Buno Bedele","region":"Oromia","centroid":[36.3313,8.4453],"code":"ET0416"},"geometry":{"type":"MultiPolygon","coordinates":[[[[36.6236,7.9928],[36.5835,8.0005],[36.6016,8.0314],[36.5669,8.0663],[36.5358,8.069],[36.5286,8.0541],[36.4801,8.0443],[36.4095,8.0555],[36.3924,8.0763],[36.3973,8.0918],[36.3661,8.1165],[36.3735,8.1299],[36.3477,8.1331],[36.3273,8.1177],[36.3081,8.1483],[36.2886,8.1518],[36.287,8.1769],[36.2678,8.1766],[36.282,8.227],[36.2494,8.2557],[36.2345,8.2365],[36.1603,8.2164],[36.0965,8.2404],[36.083,8.265],[36.088,8.3137],[36.0443,8.3376],[36.001,8.403],[36.0059,8.4438],[35.9922,8.4431],[35.9808,8.6313],[35.9463,8.6285],[35.9064,8.6736],[35.8786,8.6655],[35.857,8.68],[35.8591,8.7006],[35.8755,8.7085],[35.8678,8.725],[35.9114,8.7404],[35.925,8.7712],[35.8814,8.7957],[35.8885,8.8172],[35.8685,8.8202],[35.887,8.8389],[35.9181,8.8279],[35.9468,8.8652],[35.937,8.876],[35.9562,8.8797],[35.9772,8.9139],[36.0174,8.9069],[36.0175,8.9341],[36.0444,8.9779],[36.0436,9.0106],[36.0865,9.0125],[36.0972,9.0318],[36.077,9.061],[36.1086,9.0797],[36.1286,9.051],[36.1315,9.0205],[36.157,9.02],[36.1479,9.0044],[36.1575,8.9944],[36.2073,8.9596],[36.2355,8.9665],[36.3003,8.8856],[36.3221,8.8832],[36.3338,8.846],[36.3535,8.838],[36.3525,8.8049],[36.376,8.793],[36.3827,8.7609],[36.4095,8.7321],[36.4195,8.6558],[36.4413,8.6257],[36.4772,8.6149],[36.5059,8.5897],[36.5234,8.5924],[36.5352,8.5585],[36.557,8.5748],[36.6018,8.5698],[36.627,8.546],[36.6132,8.5297],[36.661,8.531],[36.7006,8.4694],[36.7232,8.4629],[36.7218,8.4177],[36.7395,8.3966],[36.7305,8.3892],[36.7522,8.2873],[36.7435,8.2696],[36.7618,8.2551],[36.7947,8.2571],[36.7895,8.2291],[36.8005,8.2231],[36.8259,8.1258],[36.7899,8.0925],[36.7886,8.1164],[36.7654,8.1101],[36.7492,8.0933],[36.7425,8.0585],[36.6917,8.0718],[36.6635,8.0584],[36.6403,7.9945],[36.6282,7.996],[36.6236,7.9928]]],[[[36.077,9.061],[36.0758,9.0613],[36.0767,9.0622],[36.077,9.061]]]]}},{"type":"Feature","properties":{"name":"West Arsi","region":"Oromia","centroid":[38.9356,6.9342],"code":"ET0417"},"geometry":{"type":"MultiPolygon","coordinates":[[[[39.1772,6.2835],[39.1384,6.3244],[39.1405,6.3547],[39.125,6.357],[39.0955,6.4717],[39.0967,6.5212],[39.0867,6.5444],[39.0528,6.5566],[39.0485,6.5693],[39.0594,6.6084],[38.9593,6.6006],[38.9419,6.61],[38.9494,6.6434],[38.9341,6.6558],[38.8381,6.6744],[38.8182,6.7032],[38.7429,6.7003],[38.7058,6.7415],[38.6365,6.771],[38.64,6.8125],[38.7138,6.86],[38.6953,6.957],[38.7144,6.9905],[38.7106,7.0125],[38.677,7.006],[38.681,7.048],[38.6375,7.0656],[38.6461,7.0954],[38.612,7.124],[38.583,7.1255],[38.5473,7.0915],[38.482,7.09],[38.4436,7.1265],[38.4006,7.1213],[38.3423,7.1641],[38.3221,7.1615],[38.2379,7.0199],[38.1941,7.012],[38.1461,6.9771],[38.1173,6.9804],[38.0645,7.0424],[38.087,7.1945],[38.2644,7.306],[38.2816,7.3382],[38.2796,7.3805],[38.3191,7.4142],[38.3275,7.4617],[38.3417,7.4785],[38.4268,7.5144],[38.42,7.568],[38.4611,7.5929],[38.4575,7.609],[38.5462,7.6848],[38.6122,7.667],[38.71,7.679],[38.7365,7.6954],[38.7471,7.6745],[38.7517,7.6929],[38.7795,7.6883],[38.7545,7.6775],[38.7647,7.6626],[38.7885,7.6665],[38.7987,7.6476],[38.8106,7.6995],[38.8483,7.7066],[38.876,7.693],[38.8775,7.6734],[38.8964,7.6672],[38.8845,7.6352],[38.8925,7.6024],[38.872,7.5785],[38.8864,7.5744],[38.8731,7.4941],[38.8623,7.4725],[38.8489,7.4726],[38.8615,7.4536],[38.8424,7.4125],[38.8565,7.4091],[38.8593,7.3908],[38.85,7.352],[38.8791,7.3506],[38.907,7.326],[38.9463,7.3357],[38.9712,7.3211],[39.0275,7.3302],[39.0572,7.3535],[39.0695,7.3438],[39.1274,7.3617],[39.1229,7.3465],[39.1633,7.3639],[39.2092,7.3301],[39.2068,7.2786],[39.2212,7.2945],[39.2356,7.2876],[39.2722,7.305],[39.3056,7.268],[39.332,7.2734],[39.3365,7.2517],[39.4205,7.1754],[39.4485,7.1811],[39.4451,7.2131],[39.4995,7.2875],[39.4983,7.3542],[39.524,7.398],[39.536,7.3516],[39.5774,7.363],[39.5884,7.3246],[39.6335,7.2765],[39.635,7.2526],[39.689,7.219],[39.6935,7.1914],[39.6643,7.1904],[39.6297,7.1485],[39.5945,7.1415],[39.6028,7.1251],[39.6163,7.1275],[39.6215,7.0925],[39.6553,7.0809],[39.6615,7.0535],[39.6737,7.0525],[39.6753,7.0125],[39.7205,7.0169],[39.7105,6.9925],[39.7313,6.97],[39.7294,6.9506],[39.771,6.915],[39.7405,6.8705],[39.6865,6.8365],[39.6151,6.7599],[39.6435,6.7146],[39.6415,6.6895],[39.598,6.6905],[39.5795,6.6705],[39.5289,6.7194],[39.52,6.714],[39.509,6.6735],[39.4697,6.6647],[39.4275,6.6185],[39.4265,6.545],[39.4015,6.5554],[39.3402,6.5185],[39.3376,6.4732],[39.2966,6.4292],[39.2799,6.3698],[39.2514,6.3715],[39.2353,6.332],[39.1865,6.2905],[39.1772,6.2835]]],[[[38.42,7.568],[38.419,7.568],[38.419,7.569],[38.42,7.569],[38.42,7.568]]]]}},{"type":"Feature","properties":{"name":"Kelem","region":"Oromia","centroid":[34.821,8.7188],"code":"ET0418"},"geometry":{"type":"MultiPolygon","coordinates":[[[[34.965,8.247],[34.8283,8.2607],[34.786,8.3033],[34.7951,8.3265],[34.7854,8.3547],[34.727,8.39],[34.5743,8.4033],[34.5566,8.4547],[34.5229,8.4753],[34.3475,8.3763],[34.3134,8.3897],[34.3585,8.5198],[34.3456,8.5992],[34.3124,8.6818],[34.2795,8.7082],[34.1907,8.6515],[34.1434,8.6522],[34.144,8.9623],[34.4298,8.9671],[34.5014,9.0024],[34.4843,9.0457],[34.4589,9.0727],[34.4266,9.072],[34.3807,9.1308],[34.423,9.1539],[34.4818,9.1482],[34.5273,9.1885],[34.5898,9.1403],[34.698,9.174],[34.779,9.174],[34.7904,9.2484],[34.8222,9.2395],[34.8294,9.2555],[34.8523,9.2512],[34.8734,9.2644],[34.8725,9.2905],[34.9225,9.3474],[34.9121,9.3814],[34.925,9.405],[34.9415,9.3993],[34.9235,9.3797],[34.9311,9.3596],[34.9492,9.3649],[34.9692,9.3455],[34.9857,9.3485],[34.9836,9.3354],[35.0255,9.3086],[35.0552,9.3159],[35.127,9.2585],[35.138,9.227],[35.125,9.215],[35.1641,9.1632],[35.188,9.105],[35.1966,9.1155],[35.2186,9.0956],[35.2336,9.1105],[35.2632,9.0781],[35.281,9.0924],[35.2791,9.07],[35.3131,9.0573],[35.3436,9.0057],[35.3376,8.9595],[35.3508,8.9449],[35.3692,8.9478],[35.3788,8.9363],[35.3975,8.9467],[35.412,8.9116],[35.4391,8.9149],[35.4517,8.9045],[35.4396,8.8899],[35.442,8.86],[35.4262,8.8535],[35.4406,8.8224],[35.4113,8.8147],[35.4006,8.8019],[35.4088,8.7743],[35.3735,8.7586],[35.3633,8.7382],[35.3078,8.7477],[35.2828,8.7327],[35.2726,8.7525],[35.2542,8.7558],[35.2358,8.7205],[35.216,8.757],[35.2043,8.7302],[35.1545,8.6996],[35.1454,8.6674],[35.1248,8.6624],[35.1153,8.615],[35.2005,8.5408],[35.1886,8.5388],[35.1748,8.5075],[35.1091,8.4988],[35.0511,8.5206],[35.0314,8.5124],[35.0267,8.4929],[34.999,8.4849],[34.9525,8.353],[34.9814,8.3292],[34.9655,8.2495],[34.965,8.247]]],[[[35.365,8.949],[35.3638,8.9493],[35.3647,8.9502],[35.365,8.949]]],[[[35.447,8.874],[35.4482,8.8737],[35.4473,8.8728],[35.447,8.874]]],[[[35.442,8.86],[35.4432,8.8597],[35.4423,8.8588],[35.442,8.86]]]]}},{"type":"Feature","properties":{"name":"Horo Guduru","region":"Oromia","centroid":[37.1781,9.6901],"code":"ET0419"},"geometry":{"type":"MultiPolygon","coordinates":[[[[37.466,9.319],[37.4185,9.2449],[37.391,9.163],[37.3306,9.1597],[37.1547,9.2528],[37.1574,9.2671],[37.1253,9.2857],[37.1135,9.3074],[37.0878,9.3015],[37.078,9.3282],[37.0639,9.3275],[37.0735,9.3467],[37.0536,9.3666],[37.0635,9.4261],[37.0353,9.4271],[37.0305,9.4578],[36.9992,9.4485],[36.9508,9.4695],[36.9406,9.4495],[36.9175,9.4415],[36.8841,9.4881],[36.8301,9.4606],[36.8302,9.4309],[36.7895,9.4105],[36.753,9.4242],[36.7338,9.416],[36.6812,9.4702],[36.6624,9.5054],[36.6715,9.5429],[36.6634,9.5625],[36.6796,9.6025],[36.6734,9.6335],[36.6927,9.6748],[36.7225,9.6886],[36.7624,9.6875],[36.7827,9.7084],[36.7765,9.7405],[36.792,9.76],[36.8769,9.78],[36.8803,9.7939],[36.913,9.804],[36.9223,9.8201],[36.9046,9.8487],[36.9155,9.8596],[36.9071,9.8954],[36.9295,9.9166],[36.9075,9.9044],[36.8967,9.9154],[36.9199,9.9549],[36.8942,9.9771],[36.9166,10.0034],[36.912,10.0167],[36.8935,10.018],[36.9007,10.0588],[36.887,10.102],[36.8975,10.1336],[36.8868,10.1614],[36.8493,10.1835],[36.8665,10.2478],[36.8512,10.2586],[36.8173,10.3415],[36.869,10.34],[36.8984,10.3129],[36.9812,10.3132],[37.0135,10.2849],[37.047,10.288],[37.0865,10.2595],[37.1828,10.2405],[37.2,10.2222],[37.1683,10.162],[37.2168,10.0853],[37.2893,10.0617],[37.3282,10.0058],[37.346,10.007],[37.3572,10.0404],[37.393,10.046],[37.4462,10.0136],[37.5309,9.9951],[37.5574,9.9534],[37.5871,9.939],[37.5925,9.9185],[37.669,9.86],[37.6366,9.8333],[37.6425,9.753],[37.6165,9.6715],[37.6295,9.623],[37.6173,9.5857],[37.6203,9.5444],[37.6371,9.5148],[37.6345,9.4595],[37.6644,9.4168],[37.6535,9.3725],[37.6038,9.3481],[37.5778,9.3157],[37.4987,9.3287],[37.4675,9.3195],[37.466,9.319]]],[[[36.887,10.102],[36.8865,10.0976],[36.8857,10.1012],[36.887,10.102]]]]}},{"type":"Feature","properties":{"name":"East Bale","region":"Oromia","centroid":[41.2038,7.1902],"code":"ET0421"},"geometry":{"type":"MultiPolygon","coordinates":[[[[41.075,6.694],[41.0156,6.6442],[40.9002,6.5114],[40.8605,6.436],[40.864,6.35],[40.8245,6.3495],[40.805,6.3275],[40.7635,6.4075],[40.6735,6.4775],[40.6408,6.5491],[40.6615,6.6055],[40.6451,6.6479],[40.6631,6.6684],[40.644,6.722],[40.6912,6.7295],[40.7523,6.7761],[40.7484,6.8014],[40.7677,6.8181],[40.7545,6.8688],[40.7647,6.8885],[40.726,6.8906],[40.7025,6.9184],[40.722,6.946],[40.7064,6.9737],[40.6555,6.9905],[40.6475,7.0186],[40.6163,7.0307],[40.6138,7.1015],[40.5682,7.1105],[40.5323,7.1528],[40.5071,7.1205],[40.4664,7.1427],[40.4339,7.1383],[40.4686,7.1275],[40.4725,7.1094],[40.455,7.1071],[40.4615,7.0958],[40.4343,7.1204],[40.401,7.125],[40.392,7.115],[40.3609,7.1704],[40.296,7.194],[40.2755,7.2517],[40.336,7.313],[40.3224,7.3504],[40.3705,7.3666],[40.3695,7.3965],[40.3522,7.3885],[40.331,7.3995],[40.3602,7.4116],[40.3471,7.4137],[40.3579,7.4374],[40.34,7.427],[40.338,7.4446],[40.372,7.4646],[40.3848,7.4888],[40.342,7.57],[40.4296,7.6316],[40.4636,7.6325],[40.5178,7.6592],[40.5517,7.6496],[40.5854,7.7436],[40.6013,7.7453],[40.6374,7.7994],[40.7097,7.8247],[40.7326,7.9137],[40.7821,7.9529],[40.8138,7.9635],[40.8488,7.9525],[40.92,7.9566],[40.9762,7.9705],[41.0033,8.0019],[41.0517,8.0115],[41.0977,8.0717],[41.1466,8.0864],[41.1729,8.1181],[41.211,8.1359],[41.2202,8.1225],[41.3323,8.1585],[41.4169,8.1125],[41.4933,8.1316],[41.5274,8.0519],[41.5361,7.9364],[41.5595,7.9214],[41.5703,7.8497],[41.5889,7.8614],[41.6045,7.8404],[41.6043,7.7647],[41.6232,7.7327],[41.6739,7.695],[41.6766,7.6701],[41.7057,7.6582],[41.7009,7.6337],[41.7531,7.6125],[41.8193,7.5616],[41.8461,7.5567],[41.868,7.5302],[41.8969,7.4106],[42.1993,7.2911],[42.2105,7.262],[42.2048,7.141],[42.1578,7.0511],[42.1625,7.0065],[42.0765,6.8867],[42.0556,6.7484],[41.9994,6.6417],[42.0001,6.5899],[41.8887,6.5355],[41.8609,6.5345],[41.8537,6.5685],[41.8199,6.5702],[41.758,6.5402],[41.6898,6.4282],[41.6334,6.3909],[41.62,6.362],[41.4378,6.5437],[41.2291,6.6224],[41.1321,6.6905],[41.0763,6.6933],[41.075,6.694]]],[[[40.34,7.427],[40.3397,7.4258],[40.3388,7.4267],[40.34,7.427]]]]}},{"type":"Feature","properties":{"name":"East Borena","region":"Oromia","centroid":[39.5611,5.1185],"code":"ET0420"},"geometry":{"type":"Polygon","coordinates":[[[39.463,4.184],[39.4048,4.1391],[39.301,4.1095],[39.1227,4.1017],[39.0496,4.0286],[39.0475,4.0047],[38.8215,4.0145],[38.797,4.018],[38.764,4.0707],[38.7442,4.0511],[38.7035,4.0687],[38.5829,4.1525],[38.451,4.132],[38.4462,4.1788],[38.4208,4.2052],[38.4345,4.2602],[38.397,4.266],[38.3906,4.3128],[38.4615,4.3665],[38.4625,4.3985],[38.4808,4.4062],[38.4463,4.4502],[38.429,4.5107],[38.39,4.574],[38.4393,4.6471],[38.4415,4.7735],[38.4677,4.7956],[38.4507,4.8331],[38.4605,4.9942],[38.451,5.041],[38.5183,5.0424],[38.5454,5.0676],[38.5946,5.0736],[38.6105,5.0995],[38.6642,5.1205],[38.6955,5.1036],[38.7135,5.0585],[38.7304,5.0556],[38.738,5.0735],[38.7716,5.0695],[38.793,5.1045],[38.8123,5.0909],[38.8041,5.1136],[38.8235,5.1505],[38.8592,5.1665],[38.9105,5.1088],[38.9035,5.1009],[38.9152,5.1184],[38.9493,5.1195],[38.9834,5.1419],[39.0106,5.1235],[39.017,5.0967],[39.0658,5.0468],[39.111,5.051],[39.1387,5.1385],[39.1585,5.1342],[39.1461,5.1589],[39.1905,5.2635],[39.2144,5.3654],[39.2299,5.3741],[39.2359,5.4482],[39.2616,5.4957],[39.2195,5.5483],[39.2285,5.5627],[39.2226,5.6616],[39.3142,5.6847],[39.3229,5.7261],[39.3571,5.7415],[39.3914,5.7221],[39.4025,5.7485],[39.4347,5.7538],[39.453,5.783],[39.4585,5.8116],[39.4435,5.8459],[39.4664,5.8897],[39.4068,5.9332],[39.3764,5.9875],[39.3835,6.0033],[39.3703,6.0075],[39.3739,6.0311],[39.3403,6.0566],[39.3375,6.0786],[39.3578,6.0948],[39.3285,6.1269],[39.3365,6.1554],[39.3175,6.1675],[39.3181,6.2017],[39.2755,6.2722],[39.2215,6.2775],[39.206,6.298],[39.2514,6.3715],[39.2753,6.3745],[39.2975,6.3565],[39.3699,6.3626],[39.4034,6.3502],[39.4156,6.2795],[39.4635,6.2498],[39.4666,6.2118],[39.4946,6.1703],[39.5578,6.1275],[39.6094,6.1862],[39.6156,6.1679],[39.6488,6.1557],[39.6824,6.1852],[39.6837,6.2063],[39.7438,6.2165],[39.775,6.242],[39.8522,6.2245],[39.9065,6.1445],[39.9065,6.0978],[39.86,6.0312],[39.8695,6.012],[39.8604,5.9887],[39.9272,5.9355],[39.9756,5.9303],[39.9849,5.9012],[40.0283,5.8746],[40.1164,5.868],[40.1579,5.8467],[40.2054,5.8545],[40.2459,5.8435],[40.2795,5.8686],[40.3896,5.8969],[40.4223,5.8766],[40.4414,5.8725],[40.4614,5.8851],[40.5183,5.8568],[40.5361,5.866],[40.5471,5.8555],[40.5573,5.8685],[40.5702,5.8567],[40.6041,5.8681],[40.6079,5.8579],[40.6351,5.8745],[40.6445,5.8597],[40.6725,5.8865],[40.6962,5.8652],[40.7161,5.8632],[40.7153,5.8735],[40.7439,5.8519],[40.7634,5.8562],[40.7953,5.8087],[40.8197,5.8215],[40.8358,5.7836],[40.8806,5.7763],[40.922,5.683],[40.8328,5.6558],[40.7543,5.5947],[40.6945,5.5669],[40.6796,5.5403],[40.6332,5.5297],[40.5334,5.4104],[40.175,5.3531],[40.0986,5.3645],[40.033,5.396],[39.9424,5.2847],[39.8131,5.0021],[39.7653,4.8469],[39.7459,4.6659],[39.587,4.2984],[39.4652,4.1847],[39.463,4.184]]]}},{"type":"Feature","properties":{"name":"Shager City","region":"Oromia","centroid":[38.7551,8.9577],"code":null},"geometry":{"type":"MultiPolygon","coordinates":[[[[38.6721,8.7595],[38.6433,8.7708],[38.6278,8.8125],[38.6017,8.8067],[38.5149,8.8521],[38.5437,8.9378],[38.5217,8.9564],[38.5246,8.9859],[38.5516,9.0126],[38.527,9.036],[38.547,9.072],[38.5444,9.1155],[38.62,9.1609],[38.6647,9.151],[38.6726,9.1749],[38.7053,9.1869],[38.7188,9.2159],[38.7505,9.2151],[38.7527,9.2313],[38.8598,9.1845],[38.9463,9.1992],[38.9453,9.1659],[39.004,9.093],[38.9904,9.0672],[39.0036,9.0375],[38.9978,9.0175],[38.968,9.0048],[38.9898,8.9589],[38.97,8.938],[38.9783,8.9282],[38.9395,8.8374],[38.8877,8.8455],[38.8632,8.8086],[38.8236,8.7878],[38.7975,8.7925],[38.787,8.7765],[38.7515,8.7905],[38.6792,8.7635],[38.6721,8.7595]],[[38.7977,8.8334],[38.8235,8.8405],[38.8258,8.8797],[38.863,8.8835],[38.8685,8.8734],[38.8795,8.9181],[38.856,8.939],[38.8962,8.9362],[38.905,9.009],[38.8768,9.081],[38.7914,9.0773],[38.767,9.0985],[38.6854,9.0726],[38.6665,9.0098],[38.651,9.006],[38.6591,8.9841],[38.6395,8.9739],[38.7433,8.9018],[38.7457,8.8631],[38.7732,8.8571],[38.7806,8.8356],[38.7935,8.8345],[38.7977,8.8334]]],[[[38.747,9.226],[38.7457,9.2265],[38.747,9.227],[38.747,9.226]]]]}},{"type":"Feature","properties":{"name":"Sitti","region":"Somali","centroid":[41.7975,10.1175],"code":"ET0501"},"geometry":{"type":"MultiPolygon","coordinates":[[[[41.001,9.355],[40.8747,9.3093],[40.8128,9.3102],[40.7888,9.3857],[40.7972,9.3952],[40.8896,9.3889],[40.9275,9.4048],[40.9178,9.4214],[40.8627,9.4625],[40.697,9.447],[40.696,9.5003],[40.7512,9.6527],[40.8254,9.7628],[41.0196,9.9484],[40.9995,9.9674],[40.966,9.9713],[40.9366,10.0347],[41.087,10.5996],[41.0774,10.6809],[41.2201,10.8341],[41.241,10.921],[41.2683,10.9576],[41.7187,10.9645],[41.7639,10.9915],[41.7885,10.9875],[41.816,10.9594],[41.9422,10.9395],[41.9491,10.9099],[41.975,10.9276],[42.003,10.9164],[42.0673,10.923],[42.0808,10.9581],[42.1427,10.9767],[42.189,10.9774],[42.207,10.9602],[42.3558,10.9974],[42.4241,10.9801],[42.4993,11.0325],[42.5989,11.0635],[42.6323,11.089],[42.6935,11.0536],[42.7574,11.0706],[42.796,10.9855],[42.853,10.975],[42.9616,10.9844],[42.683,10.6063],[42.6984,10.5462],[42.7467,10.5123],[42.8233,10.3027],[42.707,10.119],[42.7334,10.0425],[42.7854,9.9765],[42.8848,9.9081],[42.8801,9.8787],[42.7937,9.8094],[42.7836,9.77],[42.7299,9.7527],[42.727,9.726],[42.6952,9.7679],[42.6484,9.7754],[42.5321,9.7278],[42.3787,9.7135],[42.34,9.719],[42.2522,9.7825],[42.2136,9.7835],[42.1866,9.7736],[42.0305,9.6185],[41.9059,9.679],[41.8736,9.6835],[41.8086,9.6404],[41.7741,9.6534],[41.7494,9.6366],[41.7341,9.4709],[41.6704,9.4702],[41.6546,9.4804],[41.6426,9.5147],[41.5409,9.4994],[41.4911,9.4572],[41.3089,9.5027],[41.2435,9.4993],[41.1452,9.4243],[41.0811,9.4033],[41.0055,9.3555],[41.001,9.355]]],[[[40.696,9.446],[40.696,9.447],[40.697,9.447],[40.697,9.446],[40.696,9.446]]]]}},{"type":"Feature","properties":{"name":"Fafan","region":"Somali","centroid":[43.0558,8.9289],"code":"ET0502"},"geometry":{"type":"MultiPolygon","coordinates":[[[[42.7035,8.1138],[42.659,8.13],[42.7014,8.1788],[42.7676,8.3619],[42.8985,8.4084],[42.9125,8.5209],[42.9054,8.5818],[42.8386,8.664],[42.832,8.6947],[42.8645,8.8259],[42.7276,8.9514],[42.6448,9.0724],[42.5999,9.1055],[42.6355,9.1575],[42.5966,9.1914],[42.5516,9.2857],[42.555,9.328],[42.5382,9.3719],[42.6543,9.4549],[42.7769,9.5119],[42.8138,9.5723],[42.8651,9.5864],[42.9212,9.565],[42.9799,9.6067],[42.9643,9.6548],[42.9435,9.6761],[42.8986,9.6495],[42.8238,9.6738],[42.727,9.726],[42.7299,9.7527],[42.7836,9.77],[42.7937,9.8094],[42.8801,9.8787],[42.8848,9.9081],[42.7854,9.9765],[42.7334,10.0425],[42.707,10.119],[42.8233,10.3027],[42.8653,10.2243],[43.0107,10.0914],[43.0895,9.9045],[43.1289,9.8863],[43.1499,9.8994],[43.2569,9.8426],[43.2992,9.6111],[43.3406,9.6003],[43.4049,9.5458],[43.4322,9.4708],[43.4683,9.4194],[43.5939,9.3607],[43.6467,9.3583],[43.9856,9.0134],[44.112,8.9611],[44.1058,8.9114],[44.162,8.7462],[43.979,8.503],[43.7078,8.6043],[43.6352,8.6468],[43.4408,8.8337],[43.43,8.898],[43.3903,8.899],[43.3401,8.8785],[43.3255,8.8584],[43.3253,8.8004],[43.233,8.793],[43.2602,8.6751],[43.2099,8.5987],[43.232,8.539],[43.1005,8.4625],[42.958,8.47],[42.8286,8.235],[42.8143,8.1719],[42.7821,8.1351],[42.7285,8.118],[42.7035,8.1138]]],[[[42.277,8.612],[42.3233,8.5363],[42.503,8.4916],[42.529,8.455],[42.3747,8.4511],[42.228,8.474],[42.176,8.579],[42.2401,8.6395],[42.2633,8.6355],[42.2765,8.6125],[42.277,8.612]]]]}},{"type":"Feature","properties":{"name":"Jarar","region":"Somali","centroid":[44.2872,8.0022],"code":"ET0503"},"geometry":{"type":"Polygon","coordinates":[[[43.696,7.258],[43.6005,7.2955],[43.479,7.385],[43.5017,7.4565],[43.4825,7.5402],[43.318,7.657],[43.0158,7.773],[42.704,7.945],[42.6917,7.9672],[42.7039,8.0421],[42.6747,8.0887],[42.686,8.121],[42.7035,8.1138],[42.7821,8.1351],[42.8143,8.1719],[42.8286,8.235],[42.958,8.47],[43.1005,8.4625],[43.232,8.539],[43.2099,8.5987],[43.2602,8.6751],[43.233,8.793],[43.3253,8.8004],[43.3255,8.8584],[43.3401,8.8785],[43.3903,8.899],[43.43,8.898],[43.4408,8.8337],[43.6352,8.6468],[43.7078,8.6043],[43.979,8.503],[44.162,8.7462],[44.1058,8.9114],[44.112,8.9611],[46.0896,8.308],[46.0213,8.2319],[46.0107,8.0984],[45.9181,7.9951],[45.8187,7.9418],[45.6819,7.7924],[45.6149,7.6512],[45.46,7.6631],[45.3548,7.6564],[44.981,7.736],[44.983,7.7632],[44.718,7.75],[44.6742,7.685],[44.5729,7.6081],[44.5395,7.5557],[44.499,7.487],[44.4592,7.3265],[44.3925,7.2993],[44.3583,7.3068],[44.3234,7.3396],[44.293,7.347],[44.2801,7.3821],[44.2504,7.3952],[44.2393,7.4414],[44.2078,7.4581],[44.1949,7.4875],[44.1595,7.5047],[44.1032,7.5671],[43.9375,7.5585],[43.7085,7.3337],[43.6966,7.2585],[43.696,7.258]]]}},{"type":"Feature","properties":{"name":"Erer","region":"Somali","centroid":[42.2796,7.7191],"code":"ET0504"},"geometry":{"type":"Polygon","coordinates":[[[42.163,7.008],[42.1578,7.0511],[42.2048,7.141],[42.2105,7.262],[42.1993,7.2911],[41.8969,7.4106],[41.867,7.531],[41.9571,7.7745],[41.9125,7.8441],[41.9265,8.0805],[41.9484,8.2003],[42.0264,8.3216],[42.0256,8.4249],[42.0698,8.4936],[42.176,8.579],[42.228,8.474],[42.3747,8.4511],[42.5299,8.4541],[42.5788,8.2269],[42.6309,8.14],[42.686,8.121],[42.6747,8.0887],[42.7035,8.0522],[42.6893,7.991],[42.7105,7.9316],[42.6957,7.8899],[42.7114,7.8703],[42.7093,7.8291],[42.7397,7.7635],[42.7336,7.7007],[42.7042,7.6418],[42.6518,7.5957],[42.552,7.561],[42.669,7.459],[42.2571,7.3242],[42.223,7.263],[42.232,7.21],[42.2709,7.196],[42.2784,7.1501],[42.2689,7.099],[42.1635,7.0085],[42.163,7.008]]]}},{"type":"Feature","properties":{"name":"Korahe","region":"Somali","centroid":[44.7256,6.5534],"code":"ET0505"},"geometry":{"type":"Polygon","coordinates":[[[45.252,6.397],[45.3185,6.3055],[45.5425,6.2975],[45.9885,6.0346],[46.0297,5.9926],[45.4006,5.347],[45.3777,5.3693],[45.2746,5.4025],[45.0582,5.4492],[44.814,5.524],[44.7695,5.4928],[44.567,5.477],[44.441,5.6125],[44.3573,5.6279],[44.1972,5.6867],[44.153,5.925],[44.1919,6.0082],[44.1905,6.0643],[44.1079,6.1839],[44.0274,6.2465],[43.8383,6.4716],[43.725,6.476],[43.7145,6.5411],[43.7611,6.6136],[43.592,6.819],[43.6547,6.993],[43.7085,7.3337],[43.933,7.558],[44.1032,7.5671],[44.1595,7.5047],[44.1949,7.4875],[44.2078,7.4581],[44.2393,7.4414],[44.2504,7.3952],[44.2801,7.3821],[44.293,7.347],[44.3234,7.3396],[44.3583,7.3068],[44.3925,7.2993],[44.4592,7.3265],[44.499,7.487],[44.5395,7.5557],[44.5729,7.6081],[44.6742,7.685],[44.718,7.75],[44.983,7.7632],[44.9535,7.6757],[44.9557,7.5684],[44.8672,7.4902],[44.7958,7.3743],[44.8453,7.2414],[44.9184,7.2118],[44.92,7.194],[44.864,7.1912],[44.8717,7.1704],[44.808,6.964],[44.829,6.542],[45.2396,6.401],[45.252,6.397]]]}},{"type":"Feature","properties":{"name":"Shebelle","region":"Somali","centroid":[43.3757,5.7818],"code":"ET0506"},"geometry":{"type":"Polygon","coordinates":[[[43.5048,4.8186],[43.305,5.2227],[43.2235,5.5495],[43.1249,5.6334],[43.071,5.643],[42.8567,5.8202],[42.813,5.826],[42.811,5.942],[42.8664,5.9947],[42.916,6.101],[42.9055,6.1122],[42.9122,6.123],[42.8961,6.1125],[42.889,6.1315],[42.8067,6.1424],[42.8124,6.1692],[42.8005,6.1804],[42.8125,6.1848],[42.7859,6.1909],[42.7545,6.2185],[42.7359,6.2625],[42.6775,6.2695],[42.6665,6.2575],[42.641,6.2675],[42.6309,6.2525],[42.613,6.2795],[42.6094,6.2695],[42.5519,6.2825],[42.5099,6.3035],[42.4777,6.2903],[42.4645,6.2928],[42.4651,6.3042],[42.4307,6.3095],[42.4325,6.2941],[42.4213,6.3065],[42.4136,6.2965],[42.3922,6.3287],[42.3461,6.3157],[42.3461,6.3395],[42.3242,6.337],[42.3205,6.3231],[42.3097,6.3345],[42.291,6.3255],[42.2985,6.3358],[42.2682,6.3555],[42.2647,6.3844],[42.2377,6.3823],[42.2485,6.3958],[42.2228,6.4099],[42.2183,6.427],[42.1808,6.4287],[42.1814,6.4511],[42.1457,6.456],[42.1295,6.4918],[42.1445,6.4988],[42.1104,6.5216],[42.1184,6.5354],[42.071,6.5605],[42.0755,6.5728],[42.0578,6.598],[42.0432,6.5938],[42.0465,6.6127],[42.0242,6.6188],[42.033,6.6337],[42.01,6.654],[42.0147,6.68],[42.0556,6.7484],[42.0765,6.8867],[42.136,6.958],[42.1655,6.9409],[42.1632,6.9271],[42.252,6.9465],[42.515,6.928],[42.5507,6.8271],[42.605,6.761],[42.6819,6.7301],[42.844,6.761],[42.8419,6.6731],[42.8098,6.4795],[42.929,6.4012],[42.945,6.31],[43.406,6.34],[43.3966,6.381],[43.3192,6.4624],[43.219,6.7095],[43.194,6.806],[43.4035,6.7429],[43.5158,6.7641],[43.592,6.819],[43.7611,6.6136],[43.7145,6.5411],[43.725,6.476],[43.8383,6.4716],[44.0274,6.2465],[44.1079,6.1839],[44.1905,6.0643],[44.1919,6.0082],[44.153,5.925],[44.1972,5.6867],[44.3573,5.6279],[44.441,5.6125],[44.567,5.477],[44.7695,5.4928],[44.814,5.524],[45.0582,5.4492],[45.2746,5.4025],[45.3777,5.3693],[45.4006,5.347],[44.9817,4.9173],[44.0151,4.9604],[43.5434,4.8313],[43.5048,4.8186]]]}},{"type":"Feature","properties":{"name":"Dollo","region":"Somali","centroid":[46.1033,7.1885],"code":"ET0507"},"geometry":{"type":"Polygon","coordinates":[[[46.0297,5.9926],[45.9885,6.0346],[45.5425,6.2975],[45.3185,6.3055],[45.252,6.397],[44.829,6.542],[44.808,6.964],[44.8717,7.1704],[44.864,7.1912],[44.92,7.194],[44.9184,7.2118],[44.8453,7.2414],[44.7958,7.3743],[44.8672,7.4902],[44.9557,7.5684],[44.9535,7.6757],[44.9803,7.7353],[45.3548,7.6564],[45.46,7.6631],[45.6149,7.6512],[45.6819,7.7924],[45.8187,7.9418],[45.9181,7.9951],[46.0107,8.0984],[46.0213,8.2319],[46.0896,8.308],[46.9897,8],[47.9862,8],[46.1001,6.0648],[46.0297,5.9926]]]}},{"type":"Feature","properties":{"name":"Afder","region":"Somali","centroid":[42.2431,5.2952],"code":"ET0508"},"geometry":{"type":"Polygon","coordinates":[[[42.0844,4.1776],[42.0565,4.213],[42.0591,4.2783],[41.9995,4.2976],[41.9835,4.287],[41.972,4.3125],[41.9484,4.2985],[41.9383,4.3369],[41.9175,4.3266],[41.9195,4.3366],[41.8837,4.3499],[41.8834,4.3877],[41.8644,4.3955],[41.8524,4.3835],[41.8445,4.4059],[41.8528,4.4145],[41.8219,4.4385],[41.8115,4.4315],[41.8056,4.4576],[41.7713,4.4914],[41.7861,4.4972],[41.7653,4.5046],[41.7223,4.5536],[41.722,4.6016],[41.6975,4.5924],[41.7138,4.5854],[41.7018,4.5715],[41.6832,4.5919],[41.6736,4.5879],[41.6607,4.6135],[41.6547,4.6005],[41.624,4.668],[41.598,4.6798],[41.6014,4.6919],[41.6185,4.6893],[41.5969,4.7278],[41.5905,4.786],[41.5705,4.8076],[41.5817,4.8305],[41.5548,4.8452],[41.5551,4.8796],[41.5295,4.9174],[41.49,4.9418],[41.486,4.9653],[41.4186,5.0025],[41.3998,5.0522],[41.3545,5.1124],[41.3495,5.1526],[41.3351,5.1395],[41.323,5.1579],[41.3186,5.2842],[41.2954,5.3507],[41.2515,5.3814],[41.2481,5.4282],[41.202,5.4544],[41.1773,5.5098],[41.1833,5.5364],[41.1437,5.5689],[41.1564,5.5919],[41.1365,5.6065],[41.229,5.712],[41.4086,5.6653],[41.546,5.7611],[41.62,5.877],[41.6236,5.9367],[41.5663,6.0414],[41.4818,6.4458],[41.5249,6.4681],[41.62,6.362],[41.6334,6.3909],[41.6898,6.4282],[41.758,6.5402],[41.8199,6.5702],[41.8537,6.5685],[41.8609,6.5345],[41.9366,6.5529],[42.0001,6.5899],[41.9994,6.6417],[42.01,6.654],[42.033,6.6337],[42.0242,6.6188],[42.0465,6.6127],[42.0432,6.5938],[42.0578,6.598],[42.0755,6.5728],[42.067,6.565],[42.1184,6.5354],[42.1104,6.5216],[42.1415,6.5043],[42.1295,6.4918],[42.133,6.4704],[42.1627,6.4466],[42.1814,6.4511],[42.1808,6.4287],[42.2147,6.4295],[42.2228,6.4099],[42.2362,6.4112],[42.2485,6.3958],[42.2377,6.3823],[42.2647,6.3844],[42.2682,6.3555],[42.2985,6.3358],[42.291,6.3255],[42.3097,6.3345],[42.3205,6.3231],[42.3242,6.337],[42.3461,6.3395],[42.3461,6.3157],[42.3922,6.3287],[42.4136,6.2965],[42.4213,6.3065],[42.4325,6.2941],[42.4307,6.3095],[42.4651,6.3042],[42.4645,6.2928],[42.4777,6.2903],[42.5099,6.3035],[42.5519,6.2825],[42.6094,6.2695],[42.613,6.2795],[42.6309,6.2525],[42.641,6.2675],[42.6665,6.2575],[42.6775,6.2695],[42.7359,6.2625],[42.7545,6.2185],[42.7859,6.1909],[42.8125,6.1848],[42.8005,6.1804],[42.8124,6.1692],[42.8067,6.1424],[42.889,6.1315],[42.8961,6.1125],[42.9122,6.123],[42.9055,6.1122],[42.916,6.101],[42.8664,5.9947],[42.811,5.942],[42.813,5.826],[42.8567,5.8202],[43.071,5.643],[43.1249,5.6334],[43.2235,5.5495],[43.305,5.2227],[43.5085,4.8292],[43.2352,4.6963],[43.0801,4.6027],[43.0348,4.5603],[43.0072,4.4677],[42.9521,4.3799],[42.898,4.3186],[42.8333,4.2706],[42.7024,4.2601],[42.5545,4.2063],[42.0877,4.1794],[42.0844,4.1776]]]}},{"type":"Feature","properties":{"name":"Liben","region":"Somali","centroid":[41.081,5.1044],"code":"ET0509"},"geometry":{"type":"Polygon","coordinates":[[[41.624,4.668],[41.6547,4.6005],[41.6607,4.6135],[41.6736,4.5879],[41.6832,4.5919],[41.7018,4.5715],[41.7138,4.5854],[41.6975,4.5924],[41.722,4.6016],[41.7223,4.5536],[41.7653,4.5046],[41.7861,4.4972],[41.7713,4.4914],[41.8056,4.4576],[41.8115,4.4315],[41.8219,4.4385],[41.8528,4.4145],[41.8445,4.4059],[41.8524,4.3835],[41.8644,4.3955],[41.8834,4.3877],[41.8837,4.3499],[41.9195,4.3366],[41.9175,4.3266],[41.9383,4.3369],[41.9484,4.2985],[41.972,4.3125],[41.9835,4.287],[41.9995,4.2976],[42.0591,4.2783],[42.0565,4.213],[42.0844,4.1776],[42,4.0934],[41.9791,4.0952],[41.9462,4.0557],[41.9435,4.0167],[41.9069,3.978],[41.8521,3.9502],[41.8243,3.9445],[41.8207,3.9558],[41.7948,3.9603],[41.7926,3.9794],[41.7726,3.9723],[41.7206,3.9925],[41.6744,3.9599],[41.6277,3.9833],[41.5669,3.9667],[41.5452,3.9821],[41.5098,3.9546],[41.5057,3.9648],[41.4302,3.9449],[41.3913,3.9628],[41.3786,3.9517],[41.3546,3.9603],[41.3263,3.9388],[41.2353,3.9589],[41.201,3.9381],[41.1693,3.9426],[41.118,3.9871],[41.1054,3.9853],[41.0919,4.0133],[40.9651,4.1321],[40.9042,4.1546],[40.8824,4.2128],[40.8441,4.2463],[40.7728,4.2804],[40.763,4.318],[40.7454,4.3286],[40.7668,4.3591],[40.7745,4.4137],[40.7468,4.4262],[40.7107,4.4684],[40.7065,4.4975],[40.6753,4.5357],[40.6505,4.5406],[40.5773,4.6604],[40.5085,4.6985],[40.4161,4.774],[40.3635,4.7925],[40.3308,4.8195],[40.233,4.8306],[40.1967,4.8515],[40.1781,4.8248],[40.1702,4.7759],[40.1138,4.7488],[40.0867,4.7715],[40.0505,4.7651],[39.9951,4.7368],[39.9404,4.7335],[39.9148,4.7111],[39.8063,4.7466],[39.7754,4.745],[39.744,4.71],[39.7653,4.8469],[39.8131,5.0021],[39.9424,5.2847],[40.033,5.396],[40.0986,5.3645],[40.175,5.3531],[40.5334,5.4104],[40.6332,5.5297],[40.6796,5.5403],[40.6945,5.5669],[40.7543,5.5947],[40.8328,5.6558],[40.922,5.683],[40.8748,5.8076],[40.8785,5.9867],[40.8655,6.1195],[40.8817,6.2435],[40.8568,6.3865],[40.8605,6.436],[40.9002,6.5114],[41.0725,6.6935],[41.1321,6.6905],[41.2291,6.6224],[41.4378,6.5437],[41.52,6.471],[41.4818,6.4458],[41.5663,6.0414],[41.6236,5.9367],[41.62,5.877],[41.546,5.7611],[41.4086,5.6653],[41.229,5.712],[41.1365,5.6065],[41.1564,5.5919],[41.1437,5.5689],[41.1833,5.5364],[41.1773,5.5098],[41.202,5.4544],[41.2481,5.4282],[41.2515,5.3814],[41.2954,5.3507],[41.3186,5.2842],[41.323,5.1579],[41.3351,5.1395],[41.3495,5.1526],[41.3545,5.1124],[41.3998,5.0522],[41.4186,5.0025],[41.4656,4.9853],[41.486,4.9653],[41.49,4.9418],[41.5295,4.9174],[41.5551,4.8796],[41.5548,4.8452],[41.5817,4.8305],[41.5705,4.8076],[41.5905,4.786],[41.5969,4.7278],[41.6185,4.6893],[41.5965,4.6847],[41.6222,4.6686],[41.624,4.668]]]}},{"type":"Feature","properties":{"name":"Nogob","region":"Somali","centroid":[42.9783,7.1069],"code":"ET0510"},"geometry":{"type":"Polygon","coordinates":[[[43.194,6.806],[43.219,6.7095],[43.3192,6.4624],[43.3966,6.381],[43.406,6.34],[42.945,6.31],[42.929,6.4012],[42.8098,6.4795],[42.8419,6.6731],[42.844,6.761],[42.6819,6.7301],[42.605,6.761],[42.5507,6.8271],[42.515,6.928],[42.252,6.9465],[42.1632,6.9271],[42.1655,6.9409],[42.136,6.958],[42.163,7.008],[42.2689,7.099],[42.2784,7.1501],[42.2709,7.196],[42.232,7.21],[42.223,7.263],[42.2571,7.3242],[42.669,7.459],[42.552,7.561],[42.6518,7.5957],[42.7042,7.6418],[42.7336,7.7007],[42.7394,7.7794],[42.7121,7.8204],[42.7114,7.8703],[42.6957,7.8899],[42.7105,7.9316],[42.704,7.945],[43.0158,7.773],[43.318,7.657],[43.4825,7.5402],[43.5017,7.4565],[43.479,7.385],[43.6005,7.2955],[43.696,7.258],[43.6547,6.993],[43.592,6.819],[43.5158,6.7641],[43.4035,6.7429],[43.1981,6.8089],[43.194,6.806]]]}},{"type":"Feature","properties":{"name":"Daawa","region":"Somali","centroid":[39.9782,4.1975],"code":"ET0511"},"geometry":{"type":"Polygon","coordinates":[[[39.9572,3.919],[39.8696,3.8747],[39.7628,3.6633],[39.5851,3.482],[39.5621,3.4163],[39.5471,3.4054],[39.5193,3.4083],[39.4969,3.4613],[39.3357,3.4701],[39.3285,3.5063],[39.2831,3.4767],[39.1924,3.4828],[39.0983,3.5364],[39.2204,3.6021],[39.2847,3.6228],[39.4997,3.9657],[39.4783,4.0399],[39.528,4.163],[39.5398,4.2349],[39.606,4.3396],[39.7459,4.6659],[39.744,4.71],[39.7754,4.745],[39.8063,4.7466],[39.9148,4.7111],[39.9404,4.7335],[39.9951,4.7368],[40.0505,4.7651],[40.0921,4.7701],[40.1064,4.747],[40.157,4.7687],[40.1702,4.7759],[40.1781,4.8248],[40.1967,4.8515],[40.233,4.8306],[40.3308,4.8195],[40.3635,4.7925],[40.4161,4.774],[40.5085,4.6985],[40.5773,4.6604],[40.6505,4.5406],[40.6753,4.5357],[40.7065,4.4975],[40.7107,4.4684],[40.7468,4.4262],[40.7745,4.4137],[40.7668,4.3591],[40.7454,4.3286],[40.763,4.318],[40.7728,4.2804],[40.7243,4.2492],[40.4177,4.1275],[40.3878,4.1048],[40.192,4.0439],[40,3.9407],[39.9572,3.919]]]}},{"type":"Feature","properties":{"name":"Metekel","region":"Benishangul Gumuz","centroid":[35.7767,10.9104],"code":"ET0602"},"geometry":{"type":"Polygon","coordinates":[[[35.6794,9.9432],[35.6338,9.9647],[35.597,10.0522],[35.4789,10.1139],[35.4256,10.1245],[35.4014,10.1155],[35.3562,10.1308],[35.3156,10.1953],[35.3315,10.3097],[35.3207,10.3287],[35.3214,10.389],[35.2925,10.445],[35.2465,10.4743],[35.1941,10.5536],[35.167,10.5547],[35.1536,10.5715],[35.1525,10.6116],[35.1647,10.6208],[35.1576,10.6718],[35.1917,10.7219],[35.1984,10.7531],[35.1855,10.7936],[35.2157,10.8631],[35.1851,10.9661],[35.2026,11.0901],[35.1954,11.1219],[35.1685,11.1455],[35.1293,11.1495],[35.123,11.1793],[35.0883,11.2166],[35.0084,11.2405],[34.9698,11.2225],[34.9538,11.2473],[34.9952,11.3397],[35.0594,11.4378],[35.0609,11.473],[35.0896,11.5465],[35.0924,11.6235],[35.0547,11.7344],[35.1256,11.8295],[35.2623,11.9254],[35.2836,11.8873],[35.2963,11.7994],[35.3256,11.794],[35.3635,11.7528],[35.4211,11.7292],[35.4727,11.7361],[35.5168,11.7178],[35.5758,11.7663],[35.6617,11.7927],[35.6667,11.8256],[35.8034,11.8378],[35.8228,11.8265],[35.8487,11.8406],[35.8745,11.8855],[35.9365,11.9205],[35.9349,11.9651],[35.9661,11.9844],[35.9692,11.9582],[35.9782,11.9601],[35.996,11.9268],[36.0425,11.8949],[36.0339,11.8913],[36.056,11.874],[36.0546,11.8492],[36.0665,11.8512],[36.0817,11.8237],[36.1054,11.8151],[36.1252,11.7185],[36.1184,11.7054],[36.145,11.6853],[36.1653,11.6778],[36.2069,11.7205],[36.2315,11.7223],[36.3089,11.8029],[36.341,11.7809],[36.3322,11.7042],[36.3473,11.6961],[36.3327,11.6658],[36.3485,11.605],[36.3753,11.6071],[36.4439,11.4926],[36.4105,11.4586],[36.4105,11.4135],[36.4665,11.4277],[36.5126,11.4575],[36.5298,11.4341],[36.5335,11.3945],[36.5645,11.3704],[36.535,11.3351],[36.5568,11.3286],[36.5566,11.302],[36.4949,11.2884],[36.4672,11.2645],[36.4759,11.2438],[36.4605,11.2263],[36.4685,11.1553],[36.5042,11.1365],[36.549,11.138],[36.5601,11.1129],[36.578,11.11],[36.5538,11.0927],[36.5239,11.1118],[36.4893,11.0678],[36.4223,11.0305],[36.4172,10.9993],[36.3539,10.9365],[36.3085,10.8614],[36.3094,10.8257],[36.282,10.8034],[36.286,10.7436],[36.3111,10.7476],[36.3423,10.7894],[36.3771,10.7853],[36.3733,10.7579],[36.3165,10.7011],[36.3218,10.685],[36.3112,10.6785],[36.3244,10.6608],[36.3048,10.6412],[36.3074,10.6239],[36.2816,10.6034],[36.3058,10.5779],[36.3025,10.5538],[36.3189,10.5269],[36.3594,10.529],[36.3914,10.4671],[36.424,10.455],[36.4154,10.3863],[36.3715,10.3531],[36.3533,10.303],[36.329,10.288],[36.3164,10.2173],[36.2759,10.2072],[36.244,10.1375],[36.2093,10.1184],[36.1467,10.1166],[36.0506,10.1445],[36.0109,10.1222],[35.984,10.148],[35.9,10.0779],[35.8973,10.0477],[35.8663,10.0055],[35.8192,10.0108],[35.7935,10.0454],[35.7445,10.0525],[35.7279,10.0346],[35.7415,10.0051],[35.736,9.9732],[35.724,9.9605],[35.6904,9.9594],[35.683,9.944],[35.6794,9.9432]]]}},{"type":"Feature","properties":{"name":"Asosa","region":"Benishangul Gumuz","centroid":[34.7524,10.1251],"code":"ET0603"},"geometry":{"type":"Polygon","coordinates":[[[34.7348,9.545],[34.6314,9.5883],[34.5457,9.6485],[34.5295,9.6405],[34.5105,9.6517],[34.4925,9.6222],[34.4345,9.6275],[34.4195,9.6656],[34.3877,9.6585],[34.3385,9.6845],[34.3111,9.735],[34.2693,9.7492],[34.1985,9.7375],[34.1556,9.7134],[34.2227,9.8935],[34.2321,10.0386],[34.324,10.115],[34.3465,10.1699],[34.3499,10.2092],[34.2959,10.3945],[34.3254,10.4754],[34.2829,10.5272],[34.3012,10.5908],[34.3845,10.6724],[34.4721,10.8161],[34.602,10.9041],[34.6991,10.8285],[34.7565,10.7628],[34.7754,10.7595],[34.7866,10.7065],[34.8164,10.7389],[34.8547,10.7455],[34.9798,10.9074],[35.0779,10.8654],[35.1008,10.7634],[35.0756,10.6326],[35.026,10.551],[35.0695,10.5453],[35.051,10.501],[35.0734,10.4956],[35.1014,10.4627],[35.1243,10.4135],[35.1491,10.4054],[35.1637,10.4175],[35.2075,10.3997],[35.2057,10.346],[35.2345,10.2904],[35.2085,10.2582],[35.2121,10.2337],[35.228,10.1675],[35.2574,10.1157],[35.2434,10.0606],[35.265,10.0449],[35.2724,10.0525],[35.3406,10.0333],[35.3592,9.9691],[35.3585,9.9146],[35.325,9.885],[35.2976,9.9222],[35.2311,9.893],[35.2206,9.9252],[35.1599,9.9481],[35.0887,9.9501],[35.0805,9.9216],[35.0487,9.9174],[35.0198,9.9284],[35.0151,9.9948],[34.9883,9.9965],[34.9431,9.9333],[34.9045,9.9555],[34.8879,9.9081],[34.8675,9.9018],[34.8975,9.8815],[34.8928,9.8651],[34.8698,9.8204],[34.8318,9.8029],[34.7962,9.736],[34.8095,9.7032],[34.8113,9.6305],[34.7921,9.603],[34.7822,9.5528],[34.7348,9.545]]]}},{"type":"Feature","properties":{"name":"Kemashi","region":"Benishangul Gumuz","centroid":[35.7837,9.8995],"code":"ET0604"},"geometry":{"type":"MultiPolygon","coordinates":[[[[36.0865,9.0125],[36.0422,9.0148],[36.0282,9.0556],[36.0341,9.107],[36.0536,9.1192],[36.0317,9.2329],[35.9508,9.2484],[35.918,9.2852],[35.9111,9.3156],[35.86,9.3247],[35.7984,9.3075],[35.7506,9.3307],[35.7502,9.4025],[35.7785,9.4367],[35.7654,9.4722],[35.7116,9.4862],[35.661,9.532],[35.6437,9.5944],[35.6535,9.6339],[35.6362,9.6505],[35.579,9.6648],[35.5554,9.6952],[35.469,9.67],[35.4111,9.7131],[35.3686,9.7192],[35.3791,9.7652],[35.4195,9.7849],[35.364,9.8126],[35.3499,9.8659],[35.325,9.885],[35.3575,9.9115],[35.3618,9.9449],[35.3406,10.0333],[35.2724,10.0525],[35.265,10.0449],[35.2434,10.0606],[35.2574,10.1157],[35.228,10.1675],[35.2121,10.2337],[35.2085,10.2582],[35.2345,10.2904],[35.2057,10.346],[35.2075,10.3997],[35.1637,10.4175],[35.1491,10.4054],[35.1243,10.4135],[35.1014,10.4627],[35.0734,10.4956],[35.051,10.501],[35.0695,10.5453],[35.027,10.552],[35.0638,10.6023],[35.1028,10.7461],[35.0779,10.8654],[34.9747,10.9077],[34.9521,10.9512],[35.007,11.1598],[34.9698,11.2225],[34.9766,11.2285],[34.9934,11.2256],[35.0084,11.2405],[35.0883,11.2166],[35.123,11.1793],[35.1293,11.1495],[35.1685,11.1455],[35.1954,11.1219],[35.2026,11.0901],[35.1851,10.9661],[35.2157,10.8631],[35.1855,10.7936],[35.1984,10.7531],[35.1917,10.7219],[35.1576,10.6718],[35.1647,10.6208],[35.1525,10.6116],[35.1536,10.5715],[35.167,10.5547],[35.1941,10.5536],[35.2465,10.4743],[35.2925,10.445],[35.3214,10.389],[35.3207,10.3287],[35.3315,10.3097],[35.3156,10.1953],[35.3562,10.1308],[35.4014,10.1155],[35.4256,10.1245],[35.4789,10.1139],[35.597,10.0522],[35.6338,9.9647],[35.6552,9.9627],[35.6717,9.9436],[35.6943,9.9615],[35.7314,9.9653],[35.7415,10.0051],[35.7279,10.0346],[35.7445,10.0525],[35.7935,10.0454],[35.8192,10.0108],[35.8738,10.0087],[35.8973,10.0477],[35.9,10.0779],[35.984,10.148],[36.0109,10.1222],[36.0506,10.1445],[36.1467,10.1166],[36.2093,10.1184],[36.244,10.1375],[36.2717,10.2026],[36.3164,10.2173],[36.329,10.288],[36.3533,10.303],[36.3715,10.3531],[36.4154,10.3863],[36.4235,10.4545],[36.4469,10.4558],[36.4631,10.4789],[36.527,10.482],[36.538,10.4716],[36.5465,10.4557],[36.5205,10.4051],[36.5393,10.3646],[36.606,10.3643],[36.6631,10.3157],[36.6886,10.3116],[36.6921,10.2959],[36.6106,10.2589],[36.5754,10.2639],[36.5757,10.2791],[36.5545,10.2847],[36.5153,10.2399],[36.4455,10.2455],[36.3719,10.1629],[36.2723,10.1129],[36.2598,10.0787],[36.2192,10.053],[36.1847,10.0493],[36.1395,10.0085],[36.1212,9.9728],[36.1525,9.8487],[36.1283,9.8518],[36.1365,9.8071],[36.1055,9.7731],[36.1589,9.7469],[36.1915,9.6878],[36.2008,9.6147],[36.232,9.5701],[36.3012,9.5551],[36.3803,9.4802],[36.4008,9.5105],[36.4613,9.5278],[36.4945,9.509],[36.515,9.4437],[36.5069,9.4189],[36.4755,9.3945],[36.4842,9.3675],[36.4616,9.3571],[36.3755,9.3581],[36.3343,9.3394],[36.319,9.3056],[36.2956,9.3015],[36.2754,9.3431],[36.2533,9.3016],[36.2186,9.2967],[36.2145,9.3318],[36.2341,9.3467],[36.2062,9.3544],[36.1945,9.289],[36.2264,9.2714],[36.229,9.2288],[36.2042,9.1572],[36.1616,9.1049],[36.1847,9.0716],[36.2465,9.0406],[36.2259,9.0307],[36.1769,9.0442],[36.1595,9.0205],[36.1315,9.0205],[36.1286,9.051],[36.1086,9.0797],[36.0758,9.0613],[36.0972,9.0318],[36.0865,9.0125]]],[[[35.026,10.551],[35.026,10.552],[35.027,10.552],[35.027,10.551],[35.026,10.551]]]]}},{"type":"Feature","properties":{"name":"Mao-Komo","region":"Benishangul Gumuz","centroid":[34.3312,9.3468],"code":"ET0605"},"geometry":{"type":"Polygon","coordinates":[[[34.411,9.669],[34.4314,9.6291],[34.4459,9.6235],[34.4644,9.6325],[34.4925,9.6222],[34.5105,9.6517],[34.5589,9.6434],[34.567,9.63],[34.5485,9.6291],[34.5232,9.5408],[34.4989,9.5139],[34.513,9.4476],[34.4519,9.4488],[34.4663,9.3654],[34.4397,9.2154],[34.4019,9.1864],[34.3414,9.1686],[34.4266,9.072],[34.4589,9.0727],[34.5035,9.0044],[34.4298,8.9671],[34.144,8.9623],[34.1068,9.558],[34.1532,9.7089],[34.1985,9.7375],[34.2693,9.7492],[34.3111,9.735],[34.3385,9.6845],[34.3877,9.6585],[34.4074,9.6685],[34.411,9.669]]]}},{"type":"Feature","properties":{"name":"Nuer","region":"Gambela","centroid":[33.5151,8.172],"code":"ET1201"},"geometry":{"type":"Polygon","coordinates":[[[33.465,8.202],[33.4884,8.131],[33.4773,8.0407],[33.5037,7.9755],[33.4647,7.9607],[33.44,7.9061],[33.4554,7.8766],[33.4705,7.8889],[33.4828,7.8832],[33.476,7.7907],[33.4531,7.7345],[33.4247,7.7494],[33.4117,7.732],[33.3516,7.7218],[33.3212,7.7035],[33.301,7.7356],[33.2387,7.7724],[33.2157,7.7675],[33.16,7.7949],[33.1093,7.7766],[33.0889,7.7963],[33.0466,7.7886],[33.0463,7.8066],[33.0008,7.8737],[33.0136,7.8884],[33.0002,7.9401],[33.0348,7.9664],[33.0409,8.0065],[33.0766,8.023],[33.0854,8.0739],[33.1033,8.0748],[33.1172,8.0592],[33.1193,8.1057],[33.1594,8.1096],[33.1907,8.1294],[33.164,8.1886],[33.202,8.2326],[33.1982,8.2453],[33.1788,8.2471],[33.1686,8.2929],[33.2005,8.3022],[33.1916,8.3324],[33.2159,8.3444],[33.2157,8.3545],[33.1939,8.3467],[33.1875,8.382],[33.1911,8.4054],[33.216,8.4064],[33.2178,8.4303],[33.2343,8.4215],[33.2476,8.4437],[33.2694,8.4518],[33.2947,8.4354],[33.3113,8.4586],[33.3955,8.4214],[33.4219,8.4459],[33.4493,8.4383],[33.4957,8.4698],[33.5626,8.4668],[33.5735,8.4463],[33.5976,8.4442],[33.6214,8.4667],[33.6791,8.438],[33.682,8.4045],[33.7037,8.369],[33.7336,8.3619],[33.7494,8.3744],[33.7691,8.363],[33.8403,8.4291],[33.8754,8.4333],[33.8809,8.459],[33.9039,8.4822],[33.9403,8.4959],[34.0192,8.4865],[34.0399,8.5157],[34.0624,8.4769],[34.0751,8.4795],[34.052,8.4202],[34.061,8.3853],[34.0462,8.3854],[34.043,8.3431],[34.0205,8.3285],[33.9973,8.2828],[33.9995,8.24],[34.0405,8.2336],[34.034,8.182],[34.0211,8.1747],[33.9413,8.1837],[33.9282,8.2347],[33.8851,8.2695],[33.859,8.21],[33.8525,8.1365],[33.8214,8.1695],[33.7828,8.1753],[33.6146,8.1268],[33.5552,8.2133],[33.5682,8.2718],[33.506,8.293],[33.461,8.242],[33.4645,8.2055],[33.465,8.202]]]}},{"type":"Feature","properties":{"name":"Agniwak","region":"Gambela","centroid":[34.4785,7.5711],"code":"ET1202"},"geometry":{"type":"MultiPolygon","coordinates":[[[[34.866,7.541],[34.9209,7.4641],[34.9252,7.386],[34.9893,7.3538],[34.9695,7.3195],[34.9655,7.2665],[34.9818,7.2234],[34.9702,7.2334],[34.9425,7.1926],[34.8981,7.1844],[34.8927,7.0912],[34.8771,7.0695],[34.8844,7.0304],[34.902,7.0307],[34.9115,6.9876],[34.998,6.8925],[34.9924,6.8639],[34.9688,6.8587],[34.9338,6.796],[35.0812,6.8095],[35.1796,6.7268],[35.1976,6.6798],[35.1875,6.6559],[35.1953,6.5971],[35.1855,6.4895],[35.1741,6.4658],[35.1994,6.4105],[35.1786,6.3788],[35.1316,6.3951],[35.1066,6.3196],[35.0383,6.3043],[35.0113,6.28],[34.9855,6.2975],[34.9966,6.3457],[34.9895,6.384],[35.0078,6.4017],[35.0195,6.447],[34.9719,6.5006],[34.9572,6.5022],[34.9383,6.5516],[34.8587,6.6051],[34.7878,6.5877],[34.7689,6.5936],[34.7145,6.6513],[34.706,6.6862],[34.6384,6.7357],[34.6137,6.7216],[34.5302,6.7459],[34.5393,6.8185],[34.5075,6.8788],[34.4862,6.8829],[34.4616,6.9252],[34.305,6.9606],[34.2708,6.9846],[34.2711,7.0023],[34.2364,7.0024],[34.2114,7.0368],[34.1932,7.0386],[34.1833,7.1324],[34.1028,7.1696],[34.0901,7.1973],[34.0423,7.2209],[34.0117,7.2563],[34.01,7.2687],[34.0254,7.2642],[34.034,7.2802],[34.0317,7.3605],[33.9999,7.4155],[33.9423,7.4697],[33.9457,7.5036],[33.8751,7.5146],[33.7961,7.6029],[33.7417,7.6223],[33.7208,7.6521],[33.6898,7.6626],[33.6814,7.6734],[33.6898,7.6792],[33.6713,7.6932],[33.6022,7.7052],[33.5728,7.6875],[33.54,7.7014],[33.5135,7.7317],[33.4633,7.746],[33.4544,7.7371],[33.476,7.7907],[33.4828,7.8832],[33.4705,7.8889],[33.4554,7.8766],[33.44,7.9061],[33.4647,7.9607],[33.5037,7.9755],[33.4773,8.0407],[33.4884,8.131],[33.461,8.242],[33.506,8.293],[33.5682,8.2718],[33.5552,8.2133],[33.6146,8.1268],[33.7828,8.1753],[33.8214,8.1695],[33.8525,8.1365],[33.859,8.21],[33.881,8.268],[33.8921,8.2682],[33.9282,8.2347],[33.9413,8.1837],[34.0167,8.1733],[34.034,8.182],[34.075,8.1526],[34.0984,8.1536],[34.138,8.092],[34.2414,8.0739],[34.3116,8.0285],[34.3534,8.0675],[34.3813,8.0585],[34.432,8.0822],[34.4365,8.1507],[34.4519,8.1778],[34.3752,8.1777],[34.3576,8.2094],[34.3837,8.2096],[34.3593,8.2719],[34.354,8.3463],[34.384,8.395],[34.5229,8.4753],[34.5566,8.4547],[34.5743,8.4033],[34.727,8.39],[34.7854,8.3547],[34.7951,8.3265],[34.786,8.3033],[34.8283,8.2607],[34.965,8.247],[35.0187,8.2192],[35.0727,8.2203],[35.1185,8.2005],[35.157,8.137],[35.1432,8.1424],[35.0893,8.1135],[35.1196,8.0783],[35.1415,7.9886],[35.1084,7.9568],[35.0485,7.9541],[35.0087,7.9233],[35.0131,7.8821],[35.0007,7.862],[34.9508,7.89],[34.9323,7.8277],[34.9321,7.7279],[35,7.747],[34.9985,7.6434],[34.9178,7.6311],[34.865,7.545],[34.866,7.541]]],[[[35.157,8.137],[35.1582,8.1367],[35.1573,8.1358],[35.157,8.137]]]]}},{"type":"Feature","properties":{"name":"Majang","region":"Gambela","centroid":[35.1668,7.4025],"code":"ET1203"},"geometry":{"type":"Polygon","coordinates":[[[35.392,7.396],[35.3752,7.2903],[35.3459,7.2387],[35.3731,7.2306],[35.3335,7.1876],[35.3801,7.1229],[35.3308,7.1268],[35.2999,7.1155],[35.2658,7.1358],[35.2346,7.1377],[35.2051,7.0993],[35.1143,7.1019],[35.0841,7.1243],[35.0541,7.1839],[35.0214,7.1855],[34.9772,7.2137],[34.9681,7.3043],[34.9893,7.3538],[34.9252,7.386],[34.9263,7.4493],[34.866,7.549],[34.9178,7.6311],[34.9985,7.6434],[35,7.747],[35.0772,7.7305],[35.1165,7.6305],[35.1466,7.6295],[35.1659,7.6147],[35.1719,7.5325],[35.1431,7.5172],[35.1226,7.4783],[35.1895,7.4555],[35.2097,7.4715],[35.3097,7.4788],[35.3735,7.4275],[35.368,7.4144],[35.3915,7.3965],[35.392,7.396]]]}},{"type":"Feature","properties":{"name":"Itang","region":"Gambela","centroid":[34.2512,8.3721],"code":"ET1204"},"geometry":{"type":"MultiPolygon","coordinates":[[[[34.286,8.704],[34.3124,8.6818],[34.3383,8.618],[34.3585,8.5198],[34.3134,8.3897],[34.3475,8.3763],[34.383,8.394],[34.354,8.3463],[34.3593,8.2719],[34.3837,8.2096],[34.3576,8.2094],[34.3752,8.1777],[34.4519,8.1778],[34.4365,8.1507],[34.432,8.0822],[34.3813,8.0585],[34.3534,8.0675],[34.3041,8.0275],[34.2583,8.0676],[34.1995,8.089],[34.1914,8.0805],[34.138,8.092],[34.0984,8.1536],[34.075,8.1526],[34.0357,8.1791],[34.0405,8.2336],[34.0104,8.2344],[33.9965,8.2558],[34.0037,8.3028],[34.043,8.3431],[34.0462,8.3854],[34.061,8.3853],[34.052,8.4202],[34.0751,8.4795],[34.0624,8.4769],[34.0399,8.5157],[34.1036,8.5528],[34.1398,8.595],[34.1434,8.6522],[34.1907,8.6515],[34.2567,8.7028],[34.2845,8.7045],[34.286,8.704]]],[[[34.383,8.394],[34.383,8.395],[34.384,8.395],[34.384,8.394],[34.383,8.394]]]]}},{"type":"Feature","properties":{"name":"Harari","region":"Harari","centroid":[42.1757,9.2775],"code":"ET1301"},"geometry":{"type":"Polygon","coordinates":[[[42.2331,9.1861],[42.1973,9.2196],[42.1484,9.2061],[42.1162,9.2295],[42.0612,9.2264],[42.0706,9.3038],[42.1293,9.3885],[42.1468,9.3871],[42.169,9.362],[42.2528,9.3835],[42.2701,9.3607],[42.2495,9.2705],[42.2721,9.2151],[42.245,9.1865],[42.2331,9.1861]]]}},{"type":"Feature","properties":{"name":"Region 14","region":"Addis Ababa","centroid":[38.7857,8.9602],"code":"ET1401"},"geometry":{"type":"Polygon","coordinates":[[[38.7977,8.8334],[38.7806,8.8356],[38.7732,8.8571],[38.7457,8.8631],[38.7433,8.9018],[38.6395,8.9739],[38.6591,8.9841],[38.651,9.006],[38.6665,9.0098],[38.685,9.072],[38.7172,9.0873],[38.767,9.0985],[38.7914,9.0773],[38.8687,9.0847],[38.9025,9.0163],[38.8962,8.9362],[38.856,8.939],[38.8795,8.9181],[38.8685,8.8734],[38.863,8.8835],[38.8258,8.8797],[38.8235,8.8405],[38.8124,8.8396],[38.7977,8.8334]]]}},{"type":"Feature","properties":{"name":"Dire Dawa urban","region":"Dire Dawa","centroid":[41.8366,9.6212],"code":"ET1501"},"geometry":{"type":"Polygon","coordinates":[[[41.883,9.598],[41.8764,9.5747],[41.857,9.575],[41.8015,9.6135],[41.7725,9.6143],[41.762,9.644],[41.7741,9.6534],[41.8086,9.6404],[41.862,9.678],[41.8894,9.5987],[41.883,9.598]]]}},{"type":"Feature","properties":{"name":"Dire Dawa rural","region":"Dire Dawa","centroid":[42.0122,9.5923],"code":"ET1502"},"geometry":{"type":"Polygon","coordinates":[[[41.953,9.488],[41.9135,9.4722],[41.8597,9.4876],[41.8154,9.4764],[41.7732,9.4908],[41.735,9.472],[41.7281,9.4886],[41.7494,9.6366],[41.762,9.644],[41.7725,9.6143],[41.8015,9.6135],[41.857,9.575],[41.8764,9.5747],[41.8894,9.5987],[41.862,9.678],[41.8736,9.6835],[41.9059,9.679],[42.0305,9.6185],[42.1866,9.7736],[42.2136,9.7835],[42.2522,9.7825],[42.34,9.719],[42.2586,9.6514],[42.2011,9.653],[42.125,9.614],[42.1525,9.5563],[42.0745,9.4733],[42.0161,9.5085],[41.9823,9.508],[41.9555,9.4895],[41.953,9.488]]]}},{"type":"Feature","properties":{"name":"Sidama","region":"Sidama","centroid":[38.5801,6.7048],"code":"ET1600"},"geometry":{"type":"Polygon","coordinates":[[[38.4006,7.1213],[38.4436,7.1265],[38.464,7.0995],[38.4944,7.0886],[38.5473,7.0915],[38.583,7.1255],[38.6306,7.1104],[38.6461,7.0954],[38.6375,7.0656],[38.681,7.048],[38.677,7.006],[38.7106,7.0125],[38.7144,6.9905],[38.6953,6.957],[38.7138,6.86],[38.64,6.8125],[38.6365,6.771],[38.7058,6.7415],[38.7429,6.7003],[38.8182,6.7032],[38.8381,6.6744],[38.9341,6.6558],[38.9494,6.6434],[38.9419,6.61],[38.9593,6.6006],[39.0594,6.6084],[39.0485,6.5693],[39.0528,6.5566],[39.0867,6.5444],[39.0967,6.5212],[39.0955,6.4717],[39.1264,6.3531],[39.1193,6.2977],[39.086,6.2518],[39.1134,6.1762],[39.1315,6.1585],[39.0342,6.1372],[38.9604,6.1594],[38.8743,6.3004],[38.7587,6.4085],[38.7074,6.392],[38.655,6.421],[38.6266,6.4169],[38.5677,6.4401],[38.5015,6.4355],[38.451,6.415],[38.4246,6.3694],[38.4014,6.3553],[38.3954,6.4126],[38.3078,6.4196],[38.2452,6.4678],[38.1553,6.439],[38.1402,6.5058],[38.1147,6.4993],[38.0919,6.5253],[38.052,6.5341],[38.017,6.575],[38.0096,6.6176],[38.0193,6.6645],[38.05,6.6916],[38.0709,6.7717],[38.1186,6.8726],[38.1367,6.9389],[38.13,6.974],[38.1941,7.012],[38.2379,7.0199],[38.3221,7.1615],[38.3423,7.1641],[38.3783,7.1293],[38.4006,7.1213]]]}},{"type":"Feature","properties":{"name":"Sheka","region":"South West Ethiopia","centroid":[35.4917,7.4565],"code":"ET1101"},"geometry":{"type":"Polygon","coordinates":[[[35.736,7.22],[35.5939,7.1933],[35.5266,7.1538],[35.4765,7.1726],[35.439,7.1627],[35.4275,7.156],[35.4465,7.1425],[35.4443,7.1242],[35.416,7.1175],[35.4021,7.1275],[35.388,7.1105],[35.3768,7.1181],[35.3335,7.1876],[35.3731,7.2306],[35.3459,7.2387],[35.3752,7.2903],[35.392,7.396],[35.368,7.4144],[35.3735,7.4275],[35.3097,7.4788],[35.2097,7.4715],[35.1895,7.4555],[35.1226,7.4783],[35.1431,7.5172],[35.1719,7.5325],[35.1659,7.6147],[35.1466,7.6295],[35.1165,7.6305],[35.116,7.645],[35.2126,7.6512],[35.2229,7.7029],[35.2754,7.7455],[35.3405,7.776],[35.3421,7.8212],[35.3584,7.8423],[35.4009,7.8296],[35.4294,7.8815],[35.4748,7.8735],[35.5211,7.895],[35.5449,7.8303],[35.592,7.808],[35.5906,7.7789],[35.6025,7.7727],[35.5929,7.7345],[35.5756,7.7366],[35.5755,7.7173],[35.6016,7.6934],[35.571,7.6747],[35.5633,7.6502],[35.5855,7.5345],[35.5567,7.5126],[35.5651,7.4867],[35.5279,7.4807],[35.4389,7.4224],[35.4968,7.3837],[35.5015,7.2893],[35.492,7.2668],[35.5332,7.2654],[35.5685,7.2805],[35.6275,7.2285],[35.6694,7.2415],[35.6787,7.2274],[35.7004,7.2255],[35.7244,7.2415],[35.7355,7.2205],[35.736,7.22]]]}},{"type":"Feature","properties":{"name":"Keffa","region":"South West Ethiopia","centroid":[36.0068,7.0155],"code":"ET1102"},"geometry":{"type":"Polygon","coordinates":[[[35.969,6.235],[35.9791,6.2658],[35.9683,6.2853],[35.9728,6.3365],[35.9927,6.3973],[36.017,6.4122],[36.0401,6.4602],[36.1032,6.4683],[36.1047,6.4845],[36.1298,6.4985],[36.1233,6.5149],[36.1379,6.5379],[36.1333,6.5721],[36.0934,6.6116],[36.0779,6.6115],[36.0673,6.6435],[36.0856,6.6676],[36.0755,6.6999],[36.084,6.7214],[36.0638,6.7309],[36.0757,6.7665],[36.0565,6.8069],[36.0645,6.8157],[36.0473,6.8931],[36.0225,6.9305],[36.0025,6.9979],[36.0008,7.053],[35.936,7.117],[35.8785,7.0895],[35.8802,7.0513],[35.8604,7.0314],[35.8594,7.012],[35.8209,7.0388],[35.8455,7.0813],[35.8075,7.0695],[35.7892,7.0074],[35.7676,7.0325],[35.712,7.004],[35.7106,7.0317],[35.7482,7.0603],[35.7534,7.0799],[35.7302,7.0676],[35.7094,7.0737],[35.7244,7.1043],[35.693,7.204],[35.7348,7.2185],[35.7325,7.2402],[35.7137,7.2407],[35.7004,7.2255],[35.6787,7.2274],[35.6694,7.2415],[35.6275,7.2285],[35.5685,7.2805],[35.5332,7.2654],[35.492,7.2668],[35.5015,7.2893],[35.4968,7.3837],[35.4389,7.4224],[35.5279,7.4807],[35.5651,7.4867],[35.5567,7.5126],[35.5855,7.5345],[35.5633,7.6502],[35.571,7.6747],[35.6016,7.6934],[35.5755,7.7173],[35.5756,7.7366],[35.5929,7.7345],[35.5985,7.7459],[35.592,7.808],[35.6935,7.8641],[35.7157,7.8551],[35.7371,7.8648],[35.8005,7.9339],[35.7387,7.9884],[35.7228,8.0224],[35.7659,8.0809],[35.8613,8.0768],[35.8727,8.0591],[35.9051,7.945],[35.8929,7.9032],[35.8487,7.8385],[35.9973,7.7448],[36.052,7.6536],[36.0356,7.5719],[36.1566,7.5423],[36.2256,7.4837],[36.302,7.4495],[36.349,7.445],[36.375,7.4152],[36.4841,7.4157],[36.599,7.3685],[36.633,7.378],[36.6733,7.3272],[36.791,7.252],[36.7757,7.2471],[36.757,7.1621],[36.7182,7.149],[36.6938,7.1658],[36.6766,7.1325],[36.5915,7.1224],[36.6005,7.0503],[36.5682,7.0473],[36.5526,7.0042],[36.5135,7.0086],[36.5034,6.9815],[36.479,6.986],[36.4652,6.9701],[36.4583,6.922],[36.4826,6.8791],[36.491,6.816],[36.4595,6.7852],[36.4146,6.7838],[36.4064,6.7602],[36.3427,6.705],[36.3398,6.6784],[36.359,6.6298],[36.3286,6.5782],[36.3375,6.4977],[36.3082,6.428],[36.2494,6.3845],[36.1914,6.4424],[36.1323,6.4355],[36.0699,6.3548],[36.0408,6.3491],[36.037,6.3276],[36.0595,6.3077],[36.0386,6.2696],[36.0267,6.2747],[35.9725,6.2395],[35.969,6.235]]]}},{"type":"Feature","properties":{"name":"Bench Sheko","region":"South West Ethiopia","centroid":[35.3872,6.9549],"code":"ET1103"},"geometry":{"type":"MultiPolygon","coordinates":[[[[35.72,7.118],[35.7212,7.1177],[35.7203,7.1168],[35.72,7.118]]],[[[34.976,7.22],[35.0214,7.1855],[35.0541,7.1839],[35.0841,7.1243],[35.1143,7.1019],[35.2051,7.0993],[35.2346,7.1377],[35.2658,7.1358],[35.2999,7.1155],[35.3308,7.1268],[35.388,7.1105],[35.4021,7.1275],[35.416,7.1175],[35.4443,7.1242],[35.4465,7.1425],[35.4275,7.156],[35.439,7.1627],[35.4765,7.1726],[35.5266,7.1538],[35.5939,7.1933],[35.69,7.2057],[35.7244,7.1043],[35.7094,7.0737],[35.7302,7.0676],[35.7534,7.0799],[35.7482,7.0603],[35.7106,7.0317],[35.712,7.004],[35.7676,7.0325],[35.7892,7.0074],[35.8075,7.0695],[35.8455,7.0813],[35.8209,7.0388],[35.854,7.011],[35.8378,7.0093],[35.8448,6.9919],[35.8571,6.9961],[35.8695,6.9808],[35.8455,6.9384],[35.8464,6.9169],[35.8662,6.9103],[35.8659,6.8782],[35.884,6.849],[35.872,6.835],[35.8445,6.8455],[35.7755,6.7905],[35.7385,6.7874],[35.7267,6.8083],[35.7027,6.8043],[35.6896,6.7874],[35.6924,6.7652],[35.6565,6.7406],[35.6248,6.763],[35.6039,6.7977],[35.5433,6.7484],[35.4947,6.7555],[35.4497,6.7319],[35.4214,6.7343],[35.3769,6.6751],[35.3655,6.6335],[35.3157,6.599],[35.3085,6.5719],[35.3202,6.5505],[35.3108,6.5575],[35.2771,6.5228],[35.2556,6.5256],[35.255,6.501],[35.2139,6.4876],[35.186,6.506],[35.1953,6.5971],[35.1875,6.6559],[35.1976,6.6798],[35.1796,6.7268],[35.0812,6.8095],[34.9338,6.796],[34.9688,6.8587],[34.9924,6.8639],[34.998,6.8925],[34.9115,6.9876],[34.902,7.0307],[34.8844,7.0304],[34.8771,7.0695],[34.8927,7.0912],[34.8981,7.1844],[34.9425,7.1926],[34.9702,7.2334],[34.9752,7.2208],[34.976,7.22]]]]}},{"type":"Feature","properties":{"name":"Dawro","region":"South West Ethiopia","centroid":[37.1151,6.9623],"code":"ET1104"},"geometry":{"type":"Polygon","coordinates":[[[37.286,6.831],[37.268,6.7768],[37.2449,6.763],[37.2505,6.7429],[37.2246,6.7213],[37.2415,6.6566],[37.2017,6.6477],[37.1839,6.6661],[37.1458,6.6694],[37.1063,6.6344],[37.0652,6.6259],[37.0064,6.5887],[36.989,6.599],[36.9883,6.6811],[36.9655,6.694],[36.932,6.704],[36.8669,6.6683],[36.8202,6.6816],[36.7834,6.7093],[36.6895,6.7105],[36.6905,6.7827],[36.708,6.8307],[36.7634,6.9009],[36.7646,6.9317],[36.7833,6.9564],[36.824,6.979],[36.8202,7.0759],[36.8554,7.148],[36.87,7.226],[36.9108,7.2346],[36.9601,7.2243],[37.04,7.2397],[37.131,7.229],[37.2383,7.3121],[37.35,7.357],[37.3559,7.2788],[37.373,7.2518],[37.4014,7.2468],[37.4618,7.1996],[37.5084,7.2151],[37.531,7.198],[37.4936,7.1501],[37.4546,7.1331],[37.4596,7.098],[37.4237,6.9821],[37.4357,6.8969],[37.4234,6.8761],[37.3865,6.8605],[37.3368,6.8745],[37.3351,6.8652],[37.3085,6.8639],[37.2865,6.8315],[37.286,6.831]]]}},{"type":"Feature","properties":{"name":"West Omo","region":"South West Ethiopia","centroid":[35.5951,6.1198],"code":"ET1105"},"geometry":{"type":"MultiPolygon","coordinates":[[[[35.334,5.3299],[35.308,5.341],[35.2939,5.3716],[35.298,5.4204],[35.3186,5.4627],[35.3097,5.4977],[35.1273,5.6245],[35.1301,5.6912],[35.001,5.897],[35.0005,6.0693],[34.9693,6.0905],[34.9639,6.1396],[34.9744,6.1812],[34.9521,6.2419],[34.9554,6.2816],[34.9855,6.2975],[35.0113,6.28],[35.0383,6.3043],[35.106,6.319],[35.1316,6.3951],[35.1786,6.3788],[35.1994,6.4105],[35.1741,6.4658],[35.186,6.506],[35.2278,6.4866],[35.2327,6.4989],[35.255,6.501],[35.2556,6.5256],[35.2771,6.5228],[35.3108,6.5575],[35.3202,6.5505],[35.3085,6.5719],[35.3157,6.599],[35.3655,6.6335],[35.3769,6.6751],[35.4214,6.7343],[35.4497,6.7319],[35.4947,6.7555],[35.5433,6.7484],[35.6039,6.7977],[35.6248,6.763],[35.6565,6.7406],[35.6924,6.7652],[35.6896,6.7874],[35.7027,6.8043],[35.7267,6.8083],[35.7385,6.7874],[35.7661,6.7883],[35.7951,6.7989],[35.8034,6.8215],[35.8136,6.8155],[35.8445,6.8455],[35.872,6.835],[35.884,6.849],[35.8659,6.8782],[35.8695,6.9035],[35.8476,6.9131],[35.8455,6.9355],[35.8695,6.9808],[35.8571,6.9961],[35.8448,6.9919],[35.839,7.009],[35.8594,7.012],[35.8604,7.0314],[35.8802,7.0513],[35.8785,7.0895],[35.9411,7.1165],[36.0008,7.053],[36.0025,6.9979],[36.0225,6.9305],[36.0473,6.8931],[36.0645,6.8157],[36.0565,6.8069],[36.0757,6.7665],[36.0638,6.7309],[36.084,6.7214],[36.0755,6.6999],[36.0856,6.6676],[36.0673,6.6435],[36.0779,6.6115],[36.0934,6.6116],[36.1333,6.5721],[36.1379,6.5379],[36.1233,6.5149],[36.1298,6.4985],[36.1047,6.4845],[36.1002,6.4658],[36.0401,6.4602],[36.017,6.4122],[35.9927,6.3973],[35.9728,6.3365],[35.9683,6.2853],[35.9791,6.2658],[35.9556,6.219],[35.9675,6.208],[35.9615,6.1821],[35.9776,6.1656],[35.9533,6.167],[35.9335,6.1326],[35.9515,6.1201],[35.9487,6.0988],[35.9955,6.0849],[35.9819,6.0518],[36.0086,5.996],[35.9775,5.9466],[35.9894,5.9308],[35.9879,5.895],[35.968,5.8686],[35.9733,5.8397],[35.9615,5.8383],[35.963,5.7795],[35.9785,5.7595],[35.9585,5.6987],[35.9705,5.6966],[35.9585,5.6876],[35.9643,5.6663],[35.952,5.651],[35.8758,5.6733],[35.8081,5.666],[35.7545,5.6011],[35.7559,5.3678],[35.7255,5.375],[35.7188,5.3897],[35.6559,5.3903],[35.6284,5.3778],[35.6196,5.3977],[35.6028,5.3966],[35.5883,5.4131],[35.5179,5.4172],[35.4718,5.4068],[35.456,5.3869],[35.3347,5.33],[35.334,5.3299]]],[[[35.839,7.009],[35.8378,7.0093],[35.8387,7.0102],[35.839,7.009]]],[[[36.102,6.468],[36.1023,6.4692],[36.1032,6.4683],[36.102,6.468]]]]}},{"type":"Feature","properties":{"name":"Konta","region":"South West Ethiopia","centroid":[36.655,6.9073],"code":"ET1106"},"geometry":{"type":"MultiPolygon","coordinates":[[[[36.708,6.818],[36.6905,6.7827],[36.693,6.705],[36.6713,6.6559],[36.5999,6.6271],[36.5716,6.5826],[36.4906,6.5339],[36.4638,6.5297],[36.4172,6.4756],[36.3797,6.4575],[36.3619,6.4695],[36.325,6.459],[36.3403,6.5316],[36.3286,6.5782],[36.359,6.6298],[36.3398,6.6784],[36.3427,6.705],[36.4064,6.7602],[36.4146,6.7838],[36.4595,6.7852],[36.491,6.816],[36.4826,6.8791],[36.4583,6.922],[36.4652,6.9701],[36.479,6.986],[36.5034,6.9815],[36.5135,7.0086],[36.5526,7.0042],[36.5682,7.0473],[36.6005,7.0503],[36.5915,7.1224],[36.6766,7.1325],[36.6938,7.1658],[36.7182,7.149],[36.757,7.1621],[36.7757,7.2471],[36.7887,7.249],[36.8413,7.3258],[36.8793,7.3294],[36.9557,7.26],[36.965,7.225],[36.9108,7.2346],[36.87,7.226],[36.8554,7.148],[36.8202,7.0759],[36.824,6.979],[36.7646,6.9317],[36.7634,6.9009],[36.709,6.8228],[36.708,6.818]]],[[[36.778,6.943],[36.7783,6.9442],[36.7792,6.9433],[36.778,6.943]]]]}},{"type":"Feature","properties":{"name":"Gedeo","region":"South Ethiopia","centroid":[38.3026,6.1207],"code":"ET0705"},"geometry":{"type":"Polygon","coordinates":[[[38.396,5.92],[38.3252,5.8685],[38.2703,5.8681],[38.239,5.844],[38.2082,5.8399],[38.1984,5.8486],[38.215,5.892],[38.204,5.9348],[38.1815,5.9411],[38.148,6.003],[38.1216,6.0166],[38.1166,6.0496],[38.0799,6.1166],[38.0868,6.1603],[38.1024,6.1802],[38.1254,6.1548],[38.142,6.1541],[38.1873,6.1817],[38.198,6.2061],[38.1737,6.2658],[38.1979,6.3188],[38.2884,6.3596],[38.2812,6.4414],[38.3078,6.4196],[38.3954,6.4126],[38.4014,6.3553],[38.424,6.369],[38.4345,6.1983],[38.3769,6.1639],[38.3137,6.0274],[38.279,6.0055],[38.2721,5.9867],[38.2826,5.9703],[38.3048,5.9797],[38.3275,5.9555],[38.3887,5.9324],[38.396,5.92]]]}},{"type":"Feature","properties":{"name":"Wolayita","region":"South Ethiopia","centroid":[37.7045,6.8332],"code":"ET0706"},"geometry":{"type":"Polygon","coordinates":[[[37.894,6.596],[37.814,6.51],[37.8239,6.5742],[37.7589,6.585],[37.6977,6.6445],[37.6828,6.6272],[37.6211,6.637],[37.6093,6.6235],[37.5311,6.6205],[37.4739,6.6644],[37.3575,6.6855],[37.314,6.7085],[37.2679,6.7105],[37.233,6.6711],[37.2246,6.7213],[37.2505,6.7429],[37.2449,6.763],[37.268,6.7768],[37.3085,6.8639],[37.3351,6.8652],[37.3368,6.8745],[37.3905,6.8615],[37.4345,6.8944],[37.421,6.956],[37.4596,7.098],[37.4546,7.1331],[37.4936,7.1501],[37.53,7.19],[37.5467,7.1703],[37.6758,7.1747],[37.7465,7.1348],[37.7374,7.1204],[37.7746,7.1165],[37.7967,7.0962],[37.8468,7.0995],[37.8701,7.1153],[37.9007,7.0989],[37.93,7.117],[37.9801,7.108],[37.9954,7.089],[37.9944,7.0604],[38.063,7.076],[38.0645,7.0424],[38.13,6.974],[38.1368,6.9389],[38.1186,6.8726],[38.0709,6.7717],[38.05,6.6916],[38.0193,6.6645],[38.0096,6.6176],[38.0192,6.5771],[37.955,6.5485],[37.894,6.595],[37.894,6.596]]]}},{"type":"Feature","properties":{"name":"Gamo","region":"South Ethiopia","centroid":[37.3606,6.1294],"code":"ET0710"},"geometry":{"type":"MultiPolygon","coordinates":[[[[37.0391,5.6312],[37.0265,5.6779],[37.0024,5.6965],[37.0129,5.8638],[36.995,5.968],[37.0131,5.9678],[37.047,6],[37.094,6.2019],[37.1161,6.212],[37.1215,6.2341],[37.1627,6.2497],[37.212,6.292],[37.214,6.408],[37.1815,6.4763],[37.1375,6.4962],[37.1322,6.5277],[37.1766,6.5895],[37.194,6.654],[37.2367,6.6528],[37.239,6.6826],[37.2679,6.7105],[37.331,6.7067],[37.3575,6.6855],[37.4739,6.6644],[37.5311,6.6205],[37.6093,6.6235],[37.6211,6.637],[37.6828,6.6272],[37.6977,6.6445],[37.7589,6.585],[37.823,6.575],[37.8245,6.5365],[37.7997,6.476],[37.7975,6.4287],[37.8404,6.3782],[37.8518,6.3001],[37.8402,6.2478],[37.7786,6.1502],[37.7899,6.0489],[37.7816,5.9526],[37.7207,5.9231],[37.6814,5.8844],[37.6746,5.8565],[37.664,5.8515],[37.646,5.8664],[37.5426,5.8163],[37.55,5.734],[37.5045,5.7039],[37.4869,5.7316],[37.4562,5.7054],[37.4267,5.7146],[37.4064,5.7395],[37.3041,5.7865],[37.235,5.7416],[37.1945,5.7328],[37.1689,5.7425],[37.1178,5.7244],[37.0904,5.7003],[37.0617,5.7089],[37.0445,5.6847],[37.0555,5.6654],[37.0415,5.6333],[37.0391,5.6312]]],[[[37.0617,5.7072],[37.062,5.706],[37.0608,5.7063],[37.0617,5.7072]]],[[[37.053,5.701],[37.0542,5.7007],[37.0533,5.6998],[37.053,5.701]]],[[[37.031,5.632],[37.032,5.632],[37.0315,5.6307],[37.031,5.632]]]]}},{"type":"Feature","properties":{"name":"Alle","region":"South Ethiopia","centroid":[37.1604,5.5803],"code":"ET0712"},"geometry":{"type":"MultiPolygon","coordinates":[[[[37.126,5.727],[37.2321,5.7018],[37.2675,5.6546],[37.2616,5.5986],[37.2699,5.5876],[37.3225,5.5936],[37.3139,5.5787],[37.3385,5.54],[37.3359,5.5223],[37.3616,5.5115],[37.3284,5.4761],[37.3094,5.4784],[37.3022,5.4932],[37.2753,5.465],[37.2459,5.4827],[37.204,5.442],[37.1763,5.4555],[37.1635,5.4411],[37.151,5.4505],[37.0937,5.397],[37.0671,5.3875],[37.0542,5.395],[37.0704,5.4129],[37.0554,5.4938],[37.0429,5.5189],[37.0176,5.5297],[37.01,5.5655],[37.0295,5.6307],[37.0515,5.6515],[37.0445,5.6847],[37.0534,5.7026],[37.0941,5.7014],[37.1243,5.7276],[37.126,5.727]],[[37.0617,5.7072],[37.0608,5.7063],[37.062,5.706],[37.0617,5.7072]]],[[[37.032,5.632],[37.031,5.632],[37.031,5.633],[37.032,5.633],[37.032,5.632]]],[[[37.024,5.606],[37.0228,5.6063],[37.0237,5.6072],[37.024,5.606]]]]}},{"type":"Feature","properties":{"name":"Konso","region":"South Ethiopia","centroid":[37.3744,5.3512],"code":"ET0713"},"geometry":{"type":"Polygon","coordinates":[[[37.432,5.175],[37.3668,5.1547],[37.3403,5.1594],[37.2923,5.194],[37.2172,5.2122],[37.1818,5.1936],[37.1193,5.1865],[37.004,5.199],[37.0367,5.2679],[37.0304,5.3519],[37.0509,5.3901],[37.0845,5.3904],[37.151,5.4505],[37.1635,5.4411],[37.1763,5.4555],[37.204,5.442],[37.2459,5.4827],[37.2753,5.465],[37.3022,5.4932],[37.3094,5.4784],[37.3284,5.4761],[37.3625,5.5226],[37.4112,5.5075],[37.4317,5.5115],[37.4311,5.5207],[37.465,5.515],[37.4583,5.5544],[37.4665,5.5626],[37.4776,5.5505],[37.4971,5.5849],[37.4908,5.6031],[37.5153,5.6086],[37.539,5.65],[37.558,5.619],[37.5522,5.5867],[37.5755,5.5835],[37.5983,5.5296],[37.655,5.4912],[37.6938,5.445],[37.6577,5.3685],[37.6297,5.2656],[37.4343,5.1757],[37.432,5.175]]]}},{"type":"Feature","properties":{"name":"Gofa","region":"South Ethiopia","centroid":[36.8107,6.2984],"code":"ET0715"},"geometry":{"type":"Polygon","coordinates":[[[36.7897,5.9107],[36.7458,5.9116],[36.7332,5.9296],[36.7314,6.0057],[36.7121,6.059],[36.7225,6.0894],[36.6952,6.1017],[36.7089,6.1244],[36.7269,6.1296],[36.7492,6.1843],[36.6771,6.2643],[36.696,6.346],[36.6551,6.3518],[36.6523,6.3913],[36.6096,6.3944],[36.5878,6.3725],[36.5828,6.3826],[36.5656,6.3719],[36.5334,6.3757],[36.5014,6.3153],[36.4721,6.2905],[36.4278,6.3745],[36.4127,6.3756],[36.4095,6.4356],[36.389,6.461],[36.4172,6.4756],[36.4638,6.5297],[36.4906,6.5339],[36.5716,6.5826],[36.5999,6.6271],[36.6713,6.6559],[36.6819,6.6911],[36.7048,6.7093],[36.7834,6.7093],[36.8202,6.6816],[36.8669,6.6683],[36.932,6.704],[36.9655,6.694],[36.9883,6.6811],[36.989,6.599],[37.0064,6.5887],[37.0652,6.6259],[37.1063,6.6344],[37.1458,6.6694],[37.1839,6.6661],[37.1965,6.645],[37.1766,6.5895],[37.1322,6.5277],[37.1375,6.4962],[37.1815,6.4763],[37.214,6.408],[37.212,6.292],[37.1627,6.2497],[37.1215,6.2341],[37.1161,6.212],[37.094,6.2019],[37.078,6.1003],[37.0308,5.9796],[36.9915,5.9675],[36.9413,6.0152],[36.9146,6.0165],[36.8864,6.0055],[36.832,5.9529],[36.8294,5.9317],[36.8052,5.9305],[36.7915,5.9125],[36.7897,5.9107]]]}},{"type":"Feature","properties":{"name":"Basketo","region":"South Ethiopia","centroid":[36.5544,6.2831],"code":"ET0716"},"geometry":{"type":"MultiPolygon","coordinates":[[[[36.629,6.388],[36.6523,6.3913],[36.6551,6.3518],[36.696,6.346],[36.678,6.272],[36.6374,6.2407],[36.6038,6.2454],[36.568,6.2177],[36.5442,6.1772],[36.4975,6.1995],[36.397,6.133],[36.4346,6.2199],[36.4489,6.2271],[36.5275,6.3696],[36.5828,6.3826],[36.5878,6.3725],[36.6096,6.3944],[36.6259,6.3873],[36.629,6.388]]],[[[36.629,6.388],[36.6293,6.3892],[36.6302,6.3883],[36.629,6.388]]]]}},{"type":"Feature","properties":{"name":"Amaro","region":"South Ethiopia","centroid":[37.8165,5.7621],"code":"ET0721"},"geometry":{"type":"Polygon","coordinates":[[[38.089,5.739],[38.0752,5.6886],[38.009,5.6503],[37.943,5.639],[37.9195,5.6485],[37.8934,5.6425],[37.8841,5.6241],[37.8472,5.6205],[37.8011,5.6479],[37.7345,5.6239],[37.7287,5.6641],[37.6985,5.7057],[37.6054,5.6885],[37.586,5.6589],[37.5973,5.6054],[37.5724,5.6026],[37.539,5.65],[37.5574,5.7053],[37.5426,5.8163],[37.646,5.8664],[37.664,5.8515],[37.6746,5.8565],[37.6814,5.8844],[37.7207,5.9231],[37.7816,5.9526],[37.783,6.01],[37.8045,5.993],[37.8432,6.0105],[37.9049,5.9595],[37.9689,5.9554],[38.0202,5.7894],[38.0885,5.7455],[38.089,5.739]]]}},{"type":"Feature","properties":{"name":"Burji","region":"South Ethiopia","centroid":[37.782,5.5132],"code":"ET0722"},"geometry":{"type":"Polygon","coordinates":[[[37.943,5.639],[37.9304,5.6166],[37.9483,5.5345],[37.947,5.475],[37.9351,5.4224],[37.8964,5.3494],[37.901,5.2449],[37.8536,5.2338],[37.8102,5.2679],[37.773,5.283],[37.7472,5.2764],[37.701,5.3055],[37.645,5.297],[37.6577,5.3685],[37.6857,5.4101],[37.6907,5.4595],[37.5983,5.5296],[37.5886,5.5657],[37.5755,5.5835],[37.5522,5.5867],[37.5484,5.6025],[37.5642,5.6197],[37.5764,5.6005],[37.6002,5.6068],[37.586,5.6589],[37.6054,5.6885],[37.6985,5.7057],[37.7287,5.6641],[37.7345,5.6239],[37.8011,5.6479],[37.8472,5.6205],[37.8841,5.6241],[37.8934,5.6425],[37.9195,5.6485],[37.9425,5.6395],[37.943,5.639]]]}},{"type":"Feature","properties":{"name":"Derashe","region":"South Ethiopia","centroid":[37.3786,5.6774],"code":"ET0723"},"geometry":{"type":"Polygon","coordinates":[[[37.316,5.784],[37.4494,5.7055],[37.4869,5.7316],[37.5045,5.7039],[37.55,5.734],[37.5574,5.7053],[37.5322,5.6272],[37.4908,5.6031],[37.4971,5.5849],[37.4776,5.5505],[37.4665,5.5626],[37.4583,5.5544],[37.465,5.515],[37.4311,5.5207],[37.4317,5.5115],[37.4112,5.5075],[37.3796,5.5242],[37.3474,5.5125],[37.3139,5.5787],[37.3225,5.5936],[37.2699,5.5876],[37.2616,5.5986],[37.2675,5.6546],[37.2321,5.7018],[37.126,5.727],[37.1689,5.7425],[37.1945,5.7328],[37.235,5.7416],[37.3145,5.7845],[37.316,5.784]]]}},{"type":"Feature","properties":{"name":"South Omo (Agr)","region":"South Ethiopia","centroid":[36.5034,5.9472],"code":"ET0805"},"geometry":{"type":"MultiPolygon","coordinates":[[[[36.538,6.179],[36.6038,6.2454],[36.6374,6.2407],[36.678,6.272],[36.7329,6.192],[36.7464,6.1937],[36.743,6.157],[36.6952,6.1017],[36.7225,6.0894],[36.7121,6.059],[36.7314,6.0057],[36.7354,5.947],[36.736,5.925],[36.6928,5.9056],[36.6856,5.8794],[36.7173,5.8351],[36.703,5.7708],[36.7102,5.7447],[36.6329,5.7094],[36.6167,5.6725],[36.6074,5.707],[36.5875,5.7177],[36.4469,5.6763],[36.4294,5.6504],[36.3718,5.6808],[36.3146,5.6881],[36.2807,5.6462],[36.2804,5.6196],[36.236,5.578],[36.245,5.6489],[36.2822,5.759],[36.2677,5.8277],[36.3188,5.8594],[36.3373,5.9049],[36.3585,5.907],[36.3838,5.8613],[36.436,5.8819],[36.4385,5.8985],[36.4431,5.9327],[36.4199,5.9914],[36.3255,6.0234],[36.307,6.058],[36.3334,6.0396],[36.3623,6.046],[36.3934,6.0783],[36.397,6.133],[36.4827,6.193],[36.5048,6.1999],[36.5373,6.1799],[36.538,6.179]]],[[[36.39,6.087],[36.3888,6.0873],[36.3897,6.0882],[36.39,6.087]]],[[[36.307,6.058],[36.3058,6.0583],[36.3067,6.0592],[36.307,6.058]]],[[[36.334,6.042],[36.3328,6.0423],[36.3337,6.0432],[36.334,6.042]]]]}},{"type":"Feature","properties":{"name":"South Omo (Pas)","region":"South Ethiopia","centroid":[36.4439,5.4153],"code":"ET0707"},"geometry":{"type":"MultiPolygon","coordinates":[[[[36.871,5.024],[36.8546,4.7346],[36.8275,4.7085],[36.6468,4.7095],[36.6809,4.604],[36.6578,4.5798],[36.7115,4.4412],[36.6657,4.4403],[36.6463,4.4545],[36.2791,4.4489],[36.2453,4.4606],[36.212,4.4483],[36.0414,4.4475],[35.958,4.5313],[35.9477,4.62],[35.8171,4.7773],[35.8147,5.084],[35.8638,5.1755],[35.8294,5.2513],[35.8642,5.3034],[35.8393,5.3302],[35.757,5.3579],[35.7545,5.6011],[35.8081,5.666],[35.8758,5.6733],[35.952,5.651],[35.9643,5.6663],[35.9585,5.6876],[35.9705,5.6966],[35.9585,5.6987],[35.9785,5.7595],[35.963,5.7795],[35.9615,5.8383],[35.9733,5.8397],[35.968,5.8686],[35.9879,5.895],[35.9894,5.9308],[35.9775,5.9466],[36.0086,5.996],[35.9819,6.0518],[35.9955,6.0849],[35.9487,6.0988],[35.9515,6.1201],[35.9335,6.1357],[35.9533,6.167],[35.9776,6.1656],[35.9615,6.1821],[35.9675,6.208],[35.9575,6.2266],[35.9925,6.2575],[36.0386,6.2696],[36.0595,6.3077],[36.037,6.3276],[36.0408,6.3491],[36.0699,6.3548],[36.1323,6.4355],[36.1914,6.4424],[36.2494,6.3845],[36.3004,6.4202],[36.325,6.459],[36.3619,6.4695],[36.389,6.461],[36.4095,6.4356],[36.4127,6.3756],[36.4278,6.3745],[36.4404,6.3345],[36.4721,6.2905],[36.4861,6.2899],[36.4203,6.193],[36.3974,6.1396],[36.3934,6.0783],[36.3578,6.0434],[36.3334,6.0396],[36.3058,6.0583],[36.3255,6.0234],[36.4199,5.9914],[36.4431,5.9327],[36.4385,5.8985],[36.436,5.8819],[36.3838,5.8613],[36.3585,5.907],[36.3373,5.9049],[36.3188,5.8594],[36.2677,5.8277],[36.2822,5.759],[36.245,5.6489],[36.236,5.578],[36.2804,5.6196],[36.2807,5.6462],[36.3146,5.6881],[36.3718,5.6808],[36.4294,5.6504],[36.4469,5.6763],[36.5875,5.7177],[36.6074,5.707],[36.6167,5.6725],[36.6329,5.7094],[36.7102,5.7447],[36.703,5.7708],[36.7173,5.8351],[36.6856,5.8794],[36.7109,5.9196],[36.7964,5.9115],[36.8052,5.9305],[36.8294,5.9317],[36.832,5.9529],[36.8864,6.0055],[36.9146,6.0165],[36.941,6.014],[36.9975,5.9658],[37.0129,5.8638],[37.0024,5.6965],[37.0325,5.6645],[37.034,5.6249],[37.0155,5.598],[37.0105,5.5458],[37.0554,5.4938],[37.0704,5.4129],[37.0304,5.3519],[37.0367,5.2679],[37.0162,5.242],[37.0173,5.2221],[37.004,5.199],[36.949,5.1943],[36.893,5.1094],[36.8716,5.0294],[36.871,5.024]]],[[[36.941,6.014],[36.9413,6.0152],[36.9422,6.0143],[36.941,6.014]]]]}},{"type":"Feature","properties":{"name":"Gurage","region":"Central Ethiopia","centroid":[37.8748,8.0921],"code":"ET0701"},"geometry":{"type":"MultiPolygon","coordinates":[[[[37.8742,7.7425],[37.8117,7.8186],[37.77,7.846],[37.72,7.85],[37.7054,7.8896],[37.607,7.925],[37.6154,7.9504],[37.5915,8.077],[37.6221,8.2084],[37.6148,8.2275],[37.5769,8.2315],[37.5284,8.2663],[37.506,8.2542],[37.4725,8.2655],[37.4659,8.3296],[37.4979,8.4019],[37.5111,8.4161],[37.5583,8.4251],[37.612,8.3539],[37.666,8.3832],[37.7048,8.3367],[37.7625,8.3475],[37.7575,8.315],[37.7225,8.3083],[37.7399,8.2897],[37.7346,8.2749],[37.752,8.243],[37.773,8.255],[37.776,8.272],[37.7535,8.2762],[37.7745,8.2867],[37.7759,8.3043],[37.7985,8.2987],[37.8039,8.2825],[37.8275,8.311],[37.8678,8.3201],[37.8863,8.3034],[37.865,8.274],[37.9249,8.2618],[38.0195,8.3322],[38.0656,8.339],[38.0713,8.3539],[38.0567,8.3604],[38.059,8.379],[38.1099,8.3897],[38.122,8.4061],[38.1638,8.4081],[38.1803,8.3928],[38.2181,8.4085],[38.282,8.3993],[38.2894,8.3805],[38.3125,8.3689],[38.3072,8.2991],[38.326,8.266],[38.3184,8.2352],[38.2831,8.2001],[38.2849,8.1695],[38.252,8.12],[38.2201,8.1195],[38.2135,8.0964],[38.1899,8.0911],[38.1461,8.0079],[38.1298,8.0013],[38.1295,7.9684],[38.0903,7.9446],[38.0068,7.8406],[37.9974,7.8414],[38.0024,7.8542],[37.9786,7.8506],[37.9848,7.8754],[37.9499,7.8519],[37.917,7.86],[37.9395,7.8145],[37.9164,7.7953],[37.9187,7.7775],[37.8915,7.7887],[37.8966,7.7585],[37.8785,7.7455],[37.8742,7.7425]]],[[[37.766,8.346],[37.764,8.346],[37.764,8.347],[37.766,8.347],[37.766,8.346]]]]}},{"type":"Feature","properties":{"name":"Hadiya","region":"Central Ethiopia","centroid":[37.7891,7.4527],"code":"ET0702"},"geometry":{"type":"MultiPolygon","coordinates":[[[[37.765,7.389],[37.7381,7.3382],[37.7726,7.3147],[37.7317,7.3071],[37.7052,7.277],[37.6914,7.2794],[37.6892,7.2945],[37.6668,7.2755],[37.6594,7.3213],[37.6385,7.3208],[37.6423,7.3092],[37.6296,7.3114],[37.5945,7.2505],[37.5809,7.2486],[37.5813,7.2855],[37.5635,7.2906],[37.5843,7.3125],[37.5855,7.2875],[37.5936,7.2926],[37.5915,7.3278],[37.5385,7.3214],[37.4669,7.3415],[37.4117,7.321],[37.3518,7.3293],[37.35,7.357],[37.39,7.401],[37.4073,7.4918],[37.445,7.564],[37.5052,7.6051],[37.5354,7.6629],[37.5626,7.7749],[37.5953,7.8472],[37.6033,7.9243],[37.6359,7.9225],[37.6685,7.8974],[37.7054,7.8896],[37.72,7.85],[37.77,7.846],[37.8117,7.8186],[37.867,7.751],[37.8537,7.7195],[37.8863,7.7048],[37.8883,7.6815],[37.9325,7.6881],[37.9338,7.6516],[37.96,7.73],[38.0025,7.6914],[38.0276,7.7015],[38.0245,7.7266],[38.0545,7.7206],[38.0425,7.6945],[38.0565,7.687],[38.0582,7.6609],[38.0445,7.6436],[38.1008,7.6274],[38.1005,7.6067],[38.1119,7.6066],[38.1202,7.54],[38.1116,7.5408],[38.1095,7.5015],[38.0894,7.4885],[38.1278,7.4496],[38.1066,7.4196],[38.0456,7.4189],[38.0268,7.4044],[37.984,7.4225],[37.922,7.4],[37.9204,7.4329],[37.8956,7.44],[37.8772,7.47],[37.8636,7.4816],[37.8488,7.4759],[37.8305,7.5005],[37.8292,7.483],[37.8089,7.4793],[37.8365,7.4562],[37.7671,7.3896],[37.765,7.389]],[[37.554,7.331],[37.5651,7.3603],[37.535,7.364],[37.5125,7.3482],[37.5472,7.3316],[37.554,7.331]]],[[[38.079,7.256],[38.101,7.208],[38.078,7.1799],[38.063,7.076],[38.0393,7.0753],[38.0375,7.0645],[37.9944,7.0604],[37.9954,7.089],[37.9713,7.1107],[37.93,7.117],[37.9007,7.0989],[37.8701,7.1153],[37.8112,7.0936],[37.7695,7.1185],[37.7425,7.1175],[37.7465,7.1348],[37.7193,7.1417],[37.7191,7.1572],[37.7436,7.1636],[37.7437,7.1538],[37.7785,7.1434],[37.8004,7.173],[37.8253,7.18],[37.8107,7.1884],[37.8285,7.2045],[37.8432,7.2007],[37.8465,7.1705],[37.852,7.203],[37.8706,7.1965],[37.8765,7.2086],[37.9955,7.1956],[37.9972,7.2181],[38.0125,7.2159],[38.0092,7.2384],[38.0226,7.2325],[38.0334,7.2671],[38.0635,7.2709],[38.0725,7.2615],[38.079,7.256]]],[[[37.607,7.925],[37.607,7.926],[37.608,7.926],[37.608,7.925],[37.607,7.925]]]]}},{"type":"Feature","properties":{"name":"Alaba","region":"Central Ethiopia","centroid":[38.2242,7.4633],"code":"ET0714"},"geometry":{"type":"MultiPolygon","coordinates":[[[[38.151,7.42],[38.1693,7.449],[38.1622,7.4605],[38.1906,7.448],[38.2009,7.4784],[38.2135,7.4801],[38.1922,7.494],[38.2003,7.5044],[38.2113,7.4999],[38.2066,7.4882],[38.2205,7.4885],[38.2186,7.5239],[38.249,7.588],[38.2595,7.5957],[38.2918,7.5848],[38.3438,7.625],[38.3577,7.6186],[38.3203,7.6416],[38.3376,7.6504],[38.3314,7.6655],[38.3216,7.6621],[38.3265,7.6845],[38.3634,7.6745],[38.3645,7.6916],[38.3813,7.6912],[38.412,7.68],[38.4202,7.6237],[38.4015,7.5784],[38.42,7.568],[38.4268,7.5144],[38.3417,7.4785],[38.3275,7.4617],[38.3191,7.4142],[38.2796,7.3805],[38.2816,7.3382],[38.2644,7.306],[38.101,7.208],[38.0705,7.2988],[38.0472,7.2815],[38.0356,7.2952],[38.0191,7.2665],[37.972,7.276],[37.9685,7.2991],[38.0033,7.326],[38.0156,7.376],[38.0548,7.3861],[38.031,7.405],[38.0405,7.4171],[38.1027,7.4175],[38.119,7.437],[38.126,7.4199],[38.1488,7.4161],[38.151,7.42]]],[[[38.249,7.585],[38.2487,7.5838],[38.2478,7.5847],[38.249,7.585]]]]}},{"type":"Feature","properties":{"name":"Silltie","region":"Central Ethiopia","centroid":[38.1926,7.7249],"code":"ET0720"},"geometry":{"type":"MultiPolygon","coordinates":[[[[38.1488,7.4161],[38.126,7.4199],[38.1271,7.4559],[38.0894,7.4885],[38.1122,7.5075],[38.1198,7.5647],[38.1008,7.6274],[38.0445,7.6436],[38.0582,7.6609],[38.0565,7.687],[38.0425,7.6945],[38.0545,7.7206],[38.0245,7.7266],[38.0276,7.7015],[38.0025,7.6914],[37.96,7.73],[37.9338,7.6516],[37.9325,7.6881],[37.8883,7.6815],[37.8863,7.7048],[37.8537,7.7195],[37.8593,7.7425],[37.8966,7.7585],[37.8915,7.7887],[37.9187,7.7775],[37.9164,7.7953],[37.936,7.8061],[37.917,7.86],[37.9499,7.8519],[37.9848,7.8754],[37.9786,7.8506],[38.0024,7.8542],[38.001,7.838],[38.0442,7.8766],[38.0903,7.9446],[38.1295,7.9684],[38.1298,8.0013],[38.1461,8.0079],[38.1899,8.0911],[38.218,8.1014],[38.2201,8.1195],[38.2697,8.1215],[38.2654,8.0835],[38.283,8.055],[38.338,8.049],[38.4055,8.0895],[38.4275,8.0775],[38.44,8.092],[38.4604,8.0881],[38.4525,8.0793],[38.4652,8.0701],[38.4323,8.0186],[38.4573,7.9931],[38.435,7.97],[38.549,7.871],[38.5127,7.8484],[38.4925,7.7951],[38.4451,7.7593],[38.4387,7.7186],[38.412,7.68],[38.3813,7.6912],[38.3645,7.6916],[38.3634,7.6745],[38.3265,7.6845],[38.3216,7.6621],[38.3314,7.6655],[38.3376,7.6504],[38.3203,7.6416],[38.3577,7.6186],[38.3438,7.625],[38.2918,7.5848],[38.2595,7.5957],[38.249,7.588],[38.2186,7.5239],[38.2205,7.4885],[38.2066,7.4882],[38.2113,7.4999],[38.2003,7.5044],[38.1922,7.494],[38.2135,7.4801],[38.2009,7.4784],[38.1906,7.448],[38.1622,7.4605],[38.1693,7.449],[38.151,7.42],[38.1488,7.4161]]],[[[38.267,7.589],[38.2666,7.5872],[38.2638,7.5886],[38.267,7.589]]],[[[38.255,7.589],[38.2563,7.5884],[38.2554,7.5867],[38.255,7.589]]]]}},{"type":"Feature","properties":{"name":"Yem","region":"Central Ethiopia","centroid":[37.4999,7.8251],"code":"ET0724"},"geometry":{"type":"Polygon","coordinates":[[[37.602,7.985],[37.6154,7.9504],[37.5432,7.6824],[37.5052,7.6051],[37.445,7.564],[37.4012,7.682],[37.405,7.8269],[37.4368,7.9181],[37.3898,7.9619],[37.3918,7.9925],[37.4906,8.0167],[37.5131,8.0009],[37.5377,7.9543],[37.5556,7.9478],[37.6029,7.9646],[37.6005,7.978],[37.602,7.985]]]}},{"type":"Feature","properties":{"name":"East Gurage","region":"Central Ethiopia","centroid":[38.5087,8.1886],"code":"ET0704"},"geometry":{"type":"Polygon","coordinates":[[[38.4903,8.0354],[38.4461,8.0541],[38.4652,8.0701],[38.4525,8.0793],[38.4604,8.0881],[38.44,8.092],[38.4275,8.0775],[38.4106,8.0905],[38.3838,8.0824],[38.338,8.049],[38.283,8.055],[38.2654,8.0835],[38.2715,8.1196],[38.2525,8.1265],[38.2849,8.1695],[38.2831,8.2001],[38.3184,8.2352],[38.3255,8.2655],[38.3476,8.2539],[38.4269,8.2939],[38.4686,8.435],[38.4782,8.4472],[38.5017,8.4438],[38.5273,8.4572],[38.576,8.4444],[38.5911,8.4259],[38.6173,8.4305],[38.6548,8.3941],[38.667,8.35],[38.6512,8.2844],[38.7165,8.2294],[38.6821,8.1897],[38.6846,8.1224],[38.6723,8.0896],[38.6347,8.133],[38.6007,8.2497],[38.5934,8.2601],[38.5498,8.2623],[38.543,8.2247],[38.5819,8.171],[38.584,8.1075],[38.598,8.086],[38.5595,8.1015],[38.5345,8.0555],[38.5188,8.058],[38.5182,8.0771],[38.5077,8.0776],[38.4885,8.0472],[38.497,8.0394],[38.4903,8.0354]]]}},{"type":"Feature","properties":{"name":"Kebena","region":"Central Ethiopia","centroid":[37.8949,8.3261],"code":null},"geometry":{"type":"Polygon","coordinates":[[[38.059,8.379],[38.0567,8.3604],[38.0713,8.3539],[38.0656,8.339],[38.0195,8.3322],[37.9249,8.2618],[37.865,8.274],[37.8863,8.3034],[37.8678,8.3201],[37.8275,8.311],[37.8039,8.2825],[37.7985,8.2987],[37.7759,8.3043],[37.7745,8.2867],[37.7535,8.2762],[37.776,8.272],[37.773,8.255],[37.752,8.243],[37.7346,8.2749],[37.7399,8.2897],[37.7225,8.3083],[37.7575,8.315],[37.763,8.347],[37.8163,8.3315],[37.8626,8.3353],[37.928,8.3778],[37.9883,8.3593],[38.0396,8.3886],[38.059,8.379]]]}},{"type":"Feature","properties":{"name":"Kembata","region":"Central Ethiopia","centroid":[37.8354,7.2987],"code":"ET0703"},"geometry":{"type":"Polygon","coordinates":[[[37.769,7.314],[37.7381,7.3382],[37.7544,7.3805],[37.8365,7.4562],[37.8089,7.4793],[37.8292,7.483],[37.8333,7.5006],[37.8488,7.4759],[37.8636,7.4816],[37.8956,7.44],[37.9204,7.4329],[37.922,7.4],[37.984,7.4225],[38.0517,7.3959],[38.0496,7.38],[38.0156,7.376],[38.0033,7.326],[37.9685,7.2991],[37.972,7.276],[38.0191,7.2665],[38.0356,7.2952],[38.0472,7.2815],[38.0705,7.2988],[38.082,7.2736],[38.079,7.256],[38.0635,7.2709],[38.0334,7.2671],[38.0226,7.2325],[38.0092,7.2384],[38.0125,7.2159],[37.9972,7.2181],[37.9955,7.1956],[37.8765,7.2086],[37.8706,7.1965],[37.852,7.203],[37.8465,7.1705],[37.8432,7.2007],[37.8285,7.2045],[37.8107,7.1884],[37.8253,7.18],[37.8004,7.173],[37.7785,7.1434],[37.7437,7.1538],[37.7436,7.1636],[37.7154,7.1564],[37.65,7.1814],[37.5443,7.1706],[37.535,7.19],[37.5803,7.1931],[37.6066,7.2204],[37.6013,7.2641],[37.6322,7.3145],[37.6423,7.3092],[37.6385,7.3208],[37.6594,7.3213],[37.6668,7.2755],[37.6892,7.2945],[37.6914,7.2794],[37.7052,7.277],[37.7317,7.3071],[37.7651,7.3149],[37.769,7.314]]]}},{"type":"Feature","properties":{"name":"Mareko","region":"Central Ethiopia","centroid":[38.5319,8.0117],"code":"ET0725"},"geometry":{"type":"Polygon","coordinates":[[[38.598,8.086],[38.6218,8.0682],[38.6131,8.0428],[38.6275,8.0333],[38.5968,7.9896],[38.5865,7.9382],[38.549,7.871],[38.4505,7.9491],[38.435,7.97],[38.4573,7.9931],[38.4327,8.0254],[38.4561,8.0537],[38.497,8.0394],[38.4939,8.0604],[38.5136,8.0795],[38.5188,8.058],[38.5345,8.0555],[38.5595,8.1015],[38.5925,8.0815],[38.598,8.086]]]}},{"type":"Feature","properties":{"name":"Tembaro","region":"Central Ethiopia","centroid":[37.4974,7.2786],"code":"ET0726"},"geometry":{"type":"MultiPolygon","coordinates":[[[[37.554,7.331],[37.5125,7.3482],[37.535,7.364],[37.5651,7.3603],[37.5545,7.3315],[37.554,7.331]]],[[[37.558,7.329],[37.5968,7.3183],[37.5877,7.2865],[37.5843,7.3125],[37.5635,7.2906],[37.5813,7.2855],[37.5809,7.2486],[37.601,7.255],[37.609,7.2346],[37.5746,7.1914],[37.5325,7.1888],[37.5084,7.2151],[37.4618,7.1996],[37.4014,7.2468],[37.373,7.2518],[37.3559,7.2788],[37.356,7.3257],[37.4117,7.321],[37.4669,7.3415],[37.5385,7.3214],[37.5588,7.3268],[37.558,7.329]]]]}}]}
