{"type":"FeatureCollection","source":"OpenStreetMap via Geofabrik","sourceDate":"2026-07-31T20:21:56Z","features":[{"type":"Feature","properties":{"name":"Semera","localName":"ሰመራ","place":"town","population":100000},"geometry":{"type":"Point","coordinates":[41.00892,11.79231]}},{"type":"Feature","properties":{"name":"Molale","localName":"","place":"town","population":93800},"geometry":{"type":"Point","coordinates":[39.66066,10.1192]}},{"type":"Feature","properties":{"name":"Adigrat","localName":"ዓዲግራት","place":"town","population":71453},"geometry":{"type":"Point","coordinates":[39.4615,14.27741]}},{"type":"Feature","properties":{"name":"`Alemaya","localName":"","place":"town","population":63700},"geometry":{"type":"Point","coordinates":[41.93333,9.38333]}},{"type":"Feature","properties":{"name":"Axum","localName":"አክሱም","place":"town","population":51790},"geometry":{"type":"Point","coordinates":[38.73217,14.1221]}},{"type":"Feature","properties":{"name":"Bona Qabelanka","localName":"","place":"town","population":50000},"geometry":{"type":"Point","coordinates":[38.7121,6.52875]}},{"type":"Feature","properties":{"name":"Shire","localName":"ሽሬ","place":"town","population":47284},"geometry":{"type":"Point","coordinates":[38.28252,14.10243]}},{"type":"Feature","properties":{"name":"Batu","localName":"","place":"town","population":35931},"geometry":{"type":"Point","coordinates":[38.71649,7.93581]}},{"type":"Feature","properties":{"name":"Degehabur","localName":"","place":"town","population":32000},"geometry":{"type":"Point","coordinates":[43.5584,8.22029]}},{"type":"Feature","properties":{"name":"Dolo","localName":"","place":"town","population":30970},"geometry":{"type":"Point","coordinates":[42.05889,4.17861]}},{"type":"Feature","properties":{"name":"Bule Hora","localName":"ሀገረ ማርያም","place":"town","population":27820},"geometry":{"type":"Point","coordinates":[38.23937,5.63995]}},{"type":"Feature","properties":{"name":"አዲስ ዘመን / Adis Zemen","localName":"","place":"town","population":24849},"geometry":{"type":"Point","coordinates":[37.77752,12.12529]}},{"type":"Feature","properties":{"name":"Asaita","localName":"","place":"town","population":22718},"geometry":{"type":"Point","coordinates":[41.43859,11.56533]}},{"type":"Feature","properties":{"name":"Metu","localName":"","place":"town","population":22103},"geometry":{"type":"Point","coordinates":[35.58343,8.29565]}},{"type":"Feature","properties":{"name":"Humera","localName":"ሁመራ","place":"town","population":21653},"geometry":{"type":"Point","coordinates":[36.60884,14.28769]}},{"type":"Feature","properties":{"name":"Adet","localName":"","place":"town","population":21117},"geometry":{"type":"Point","coordinates":[37.48882,11.26437]}},{"type":"Feature","properties":{"name":"Denboya","localName":"","place":"town","population":20000},"geometry":{"type":"Point","coordinates":[37.95131,7.34552]}},{"type":"Feature","properties":{"name":"Bechena","localName":"ብቸና","place":"town","population":19916},"geometry":{"type":"Point","coordinates":[38.20171,10.44806]}},{"type":"Feature","properties":{"name":"Ab'aala","localName":"አባላ (ወረዳ)","place":"town","population":14470},"geometry":{"type":"Point","coordinates":[39.75491,13.35549]}},{"type":"Feature","properties":{"name":"Mieso","localName":"","place":"town","population":12000},"geometry":{"type":"Point","coordinates":[40.75485,9.23307]}},{"type":"Feature","properties":{"name":"Mai-Aini Refugee Camp","localName":"","place":"town","population":11718},"geometry":{"type":"Point","coordinates":[38.15445,13.65708]}},{"type":"Feature","properties":{"name":"Awash","localName":"አዋሽ","place":"town","population":11053},"geometry":{"type":"Point","coordinates":[40.16767,8.9925]}},{"type":"Feature","properties":{"name":"Zalambessa","localName":"","place":"town","population":10551},"geometry":{"type":"Point","coordinates":[39.3871,14.52564]}},{"type":"Feature","properties":{"name":"Lalibela","localName":"ላሊበላ","place":"town","population":8484},"geometry":{"type":"Point","coordinates":[39.04568,12.03606]}},{"type":"Feature","properties":{"name":"Rama","localName":"","place":"town","population":7824},"geometry":{"type":"Point","coordinates":[38.7864,14.41197]}},{"type":"Feature","properties":{"name":"Gerba","localName":"","place":"town","population":7425},"geometry":{"type":"Point","coordinates":[38.27101,5.77888]}},{"type":"Feature","properties":{"name":"Finchawa","localName":"ፊንጫዋ","place":"town","population":5560},"geometry":{"type":"Point","coordinates":[38.27066,5.39413]}},{"type":"Feature","properties":{"name":"Melka Chireti","localName":"","place":"town","population":5152},"geometry":{"type":"Point","coordinates":[41.88275,5.337]}},{"type":"Feature","properties":{"name":"Tore","localName":"","place":"town","population":3405},"geometry":{"type":"Point","coordinates":[38.15655,5.93835]}},{"type":"Feature","properties":{"name":"Gish Abay","localName":"","place":"town","population":3385},"geometry":{"type":"Point","coordinates":[37.21004,10.98022]}},{"type":"Feature","properties":{"name":"Derba","localName":"","place":"town","population":2188},"geometry":{"type":"Point","coordinates":[38.65,9.43333]}},{"type":"Feature","properties":{"name":"Dawa Digati","localName":"","place":"town","population":1264},"geometry":{"type":"Point","coordinates":[38.79235,5.32884]}},{"type":"Feature","properties":{"name":"`Arb Gebeya","localName":"","place":"town","population":0},"geometry":{"type":"Point","coordinates":[37.74949,11.63181]}},{"type":"Feature","properties":{"name":"Abadra","localName":"","place":"town","population":0},"geometry":{"type":"Point","coordinates":[36.7828,11.3229]}},{"type":"Feature","properties":{"name":"Abay Yilas","localName":"","place":"town","population":0},"geometry":{"type":"Point","coordinates":[38.84829,12.37095]}},{"type":"Feature","properties":{"name":"Abba Jimma","localName":"","place":"town","population":0},"geometry":{"type":"Point","coordinates":[39.9062,8.37422]}},{"type":"Feature","properties":{"name":"Abe dongooroo","localName":"","place":"town","population":0},"geometry":{"type":"Point","coordinates":[36.93706,9.60944]}},{"type":"Feature","properties":{"name":"Abertege","localName":"","place":"town","population":0},"geometry":{"type":"Point","coordinates":[37.41396,12.74325]}},{"type":"Feature","properties":{"name":"Abiy Addi","localName":"","place":"town","population":0},"geometry":{"type":"Point","coordinates":[39.00005,13.62302]}},{"type":"Feature","properties":{"name":"Abomsa","localName":"","place":"town","population":0},"geometry":{"type":"Point","coordinates":[39.83413,8.48915]}},{"type":"Feature","properties":{"name":"Abora","localName":"","place":"town","population":0},"geometry":{"type":"Point","coordinates":[37.02929,9.99264]}},{"type":"Feature","properties":{"name":"Achamo","localName":"","place":"town","population":0},"geometry":{"type":"Point","coordinates":[38.03888,7.66556]}},{"type":"Feature","properties":{"name":"Achano","localName":"","place":"town","population":0},"geometry":{"type":"Point","coordinates":[37.3172,11.05846]}},{"type":"Feature","properties":{"name":"Achura","localName":"","place":"town","population":0},"geometry":{"type":"Point","coordinates":[37.70039,7.15641]}},{"type":"Feature","properties":{"name":"Achuwa","localName":"","place":"town","population":0},"geometry":{"type":"Point","coordinates":[36.03262,7.64876]}},{"type":"Feature","properties":{"name":"Adaba","localName":"አዳባ","place":"town","population":0},"geometry":{"type":"Point","coordinates":[39.39172,7.00725]}},{"type":"Feature","properties":{"name":"Adagalla","localName":"","place":"town","population":0},"geometry":{"type":"Point","coordinates":[42.23883,10.42641]}},{"type":"Feature","properties":{"name":"Addi Hirdi","localName":"","place":"town","population":0},"geometry":{"type":"Point","coordinates":[37.13487,13.90773]}},{"type":"Feature","properties":{"name":"Addi Khaye","localName":"","place":"town","population":0},"geometry":{"type":"Point","coordinates":[38.5945,14.27856]}},{"type":"Feature","properties":{"name":"Addis Alem","localName":"","place":"town","population":0},"geometry":{"type":"Point","coordinates":[38.41239,9.04664]}},{"type":"Feature","properties":{"name":"Addis Kidan","localName":"አዲስ ኪዳን","place":"town","population":0},"geometry":{"type":"Point","coordinates":[36.88932,11.07504]}},{"type":"Feature","properties":{"name":"Adebay","localName":"አደባይ","place":"town","population":0},"geometry":{"type":"Point","coordinates":[36.75877,14.20223]}},{"type":"Feature","properties":{"name":"Adele","localName":"","place":"town","population":0},"geometry":{"type":"Point","coordinates":[39.90433,7.7929]}},{"type":"Feature","properties":{"name":"Adi Abun","localName":"","place":"town","population":0},"geometry":{"type":"Point","coordinates":[38.88309,14.18802]}},{"type":"Feature","properties":{"name":"Adi Arkay","localName":"","place":"town","population":0},"geometry":{"type":"Point","coordinates":[38.06075,13.44787]}},{"type":"Feature","properties":{"name":"Adi Bidera (1)","localName":"","place":"town","population":0},"geometry":{"type":"Point","coordinates":[39.81252,12.76704]}},{"type":"Feature","properties":{"name":"Adi Da`Iro","localName":"","place":"town","population":0},"geometry":{"type":"Point","coordinates":[38.17155,14.30958]}},{"type":"Feature","properties":{"name":"Adi Goshu","localName":"","place":"town","population":0},"geometry":{"type":"Point","coordinates":[37.30964,14.16435]}},{"type":"Feature","properties":{"name":"Adi Mehameday","localName":"","place":"town","population":0},"geometry":{"type":"Point","coordinates":[37.82669,13.99499]}},{"type":"Feature","properties":{"name":"Adi Ramets","localName":"","place":"town","population":0},"geometry":{"type":"Point","coordinates":[37.32141,13.75174]}},{"type":"Feature","properties":{"name":"Adi Shahu","localName":"","place":"town","population":0},"geometry":{"type":"Point","coordinates":[39.51619,12.9356]}},{"type":"Feature","properties":{"name":"Adi-Nebried","localName":"","place":"town","population":0},"geometry":{"type":"Point","coordinates":[38.18703,14.41547]}},{"type":"Feature","properties":{"name":"Adulala","localName":"","place":"town","population":0},"geometry":{"type":"Point","coordinates":[38.90585,8.5344]}},{"type":"Feature","properties":{"name":"Adwa","localName":"አድዋ","place":"town","population":0},"geometry":{"type":"Point","coordinates":[38.89116,14.16707]}},{"type":"Feature","properties":{"name":"Āfdem","localName":"አፍደም","place":"town","population":0},"geometry":{"type":"Point","coordinates":[40.99808,9.46263]}},{"type":"Feature","properties":{"name":"Agarfa","localName":"","place":"town","population":0},"geometry":{"type":"Point","coordinates":[39.82278,7.26891]}},{"type":"Feature","properties":{"name":"Agaro","localName":"","place":"town","population":0},"geometry":{"type":"Point","coordinates":[36.58958,7.85663]}},{"type":"Feature","properties":{"name":"Agena","localName":"","place":"town","population":0},"geometry":{"type":"Point","coordinates":[38.00345,8.13567]}},{"type":"Feature","properties":{"name":"Agre Salam","localName":"","place":"town","population":0},"geometry":{"type":"Point","coordinates":[38.52518,6.4884]}},{"type":"Feature","properties":{"name":"Agula","localName":"","place":"town","population":0},"geometry":{"type":"Point","coordinates":[39.58575,13.69415]}},{"type":"Feature","properties":{"name":"Aira","localName":"","place":"town","population":0},"geometry":{"type":"Point","coordinates":[35.39851,9.09972]}},{"type":"Feature","properties":{"name":"Akesta","localName":"","place":"town","population":0},"geometry":{"type":"Point","coordinates":[39.17769,10.87048]}},{"type":"Feature","properties":{"name":"Alaba Kulito","localName":"አላባ ቁሊቶ","place":"town","population":0},"geometry":{"type":"Point","coordinates":[38.08788,7.31303]}},{"type":"Feature","properties":{"name":"Alamata","localName":"","place":"town","population":0},"geometry":{"type":"Point","coordinates":[39.56032,12.4176]}},{"type":"Feature","properties":{"name":"Aleltu","localName":"","place":"town","population":0},"geometry":{"type":"Point","coordinates":[38.25388,8.46527]}},{"type":"Feature","properties":{"name":"Alem Gebeya","localName":"","place":"town","population":0},"geometry":{"type":"Point","coordinates":[38.17806,7.56487]}},{"type":"Feature","properties":{"name":"Alem Ketema","localName":"","place":"town","population":0},"geometry":{"type":"Point","coordinates":[38.99616,10.05811]}},{"type":"Feature","properties":{"name":"Alem Teferi","localName":"","place":"town","population":0},"geometry":{"type":"Point","coordinates":[35.22719,8.90469]}},{"type":"Feature","properties":{"name":"Alemtena","localName":"","place":"town","population":0},"geometry":{"type":"Point","coordinates":[38.94891,8.29742]}},{"type":"Feature","properties":{"name":"Aleta Wendo","localName":"አለታ ወንዶ","place":"town","population":0},"geometry":{"type":"Point","coordinates":[38.42327,6.60372]}},{"type":"Feature","properties":{"name":"Alga","localName":"","place":"town","population":0},"geometry":{"type":"Point","coordinates":[37.10962,8.58087]}},{"type":"Feature","properties":{"name":"Ali","localName":"","place":"town","population":0},"geometry":{"type":"Point","coordinates":[39.93054,7.24334]}},{"type":"Feature","properties":{"name":"Alibo","localName":"","place":"town","population":0},"geometry":{"type":"Point","coordinates":[37.07798,9.88534]}},{"type":"Feature","properties":{"name":"Alimu","localName":"","place":"town","population":0},"geometry":{"type":"Point","coordinates":[36.38726,11.25966]}},{"type":"Feature","properties":{"name":"Almahal","localName":"","place":"town","population":0},"geometry":{"type":"Point","coordinates":[35.15683,11.54633]}},{"type":"Feature","properties":{"name":"Aman","localName":"","place":"town","population":0},"geometry":{"type":"Point","coordinates":[35.55371,6.95559]}},{"type":"Feature","properties":{"name":"Amanuel","localName":"አማኑኤል","place":"town","population":0},"geometry":{"type":"Point","coordinates":[37.56666,10.43922]}},{"type":"Feature","properties":{"name":"Amaya","localName":"","place":"town","population":0},"geometry":{"type":"Point","coordinates":[36.67719,7.10656]}},{"type":"Feature","properties":{"name":"Amba Georgis","localName":"አምባ ጊዮርጊስ","place":"town","population":0},"geometry":{"type":"Point","coordinates":[37.62324,12.76806]}},{"type":"Feature","properties":{"name":"Amba Madre","localName":"","place":"town","population":0},"geometry":{"type":"Point","coordinates":[38.17483,13.69415]}},{"type":"Feature","properties":{"name":"Amber","localName":"","place":"town","population":0},"geometry":{"type":"Point","coordinates":[37.84219,10.25262]}},{"type":"Feature","properties":{"name":"Ambuye","localName":"","place":"town","population":0},"geometry":{"type":"Point","coordinates":[36.901,7.98119]}},{"type":"Feature","properties":{"name":"Amde Werq","localName":"","place":"town","population":0},"geometry":{"type":"Point","coordinates":[38.71609,12.42951]}},{"type":"Feature","properties":{"name":"Amedber","localName":"","place":"town","population":0},"geometry":{"type":"Point","coordinates":[37.88457,11.91347]}},{"type":"Feature","properties":{"name":"Angacha","localName":"","place":"town","population":0},"geometry":{"type":"Point","coordinates":[37.8627,7.34899]}},{"type":"Feature","properties":{"name":"Angiyo Kolla","localName":"","place":"town","population":0},"geometry":{"type":"Point","coordinates":[36.55,7.25]}},{"type":"Feature","properties":{"name":"Anka Oruwa","localName":"","place":"town","population":0},"geometry":{"type":"Point","coordinates":[38.01502,6.88151]}},{"type":"Feature","properties":{"name":"Araarso","localName":"","place":"town","population":0},"geometry":{"type":"Point","coordinates":[43.36798,8.752]}},{"type":"Feature","properties":{"name":"Arb Gebeya","localName":"","place":"town","population":0},"geometry":{"type":"Point","coordinates":[38.53921,11.60934]}},{"type":"Feature","properties":{"name":"Arbe Gona","localName":"","place":"town","population":0},"geometry":{"type":"Point","coordinates":[38.71646,6.68874]}},{"type":"Feature","properties":{"name":"Arboye","localName":"","place":"town","population":0},"geometry":{"type":"Point","coordinates":[39.6852,8.38238]}},{"type":"Feature","properties":{"name":"Arema","localName":"","place":"town","population":0},"geometry":{"type":"Point","coordinates":[37.02038,13.35993]}},{"type":"Feature","properties":{"name":"Arerti","localName":"አረርቲ","place":"town","population":0},"geometry":{"type":"Point","coordinates":[39.42516,8.92853]}},{"type":"Feature","properties":{"name":"Arsi Negelle","localName":"Arisii Nageelle","place":"town","population":0},"geometry":{"type":"Point","coordinates":[38.67566,7.35334]}},{"type":"Feature","properties":{"name":"Asassa","localName":"","place":"town","population":0},"geometry":{"type":"Point","coordinates":[39.1953,7.09932]}},{"type":"Feature","properties":{"name":"Asebot","localName":"","place":"town","population":0},"geometry":{"type":"Point","coordinates":[40.66608,9.17416]}},{"type":"Feature","properties":{"name":"Asendabo","localName":"አሰንዳቦ","place":"town","population":0},"geometry":{"type":"Point","coordinates":[37.22222,7.75666]}},{"type":"Feature","properties":{"name":"Ashenat","localName":"","place":"town","population":0},"geometry":{"type":"Point","coordinates":[38.91432,11.46317]}},{"type":"Feature","properties":{"name":"Ashoka Velag","localName":"","place":"town","population":0},"geometry":{"type":"Point","coordinates":[38.89647,7.02577]}},{"type":"Feature","properties":{"name":"Asigori","localName":"","place":"town","population":0},"geometry":{"type":"Point","coordinates":[38.33114,8.78962]}},{"type":"Feature","properties":{"name":"Asketama","localName":"","place":"town","population":0},"geometry":{"type":"Point","coordinates":[39.01476,12.40976]}},{"type":"Feature","properties":{"name":"Ataye","localName":"","place":"town","population":0},"geometry":{"type":"Point","coordinates":[39.95746,10.3449]}},{"type":"Feature","properties":{"name":"Atsbi","localName":"","place":"town","population":0},"geometry":{"type":"Point","coordinates":[39.74047,13.87681]}},{"type":"Feature","properties":{"name":"Ayesha","localName":"","place":"town","population":0},"geometry":{"type":"Point","coordinates":[42.5703,10.75376]}},{"type":"Feature","properties":{"name":"Aykel","localName":"","place":"town","population":0},"geometry":{"type":"Point","coordinates":[37.06321,12.54787]}},{"type":"Feature","properties":{"name":"Āzayē","localName":"","place":"town","population":0},"geometry":{"type":"Point","coordinates":[37.4757,12.47975]}},{"type":"Feature","properties":{"name":"Azena","localName":"አዛና","place":"town","population":0},"geometry":{"type":"Point","coordinates":[36.81466,10.76321]}},{"type":"Feature","properties":{"name":"Azezo","localName":"አዘዞ","place":"town","population":0},"geometry":{"type":"Point","coordinates":[37.42704,12.54907]}},{"type":"Feature","properties":{"name":"Babich","localName":"","place":"town","population":0},"geometry":{"type":"Point","coordinates":[37.54299,8.97256]}},{"type":"Feature","properties":{"name":"Babille","localName":"","place":"town","population":0},"geometry":{"type":"Point","coordinates":[42.33222,9.22556]}},{"type":"Feature","properties":{"name":"Babo Tower","localName":"","place":"town","population":0},"geometry":{"type":"Point","coordinates":[35.19623,9.47444]}},{"type":"Feature","properties":{"name":"Bako","localName":"","place":"town","population":0},"geometry":{"type":"Point","coordinates":[37.06563,9.12173]}},{"type":"Feature","properties":{"name":"Balchi","localName":"ባልጪ","place":"town","population":0},"geometry":{"type":"Point","coordinates":[39.37096,8.91516]}},{"type":"Feature","properties":{"name":"Bale","localName":"","place":"town","population":0},"geometry":{"type":"Point","coordinates":[39.99988,7.73086]}},{"type":"Feature","properties":{"name":"Balemi","localName":"","place":"town","population":0},"geometry":{"type":"Point","coordinates":[37.5184,9.12785]}},{"type":"Feature","properties":{"name":"Balo","localName":"","place":"town","population":0},"geometry":{"type":"Point","coordinates":[36.21743,9.29473]}},{"type":"Feature","properties":{"name":"Bambasi","localName":"","place":"town","population":0},"geometry":{"type":"Point","coordinates":[34.72988,9.76042]}},{"type":"Feature","properties":{"name":"Banitu","localName":"","place":"town","population":0},"geometry":{"type":"Point","coordinates":[38.36319,8.6151]}},{"type":"Feature","properties":{"name":"Bareda","localName":"","place":"town","population":0},"geometry":{"type":"Point","coordinates":[36.25089,9.23005]}},{"type":"Feature","properties":{"name":"Bedele","localName":"","place":"town","population":0},"geometry":{"type":"Point","coordinates":[36.35254,8.45565]}},{"type":"Feature","properties":{"name":"Bedeno","localName":"","place":"town","population":0},"geometry":{"type":"Point","coordinates":[41.63428,9.11309]}},{"type":"Feature","properties":{"name":"Bedessa","localName":"","place":"town","population":0},"geometry":{"type":"Point","coordinates":[40.77649,8.90322]}},{"type":"Feature","properties":{"name":"Begi","localName":"","place":"town","population":0},"geometry":{"type":"Point","coordinates":[34.53042,9.35078]}},{"type":"Feature","properties":{"name":"Beke","localName":"","place":"town","population":0},"geometry":{"type":"Point","coordinates":[39.04751,9.16185]}},{"type":"Feature","properties":{"name":"Beke Kelate","localName":"","place":"town","population":0},"geometry":{"type":"Point","coordinates":[37.98242,9.61466]}},{"type":"Feature","properties":{"name":"Bekoji","localName":"በቆጂ","place":"town","population":0},"geometry":{"type":"Point","coordinates":[39.25,7.53333]}},{"type":"Feature","properties":{"name":"Beleho","localName":"","place":"town","population":0},"geometry":{"type":"Point","coordinates":[39.10778,14.1703]}},{"type":"Feature","properties":{"name":"Belessa","localName":"","place":"town","population":0},"geometry":{"type":"Point","coordinates":[37.91999,7.58874]}},{"type":"Feature","properties":{"name":"Bendi","localName":"","place":"town","population":0},"geometry":{"type":"Point","coordinates":[35.64421,7.07118]}},{"type":"Feature","properties":{"name":"Berehed","localName":"","place":"town","population":0},"geometry":{"type":"Point","coordinates":[39.70926,9.19742]}},{"type":"Feature","properties":{"name":"Betmara","localName":"","place":"town","population":0},"geometry":{"type":"Point","coordinates":[39.52679,13.02215]}},{"type":"Feature","properties":{"name":"Beto","localName":"","place":"town","population":0},"geometry":{"type":"Point","coordinates":[36.88437,6.05561]}},{"type":"Feature","properties":{"name":"Bidre","localName":"","place":"town","population":0},"geometry":{"type":"Point","coordinates":[39.63879,5.91129]}},{"type":"Feature","properties":{"name":"Bike","localName":"","place":"town","population":0},"geometry":{"type":"Point","coordinates":[41.19736,9.53092]}},{"type":"Feature","properties":{"name":"Bikita","localName":"","place":"town","population":0},"geometry":{"type":"Point","coordinates":[38.88757,10.01047]}},{"type":"Feature","properties":{"name":"Bila","localName":"","place":"town","population":0},"geometry":{"type":"Point","coordinates":[35.59859,9.36929]}},{"type":"Feature","properties":{"name":"Bila","localName":"","place":"town","population":0},"geometry":{"type":"Point","coordinates":[37.02581,9.28923]}},{"type":"Feature","properties":{"name":"Bilbala","localName":"","place":"town","population":0},"geometry":{"type":"Point","coordinates":[38.98444,12.16762]}},{"type":"Feature","properties":{"name":"Bilo","localName":"","place":"town","population":0},"geometry":{"type":"Point","coordinates":[37.00012,8.89781]}},{"type":"Feature","properties":{"name":"Birbirsa","localName":"","place":"town","population":0},"geometry":{"type":"Point","coordinates":[35.2904,7.89821]}},{"type":"Feature","properties":{"name":"Bishoftu","localName":"","place":"town","population":0},"geometry":{"type":"Point","coordinates":[38.98173,8.75]}},{"type":"Feature","properties":{"name":"Bitahora","localName":"","place":"town","population":0},"geometry":{"type":"Point","coordinates":[35.89161,7.40189]}},{"type":"Feature","properties":{"name":"Bitana","localName":"","place":"town","population":0},"geometry":{"type":"Point","coordinates":[38.0341,6.96636]}},{"type":"Feature","properties":{"name":"Bode Ameda","localName":"","place":"town","population":0},"geometry":{"type":"Point","coordinates":[38.20821,7.21256]}},{"type":"Feature","properties":{"name":"Bofa Town","localName":"","place":"town","population":0},"geometry":{"type":"Point","coordinates":[39.45,8.46667]}},{"type":"Feature","properties":{"name":"Boke Tiko","localName":"","place":"town","population":0},"geometry":{"type":"Point","coordinates":[40.64347,8.72659]}},{"type":"Feature","properties":{"name":"Boko","localName":"","place":"town","population":0},"geometry":{"type":"Point","coordinates":[42.07758,9.13557]}},{"type":"Feature","properties":{"name":"Bokoksa","localName":"","place":"town","population":0},"geometry":{"type":"Point","coordinates":[39.87933,11.44097]}},{"type":"Feature","properties":{"name":"Bole","localName":"","place":"town","population":0},"geometry":{"type":"Point","coordinates":[39.75414,8.65032]}},{"type":"Feature","properties":{"name":"Bollo Silassie","localName":"ቦሎ ሲላሴ","place":"town","population":0},"geometry":{"type":"Point","coordinates":[39.39664,8.87822]}},{"type":"Feature","properties":{"name":"Bolo","localName":"","place":"town","population":0},"geometry":{"type":"Point","coordinates":[39.58048,8.24443]}},{"type":"Feature","properties":{"name":"Bombas","localName":"","place":"town","population":0},"geometry":{"type":"Point","coordinates":[42.46354,9.21803]}},{"type":"Feature","properties":{"name":"Bonga","localName":"ቦንጋ","place":"town","population":0},"geometry":{"type":"Point","coordinates":[36.24605,7.26454]}},{"type":"Feature","properties":{"name":"Bonosha","localName":"ቦኖሻ","place":"town","population":0},"geometry":{"type":"Point","coordinates":[38.09053,7.5112]}},{"type":"Feature","properties":{"name":"Bookh","localName":"","place":"town","population":0},"geometry":{"type":"Point","coordinates":[46.64695,7.43695]}},{"type":"Feature","properties":{"name":"Bordode","localName":"","place":"town","population":0},"geometry":{"type":"Point","coordinates":[40.38902,9.0131]}},{"type":"Feature","properties":{"name":"Bore","localName":"","place":"town","population":0},"geometry":{"type":"Point","coordinates":[38.62216,6.35959]}},{"type":"Feature","properties":{"name":"Boreda","localName":"","place":"town","population":0},"geometry":{"type":"Point","coordinates":[41.29035,9.33411]}},{"type":"Feature","properties":{"name":"Boreda","localName":"ቦረዳ","place":"town","population":0},"geometry":{"type":"Point","coordinates":[37.63565,6.47276]}},{"type":"Feature","properties":{"name":"Buee","localName":"ቡኢ","place":"town","population":0},"geometry":{"type":"Point","coordinates":[38.5499,8.31943]}},{"type":"Feature","properties":{"name":"Bulala","localName":"","place":"town","population":0},"geometry":{"type":"Point","coordinates":[39.56812,7.98571]}},{"type":"Feature","properties":{"name":"Bulki","localName":"ቡልቂ","place":"town","population":0},"geometry":{"type":"Point","coordinates":[36.81061,6.28181]}},{"type":"Feature","properties":{"name":"Burayu","localName":"","place":"town","population":0},"geometry":{"type":"Point","coordinates":[38.66076,9.03597]}},{"type":"Feature","properties":{"name":"Bure","localName":"","place":"town","population":0},"geometry":{"type":"Point","coordinates":[35.0992,8.28629]}},{"type":"Feature","properties":{"name":"Burgesole","localName":"","place":"town","population":0},"geometry":{"type":"Point","coordinates":[45.95606,6.36223]}},{"type":"Feature","properties":{"name":"Burie","localName":"ቡሬ","place":"town","population":0},"geometry":{"type":"Point","coordinates":[37.06688,10.71299]}},{"type":"Feature","properties":{"name":"Burka","localName":"","place":"town","population":0},"geometry":{"type":"Point","coordinates":[41.56828,8.81939]}},{"type":"Feature","properties":{"name":"Busa","localName":"","place":"town","population":0},"geometry":{"type":"Point","coordinates":[38.1462,8.77654]}},{"type":"Feature","properties":{"name":"Butajira","localName":"","place":"town","population":0},"geometry":{"type":"Point","coordinates":[38.37771,8.12062]}},{"type":"Feature","properties":{"name":"Buundada","localName":"","place":"town","population":0},"geometry":{"type":"Point","coordinates":[42.02258,6.61572]}},{"type":"Feature","properties":{"name":"Ch'Emero","localName":"","place":"town","population":0},"geometry":{"type":"Point","coordinates":[39.6508,12.61918]}},{"type":"Feature","properties":{"name":"Ch'Erch'Er","localName":"","place":"town","population":0},"geometry":{"type":"Point","coordinates":[39.77137,12.5406]}},{"type":"Feature","properties":{"name":"Cha´cha´","localName":"","place":"town","population":0},"geometry":{"type":"Point","coordinates":[39.45524,9.53382]}},{"type":"Feature","properties":{"name":"Chagni","localName":"","place":"town","population":0},"geometry":{"type":"Point","coordinates":[36.49895,10.95829]}},{"type":"Feature","properties":{"name":"Chancho","localName":"","place":"town","population":0},"geometry":{"type":"Point","coordinates":[38.7514,9.30388]}},{"type":"Feature","properties":{"name":"Chanka","localName":"","place":"town","population":0},"geometry":{"type":"Point","coordinates":[35.07197,8.8619]}},{"type":"Feature","properties":{"name":"Chefedonsa","localName":"","place":"town","population":0},"geometry":{"type":"Point","coordinates":[39.12491,8.96996]}},{"type":"Feature","properties":{"name":"Chelala","localName":"","place":"town","population":0},"geometry":{"type":"Point","coordinates":[38.25301,13.44391]}},{"type":"Feature","properties":{"name":"Chele","localName":"ጨሌ","place":"town","population":0},"geometry":{"type":"Point","coordinates":[37.61551,6.43361]}},{"type":"Feature","properties":{"name":"Chelena","localName":"","place":"town","population":0},"geometry":{"type":"Point","coordinates":[39.34096,12.89514]}},{"type":"Feature","properties":{"name":"Chelenko","localName":"","place":"town","population":0},"geometry":{"type":"Point","coordinates":[41.56035,9.39663]}},{"type":"Feature","properties":{"name":"Chencha","localName":"ጨንቻ","place":"town","population":0},"geometry":{"type":"Point","coordinates":[37.57295,6.2511]}},{"type":"Feature","properties":{"name":"Chifra","localName":"ጪፍራ","place":"town","population":0},"geometry":{"type":"Point","coordinates":[40.01625,11.60333]}},{"type":"Feature","properties":{"name":"Chinaksen","localName":"","place":"town","population":0},"geometry":{"type":"Point","coordinates":[42.60886,9.50601]}},{"type":"Feature","properties":{"name":"Chiro","localName":"ጭሮ","place":"town","population":0},"geometry":{"type":"Point","coordinates":[40.86633,9.08748]}},{"type":"Feature","properties":{"name":"Chitu","localName":"","place":"town","population":0},"geometry":{"type":"Point","coordinates":[37.92378,8.60796]}},{"type":"Feature","properties":{"name":"Chole","localName":"","place":"town","population":0},"geometry":{"type":"Point","coordinates":[39.9008,8.13797]}},{"type":"Feature","properties":{"name":"Chole","localName":"","place":"town","population":0},"geometry":{"type":"Point","coordinates":[39.89215,8.24904]}},{"type":"Feature","properties":{"name":"Chucko","localName":"","place":"town","population":0},"geometry":{"type":"Point","coordinates":[38.3366,6.58727]}},{"type":"Feature","properties":{"name":"Ciogguar Cudo","localName":"","place":"town","population":0},"geometry":{"type":"Point","coordinates":[37.38576,13.35198]}},{"type":"Feature","properties":{"name":"Dabat","localName":"ዳባት","place":"town","population":0},"geometry":{"type":"Point","coordinates":[37.76514,12.98405]}},{"type":"Feature","properties":{"name":"Dahana","localName":"","place":"town","population":0},"geometry":{"type":"Point","coordinates":[38.84225,12.44562]}},{"type":"Feature","properties":{"name":"Daka","localName":"","place":"town","population":0},"geometry":{"type":"Point","coordinates":[35.76064,7.59384]}},{"type":"Feature","properties":{"name":"Dalbo","localName":"","place":"town","population":0},"geometry":{"type":"Point","coordinates":[37.83048,6.8999]}},{"type":"Feature","properties":{"name":"Daleti","localName":"","place":"town","population":0},"geometry":{"type":"Point","coordinates":[36.09143,9.87843]}},{"type":"Feature","properties":{"name":"Dalifage","localName":"ዳሊፋጌ","place":"town","population":0},"geometry":{"type":"Point","coordinates":[40.31315,10.62717]}},{"type":"Feature","properties":{"name":"Dandi Gudi","localName":"","place":"town","population":0},"geometry":{"type":"Point","coordinates":[35.29657,9.67872]}},{"type":"Feature","properties":{"name":"Dangla","localName":"ዳንግላ","place":"town","population":0},"geometry":{"type":"Point","coordinates":[36.84984,11.25693]}},{"type":"Feature","properties":{"name":"Dansha","localName":"","place":"town","population":0},"geometry":{"type":"Point","coordinates":[36.97235,13.56623]}},{"type":"Feature","properties":{"name":"Daratoole","localName":"","place":"town","population":0},"geometry":{"type":"Point","coordinates":[45.43692,7.30214]}},{"type":"Feature","properties":{"name":"Darechera","localName":"","place":"town","population":0},"geometry":{"type":"Point","coordinates":[37.8817,11.40011]}},{"type":"Feature","properties":{"name":"Daror","localName":"","place":"town","population":0},"geometry":{"type":"Point","coordinates":[44.69506,8.22447]}},{"type":"Feature","properties":{"name":"Dawo","localName":"","place":"town","population":0},"geometry":{"type":"Point","coordinates":[41.8771,9.29234]}},{"type":"Feature","properties":{"name":"Debark","localName":"ደባርቅ","place":"town","population":0},"geometry":{"type":"Point","coordinates":[37.89904,13.1585]}},{"type":"Feature","properties":{"name":"Debre Gelan","localName":"ደብረ ገላን","place":"town","population":0},"geometry":{"type":"Point","coordinates":[38.83333,8.83333]}},{"type":"Feature","properties":{"name":"Debrè Kerbe","localName":"","place":"town","population":0},"geometry":{"type":"Point","coordinates":[38.45455,13.95039]}},{"type":"Feature","properties":{"name":"Debre Libanos","localName":"","place":"town","population":0},"geometry":{"type":"Point","coordinates":[38.81677,9.72957]}},{"type":"Feature","properties":{"name":"Debre Sina","localName":"","place":"town","population":0},"geometry":{"type":"Point","coordinates":[39.76348,9.85048]}},{"type":"Feature","properties":{"name":"Debre Tabor","localName":"ደብረ ታቦር","place":"town","population":0},"geometry":{"type":"Point","coordinates":[38.00831,11.85659]}},{"type":"Feature","properties":{"name":"Debre Tsige","localName":"","place":"town","population":0},"geometry":{"type":"Point","coordinates":[38.83156,9.63306]}},{"type":"Feature","properties":{"name":"Debre Work","localName":"ደብረ ወርቅ","place":"town","population":0},"geometry":{"type":"Point","coordinates":[38.1645,10.65784]}},{"type":"Feature","properties":{"name":"Dedai","localName":"","place":"town","population":0},"geometry":{"type":"Point","coordinates":[41.57354,11.91403]}},{"type":"Feature","properties":{"name":"Dedebit","localName":"","place":"town","population":0},"geometry":{"type":"Point","coordinates":[37.76234,14.07]}},{"type":"Feature","properties":{"name":"Dedecha Bela","localName":"","place":"town","population":0},"geometry":{"type":"Point","coordinates":[41.12643,6.89661]}},{"type":"Feature","properties":{"name":"Deder","localName":"","place":"town","population":0},"geometry":{"type":"Point","coordinates":[41.44277,9.31229]}},{"type":"Feature","properties":{"name":"Degan","localName":"","place":"town","population":0},"geometry":{"type":"Point","coordinates":[39.9022,11.14849]}},{"type":"Feature","properties":{"name":"Degem Hambiso","localName":"","place":"town","population":0},"geometry":{"type":"Point","coordinates":[38.63286,9.81356]}},{"type":"Feature","properties":{"name":"Degolo","localName":"","place":"town","population":0},"geometry":{"type":"Point","coordinates":[39.25388,10.42215]}},{"type":"Feature","properties":{"name":"Dejen","localName":"ደጀን","place":"town","population":0},"geometry":{"type":"Point","coordinates":[38.15003,10.16409]}},{"type":"Feature","properties":{"name":"Dekebora","localName":"","place":"town","population":0},"geometry":{"type":"Point","coordinates":[39.20516,8.71582]}},{"type":"Feature","properties":{"name":"Deksis","localName":"","place":"town","population":0},"geometry":{"type":"Point","coordinates":[39.55773,8.05719]}},{"type":"Feature","properties":{"name":"Del","localName":"","place":"town","population":0},"geometry":{"type":"Point","coordinates":[35.82206,7.82809]}},{"type":"Feature","properties":{"name":"Delosebro","localName":"","place":"town","population":0},"geometry":{"type":"Point","coordinates":[40.46813,7.2562]}},{"type":"Feature","properties":{"name":"Demebecha","localName":"ደምበጫ","place":"town","population":0},"geometry":{"type":"Point","coordinates":[37.49196,10.56427]}},{"type":"Feature","properties":{"name":"Demobasho","localName":"","place":"town","population":0},"geometry":{"type":"Point","coordinates":[37.39233,11.26943]}},{"type":"Feature","properties":{"name":"Denan","localName":"","place":"town","population":0},"geometry":{"type":"Point","coordinates":[43.49371,6.50914]}},{"type":"Feature","properties":{"name":"Deneba","localName":"","place":"town","population":0},"geometry":{"type":"Point","coordinates":[37.36751,7.84166]}},{"type":"Feature","properties":{"name":"Deneba","localName":"","place":"town","population":0},"geometry":{"type":"Point","coordinates":[39.19248,9.76198]}},{"type":"Feature","properties":{"name":"Dengolat","localName":"","place":"town","population":0},"geometry":{"type":"Point","coordinates":[39.32738,13.3086]}},{"type":"Feature","properties":{"name":"Dera","localName":"","place":"town","population":0},"geometry":{"type":"Point","coordinates":[39.31805,8.33095]}},{"type":"Feature","properties":{"name":"Derek' Amba","localName":"","place":"town","population":0},"geometry":{"type":"Point","coordinates":[39.26667,10.7]}},{"type":"Feature","properties":{"name":"Dewele","localName":"","place":"town","population":0},"geometry":{"type":"Point","coordinates":[42.63188,11.03291]}},{"type":"Feature","properties":{"name":"Dhagahle","localName":"","place":"town","population":0},"geometry":{"type":"Point","coordinates":[42.59788,9.23972]}},{"type":"Feature","properties":{"name":"Dhagxanya Cado","localName":"","place":"town","population":0},"geometry":{"type":"Point","coordinates":[45.50495,7.23171]}},{"type":"Feature","properties":{"name":"Dhudub","localName":"","place":"town","population":0},"geometry":{"type":"Point","coordinates":[46.69491,6.92984]}},{"type":"Feature","properties":{"name":"Dibdibo","localName":"","place":"town","population":0},"geometry":{"type":"Point","coordinates":[39.08962,14.26974]}},{"type":"Feature","properties":{"name":"Digo Tsion","localName":"","place":"town","population":0},"geometry":{"type":"Point","coordinates":[37.73885,10.8474]}},{"type":"Feature","properties":{"name":"Dil Yibza","localName":"","place":"town","population":0},"geometry":{"type":"Point","coordinates":[38.44257,13.11941]}},{"type":"Feature","properties":{"name":"Dilela","localName":"ዲለላ","place":"town","population":0},"geometry":{"type":"Point","coordinates":[38.05113,8.64008]}},{"type":"Feature","properties":{"name":"Dima","localName":"ዲማ","place":"town","population":0},"geometry":{"type":"Point","coordinates":[38.58796,8.89925]}},{"type":"Feature","properties":{"name":"Dima","localName":"","place":"town","population":0},"geometry":{"type":"Point","coordinates":[35.18409,6.50945]}},{"type":"Feature","properties":{"name":"Dimbra","localName":"","place":"town","population":0},"geometry":{"type":"Point","coordinates":[35.98839,7.29522]}},{"type":"Feature","properties":{"name":"Dimeka","localName":"","place":"town","population":0},"geometry":{"type":"Point","coordinates":[36.54849,5.17443]}},{"type":"Feature","properties":{"name":"Dimtu Hambella","localName":"","place":"town","population":0},"geometry":{"type":"Point","coordinates":[38.42628,5.99709]}},{"type":"Feature","properties":{"name":"Dinsho","localName":"ዲንሾ","place":"town","population":0},"geometry":{"type":"Point","coordinates":[39.78015,7.10821]}},{"type":"Feature","properties":{"name":"Dire","localName":"","place":"town","population":0},"geometry":{"type":"Point","coordinates":[38.92357,9.18229]}},{"type":"Feature","properties":{"name":"Diri","localName":"","place":"town","population":0},"geometry":{"type":"Point","coordinates":[36.28728,7.38171]}},{"type":"Feature","properties":{"name":"Do'esha","localName":"","place":"town","population":0},"geometry":{"type":"Point","coordinates":[38.06875,7.59287]}},{"type":"Feature","properties":{"name":"Doba","localName":"","place":"town","population":0},"geometry":{"type":"Point","coordinates":[41.09141,9.28571]}},{"type":"Feature","properties":{"name":"Dodolla","localName":"ዶዶላ","place":"town","population":0},"geometry":{"type":"Point","coordinates":[39.18333,6.97894]}},{"type":"Feature","properties":{"name":"Doni","localName":"","place":"town","population":0},"geometry":{"type":"Point","coordinates":[39.55245,8.50734]}},{"type":"Feature","properties":{"name":"Dorze","localName":"","place":"town","population":0},"geometry":{"type":"Point","coordinates":[37.57434,6.19486]}},{"type":"Feature","properties":{"name":"Doyogena","localName":"","place":"town","population":0},"geometry":{"type":"Point","coordinates":[37.78308,7.35306]}},{"type":"Feature","properties":{"name":"Duber","localName":"","place":"town","population":0},"geometry":{"type":"Point","coordinates":[38.88047,9.46227]}},{"type":"Feature","properties":{"name":"Dubti","localName":"","place":"town","population":0},"geometry":{"type":"Point","coordinates":[41.08404,11.73683]}},{"type":"Feature","properties":{"name":"Dugda","localName":"","place":"town","population":0},"geometry":{"type":"Point","coordinates":[38.64071,8.16684]}},{"type":"Feature","properties":{"name":"Dula Bota","localName":"","place":"town","population":0},"geometry":{"type":"Point","coordinates":[38.29724,13.46138]}},{"type":"Feature","properties":{"name":"Durame","localName":"ዱራሜ","place":"town","population":0},"geometry":{"type":"Point","coordinates":[37.90499,7.24388]}},{"type":"Feature","properties":{"name":"Duuban","localName":"","place":"town","population":0},"geometry":{"type":"Point","coordinates":[46.0669,6.67904]}},{"type":"Feature","properties":{"name":"East Imi","localName":"","place":"town","population":0},"geometry":{"type":"Point","coordinates":[42.17527,6.46629]}},{"type":"Feature","properties":{"name":"Ebbenat","localName":"","place":"town","population":0},"geometry":{"type":"Point","coordinates":[38.05023,12.12407]}},{"type":"Feature","properties":{"name":"Edaga Hamus","localName":"","place":"town","population":0},"geometry":{"type":"Point","coordinates":[39.56343,14.18597]}},{"type":"Feature","properties":{"name":"Edjere","localName":"","place":"town","population":0},"geometry":{"type":"Point","coordinates":[39.26148,8.77878]}},{"type":"Feature","properties":{"name":"Edo","localName":"","place":"town","population":0},"geometry":{"type":"Point","coordinates":[39.04422,7.0121]}},{"type":"Feature","properties":{"name":"Edo","localName":"","place":"town","population":0},"geometry":{"type":"Point","coordinates":[37.99253,7.01273]}},{"type":"Feature","properties":{"name":"Ehsaa","localName":"","place":"town","population":0},"geometry":{"type":"Point","coordinates":[38.96591,14.34972]}},{"type":"Feature","properties":{"name":"Ejaji","localName":"","place":"town","population":0},"geometry":{"type":"Point","coordinates":[37.32824,8.99803]}},{"type":"Feature","properties":{"name":"Ejere","localName":"","place":"town","population":0},"geometry":{"type":"Point","coordinates":[38.51814,9.9143]}},{"type":"Feature","properties":{"name":"Ejersa","localName":"","place":"town","population":0},"geometry":{"type":"Point","coordinates":[39.06224,8.48017]}},{"type":"Feature","properties":{"name":"El Dere","localName":"","place":"town","population":0},"geometry":{"type":"Point","coordinates":[45.95007,6.66797]}},{"type":"Feature","properties":{"name":"El Ley","localName":"","place":"town","population":0},"geometry":{"type":"Point","coordinates":[39.22707,3.77094]}},{"type":"Feature","properties":{"name":"Elias","localName":"ኤልያስ","place":"town","population":0},"geometry":{"type":"Point","coordinates":[37.46193,10.29986]}},{"type":"Feature","properties":{"name":"Elida'ar","localName":"","place":"town","population":0},"geometry":{"type":"Point","coordinates":[41.92381,12.05304]}},{"type":"Feature","properties":{"name":"Emdibir","localName":"","place":"town","population":0},"geometry":{"type":"Point","coordinates":[37.9283,8.11999]}},{"type":"Feature","properties":{"name":"Enchini","localName":"","place":"town","population":0},"geometry":{"type":"Point","coordinates":[37.6636,8.81949]}},{"type":"Feature","properties":{"name":"Enferaz","localName":"","place":"town","population":0},"geometry":{"type":"Point","coordinates":[37.6291,12.25556]}},{"type":"Feature","properties":{"name":"Enseno","localName":"","place":"town","population":0},"geometry":{"type":"Point","coordinates":[38.48043,8.05995]}},{"type":"Feature","properties":{"name":"Enwari","localName":"","place":"town","population":0},"geometry":{"type":"Point","coordinates":[39.14866,9.89277]}},{"type":"Feature","properties":{"name":"Erer","localName":"ኤረር","place":"town","population":0},"geometry":{"type":"Point","coordinates":[41.3854,9.55724]}},{"type":"Feature","properties":{"name":"Erestino","localName":"","place":"town","population":0},"geometry":{"type":"Point","coordinates":[39.55558,3.4577]}},{"type":"Feature","properties":{"name":"Esara (Balle)","localName":"","place":"town","population":0},"geometry":{"type":"Point","coordinates":[37.01599,6.89447]}},{"type":"Feature","properties":{"name":"Eso","localName":"","place":"town","population":0},"geometry":{"type":"Point","coordinates":[37.58979,6.35075]}},{"type":"Feature","properties":{"name":"Fadhigaradle","localName":"","place":"town","population":0},"geometry":{"type":"Point","coordinates":[45.29871,6.17591]}},{"type":"Feature","properties":{"name":"Fatsi","localName":"","place":"town","population":0},"geometry":{"type":"Point","coordinates":[39.37811,14.40193]}},{"type":"Feature","properties":{"name":"Felege Birhan","localName":"","place":"town","population":0},"geometry":{"type":"Point","coordinates":[38.06505,10.74696]}},{"type":"Feature","properties":{"name":"Feres Bet","localName":"","place":"town","population":0},"geometry":{"type":"Point","coordinates":[37.6,10.85]}},{"type":"Feature","properties":{"name":"Fiche Gelila","localName":"","place":"town","population":0},"geometry":{"type":"Point","coordinates":[39.19365,9.23958]}},{"type":"Feature","properties":{"name":"Fik'","localName":"","place":"town","population":0},"geometry":{"type":"Point","coordinates":[42.29456,8.13842]}},{"type":"Feature","properties":{"name":"Filakit Gereger","localName":"","place":"town","population":0},"geometry":{"type":"Point","coordinates":[38.75017,11.76228]}},{"type":"Feature","properties":{"name":"Filiklik","localName":"ፍልቅልቅ","place":"town","population":0},"geometry":{"type":"Point","coordinates":[38.2486,10.05058]}},{"type":"Feature","properties":{"name":"Finicha'a","localName":"","place":"town","population":0},"geometry":{"type":"Point","coordinates":[37.36139,9.56753]}},{"type":"Feature","properties":{"name":"Finote Selam","localName":"ፍኖተ ሰላም","place":"town","population":0},"geometry":{"type":"Point","coordinates":[37.26013,10.68002]}},{"type":"Feature","properties":{"name":"Fint'Al Feres","localName":"","place":"town","population":0},"geometry":{"type":"Point","coordinates":[38.84087,12.16532]}},{"type":"Feature","properties":{"name":"Finyano","localName":"","place":"town","population":0},"geometry":{"type":"Point","coordinates":[39.80217,11.80429]}},{"type":"Feature","properties":{"name":"Fireselam","localName":"ፍረሰላም","place":"town","population":0},"geometry":{"type":"Point","coordinates":[36.94993,14.11208]}},{"type":"Feature","properties":{"name":"Fital","localName":"","place":"town","population":0},"geometry":{"type":"Point","coordinates":[38.64629,9.62287]}},{"type":"Feature","properties":{"name":"Fofa","localName":"","place":"town","population":0},"geometry":{"type":"Point","coordinates":[37.52009,7.8508]}},{"type":"Feature","properties":{"name":"Freweyni","localName":"","place":"town","population":0},"geometry":{"type":"Point","coordinates":[39.57725,14.05419]}},{"type":"Feature","properties":{"name":"Gado","localName":"","place":"town","population":0},"geometry":{"type":"Point","coordinates":[38.29748,6.84585]}},{"type":"Feature","properties":{"name":"Gado Dona","localName":"","place":"town","population":0},"geometry":{"type":"Point","coordinates":[39.47374,7.52884]}},{"type":"Feature","properties":{"name":"Galcha","localName":"","place":"town","population":0},"geometry":{"type":"Point","coordinates":[37.92393,6.94257]}},{"type":"Feature","properties":{"name":"Galma","localName":"","place":"town","population":0},"geometry":{"type":"Point","coordinates":[37.01796,6.25036]}},{"type":"Feature","properties":{"name":"Garanuugle","localName":"","place":"town","population":0},"geometry":{"type":"Point","coordinates":[45.81996,8.22325]}},{"type":"Feature","properties":{"name":"Garasse","localName":"","place":"town","population":0},"geometry":{"type":"Point","coordinates":[37.30883,5.91812]}},{"type":"Feature","properties":{"name":"Garbo","localName":"","place":"town","population":0},"geometry":{"type":"Point","coordinates":[43.29645,7.31268]}},{"type":"Feature","properties":{"name":"Gasay","localName":"","place":"town","population":0},"geometry":{"type":"Point","coordinates":[38.14174,11.79512]}},{"type":"Feature","properties":{"name":"Gasera","localName":"","place":"town","population":0},"geometry":{"type":"Point","coordinates":[40.19098,7.37117]}},{"type":"Feature","properties":{"name":"Gatira","localName":"","place":"town","population":0},"geometry":{"type":"Point","coordinates":[36.34105,8.04244]}},{"type":"Feature","properties":{"name":"Gazer","localName":"","place":"town","population":0},"geometry":{"type":"Point","coordinates":[36.57736,5.90261]}},{"type":"Feature","properties":{"name":"Geber Shengo","localName":"","place":"town","population":0},"geometry":{"type":"Point","coordinates":[39.18062,10.12]}},{"type":"Feature","properties":{"name":"Gebeze Mariam","localName":"ገበዘ ማርያም","place":"town","population":0},"geometry":{"type":"Point","coordinates":[37.42482,10.99907]}},{"type":"Feature","properties":{"name":"Gebre Guracha","localName":"","place":"town","population":0},"geometry":{"type":"Point","coordinates":[38.4241,9.80386]}},{"type":"Feature","properties":{"name":"Geche","localName":"","place":"town","population":0},"geometry":{"type":"Point","coordinates":[35.40359,7.5633]}},{"type":"Feature","properties":{"name":"Gechi","localName":"","place":"town","population":0},"geometry":{"type":"Point","coordinates":[36.41874,8.33297]}},{"type":"Feature","properties":{"name":"Gedo","localName":"","place":"town","population":0},"geometry":{"type":"Point","coordinates":[37.45076,9.01192]}},{"type":"Feature","properties":{"name":"Gelawdiwos","localName":"","place":"town","population":0},"geometry":{"type":"Point","coordinates":[37.81679,11.63348]}},{"type":"Feature","properties":{"name":"Gelegu","localName":"","place":"town","population":0},"geometry":{"type":"Point","coordinates":[35.89421,12.21572]}},{"type":"Feature","properties":{"name":"Gelemso","localName":"","place":"town","population":0},"geometry":{"type":"Point","coordinates":[40.52205,8.81271]}},{"type":"Feature","properties":{"name":"Gelgel Beles","localName":"","place":"town","population":0},"geometry":{"type":"Point","coordinates":[36.34399,11.15922]}},{"type":"Feature","properties":{"name":"Gelila","localName":"","place":"town","population":0},"geometry":{"type":"Point","coordinates":[36.47764,9.84607]}},{"type":"Feature","properties":{"name":"Gembe","localName":"","place":"town","population":0},"geometry":{"type":"Point","coordinates":[36.67014,7.83557]}},{"type":"Feature","properties":{"name":"Gende Woin","localName":"ጉንደ ወይን","place":"town","population":0},"geometry":{"type":"Point","coordinates":[38.08789,10.92704]}},{"type":"Feature","properties":{"name":"Genet","localName":"","place":"town","population":0},"geometry":{"type":"Point","coordinates":[36.95,8.1]}},{"type":"Feature","properties":{"name":"Gera","localName":"","place":"town","population":0},"geometry":{"type":"Point","coordinates":[36.33865,7.77911]}},{"type":"Feature","properties":{"name":"Gerba","localName":"","place":"town","population":0},"geometry":{"type":"Point","coordinates":[39.93476,11.16342]}},{"type":"Feature","properties":{"name":"Gerbo","localName":"","place":"town","population":0},"geometry":{"type":"Point","coordinates":[38.1424,8.4925]}},{"type":"Feature","properties":{"name":"Gerhu Sirnay","localName":"","place":"town","population":0},"geometry":{"type":"Point","coordinates":[39.17269,14.49023]}},{"type":"Feature","properties":{"name":"Gesa","localName":"","place":"town","population":0},"geometry":{"type":"Point","coordinates":[37.27405,7.01239]}},{"type":"Feature","properties":{"name":"Geshena","localName":"ጋሸና","place":"town","population":0},"geometry":{"type":"Point","coordinates":[38.92403,11.68827]}},{"type":"Feature","properties":{"name":"Getema","localName":"","place":"town","population":0},"geometry":{"type":"Point","coordinates":[36.48729,8.90079]}},{"type":"Feature","properties":{"name":"Gewane","localName":"","place":"town","population":0},"geometry":{"type":"Point","coordinates":[40.6616,10.15923]}},{"type":"Feature","properties":{"name":"Ghimbi","localName":"","place":"town","population":0},"geometry":{"type":"Point","coordinates":[35.83452,9.16904]}},{"type":"Feature","properties":{"name":"Gida Ayana","localName":"","place":"town","population":0},"geometry":{"type":"Point","coordinates":[36.62055,9.87791]}},{"type":"Feature","properties":{"name":"Gidole","localName":"","place":"town","population":0},"geometry":{"type":"Point","coordinates":[37.36605,5.65055]}},{"type":"Feature","properties":{"name":"Gijet","localName":"","place":"town","population":0},"geometry":{"type":"Point","coordinates":[39.17402,13.32351]}},{"type":"Feature","properties":{"name":"Ginido","localName":"","place":"town","population":0},"geometry":{"type":"Point","coordinates":[37.75813,8.598]}},{"type":"Feature","properties":{"name":"Ginir","localName":"","place":"town","population":0},"geometry":{"type":"Point","coordinates":[40.71175,7.13842]}},{"type":"Feature","properties":{"name":"Ginsi","localName":"","place":"town","population":0},"geometry":{"type":"Point","coordinates":[38.14742,9.03127]}},{"type":"Feature","properties":{"name":"Giraara","localName":"","place":"town","population":0},"geometry":{"type":"Point","coordinates":[37.87544,6.84618]}},{"type":"Feature","properties":{"name":"Girja","localName":"","place":"town","population":0},"geometry":{"type":"Point","coordinates":[38.93451,6.24816]}},{"type":"Feature","properties":{"name":"Giundu","localName":"","place":"town","population":0},"geometry":{"type":"Point","coordinates":[37.52121,8.42205]}},{"type":"Feature","properties":{"name":"Goba","localName":"","place":"town","population":0},"geometry":{"type":"Point","coordinates":[39.96942,7.00733]}},{"type":"Feature","properties":{"name":"Goben","localName":"","place":"town","population":0},"geometry":{"type":"Point","coordinates":[37.30887,9.17252]}},{"type":"Feature","properties":{"name":"Gobesa","localName":"","place":"town","population":0},"geometry":{"type":"Point","coordinates":[39.49495,7.6211]}},{"type":"Feature","properties":{"name":"Gocho","localName":"","place":"town","population":0},"geometry":{"type":"Point","coordinates":[37.37453,6.80934]}},{"type":"Feature","properties":{"name":"Gohala","localName":"ጎሃላ","place":"town","population":0},"geometry":{"type":"Point","coordinates":[38.08336,12.40672]}},{"type":"Feature","properties":{"name":"Gohatsion","localName":"","place":"town","population":0},"geometry":{"type":"Point","coordinates":[38.24694,10.00732]}},{"type":"Feature","properties":{"name":"Gojeb","localName":"","place":"town","population":0},"geometry":{"type":"Point","coordinates":[36.37275,7.41225]}},{"type":"Feature","properties":{"name":"Gojo Town","localName":"","place":"town","population":0},"geometry":{"type":"Point","coordinates":[38.08381,9.26664]}},{"type":"Feature","properties":{"name":"Gore","localName":"","place":"town","population":0},"geometry":{"type":"Point","coordinates":[35.53712,8.1526]}},{"type":"Feature","properties":{"name":"Gorki","localName":"","place":"town","population":0},"geometry":{"type":"Point","coordinates":[38.08407,8.45741]}},{"type":"Feature","properties":{"name":"Goro","localName":"","place":"town","population":0},"geometry":{"type":"Point","coordinates":[40.47993,6.99139]}},{"type":"Feature","properties":{"name":"Goru","localName":"ጎሩ","place":"town","population":0},"geometry":{"type":"Point","coordinates":[37.86874,8.40047]}},{"type":"Feature","properties":{"name":"Gosh Bado","localName":"","place":"town","population":0},"geometry":{"type":"Point","coordinates":[39.45693,9.73025]}},{"type":"Feature","properties":{"name":"Gouder","localName":"","place":"town","population":0},"geometry":{"type":"Point","coordinates":[37.76564,8.97669]}},{"type":"Feature","properties":{"name":"Guia","localName":"","place":"town","population":0},"geometry":{"type":"Point","coordinates":[38.81811,13.61943]}},{"type":"Feature","properties":{"name":"Gulisso","localName":"","place":"town","population":0},"geometry":{"type":"Point","coordinates":[35.47247,9.1638]}},{"type":"Feature","properties":{"name":"Gumar","localName":"","place":"town","population":0},"geometry":{"type":"Point","coordinates":[36.89012,10.52821]}},{"type":"Feature","properties":{"name":"Gundo Meskel","localName":"","place":"town","population":0},"geometry":{"type":"Point","coordinates":[38.7057,10.2241]}},{"type":"Feature","properties":{"name":"Gursum","localName":"","place":"town","population":0},"geometry":{"type":"Point","coordinates":[42.40083,9.35299]}},{"type":"Feature","properties":{"name":"Gurura","localName":"ጉሩራ","place":"town","population":0},"geometry":{"type":"Point","coordinates":[37.92369,8.43947]}},{"type":"Feature","properties":{"name":"Gutin","localName":"","place":"town","population":0},"geometry":{"type":"Point","coordinates":[36.632,9.56475]}},{"type":"Feature","properties":{"name":"Gwyane Diriye","localName":"","place":"town","population":0},"geometry":{"type":"Point","coordinates":[45.76205,6.10292]}},{"type":"Feature","properties":{"name":"Habe","localName":"","place":"town","population":0},"geometry":{"type":"Point","coordinates":[39.78639,7.82231]}},{"type":"Feature","properties":{"name":"Hadero","localName":"","place":"town","population":0},"geometry":{"type":"Point","coordinates":[37.66395,7.19644]}},{"type":"Feature","properties":{"name":"Hagere Selam","localName":"","place":"town","population":0},"geometry":{"type":"Point","coordinates":[39.17287,13.64973]}},{"type":"Feature","properties":{"name":"Haike Meshal","localName":"","place":"town","population":0},"geometry":{"type":"Point","coordinates":[39.70699,13.75406]}},{"type":"Feature","properties":{"name":"Halale","localName":"","place":"town","population":0},"geometry":{"type":"Point","coordinates":[37.34232,6.75339]}},{"type":"Feature","properties":{"name":"Hanaze","localName":"","place":"town","population":0},"geometry":{"type":"Point","coordinates":[37.50274,6.85782]}},{"type":"Feature","properties":{"name":"Hantate","localName":"","place":"town","population":0},"geometry":{"type":"Point","coordinates":[38.26022,6.69154]}},{"type":"Feature","properties":{"name":"Harbu","localName":"","place":"town","population":0},"geometry":{"type":"Point","coordinates":[39.785,10.9235]}},{"type":"Feature","properties":{"name":"Hare Wacha","localName":"","place":"town","population":0},"geometry":{"type":"Point","coordinates":[41.33905,9.17779]}},{"type":"Feature","properties":{"name":"Hareto","localName":"","place":"town","population":0},"geometry":{"type":"Point","coordinates":[37.119,9.36774]}},{"type":"Feature","properties":{"name":"Hargele","localName":"","place":"town","population":0},"geometry":{"type":"Point","coordinates":[42.18053,5.22176]}},{"type":"Feature","properties":{"name":"Haro","localName":"","place":"town","population":0},"geometry":{"type":"Point","coordinates":[36.31301,9.84461]}},{"type":"Feature","properties":{"name":"Haro Adi","localName":"","place":"town","population":0},"geometry":{"type":"Point","coordinates":[39.91721,8.86902]}},{"type":"Feature","properties":{"name":"Haro Dumal","localName":"","place":"town","population":0},"geometry":{"type":"Point","coordinates":[40.17434,6.75042]}},{"type":"Feature","properties":{"name":"Harodibe","localName":"","place":"town","population":0},"geometry":{"type":"Point","coordinates":[40.48086,6.61827]}},{"type":"Feature","properties":{"name":"Hawzen","localName":"","place":"town","population":0},"geometry":{"type":"Point","coordinates":[39.43011,13.97973]}},{"type":"Feature","properties":{"name":"Hayq","localName":"","place":"town","population":0},"geometry":{"type":"Point","coordinates":[39.67698,11.31317]}},{"type":"Feature","properties":{"name":"Hembecho","localName":"","place":"town","population":0},"geometry":{"type":"Point","coordinates":[37.66108,7.15022]}},{"type":"Feature","properties":{"name":"Hidilola","localName":"","place":"town","population":0},"geometry":{"type":"Point","coordinates":[38.57881,3.74179]}},{"type":"Feature","properties":{"name":"Hidmo","localName":"","place":"town","population":0},"geometry":{"type":"Point","coordinates":[38.83158,13.42177]}},{"type":"Feature","properties":{"name":"Hinde","localName":"","place":"town","population":0},"geometry":{"type":"Point","coordinates":[36.45259,9.97365]}},{"type":"Feature","properties":{"name":"Hirna","localName":"","place":"town","population":0},"geometry":{"type":"Point","coordinates":[41.1018,9.21744]}},{"type":"Feature","properties":{"name":"Hitsats","localName":"","place":"town","population":0},"geometry":{"type":"Point","coordinates":[37.96085,14.09481]}},{"type":"Feature","properties":{"name":"Hiwane","localName":"","place":"town","population":0},"geometry":{"type":"Point","coordinates":[39.49609,13.105]}},{"type":"Feature","properties":{"name":"Hiyadima","localName":"","place":"town","population":0},"geometry":{"type":"Point","coordinates":[38.80948,5.53451]}},{"type":"Feature","properties":{"name":"Hobicha Bada","localName":"","place":"town","population":0},"geometry":{"type":"Point","coordinates":[37.87457,6.76412]}},{"type":"Feature","properties":{"name":"Holeta Genet","localName":"ሆለታ","place":"town","population":0},"geometry":{"type":"Point","coordinates":[38.49368,9.06525]}},{"type":"Feature","properties":{"name":"Holota","localName":"","place":"town","population":0},"geometry":{"type":"Point","coordinates":[38.05519,7.06546]}},{"type":"Feature","properties":{"name":"Hossana","localName":"ሆሳዕና","place":"town","population":0},"geometry":{"type":"Point","coordinates":[37.85282,7.55017]}},{"type":"Feature","properties":{"name":"Hudat","localName":"","place":"town","population":0},"geometry":{"type":"Point","coordinates":[39.23684,4.75727]}},{"type":"Feature","properties":{"name":"Hurta","localName":"","place":"town","population":0},"geometry":{"type":"Point","coordinates":[39.43323,8.13273]}},{"type":"Feature","properties":{"name":"Huruta / ሁሩታ","localName":"","place":"town","population":0},"geometry":{"type":"Point","coordinates":[39.35347,8.14868]}},{"type":"Feature","properties":{"name":"Huse","localName":"","place":"town","population":0},"geometry":{"type":"Point","coordinates":[41.84654,8.65778]}},{"type":"Feature","properties":{"name":"Ilimo","localName":"","place":"town","population":0},"geometry":{"type":"Point","coordinates":[35.81666,8.46667]}},{"type":"Feature","properties":{"name":"Imiye","localName":"","place":"town","population":0},"geometry":{"type":"Point","coordinates":[39.42474,10.72384]}},{"type":"Feature","properties":{"name":"Inagabile","localName":"","place":"town","population":0},"geometry":{"type":"Point","coordinates":[45.85394,6.07681]}},{"type":"Feature","properties":{"name":"Inango","localName":"","place":"town","population":0},"geometry":{"type":"Point","coordinates":[35.68283,9.16778]}},{"type":"Feature","properties":{"name":"InchIni","localName":"","place":"town","population":0},"geometry":{"type":"Point","coordinates":[38.3802,9.31461]}},{"type":"Feature","properties":{"name":"Inda Aba Guna","localName":"","place":"town","population":0},"geometry":{"type":"Point","coordinates":[38.1842,13.94922]}},{"type":"Feature","properties":{"name":"Indabaguna","localName":"","place":"town","population":0},"geometry":{"type":"Point","coordinates":[38.28114,13.56551]}},{"type":"Feature","properties":{"name":"Injibara","localName":"እንጂባራ","place":"town","population":0},"geometry":{"type":"Point","coordinates":[36.93407,10.95923]}},{"type":"Feature","properties":{"name":"Inticho","localName":"","place":"town","population":0},"geometry":{"type":"Point","coordinates":[39.15065,14.27812]}},{"type":"Feature","properties":{"name":"Irgalem","localName":"ይርጋለም","place":"town","population":0},"geometry":{"type":"Point","coordinates":[38.40576,6.74694]}},{"type":"Feature","properties":{"name":"Islamge","localName":"","place":"town","population":0},"geometry":{"type":"Point","coordinates":[38.26755,12.96586]}},{"type":"Feature","properties":{"name":"Itang","localName":"","place":"town","population":0},"geometry":{"type":"Point","coordinates":[34.26775,8.19688]}},{"type":"Feature","properties":{"name":"Itiya","localName":"","place":"town","population":0},"geometry":{"type":"Point","coordinates":[39.23333,8.13333]}},{"type":"Feature","properties":{"name":"Jaja","localName":"","place":"town","population":0},"geometry":{"type":"Point","coordinates":[41.36525,9.08131]}},{"type":"Feature","properties":{"name":"Jara","localName":"","place":"town","population":0},"geometry":{"type":"Point","coordinates":[40.49832,7.36794]}},{"type":"Feature","properties":{"name":"Jarso Tower","localName":"","place":"town","population":0},"geometry":{"type":"Point","coordinates":[35.31804,9.45063]}},{"type":"Feature","properties":{"name":"Jawi","localName":"","place":"town","population":0},"geometry":{"type":"Point","coordinates":[36.48819,11.56499]}},{"type":"Feature","properties":{"name":"Jeba","localName":"","place":"town","population":0},"geometry":{"type":"Point","coordinates":[35.22429,6.25269]}},{"type":"Feature","properties":{"name":"Jere","localName":"","place":"town","population":0},"geometry":{"type":"Point","coordinates":[37.06789,9.21671]}},{"type":"Feature","properties":{"name":"Jibri","localName":"","place":"town","population":0},"geometry":{"type":"Point","coordinates":[40.43692,6.64179]}},{"type":"Feature","properties":{"name":"Jiga","localName":"","place":"town","population":0},"geometry":{"type":"Point","coordinates":[37.37731,10.67666]}},{"type":"Feature","properties":{"name":"Jihur","localName":"","place":"town","population":0},"geometry":{"type":"Point","coordinates":[39.25016,10.02081]}},{"type":"Feature","properties":{"name":"Jima","localName":"","place":"town","population":0},"geometry":{"type":"Point","coordinates":[37.89022,10.13875]}},{"type":"Feature","properties":{"name":"Jimata","localName":"","place":"town","population":0},"geometry":{"type":"Point","coordinates":[36.67251,9.02981]}},{"type":"Feature","properties":{"name":"Jinka","localName":"","place":"town","population":0},"geometry":{"type":"Point","coordinates":[36.56544,5.78618]}},{"type":"Feature","properties":{"name":"Jole 1","localName":"","place":"town","population":0},"geometry":{"type":"Point","coordinates":[38.47088,8.18874]}},{"type":"Feature","properties":{"name":"K'Ojora","localName":"","place":"town","population":0},"geometry":{"type":"Point","coordinates":[40.1,7.03333]}},{"type":"Feature","properties":{"name":"K'Ore / Qoree","localName":"","place":"town","population":0},"geometry":{"type":"Point","coordinates":[38.92697,7.21931]}},{"type":"Feature","properties":{"name":"Kachise","localName":"","place":"town","population":0},"geometry":{"type":"Point","coordinates":[37.84619,9.59965]}},{"type":"Feature","properties":{"name":"Kamisee","localName":"","place":"town","population":0},"geometry":{"type":"Point","coordinates":[39.86703,10.71644]}},{"type":"Feature","properties":{"name":"Karakore","localName":"","place":"town","population":0},"geometry":{"type":"Point","coordinates":[39.93519,10.42258]}},{"type":"Feature","properties":{"name":"Karamile","localName":"","place":"town","population":0},"geometry":{"type":"Point","coordinates":[41.36983,9.37427]}},{"type":"Feature","properties":{"name":"Karati","localName":"ካራት","place":"town","population":0},"geometry":{"type":"Point","coordinates":[37.44237,5.33982]}},{"type":"Feature","properties":{"name":"Kasagita","localName":"","place":"town","population":0},"geometry":{"type":"Point","coordinates":[40.21387,11.25164]}},{"type":"Feature","properties":{"name":"Kebri Beyah","localName":"","place":"town","population":0},"geometry":{"type":"Point","coordinates":[43.17867,9.10006]}},{"type":"Feature","properties":{"name":"Kebri Dehar","localName":"","place":"town","population":0},"geometry":{"type":"Point","coordinates":[44.28041,6.73895]}},{"type":"Feature","properties":{"name":"Kefole","localName":"","place":"town","population":0},"geometry":{"type":"Point","coordinates":[38.78168,7.0773]}},{"type":"Feature","properties":{"name":"Kela","localName":"","place":"town","population":0},"geometry":{"type":"Point","coordinates":[39.57225,7.73269]}},{"type":"Feature","properties":{"name":"Kela","localName":"","place":"town","population":0},"geometry":{"type":"Point","coordinates":[38.49512,8.25431]}},{"type":"Feature","properties":{"name":"Kele","localName":"","place":"town","population":0},"geometry":{"type":"Point","coordinates":[37.89773,5.83391]}},{"type":"Feature","properties":{"name":"Kelisha","localName":"","place":"town","population":0},"geometry":{"type":"Point","coordinates":[39.71873,13.64679]}},{"type":"Feature","properties":{"name":"Kellafo","localName":"","place":"town","population":0},"geometry":{"type":"Point","coordinates":[44.2029,5.59223]}},{"type":"Feature","properties":{"name":"Kelo","localName":"","place":"town","population":0},"geometry":{"type":"Point","coordinates":[36.46508,10.09955]}},{"type":"Feature","properties":{"name":"Kemashi","localName":"","place":"town","population":0},"geometry":{"type":"Point","coordinates":[35.86276,9.50445]}},{"type":"Feature","properties":{"name":"Kemba","localName":"","place":"town","population":0},"geometry":{"type":"Point","coordinates":[37.17546,6.05985]}},{"type":"Feature","properties":{"name":"Kercha","localName":"","place":"town","population":0},"geometry":{"type":"Point","coordinates":[38.40529,5.78047]}},{"type":"Feature","properties":{"name":"Kercheche","localName":"ቀርጨጬ","place":"town","population":0},"geometry":{"type":"Point","coordinates":[37.98531,6.95253]}},{"type":"Feature","properties":{"name":"Kersa","localName":"","place":"town","population":0},"geometry":{"type":"Point","coordinates":[38.98553,7.53074]}},{"type":"Feature","properties":{"name":"Kersa","localName":"","place":"town","population":0},"geometry":{"type":"Point","coordinates":[41.86692,9.45488]}},{"type":"Feature","properties":{"name":"Ketema Nigus","localName":"ከተማ ንጉሥ","place":"town","population":0},"geometry":{"type":"Point","coordinates":[37.40125,13.39288]}},{"type":"Feature","properties":{"name":"Keyafer","localName":"","place":"town","population":0},"geometry":{"type":"Point","coordinates":[36.73484,5.52256]}},{"type":"Feature","properties":{"name":"Khiret","localName":"","place":"town","population":0},"geometry":{"type":"Point","coordinates":[37.98265,14.45604]}},{"type":"Feature","properties":{"name":"Khundi","localName":"","place":"town","population":0},"geometry":{"type":"Point","coordinates":[40.8358,6.24897]}},{"type":"Feature","properties":{"name":"Kibet","localName":"","place":"town","population":0},"geometry":{"type":"Point","coordinates":[38.33009,8.02652]}},{"type":"Feature","properties":{"name":"Kibre Mengist","localName":"","place":"town","population":0},"geometry":{"type":"Point","coordinates":[38.99538,5.87336]}},{"type":"Feature","properties":{"name":"Kilaj","localName":"ቂላ","place":"town","population":0},"geometry":{"type":"Point","coordinates":[36.49384,10.71071]}},{"type":"Feature","properties":{"name":"Kile","localName":"","place":"town","population":0},"geometry":{"type":"Point","coordinates":[35.35569,8.91642]}},{"type":"Feature","properties":{"name":"Kiltu Kara","localName":"","place":"town","population":0},"geometry":{"type":"Point","coordinates":[35.26117,9.68916]}},{"type":"Feature","properties":{"name":"Kimir Dingay","localName":"","place":"town","population":0},"geometry":{"type":"Point","coordinates":[38.21647,11.81428]}},{"type":"Feature","properties":{"name":"Kiremu","localName":"","place":"town","population":0},"geometry":{"type":"Point","coordinates":[36.86677,9.95948]}},{"type":"Feature","properties":{"name":"Kobo","localName":"ቆቦ","place":"town","population":0},"geometry":{"type":"Point","coordinates":[39.62884,12.15063]}},{"type":"Feature","properties":{"name":"Kobo","localName":"","place":"town","population":0},"geometry":{"type":"Point","coordinates":[41.4744,9.37641]}},{"type":"Feature","properties":{"name":"Koche","localName":"","place":"town","population":0},"geometry":{"type":"Point","coordinates":[36.65955,7.89645]}},{"type":"Feature","properties":{"name":"Koibi","localName":"","place":"town","population":0},"geometry":{"type":"Point","coordinates":[36.79774,5.77272]}},{"type":"Feature","properties":{"name":"Kokosa","localName":"","place":"town","population":0},"geometry":{"type":"Point","coordinates":[38.79119,6.73935]}},{"type":"Feature","properties":{"name":"Kola Diba","localName":"","place":"town","population":0},"geometry":{"type":"Point","coordinates":[37.33399,12.4253]}},{"type":"Feature","properties":{"name":"Kolango","localName":"","place":"town","population":0},"geometry":{"type":"Point","coordinates":[37.21779,5.49179]}},{"type":"Feature","properties":{"name":"Kombosha","localName":"","place":"town","population":0},"geometry":{"type":"Point","coordinates":[37.47493,9.50522]}},{"type":"Feature","properties":{"name":"Komona","localName":"","place":"town","population":0},"geometry":{"type":"Point","coordinates":[40.55582,8.95065]}},{"type":"Feature","properties":{"name":"Kon","localName":"ኮን","place":"town","population":0},"geometry":{"type":"Point","coordinates":[38.93126,11.60969]}},{"type":"Feature","properties":{"name":"Korem","localName":"","place":"town","population":0},"geometry":{"type":"Point","coordinates":[39.52225,12.50571]}},{"type":"Feature","properties":{"name":"Koshe","localName":"ቆሼ","place":"town","population":0},"geometry":{"type":"Point","coordinates":[38.53207,8.0133]}},{"type":"Feature","properties":{"name":"Kossober","localName":"","place":"town","population":0},"geometry":{"type":"Point","coordinates":[36.93473,10.9552]}},{"type":"Feature","properties":{"name":"Kuergeng","localName":"","place":"town","population":0},"geometry":{"type":"Point","coordinates":[33.95663,8.33255]}},{"type":"Feature","properties":{"name":"Kula","localName":"","place":"town","population":0},"geometry":{"type":"Point","coordinates":[39.68811,7.97832]}},{"type":"Feature","properties":{"name":"Kulubi","localName":"","place":"town","population":0},"geometry":{"type":"Point","coordinates":[41.68305,9.42694]}},{"type":"Feature","properties":{"name":"Kurfa Chele","localName":"","place":"town","population":0},"geometry":{"type":"Point","coordinates":[41.82474,9.23765]}},{"type":"Feature","properties":{"name":"Kurmuk","localName":"ኩርሙክ","place":"town","population":0},"geometry":{"type":"Point","coordinates":[34.29607,10.55688]}},{"type":"Feature","properties":{"name":"Kuta Ber","localName":"","place":"town","population":0},"geometry":{"type":"Point","coordinates":[39.54454,11.27446]}},{"type":"Feature","properties":{"name":"Kuyera","localName":"ኩየራ","place":"town","population":0},"geometry":{"type":"Point","coordinates":[38.65227,7.27863]}},{"type":"Feature","properties":{"name":"Kuyi","localName":"","place":"town","population":0},"geometry":{"type":"Point","coordinates":[37.99086,10.49784]}},{"type":"Feature","properties":{"name":"Ladisa","localName":"","place":"town","population":0},"geometry":{"type":"Point","coordinates":[37.73206,6.95791]}},{"type":"Feature","properties":{"name":"Laha","localName":"","place":"town","population":0},"geometry":{"type":"Point","coordinates":[36.58642,6.46954]}},{"type":"Feature","properties":{"name":"Lasarat","localName":"","place":"town","population":0},"geometry":{"type":"Point","coordinates":[42.45473,10.66512]}},{"type":"Feature","properties":{"name":"Lasho","localName":"","place":"town","population":0},"geometry":{"type":"Point","coordinates":[37.47394,6.78562]}},{"type":"Feature","properties":{"name":"Lasoano","localName":"","place":"town","population":0},"geometry":{"type":"Point","coordinates":[45.38498,6.2555]}},{"type":"Feature","properties":{"name":"Leera","localName":"","place":"town","population":0},"geometry":{"type":"Point","coordinates":[37.87182,7.08564]}},{"type":"Feature","properties":{"name":"Leka","localName":"","place":"town","population":0},"geometry":{"type":"Point","coordinates":[35.66753,8.08827]}},{"type":"Feature","properties":{"name":"Lemen","localName":"","place":"town","population":0},"geometry":{"type":"Point","coordinates":[38.6075,8.60805]}},{"type":"Feature","properties":{"name":"Lemi","localName":"","place":"town","population":0},"geometry":{"type":"Point","coordinates":[38.90738,9.80283]}},{"type":"Feature","properties":{"name":"Lera","localName":"Lera","place":"town","population":0},"geometry":{"type":"Point","coordinates":[37.89465,7.74683]}},{"type":"Feature","properties":{"name":"Liben","localName":"","place":"town","population":0},"geometry":{"type":"Point","coordinates":[36.94155,11.69706]}},{"type":"Feature","properties":{"name":"Libo","localName":"ሊቦ","place":"town","population":0},"geometry":{"type":"Point","coordinates":[37.872,12.20419]}},{"type":"Feature","properties":{"name":"Limushay","localName":"","place":"town","population":0},"geometry":{"type":"Point","coordinates":[36.69065,7.97425]}},{"type":"Feature","properties":{"name":"Logiya","localName":"","place":"town","population":0},"geometry":{"type":"Point","coordinates":[40.9761,11.72309]}},{"type":"Feature","properties":{"name":"Lumame","localName":"","place":"town","population":0},"geometry":{"type":"Point","coordinates":[37.93892,10.25183]}},{"type":"Feature","properties":{"name":"Magaala Dabbasoo","localName":"","place":"town","population":0},"geometry":{"type":"Point","coordinates":[35.65075,8.84969]}},{"type":"Feature","properties":{"name":"Maheber Dego","localName":"","place":"town","population":0},"geometry":{"type":"Point","coordinates":[38.77992,14.02841]}},{"type":"Feature","properties":{"name":"Mai Kadra","localName":"","place":"town","population":0},"geometry":{"type":"Point","coordinates":[36.56573,14.07218]}},{"type":"Feature","properties":{"name":"Maiwoini","localName":"","place":"town","population":0},"geometry":{"type":"Point","coordinates":[37.21197,14.0816]}},{"type":"Feature","properties":{"name":"Majete","localName":"","place":"town","population":0},"geometry":{"type":"Point","coordinates":[39.86447,10.49269]}},{"type":"Feature","properties":{"name":"Maksegnit","localName":"","place":"town","population":0},"geometry":{"type":"Point","coordinates":[37.55608,12.37963]}},{"type":"Feature","properties":{"name":"Malek Sanca","localName":"","place":"town","population":0},"geometry":{"type":"Point","coordinates":[38.77,11.03508]}},{"type":"Feature","properties":{"name":"Manasebo","localName":"","place":"town","population":0},"geometry":{"type":"Point","coordinates":[35.6645,10.63132]}},{"type":"Feature","properties":{"name":"Manbuk","localName":"","place":"town","population":0},"geometry":{"type":"Point","coordinates":[36.24757,11.30001]}},{"type":"Feature","properties":{"name":"Mancusa","localName":"ማንኩሳ","place":"town","population":0},"geometry":{"type":"Point","coordinates":[37.17685,10.69989]}},{"type":"Feature","properties":{"name":"Mare","localName":"","place":"town","population":0},"geometry":{"type":"Point","coordinates":[37.81505,7.43013]}},{"type":"Feature","properties":{"name":"Masha","localName":"","place":"town","population":0},"geometry":{"type":"Point","coordinates":[35.47595,7.74745]}},{"type":"Feature","properties":{"name":"Matar","localName":"","place":"town","population":0},"geometry":{"type":"Point","coordinates":[33.44556,8.35671]}},{"type":"Feature","properties":{"name":"May Hansse","localName":"","place":"town","population":0},"geometry":{"type":"Point","coordinates":[37.87809,14.12576]}},{"type":"Feature","properties":{"name":"May Tsebri","localName":"","place":"town","population":0},"geometry":{"type":"Point","coordinates":[38.13151,13.56145]}},{"type":"Feature","properties":{"name":"Maychew","localName":"","place":"town","population":0},"geometry":{"type":"Point","coordinates":[39.53934,12.78412]}},{"type":"Feature","properties":{"name":"Maymekden","localName":"","place":"town","population":0},"geometry":{"type":"Point","coordinates":[39.56692,13.5809]}},{"type":"Feature","properties":{"name":"Mechara","localName":"","place":"town","population":0},"geometry":{"type":"Point","coordinates":[34.99544,8.73577]}},{"type":"Feature","properties":{"name":"Mechara","localName":"","place":"town","population":0},"geometry":{"type":"Point","coordinates":[40.32448,8.59977]}},{"type":"Feature","properties":{"name":"Mechitu","localName":"","place":"town","population":0},"geometry":{"type":"Point","coordinates":[39.47793,7.43707]}},{"type":"Feature","properties":{"name":"Medina","localName":"","place":"town","population":0},"geometry":{"type":"Point","coordinates":[40.02268,10.92025]}},{"type":"Feature","properties":{"name":"Mega","localName":"","place":"town","population":0},"geometry":{"type":"Point","coordinates":[38.32089,4.0588]}},{"type":"Feature","properties":{"name":"Mehal Meda","localName":"","place":"town","population":0},"geometry":{"type":"Point","coordinates":[39.65798,10.31219]}},{"type":"Feature","properties":{"name":"Mekane Berhan","localName":"መካነ ብርሃን","place":"town","population":0},"geometry":{"type":"Point","coordinates":[38.10416,13.0047]}},{"type":"Feature","properties":{"name":"Mekane Eyesus","localName":"","place":"town","population":0},"geometry":{"type":"Point","coordinates":[38.06404,11.60961]}},{"type":"Feature","properties":{"name":"Mekane Selam","localName":"መካነ ሰላም","place":"town","population":0},"geometry":{"type":"Point","coordinates":[38.75521,10.74778]}},{"type":"Feature","properties":{"name":"Meki","localName":"መቂ","place":"town","population":0},"geometry":{"type":"Point","coordinates":[38.82109,8.15184]}},{"type":"Feature","properties":{"name":"Meko","localName":"","place":"town","population":0},"geometry":{"type":"Point","coordinates":[36.03333,8.68333]}},{"type":"Feature","properties":{"name":"Mekoni","localName":"መኾኒ","place":"town","population":0},"geometry":{"type":"Point","coordinates":[39.64602,12.8035]}},{"type":"Feature","properties":{"name":"Meliyu","localName":"","place":"town","population":0},"geometry":{"type":"Point","coordinates":[40.35839,7.02283]}},{"type":"Feature","properties":{"name":"Melka Awash","localName":"መልካ አዋሽና","place":"town","population":0},"geometry":{"type":"Point","coordinates":[38.61162,8.70707]}},{"type":"Feature","properties":{"name":"Melka Jebdu","localName":"መልካ ጀብዱ","place":"town","population":0},"geometry":{"type":"Point","coordinates":[41.78368,9.61932]}},{"type":"Feature","properties":{"name":"Melkasa","localName":"","place":"town","population":0},"geometry":{"type":"Point","coordinates":[39.33648,8.40485]}},{"type":"Feature","properties":{"name":"Menagesha","localName":"መናገሻ","place":"town","population":0},"geometry":{"type":"Point","coordinates":[38.57072,9.05438]}},{"type":"Feature","properties":{"name":"Mendi","localName":"","place":"town","population":0},"geometry":{"type":"Point","coordinates":[35.1,9.8]}},{"type":"Feature","properties":{"name":"Mengie","localName":"","place":"town","population":0},"geometry":{"type":"Point","coordinates":[34.76557,10.38459]}},{"type":"Feature","properties":{"name":"Meraro","localName":"መራሮ","place":"town","population":0},"geometry":{"type":"Point","coordinates":[39.24175,7.40795]}},{"type":"Feature","properties":{"name":"Merawi","localName":"","place":"town","population":0},"geometry":{"type":"Point","coordinates":[37.16029,11.41795]}},{"type":"Feature","properties":{"name":"Mersa","localName":"መርሳ","place":"town","population":0},"geometry":{"type":"Point","coordinates":[39.65933,11.66667]}},{"type":"Feature","properties":{"name":"Mertule Mariam","localName":"","place":"town","population":0},"geometry":{"type":"Point","coordinates":[38.27094,10.86759]}},{"type":"Feature","properties":{"name":"Mesela","localName":"","place":"town","population":0},"geometry":{"type":"Point","coordinates":[41.17386,9.07998]}},{"type":"Feature","properties":{"name":"Metehara","localName":"","place":"town","population":0},"geometry":{"type":"Point","coordinates":[39.91814,8.90251]}},{"type":"Feature","properties":{"name":"Metemma","localName":"መተማ","place":"town","population":0},"geometry":{"type":"Point","coordinates":[36.15637,12.9538]}},{"type":"Feature","properties":{"name":"Metemmeli","localName":"","place":"town","population":0},"geometry":{"type":"Point","coordinates":[36.88738,13.86465]}},{"type":"Feature","properties":{"name":"Meti Chafi / Tilk u Meti","localName":"","place":"town","population":0},"geometry":{"type":"Point","coordinates":[35.31534,7.23407]}},{"type":"Feature","properties":{"name":"Micha Biliso","localName":"","place":"town","population":0},"geometry":{"type":"Point","coordinates":[40.97934,7.45621]}},{"type":"Feature","properties":{"name":"Micheta","localName":"","place":"town","population":0},"geometry":{"type":"Point","coordinates":[40.31735,8.57276]}},{"type":"Feature","properties":{"name":"Midre Genet","localName":"ምድረ ገነት","place":"town","population":0},"geometry":{"type":"Point","coordinates":[36.4734,13.69638]}},{"type":"Feature","properties":{"name":"Minare","localName":"","place":"town","population":0},"geometry":{"type":"Point","coordinates":[38.27628,9.60108]}},{"type":"Feature","properties":{"name":"Mindeera","localName":"","place":"town","population":0},"geometry":{"type":"Point","coordinates":[36.3772,11.25229]}},{"type":"Feature","properties":{"name":"Mintamir","localName":"","place":"town","population":0},"geometry":{"type":"Point","coordinates":[39.55787,9.12882]}},{"type":"Feature","properties":{"name":"Mirab Abaya","localName":"","place":"town","population":0},"geometry":{"type":"Point","coordinates":[37.76898,6.29231]}},{"type":"Feature","properties":{"name":"Mistima","localName":"ሚስቲማ","place":"town","population":0},"geometry":{"type":"Point","coordinates":[39.77211,11.33916]}},{"type":"Feature","properties":{"name":"Mizan Aman","localName":"ሚዛን ተፈሪ","place":"town","population":0},"geometry":{"type":"Point","coordinates":[35.58689,6.99529]}},{"type":"Feature","properties":{"name":"Moje","localName":"","place":"town","population":0},"geometry":{"type":"Point","coordinates":[39.85231,8.28276]}},{"type":"Feature","properties":{"name":"Mojo","localName":"ሞጆ","place":"town","population":0},"geometry":{"type":"Point","coordinates":[39.125,8.58699]}},{"type":"Feature","properties":{"name":"Mota","localName":"","place":"town","population":0},"geometry":{"type":"Point","coordinates":[37.88099,11.08141]}},{"type":"Feature","properties":{"name":"Mote","localName":"","place":"town","population":0},"geometry":{"type":"Point","coordinates":[36.92363,8.82429]}},{"type":"Feature","properties":{"name":"Mudula","localName":"","place":"town","population":0},"geometry":{"type":"Point","coordinates":[37.54501,7.28521]}},{"type":"Feature","properties":{"name":"Muger","localName":"","place":"town","population":0},"geometry":{"type":"Point","coordinates":[38.34287,9.44266]}},{"type":"Feature","properties":{"name":"Muja","localName":"","place":"town","population":0},"geometry":{"type":"Point","coordinates":[39.29123,12.00944]}},{"type":"Feature","properties":{"name":"Muketuri","localName":"","place":"town","population":0},"geometry":{"type":"Point","coordinates":[38.87266,9.55009]}},{"type":"Feature","properties":{"name":"Mulo","localName":"","place":"town","population":0},"geometry":{"type":"Point","coordinates":[38.56495,9.29662]}},{"type":"Feature","properties":{"name":"Mustakhil'","localName":"","place":"town","population":0},"geometry":{"type":"Point","coordinates":[44.73184,5.24546]}},{"type":"Feature","properties":{"name":"Namelafen","localName":"","place":"town","population":0},"geometry":{"type":"Point","coordinates":[40.20802,10.92656]}},{"type":"Feature","properties":{"name":"Nedjo","localName":"","place":"town","population":0},"geometry":{"type":"Point","coordinates":[35.502,9.50446]}},{"type":"Feature","properties":{"name":"Nefas Meewcha","localName":"ነፋስ መውጫ","place":"town","population":0},"geometry":{"type":"Point","coordinates":[38.47275,11.73863]}},{"type":"Feature","properties":{"name":"Negash","localName":"","place":"town","population":0},"geometry":{"type":"Point","coordinates":[39.59807,13.87996]}},{"type":"Feature","properties":{"name":"Negele","localName":"","place":"town","population":0},"geometry":{"type":"Point","coordinates":[39.58066,5.33282]}},{"type":"Feature","properties":{"name":"Nunu","localName":"","place":"town","population":0},"geometry":{"type":"Point","coordinates":[36.63989,8.76471]}},{"type":"Feature","properties":{"name":"Obera Bota","localName":"","place":"town","population":0},"geometry":{"type":"Point","coordinates":[40.17794,7.17408]}},{"type":"Feature","properties":{"name":"Oda","localName":"","place":"town","population":0},"geometry":{"type":"Point","coordinates":[36.51873,7.09934]}},{"type":"Feature","properties":{"name":"Ombole","localName":"","place":"town","population":0},"geometry":{"type":"Point","coordinates":[38.78333,8.36667]}},{"type":"Feature","properties":{"name":"Omonada","localName":"","place":"town","population":0},"geometry":{"type":"Point","coordinates":[37.25154,7.63383]}},{"type":"Feature","properties":{"name":"Omorate","localName":"","place":"town","population":0},"geometry":{"type":"Point","coordinates":[36.05044,4.80324]}},{"type":"Feature","properties":{"name":"Pagak (South Sudan)","localName":"","place":"town","population":0},"geometry":{"type":"Point","coordinates":[34.02463,8.47466]}},{"type":"Feature","properties":{"name":"Pagak(Gambella, Ethiopia)","localName":"","place":"town","population":0},"geometry":{"type":"Point","coordinates":[34.00547,8.4595]}},{"type":"Feature","properties":{"name":"Paracho","localName":"","place":"town","population":0},"geometry":{"type":"Point","coordinates":[37.83857,6.66354]}},{"type":"Feature","properties":{"name":"Pawi","localName":"","place":"town","population":0},"geometry":{"type":"Point","coordinates":[36.4088,11.32501]}},{"type":"Feature","properties":{"name":"Pinyudo","localName":"","place":"town","population":0},"geometry":{"type":"Point","coordinates":[34.25723,7.64702]}},{"type":"Feature","properties":{"name":"Qoqa","localName":"","place":"town","population":0},"geometry":{"type":"Point","coordinates":[39.03474,8.44098]}},{"type":"Feature","properties":{"name":"Qorof","localName":"","place":"town","population":0},"geometry":{"type":"Point","coordinates":[46.43528,6.58416]}},{"type":"Feature","properties":{"name":"Quiha","localName":"","place":"town","population":0},"geometry":{"type":"Point","coordinates":[39.54633,13.47653]}},{"type":"Feature","properties":{"name":"Raaso","localName":"","place":"town","population":0},"geometry":{"type":"Point","coordinates":[41.79703,6.54691]}},{"type":"Feature","properties":{"name":"Raqo","localName":"","place":"town","population":0},"geometry":{"type":"Point","coordinates":[45.85259,6.4193]}},{"type":"Feature","properties":{"name":"Rob Gebeya","localName":"","place":"town","population":0},"geometry":{"type":"Point","coordinates":[34.88005,8.6876]}},{"type":"Feature","properties":{"name":"Robe","localName":"","place":"town","population":0},"geometry":{"type":"Point","coordinates":[39.62988,7.86558]}},{"type":"Feature","properties":{"name":"Robe Gerjeda","localName":"","place":"town","population":0},"geometry":{"type":"Point","coordinates":[39.43017,7.19047]}},{"type":"Feature","properties":{"name":"Ropi","localName":"","place":"town","population":0},"geometry":{"type":"Point","coordinates":[38.10917,7.14074]}},{"type":"Feature","properties":{"name":"Sagure","localName":"ሳጉሬ","place":"town","population":0},"geometry":{"type":"Point","coordinates":[39.15639,7.75118]}},{"type":"Feature","properties":{"name":"Saja","localName":"","place":"town","population":0},"geometry":{"type":"Point","coordinates":[37.43922,7.96898]}},{"type":"Feature","properties":{"name":"Saja","localName":"","place":"town","population":0},"geometry":{"type":"Point","coordinates":[36.07025,7.50447]}},{"type":"Feature","properties":{"name":"Samre","localName":"","place":"town","population":0},"geometry":{"type":"Point","coordinates":[39.20907,13.18818]}},{"type":"Feature","properties":{"name":"Sanja","localName":"ሳንጃ","place":"town","population":0},"geometry":{"type":"Point","coordinates":[37.2953,12.99276]}},{"type":"Feature","properties":{"name":"Sawla","localName":"","place":"town","population":0},"geometry":{"type":"Point","coordinates":[36.88333,6.3]}},{"type":"Feature","properties":{"name":"Sebeta","localName":"ሰበታ","place":"town","population":0},"geometry":{"type":"Point","coordinates":[38.62402,8.91225]}},{"type":"Feature","properties":{"name":"Segen","localName":"","place":"town","population":0},"geometry":{"type":"Point","coordinates":[37.5465,5.58866]}},{"type":"Feature","properties":{"name":"Seka","localName":"ሰቃ","place":"town","population":0},"geometry":{"type":"Point","coordinates":[36.72394,7.60279]}},{"type":"Feature","properties":{"name":"Sekoro","localName":"","place":"town","population":0},"geometry":{"type":"Point","coordinates":[39.02228,9.67415]}},{"type":"Feature","properties":{"name":"Selam Ber ሰላምበር","localName":"","place":"town","population":0},"geometry":{"type":"Point","coordinates":[37.46329,6.47534]}},{"type":"Feature","properties":{"name":"Sele","localName":"","place":"town","population":0},"geometry":{"type":"Point","coordinates":[39.03934,13.53905]}},{"type":"Feature","properties":{"name":"Selekleka","localName":"","place":"town","population":0},"geometry":{"type":"Point","coordinates":[38.47176,14.11547]}},{"type":"Feature","properties":{"name":"Sendafa","localName":"ሰንዳፋ","place":"town","population":0},"geometry":{"type":"Point","coordinates":[39.02381,9.15587]}},{"type":"Feature","properties":{"name":"Serera","localName":"","place":"town","population":0},"geometry":{"type":"Point","coordinates":[37.78957,7.30745]}},{"type":"Feature","properties":{"name":"Seru","localName":"","place":"town","population":0},"geometry":{"type":"Point","coordinates":[40.20136,7.67561]}},{"type":"Feature","properties":{"name":"Seyo","localName":"","place":"town","population":0},"geometry":{"type":"Point","coordinates":[37.26412,8.76524]}},{"type":"Feature","properties":{"name":"Shahadi","localName":"","place":"town","population":0},"geometry":{"type":"Point","coordinates":[36.4047,12.77992]}},{"type":"Feature","properties":{"name":"Shahura (Alefa)","localName":"","place":"town","population":0},"geometry":{"type":"Point","coordinates":[36.87253,11.93407]}},{"type":"Feature","properties":{"name":"Shakiso","localName":"","place":"town","population":0},"geometry":{"type":"Point","coordinates":[38.90285,5.77468]}},{"type":"Feature","properties":{"name":"Shambu","localName":"","place":"town","population":0},"geometry":{"type":"Point","coordinates":[37.1007,9.56669]}},{"type":"Feature","properties":{"name":"Shano","localName":"","place":"town","population":0},"geometry":{"type":"Point","coordinates":[39.3,9.33333]}},{"type":"Feature","properties":{"name":"Shebe","localName":"","place":"town","population":0},"geometry":{"type":"Point","coordinates":[36.51134,7.50345]}},{"type":"Feature","properties":{"name":"Shebel","localName":"","place":"town","population":0},"geometry":{"type":"Point","coordinates":[34.58411,8.48913]}},{"type":"Feature","properties":{"name":"Sheik Hussein","localName":"ሼክ ሁሴን","place":"town","population":0},"geometry":{"type":"Point","coordinates":[40.70364,7.74634]}},{"type":"Feature","properties":{"name":"Shenen","localName":"","place":"town","population":0},"geometry":{"type":"Point","coordinates":[37.47458,8.72852]}},{"type":"Feature","properties":{"name":"Sheno","localName":"","place":"town","population":0},"geometry":{"type":"Point","coordinates":[38.27223,9.31608]}},{"type":"Feature","properties":{"name":"Sheraro","localName":"","place":"town","population":0},"geometry":{"type":"Point","coordinates":[37.7714,14.39306]}},{"type":"Feature","properties":{"name":"Shime","localName":"","place":"town","population":0},"geometry":{"type":"Point","coordinates":[37.95356,11.41345]}},{"type":"Feature","properties":{"name":"Shimelba","localName":"","place":"town","population":0},"geometry":{"type":"Point","coordinates":[37.72443,14.17705]}},{"type":"Feature","properties":{"name":"Shinile","localName":"","place":"town","population":0},"geometry":{"type":"Point","coordinates":[41.84472,9.68806]}},{"type":"Feature","properties":{"name":"Shinshicho","localName":"ሺንሺቾ","place":"town","population":0},"geometry":{"type":"Point","coordinates":[37.77689,7.20616]}},{"type":"Feature","properties":{"name":"Shira","localName":"","place":"town","population":0},"geometry":{"type":"Point","coordinates":[36.25009,7.74462]}},{"type":"Feature","properties":{"name":"Shoa Robit","localName":"","place":"town","population":0},"geometry":{"type":"Point","coordinates":[39.90087,9.99376]}},{"type":"Feature","properties":{"name":"Shoboka","localName":"","place":"town","population":0},"geometry":{"type":"Point","coordinates":[37.12336,9.09328]}},{"type":"Feature","properties":{"name":"Shone","localName":"ሾኔ","place":"town","population":0},"geometry":{"type":"Point","coordinates":[37.95558,7.14421]}},{"type":"Feature","properties":{"name":"Shufune","localName":"","place":"town","population":0},"geometry":{"type":"Point","coordinates":[38.74468,9.13242]}},{"type":"Feature","properties":{"name":"Shukute","localName":"","place":"town","population":0},"geometry":{"type":"Point","coordinates":[38.02533,9.38081]}},{"type":"Feature","properties":{"name":"Shul","localName":"","place":"town","population":0},"geometry":{"type":"Point","coordinates":[37.02352,10.48323]}},{"type":"Feature","properties":{"name":"Sibo","localName":"","place":"town","population":0},"geometry":{"type":"Point","coordinates":[35.23975,8.24064]}},{"type":"Feature","properties":{"name":"Sigmo","localName":"","place":"town","population":0},"geometry":{"type":"Point","coordinates":[36.0975,7.91055]}},{"type":"Feature","properties":{"name":"Sirambi","localName":"","place":"town","population":0},"geometry":{"type":"Point","coordinates":[37.42929,8.53628]}},{"type":"Feature","properties":{"name":"Sire","localName":"","place":"town","population":0},"geometry":{"type":"Point","coordinates":[39.49274,8.27641]}},{"type":"Feature","properties":{"name":"Sire Robe","localName":"","place":"town","population":0},"geometry":{"type":"Point","coordinates":[39.1599,8.47552]}},{"type":"Feature","properties":{"name":"Sof Omar","localName":"ሶፍ-ዑመር","place":"town","population":0},"geometry":{"type":"Point","coordinates":[40.84383,6.90135]}},{"type":"Feature","properties":{"name":"Softu","localName":"","place":"town","population":0},"geometry":{"type":"Point","coordinates":[41.85545,3.97107]}},{"type":"Feature","properties":{"name":"Soge","localName":"","place":"town","population":0},"geometry":{"type":"Point","coordinates":[36.18852,9.3598]}},{"type":"Feature","properties":{"name":"Sokoru","localName":"ሰኮሩ","place":"town","population":0},"geometry":{"type":"Point","coordinates":[37.41791,7.92568]}},{"type":"Feature","properties":{"name":"Solemo","localName":"","place":"town","population":0},"geometry":{"type":"Point","coordinates":[38.5924,6.08988]}},{"type":"Feature","properties":{"name":"Sologiorgis","localName":"ሶሎጊዮርጊስ","place":"town","population":0},"geometry":{"type":"Point","coordinates":[39.36355,8.83805]}},{"type":"Feature","properties":{"name":"Sorto","localName":"","place":"town","population":0},"geometry":{"type":"Point","coordinates":[37.61577,6.90921]}},{"type":"Feature","properties":{"name":"Soyama","localName":"","place":"town","population":0},"geometry":{"type":"Point","coordinates":[37.86077,5.48531]}},{"type":"Feature","properties":{"name":"Sululta","localName":"","place":"town","population":0},"geometry":{"type":"Point","coordinates":[38.75938,9.18126]}},{"type":"Feature","properties":{"name":"Sumbo","localName":"","place":"town","population":0},"geometry":{"type":"Point","coordinates":[38.25228,8.53942]}},{"type":"Feature","properties":{"name":"Sup'E","localName":"","place":"town","population":0},"geometry":{"type":"Point","coordinates":[35.66297,8.52036]}},{"type":"Feature","properties":{"name":"Tarcha","localName":"ታርጫ","place":"town","population":0},"geometry":{"type":"Point","coordinates":[37.17513,7.14685]}},{"type":"Feature","properties":{"name":"Teferī Ber","localName":"","place":"town","population":0},"geometry":{"type":"Point","coordinates":[43.22399,9.78348]}},{"type":"Feature","properties":{"name":"Tefki","localName":"","place":"town","population":0},"geometry":{"type":"Point","coordinates":[38.4993,8.84791]}},{"type":"Feature","properties":{"name":"Teji","localName":"","place":"town","population":0},"geometry":{"type":"Point","coordinates":[38.37964,8.83904]}},{"type":"Feature","properties":{"name":"Telo","localName":"","place":"town","population":0},"geometry":{"type":"Point","coordinates":[36.46922,7.11854]}},{"type":"Feature","properties":{"name":"Tenta","localName":"","place":"town","population":0},"geometry":{"type":"Point","coordinates":[38.32412,11.54226]}},{"type":"Feature","properties":{"name":"Tepi","localName":"","place":"town","population":0},"geometry":{"type":"Point","coordinates":[35.42182,7.19707]}},{"type":"Feature","properties":{"name":"Terre","localName":"","place":"town","population":0},"geometry":{"type":"Point","coordinates":[38.62647,8.53224]}},{"type":"Feature","properties":{"name":"Tharpham","localName":"","place":"town","population":0},"geometry":{"type":"Point","coordinates":[34.27674,8.25806]}},{"type":"Feature","properties":{"name":"Tibe","localName":"","place":"town","population":0},"geometry":{"type":"Point","coordinates":[37.18017,9.05905]}},{"type":"Feature","properties":{"name":"Ticho","localName":"","place":"town","population":0},"geometry":{"type":"Point","coordinates":[39.51666,7.80776]}},{"type":"Feature","properties":{"name":"Tijo","localName":"","place":"town","population":0},"geometry":{"type":"Point","coordinates":[39.24784,7.69062]}},{"type":"Feature","properties":{"name":"Tis Abay","localName":"ጥስ እሳት","place":"town","population":0},"geometry":{"type":"Point","coordinates":[37.58581,11.48617]}},{"type":"Feature","properties":{"name":"Tiya","localName":"","place":"town","population":0},"geometry":{"type":"Point","coordinates":[38.6093,8.43733]}},{"type":"Feature","properties":{"name":"Tobba","localName":"","place":"town","population":0},"geometry":{"type":"Point","coordinates":[36.49267,8.003]}},{"type":"Feature","properties":{"name":"Tocha","localName":"","place":"town","population":0},"geometry":{"type":"Point","coordinates":[37.04092,7.0884]}},{"type":"Feature","properties":{"name":"Tongo","localName":"","place":"town","population":0},"geometry":{"type":"Point","coordinates":[34.43903,9.37418]}},{"type":"Feature","properties":{"name":"Tora","localName":"ጦራ","place":"town","population":0},"geometry":{"type":"Point","coordinates":[38.42309,7.85967]}},{"type":"Feature","properties":{"name":"Ts'Abat","localName":"","place":"town","population":0},"geometry":{"type":"Point","coordinates":[39.67065,13.67218]}},{"type":"Feature","properties":{"name":"Tsege","localName":"","place":"town","population":0},"geometry":{"type":"Point","coordinates":[36.50545,9.18867]}},{"type":"Feature","properties":{"name":"Tulu Bolo","localName":"ቱሉ ቦሎ","place":"town","population":0},"geometry":{"type":"Point","coordinates":[38.21401,8.66103]}},{"type":"Feature","properties":{"name":"Tulu Milki","localName":"","place":"town","population":0},"geometry":{"type":"Point","coordinates":[38.34699,9.9081]}},{"type":"Feature","properties":{"name":"Ufa","localName":"","place":"town","population":0},"geometry":{"type":"Point","coordinates":[36.23046,7.40703]}},{"type":"Feature","properties":{"name":"Uke","localName":"","place":"town","population":0},"geometry":{"type":"Point","coordinates":[36.5262,9.37608]}},{"type":"Feature","properties":{"name":"Uoter","localName":"","place":"town","population":0},"geometry":{"type":"Point","coordinates":[41.77083,9.3575]}},{"type":"Feature","properties":{"name":"Urmadag","localName":"","place":"town","population":0},"geometry":{"type":"Point","coordinates":[46.2631,6.67148]}},{"type":"Feature","properties":{"name":"Wabe","localName":"","place":"town","population":0},"geometry":{"type":"Point","coordinates":[39.02253,7.01399]}},{"type":"Feature","properties":{"name":"Wachiga","localName":"","place":"town","population":0},"geometry":{"type":"Point","coordinates":[37.662,6.74873]}},{"type":"Feature","properties":{"name":"WachIle","localName":"","place":"town","population":0},"geometry":{"type":"Point","coordinates":[39.06119,4.5451]}},{"type":"Feature","properties":{"name":"Wachu","localName":"","place":"town","population":0},"geometry":{"type":"Point","coordinates":[40.62336,8.8484]}},{"type":"Feature","properties":{"name":"Wadera","localName":"","place":"town","population":0},"geometry":{"type":"Point","coordinates":[39.31057,5.77731]}},{"type":"Feature","properties":{"name":"Wahisa Abo","localName":"ዋህሳ አቦ","place":"town","population":0},"geometry":{"type":"Point","coordinates":[36.97191,10.89514]}},{"type":"Feature","properties":{"name":"Waliso","localName":"","place":"town","population":0},"geometry":{"type":"Point","coordinates":[37.97619,8.53886]}},{"type":"Feature","properties":{"name":"Wamura","localName":"","place":"town","population":0},"geometry":{"type":"Point","coordinates":[37.40332,6.76724]}},{"type":"Feature","properties":{"name":"Washa","localName":"","place":"town","population":0},"geometry":{"type":"Point","coordinates":[39.47317,7.03519]}},{"type":"Feature","properties":{"name":"Wayu","localName":"","place":"town","population":0},"geometry":{"type":"Point","coordinates":[37.3608,9.23056]}},{"type":"Feature","properties":{"name":"Wedarage","localName":"","place":"town","population":0},"geometry":{"type":"Point","coordinates":[40.18318,10.81505]}},{"type":"Feature","properties":{"name":"Wefe","localName":"","place":"town","population":0},"geometry":{"type":"Point","coordinates":[40.30892,8.69783]}},{"type":"Feature","properties":{"name":"Wegeda","localName":"","place":"town","population":0},"geometry":{"type":"Point","coordinates":[38.23907,11.39809]}},{"type":"Feature","properties":{"name":"Wegide","localName":"","place":"town","population":0},"geometry":{"type":"Point","coordinates":[38.0363,9.38381]}},{"type":"Feature","properties":{"name":"Wekepeche","localName":"","place":"town","population":0},"geometry":{"type":"Point","coordinates":[37.97383,8.01195]}},{"type":"Feature","properties":{"name":"Welenchiti","localName":"","place":"town","population":0},"geometry":{"type":"Point","coordinates":[39.43432,8.66325]}},{"type":"Feature","properties":{"name":"Welkite","localName":"ወልቂጤ","place":"town","population":0},"geometry":{"type":"Point","coordinates":[37.78184,8.28609]}},{"type":"Feature","properties":{"name":"Wenji","localName":"","place":"town","population":0},"geometry":{"type":"Point","coordinates":[39.21752,8.4541]}},{"type":"Feature","properties":{"name":"Wereta","localName":"ወረታ","place":"town","population":0},"geometry":{"type":"Point","coordinates":[37.69643,11.92367]}},{"type":"Feature","properties":{"name":"Werka","localName":"","place":"town","population":0},"geometry":{"type":"Point","coordinates":[39.10635,6.58763]}},{"type":"Feature","properties":{"name":"Werkamba","localName":"","place":"town","population":0},"geometry":{"type":"Point","coordinates":[39.00092,13.73338]}},{"type":"Feature","properties":{"name":"West Imi","localName":"","place":"town","population":0},"geometry":{"type":"Point","coordinates":[42.13912,6.45751]}},{"type":"Feature","properties":{"name":"Woito","localName":"","place":"town","population":0},"geometry":{"type":"Point","coordinates":[36.99333,5.37596]}},{"type":"Feature","properties":{"name":"Woldehane","localName":"","place":"town","population":0},"geometry":{"type":"Point","coordinates":[37.27043,7.24087]}},{"type":"Feature","properties":{"name":"Woldia","localName":"ወልዲያ","place":"town","population":0},"geometry":{"type":"Point","coordinates":[39.59633,11.82885]}},{"type":"Feature","properties":{"name":"Wolenkomi","localName":"ወለንኮሚ","place":"town","population":0},"geometry":{"type":"Point","coordinates":[38.24669,9.00171]}},{"type":"Feature","properties":{"name":"Woncho","localName":"","place":"town","population":0},"geometry":{"type":"Point","coordinates":[38.50786,6.75572]}},{"type":"Feature","properties":{"name":"Worabe","localName":"","place":"town","population":0},"geometry":{"type":"Point","coordinates":[38.1873,7.85345]}},{"type":"Feature","properties":{"name":"Workmeda","localName":"","place":"town","population":0},"geometry":{"type":"Point","coordinates":[36.64688,11.36199]}},{"type":"Feature","properties":{"name":"Worqicha","localName":"","place":"town","population":0},"geometry":{"type":"Point","coordinates":[38.09148,7.01668]}},{"type":"Feature","properties":{"name":"Wukro","localName":"","place":"town","population":0},"geometry":{"type":"Point","coordinates":[39.60153,13.78625]}},{"type":"Feature","properties":{"name":"Wukro Maray","localName":"","place":"town","population":0},"geometry":{"type":"Point","coordinates":[38.59363,14.1232]}},{"type":"Feature","properties":{"name":"Wulbareg","localName":"","place":"town","population":0},"geometry":{"type":"Point","coordinates":[38.12193,7.73901]}},{"type":"Feature","properties":{"name":"Wurgessa","localName":"","place":"town","population":0},"geometry":{"type":"Point","coordinates":[39.61851,11.54352]}},{"type":"Feature","properties":{"name":"Yabēlo","localName":"","place":"town","population":0},"geometry":{"type":"Point","coordinates":[38.09499,4.89257]}},{"type":"Feature","properties":{"name":"Yamaaruglay","localName":"","place":"town","population":0},"geometry":{"type":"Point","coordinates":[46.08437,6.80853]}},{"type":"Feature","properties":{"name":"Yanfa","localName":"","place":"town","population":0},"geometry":{"type":"Point","coordinates":[36.60305,8.24499]}},{"type":"Feature","properties":{"name":"Yayu","localName":"","place":"town","population":0},"geometry":{"type":"Point","coordinates":[35.81224,8.34149]}},{"type":"Feature","properties":{"name":"Yebokile","localName":"","place":"town","population":0},"geometry":{"type":"Point","coordinates":[37.89261,10.44459]}},{"type":"Feature","properties":{"name":"Yebu","localName":"","place":"town","population":0},"geometry":{"type":"Point","coordinates":[36.7266,7.78461]}},{"type":"Feature","properties":{"name":"Yechila","localName":"","place":"town","population":0},"geometry":{"type":"Point","coordinates":[38.99591,13.28634]}},{"type":"Feature","properties":{"name":"Yejube","localName":"","place":"town","population":0},"geometry":{"type":"Point","coordinates":[37.75,10.15]}},{"type":"Feature","properties":{"name":"Yelamgej","localName":"","place":"town","population":0},"geometry":{"type":"Point","coordinates":[37.83753,10.05686]}},{"type":"Feature","properties":{"name":"Yetmen","localName":"","place":"town","population":0},"geometry":{"type":"Point","coordinates":[38.1465,10.332]}},{"type":"Feature","properties":{"name":"Yirga Cheffe","localName":"","place":"town","population":0},"geometry":{"type":"Point","coordinates":[38.20289,6.16196]}},{"type":"Feature","properties":{"name":"Yubdo","localName":"","place":"town","population":0},"geometry":{"type":"Point","coordinates":[35.45123,8.95458]}},{"type":"Feature","properties":{"name":"Zaro","localName":"","place":"town","population":0},"geometry":{"type":"Point","coordinates":[37.35114,6.80325]}},{"type":"Feature","properties":{"name":"Zizencio","localName":"","place":"town","population":0},"geometry":{"type":"Point","coordinates":[38.03732,7.95822]}},{"type":"Feature","properties":{"name":"መስዋእቲ ከተማ","localName":"","place":"town","population":0},"geometry":{"type":"Point","coordinates":[39.54317,12.69492]}},{"type":"Feature","properties":{"name":"መሸንቲ / Meshenti","localName":"መሸንቲ","place":"town","population":0},"geometry":{"type":"Point","coordinates":[37.28702,11.4739]}},{"type":"Feature","properties":{"name":"ሰቆጣ / Sekota","localName":"","place":"town","population":0},"geometry":{"type":"Point","coordinates":[39.03544,12.6257]}},{"type":"Feature","properties":{"name":"ብዘት / Bizet","localName":"","place":"town","population":0},"geometry":{"type":"Point","coordinates":[39.29113,14.2828]}},{"type":"Feature","properties":{"name":"ከተማ ሕብረት","localName":"","place":"town","population":0},"geometry":{"type":"Point","coordinates":[38.03301,14.04721]}},{"type":"Feature","properties":{"name":"ከተማ ክሳድ ጋባ","localName":"","place":"town","population":0},"geometry":{"type":"Point","coordinates":[38.09833,14.12104]}},{"type":"Feature","properties":{"name":"ጉባ / Guba","localName":"","place":"town","population":0},"geometry":{"type":"Point","coordinates":[35.29162,11.26647]}}]}