{"type":"FeatureCollection","source":"OpenStreetMap via Geofabrik","sourceDate":"2026-07-31T20:21:56Z","features":[{"type":"Feature","properties":{"highway":"secondary"},"geometry":{"type":"MultiLineString","coordinates":[[[38.72304,9.02791],[38.72848,9.02862]],[[38.73247,9.0416],[38.73188,9.0357]],[[38.74722,9.03208],[38.74741,9.03209]],[[38.74999,9.03108],[38.75128,9.03052]],[[38.75369,9.03347],[38.75329,9.03424]],[[38.75764,9.02887],[38.75527,9.03132]],[[38.74418,9.02857],[38.74397,9.02873]],[[39.75428,8.64696],[39.75636,8.63918]],[[38.7703,9.0097],[38.77028,9.01016]],[[38.77386,9.01077],[38.77148,9.0152]],[[38.75054,8.98487],[38.75408,8.99578]],[[38.75555,9.03798],[38.75278,9.03613]],[[38.75569,9.03948],[38.753,9.03799]],[[38.75861,9.02876],[38.7576,9.02929]],[[38.76299,9.04628],[38.76299,9.04628]],[[38.76788,9.04651],[38.76276,9.04362]],[[38.80888,9.02095],[38.80788,9.02058]],[[38.73561,9.04671],[38.73807,9.03695]],[[38.7766,9.02354],[38.7759,9.02649]],[[38.76918,8.98228],[38.76659,8.98318]],[[38.72114,9.02584],[38.72273,9.02039]],[[38.75562,9.04589],[38.75548,9.04568]],[[38.76553,9.04859],[38.76807,9.05823]],[[38.77549,9.02726],[38.77352,9.03242]],[[38.78585,9.03054],[38.78454,9.02836]],[[38.75397,9.01829],[38.75503,9.01894]],[[38.77915,9.03816],[38.77891,9.03835]],[[38.72706,9.06364],[38.73163,9.0556]],[[38.77648,9.02276],[38.77403,9.01742]],[[38.75595,9.04519],[38.76162,9.03771]],[[38.76264,9.03779],[38.7582,9.03608]],[[38.76916,8.94498],[38.76881,8.94488]],[[38.75188,9.025],[38.75416,9.02659]],[[38.75212,9.02686],[38.75856,9.02687]],[[38.74131,9.01956],[38.74026,9.01929]],[[38.73506,9.01796],[38.73851,9.01895]],[[38.80271,9.01696],[38.80742,9.01494]],[[38.76829,9.00435],[38.77053,9.00943]],[[38.77053,9.00943],[38.7703,9.0097]],[[38.75668,9.01486],[38.75658,9.01478]],[[38.74395,9.0232],[38.74131,9.01956]],[[38.73772,9.01287],[38.73818,9.01654]],[[38.76201,9.04104],[38.76259,9.04331]],[[38.75151,9.05492],[38.7484,9.05428]],[[38.75886,9.05152],[38.75689,9.05429]],[[38.8123,9.01171],[38.8123,9.00847]],[[38.79403,9.00563],[38.79705,9.01173]],[[38.75541,9.04566],[38.75471,9.04613]],[[38.75654,9.0397],[38.75553,9.04535]],[[38.98391,8.74887],[38.99932,8.75993],[38.99534,8.7753],[38.99871,8.78585]],[[38.98547,8.74768],[38.98413,8.74804]],[[38.98413,8.74804],[38.98348,8.74773]],[[37.39537,11.58755],[37.39827,11.58756]],[[37.38813,11.58762],[37.39516,11.58755]],[[38.77233,8.96133],[38.7709,8.95915]],[[38.79543,8.87282],[38.79557,8.87289]],[[38.79557,8.87289],[38.79606,8.87311]],[[38.49578,7.04776],[38.4909,7.04687]],[[38.48309,7.05135],[38.48309,7.05135]],[[38.48286,7.05133],[38.47909,7.04814]],[[38.4675,7.04591],[38.47875,7.04772]],[[38.47785,7.06707],[38.49351,7.05778]],[[38.48478,7.05019],[38.48484,7.0503]],[[38.48299,7.05125],[38.49066,7.04673]],[[40.21377,11.25155],[40.21349,11.26044]],[[42.12021,9.31506],[42.11624,9.31807]],[[40.91111,9.05372],[40.90641,9.03519],[40.90021,9.03183],[40.90269,9.02122],[40.88525,9.00309]],[[42.56127,9.52059],[42.61258,9.50644],[42.69228,9.46877],[42.73545,9.40868],[42.77056,9.37394]],[[38.7709,8.95915],[38.76858,8.95715]],[[36.96741,8.31227],[36.97386,8.3287],[36.99102,8.34528]],[[37.04714,9.1406],[37.0476,9.15723],[37.0591,9.16199],[37.06655,9.18009],[37.0665,9.21211],[37.08217,9.2489],[37.11615,9.27313],[37.11087,9.30118],[37.12463,9.30067],[37.1185,9.30762]],[[38.21037,8.11476],[38.17184,8.12582],[38.12367,8.1183],[38.10093,8.12047],[38.09494,8.12562],[38.06193,8.12411],[38.04792,8.11569],[38.022,8.1256],[38.01572,8.13741],[37.98776,8.13203],[37.93148,8.18557],[37.87468,8.21882],[37.80846,8.21954]],[[38.08756,7.31638],[38.10527,7.37539]],[[37.57639,6.11828],[37.57464,6.12505],[37.58028,6.12688],[37.58241,6.1388],[37.57619,6.15028],[37.58099,6.15997],[37.57551,6.15899],[37.58046,6.1763],[37.57444,6.17951],[37.5661,6.21593],[37.56778,6.24042],[37.57767,6.24505],[37.57353,6.25386]],[[38.2652,6.66017],[38.26315,6.68851]],[[39.08984,13.56686],[39.09515,13.56553],[39.09052,13.55894]],[[37.78743,14.40101],[37.80879,14.40538]],[[37.77007,14.44464],[37.78809,14.50097],[37.77636,14.54468],[37.76004,14.5624],[37.72918,14.5699],[37.69148,14.54067],[37.68165,14.54968],[37.66746,14.53478],[37.66445,14.54319],[37.63111,14.53981]],[[33.23374,8.4239],[33.25586,8.35688],[33.27427,8.32749],[33.31225,8.31444],[33.35441,8.30925],[33.42578,8.35191],[33.44428,8.35537],[33.46249,8.34609],[33.48149,8.35634],[33.49634,8.35321],[33.52291,8.33588],[33.54224,8.33588]],[[41.864,9.58319],[41.86466,9.58387]],[[41.87366,9.60821],[41.88252,9.60383],[41.88497,9.59596]],[[41.85899,9.58793],[41.86069,9.58952]],[[38.47874,7.04807],[38.47874,7.04807]],[[38.77865,9.03819],[38.77897,9.03819]],[[38.99688,13.30372],[38.99648,13.30778]],[[38.97773,13.63429],[39.00165,13.62307]],[[38.71555,9.04033],[38.71496,9.0421]],[[38.73354,9.04157],[38.73877,9.0408]],[[38.77501,8.99549],[38.77466,8.99419]],[[38.76963,8.95515],[38.77546,8.95795],[38.76712,8.96254]],[[38.76977,9.01021],[38.77024,9.00967]],[[38.78033,9.02333],[38.77979,9.02331]],[[38.77878,9.02348],[38.77688,9.02344]],[[38.77883,9.02344],[38.77878,9.02348]],[[38.77024,9.00967],[38.77047,9.00939]],[[38.77047,9.00939],[38.76819,9.00441]],[[38.77525,9.02715],[38.77525,9.02696]],[[38.77328,9.01219],[38.77426,9.01246]],[[38.77582,9.02644],[38.77637,9.02352]],[[38.75151,9.05492],[38.7503,9.05282]],[[38.7492,9.065],[38.75202,9.05552]],[[38.73299,9.05452],[38.7377,9.05925]],[[38.72014,9.06306],[38.7202,9.05297]],[[38.74377,9.06314],[38.74391,9.06041]],[[38.78157,9.04293],[38.77854,9.04519]],[[38.7887,8.86906],[38.79543,8.87282]],[[38.77914,9.04792],[38.77789,9.05599]],[[38.66388,9.06628],[38.67048,9.06022]],[[39.26323,8.55886],[39.26859,8.56104]],[[39.28543,8.55869],[39.29091,8.55639]],[[39.26253,8.55771],[39.25855,8.55017]],[[39.25494,8.53839],[39.25491,8.53829]],[[38.68289,9.06821],[38.68438,9.06438]],[[38.68438,9.06438],[38.68424,9.06219]],[[38.68498,9.05464],[38.68826,9.0559]],[[38.69165,9.0593],[38.69426,9.05848]],[[38.75277,9.01548],[38.75552,9.016]],[[39.73367,9.59129],[39.74403,9.64166]],[[39.42042,13.38507],[39.41065,13.37542]],[[39.41065,13.37542],[39.41048,13.37532]],[[39.42042,13.38538],[39.42042,13.38507]],[[38.75187,9.03029],[38.7518,9.03257]],[[38.7541,9.00958],[38.7543,9.0073]],[[38.75553,8.99852],[38.7547,9.00385]],[[38.75499,9.02811],[38.75319,9.02973]],[[38.72682,9.06414],[38.72684,9.06405]],[[38.7543,9.012],[38.75378,9.01726]],[[38.75975,8.97735],[38.76324,8.98128]],[[38.76232,8.98092],[38.7596,8.9773]],[[39.02728,12.63512],[39.01931,12.64314]],[[39.05613,12.45899],[39.05718,12.46111]],[[39.00837,12.35888],[38.9988,12.37164],[39.01094,12.37253],[39.03582,12.39667],[39.04367,12.39357],[39.03594,12.40187],[39.02288,12.40268]],[[39.01039,12.04948],[39.01018,12.0495]],[[39.04697,12.03588],[39.04294,12.03958]],[[38.97796,12.05895],[38.97201,12.05857],[38.9684,12.07233],[38.96269,12.07422],[38.97478,12.09548],[38.97321,12.10515]],[[38.99215,12.04827],[38.99189,12.04834]],[[38.97321,12.10515],[38.97321,12.10531]],[[39.01018,12.0495],[38.99215,12.04827]],[[38.97321,12.10531],[38.95891,12.11675],[38.9508,12.11368],[38.95558,12.12038]],[[39.009,12.35522],[39.00886,12.35526]],[[39.03057,12.26669],[39.03049,12.26683]],[[39.02779,12.23481],[39.02802,12.23489]],[[39.03441,12.22354],[39.03451,12.22377]],[[39.02802,12.23489],[39.02537,12.24205],[39.03463,12.25282],[39.03078,12.26085]],[[39.03078,12.26085],[39.03043,12.26118]],[[39.03451,12.22377],[39.02779,12.23481]],[[39.00886,12.35526],[39.00837,12.35888]],[[39.02288,12.40268],[39.02269,12.40278]],[[38.99905,12.29588],[38.9885,12.29474],[38.98444,12.31617],[38.99738,12.32323],[38.99523,12.32963],[39.009,12.35522]],[[39.03043,12.26118],[39.03057,12.26669]],[[39.01528,12.41882],[39.0148,12.43938],[39.03261,12.44184],[39.03103,12.45077],[39.03733,12.45725],[39.05613,12.45899]],[[39.01526,12.41868],[39.01528,12.41882]],[[38.95497,12.91674],[38.95332,12.92478],[38.96231,12.94455],[38.9582,12.95684]],[[39.06103,12.54232],[39.06081,12.54227]],[[39.05718,12.46111],[39.05711,12.46132]],[[39.01698,12.7],[39.01692,12.70008]],[[39.06871,12.47987],[39.07865,12.49686]],[[39.05356,12.55627],[39.04878,12.56462],[39.0258,12.57738],[39.03578,12.58504],[39.03348,12.59498],[39.04117,12.60042],[39.04387,12.61963]],[[39.07865,12.49686],[39.07856,12.49725]],[[38.98855,12.99998],[38.98503,13.01621]],[[38.95499,12.9164],[38.95497,12.91674]],[[39.07714,12.502],[39.07683,12.5023]],[[39.05711,12.46132],[39.07,12.46883],[39.06851,12.47969]],[[39.01921,12.64329],[39.01457,12.64791],[39.02116,12.65966],[39.01698,12.7]],[[39.01931,12.64314],[39.01921,12.64329]],[[39.07683,12.5023],[39.07334,12.50613],[39.07837,12.51784]],[[38.9884,12.99969],[38.98855,12.99998]],[[39.01706,12.78766],[39.01817,12.81167],[39.01347,12.8144],[39.01072,12.83314],[38.97013,12.85018],[38.97996,12.87841],[38.9706,12.88213],[38.96491,12.87832],[38.95499,12.9164]],[[39.06851,12.47969],[39.06871,12.47987]],[[39.07856,12.49725],[39.07714,12.502]],[[39.03452,12.63404],[39.0343,12.63399]],[[39.10192,13.13446],[39.10179,13.13446]],[[39.13651,13.17925],[39.12108,13.17425],[39.10767,13.1535]],[[38.99762,13.06031],[38.99796,13.06026]],[[39.0948,13.12807],[39.08549,13.12063]],[[39.08549,13.12063],[39.08531,13.12061]],[[39.07739,13.11765],[39.05611,13.11797],[39.03994,13.10264]],[[38.98514,13.01684],[38.98066,13.0307],[38.98465,13.04376]],[[38.98503,13.01621],[38.98514,13.01684]],[[39.14041,13.18066],[39.14026,13.18041]],[[39.00627,13.09469],[39.02629,13.10548],[39.01979,13.12216]],[[39.31584,13.29572],[39.27204,13.25914],[39.27219,13.23881],[39.25607,13.22507]],[[39.57154,14.05197],[39.56401,14.05252],[39.54505,14.03903],[39.54392,14.01758],[39.52512,14.00539],[39.51242,14.00466],[39.4909,14.01396]],[[38.75978,8.98638],[38.7565,8.98222]],[[38.75645,8.98213],[38.75865,8.98039]],[[38.75865,8.98039],[38.75994,8.98642]],[[38.72318,9.03401],[38.72219,9.03109]],[[38.72581,9.04903],[38.72763,9.05057]],[[38.81162,9.01984],[38.81098,9.01389]],[[38.72099,9.06558],[38.7218,9.06532]],[[38.41054,4.19865],[38.48786,4.22437],[38.584,4.21727],[38.65858,4.2036],[38.71272,4.21488],[38.8043,4.28845],[38.85077,4.30797],[38.87568,4.33723],[38.89997,4.34851],[38.91121,4.36708],[38.96963,4.41322],[38.97475,4.4475],[39.0064,4.51367],[39.06022,4.54407]],[[38.77412,9.05576],[38.7704,9.06375]],[[36.6566,5.65475],[36.69015,5.66018],[36.72116,5.67635],[36.76439,5.72048]],[[38.79024,9.06109],[38.78952,9.06179]],[[39.35527,8.40709],[39.37584,8.40274]],[[38.87087,9.55373],[38.91083,9.57914]],[[38.82655,9.03853],[38.82538,9.04336]],[[38.84689,9.04865],[38.85153,9.0412]],[[38.74375,9.03381],[38.74397,9.03422]],[[38.78456,9.02831],[38.78074,9.02842]],[[39.38186,13.60031],[39.38175,13.59988]],[[39.38175,13.59988],[39.36064,13.60625],[39.32441,13.64606]],[[39.32441,13.64606],[39.32417,13.64591]],[[39.32417,13.64591],[39.31428,13.64636]],[[38.71823,9.02843],[38.71802,9.0285]],[[39.31379,13.64646],[39.30509,13.64885],[39.28185,13.67408],[39.26879,13.676],[39.26693,13.6821],[39.25692,13.67395],[39.23137,13.66834],[39.22291,13.65863],[39.18744,13.65816]],[[39.31428,13.64636],[39.31379,13.64646]],[[39.07392,13.55284],[39.06751,13.54547],[39.05885,13.54502]],[[39.07732,13.55378],[39.07713,13.5536]],[[39.05885,13.54502],[39.05864,13.54507]],[[39.02806,13.55744],[39.02786,13.5574]],[[39.0215,13.57644],[39.00761,13.58195]],[[39.05864,13.54507],[39.04266,13.53795]],[[38.99843,13.60134],[39.00112,13.61757]],[[39.00761,13.58195],[39.00776,13.58222]],[[39.00112,13.61757],[39.00077,13.61813]],[[39.00023,13.61972],[39.00072,13.61818]],[[38.76055,9.0224],[38.7614,9.02327]],[[38.76031,9.02217],[38.76023,9.0223]],[[38.75627,9.01984],[38.75503,9.0191]],[[38.75649,9.01981],[38.7601,9.02208]],[[38.76005,9.02219],[38.75642,9.01992]],[[38.75639,9.0197],[38.75649,9.01978]],[[39.0026,13.84652],[39.00292,13.84696]],[[38.97242,13.95669],[38.97202,13.95686]],[[39.00711,13.90146],[39.00433,13.90689],[38.99664,13.90677],[39.00146,13.90959],[38.99644,13.91868],[38.99867,13.92735]],[[39.01517,13.85853],[39.01553,13.85842]],[[38.96396,13.66021],[38.96421,13.66058]],[[38.97202,13.95686],[38.97004,13.95968]],[[38.97412,14.06414],[38.97418,14.06444]],[[38.97418,14.06444],[38.97312,14.07639]],[[38.97312,14.07639],[38.97268,14.07645]],[[38.97372,14.08277],[38.97458,14.09027],[38.96586,14.10035],[38.9604,14.12101],[38.957,14.11974],[38.96136,14.12947],[38.95137,14.13894]],[[39.00292,13.84696],[39.01037,13.84693],[39.01517,13.85853]],[[38.94667,14.14408],[38.9451,14.15018],[38.95015,14.15123],[38.93994,14.15228],[38.93279,14.16667],[38.9222,14.16315],[38.92237,14.15666],[38.91026,14.14764],[38.90463,14.1534],[38.90709,14.15955]],[[38.97004,13.95968],[38.97016,13.96002]],[[38.97966,14.00417],[38.97908,14.01627],[38.96938,14.02594],[38.97742,14.0607],[38.97412,14.06414]],[[38.95137,14.13894],[38.95116,14.13901]],[[38.89206,14.16512],[38.89307,14.16284]],[[38.72099,9.06558],[38.72127,9.06697]],[[39.2688,14.31895],[39.27807,14.3736]],[[39.22802,13.83314],[39.19662,13.81238],[39.15071,13.84074],[39.1263,13.82577],[39.11503,13.80287]],[[38.22461,13.23635],[38.2204,13.21612],[38.21273,13.21221],[38.20193,13.1756],[38.18645,13.15568],[38.18768,13.15047],[38.178,13.13611],[38.1604,13.12888],[38.14226,13.09909],[38.12251,13.08405],[38.10561,13.04575],[38.10482,13.00015]],[[38.75336,9.05423],[38.7531,9.0522]],[[38.75915,9.05545],[38.76065,9.06102]],[[38.75128,9.03052],[38.7514,9.03047]],[[38.73536,9.02943],[38.73327,9.02916]],[[38.74316,9.04557],[38.74279,9.04057]],[[38.7785,9.0382],[38.77778,9.03566]],[[38.78803,9.06227],[38.77759,9.05709]],[[36.3645,5.02815],[36.34548,5.04035],[36.32019,5.0353],[36.30916,5.0535],[36.29753,5.05964],[36.26961,5.05717]],[[36.51566,5.23465],[36.51277,5.25623],[36.52656,5.27994],[36.52497,5.29689],[36.58557,5.35487],[36.58617,5.3821],[36.60807,5.41349]],[[38.73778,9.05931],[38.73937,9.06032]],[[39.58832,8.45095],[39.58478,8.47486],[39.56759,8.51022]],[[39.37584,8.40274],[39.39883,8.43191],[39.43563,8.44827],[39.44995,8.46654],[39.49077,8.47379],[39.53339,8.49275]],[[38.99564,8.77316],[38.98511,8.77445],[38.96798,8.75067]],[[38.72473,9.0644],[38.72661,9.06414]],[[38.7218,9.06532],[38.72203,9.06527]],[[38.76242,8.96851],[38.75673,8.96708],[38.7555,8.95765],[38.75001,8.95828]],[[39.73244,9.84857],[39.7439,9.84641],[39.74061,9.86428],[39.74869,9.87658]],[[38.74376,9.02846],[38.74417,9.02849]],[[37.97036,8.54255],[37.9511,8.55431],[37.94414,8.57091]],[[39.84298,6.40941],[39.84518,6.36511],[39.84164,6.34442],[39.83134,6.33591],[39.83505,6.32037],[39.82638,6.28383],[39.81597,6.2704],[39.80006,6.26821],[39.77671,6.22218],[39.76871,6.19459],[39.77209,6.18092],[39.74259,6.13837],[39.75718,6.10307],[39.72412,6.05535],[39.72403,6.03279],[39.71714,6.01623],[39.69895,6.00554],[39.70521,5.99666]],[[40.00328,7.11877],[40.00003,7.10101]],[[39.2995,12.50409],[39.30877,12.49713],[39.31041,12.48544],[39.32758,12.48275],[39.34612,12.49031],[39.36758,12.49091],[39.36925,12.49549],[39.37021,12.49057],[39.39614,12.49289],[39.40062,12.49777]],[[35.59699,6.1835],[35.59372,6.19098],[35.59893,6.20336]],[[38.78456,9.02831],[38.78593,9.03049]],[[38.78066,9.02385],[38.78336,9.0276]],[[38.78336,9.02769],[38.78056,9.02373]],[[37.55753,6.03517],[37.56392,6.03539]],[[37.56384,6.03552],[37.55749,6.03539]],[[37.58585,11.48624],[37.56039,11.49139]],[[42.12627,9.31185],[42.12836,9.31174]],[[42.65905,5.30337],[42.85297,5.32163],[43.17238,5.4822],[43.18568,5.47525],[43.21723,5.47265],[43.32441,5.51383],[43.34437,5.58805],[43.38155,5.60811],[43.38331,5.6277],[43.39619,5.64373],[43.39885,5.66144]],[[42.26801,5.1296],[42.2885,5.11836],[42.29372,5.10658],[42.30831,5.09884],[42.32351,5.07799],[42.34384,5.07092],[42.37905,5.07113],[42.38504,5.0959],[42.41021,5.10663],[42.46051,5.18411],[42.51934,5.21462],[42.52829,5.2128],[42.56065,5.22449],[42.60914,5.25973],[42.64101,5.30172],[42.65905,5.30337]],[[43.55154,5.94508],[43.55022,5.94782]],[[42.97983,9.61077],[43.0553,9.65832],[43.15919,9.70715],[43.20671,9.73654],[43.2151,9.77629],[43.22401,9.78357],[43.21429,9.81692]],[[38.99871,8.78585],[39.00011,8.79117]],[[39.32155,8.32581],[39.34473,8.31524],[39.39669,8.27807]],[[37.94405,8.57102],[37.92248,8.60929],[37.92554,8.61564],[37.90871,8.61903],[37.89724,8.65255],[37.88357,8.67232],[37.90003,8.69288],[37.89945,8.70151],[37.8774,8.73828],[37.88162,8.76383],[37.86711,8.7712],[37.862,8.78544],[37.86849,8.78725],[37.86911,8.80157],[37.87936,8.81147],[37.87755,8.82078],[37.88463,8.82605],[37.88561,8.84455],[37.89332,8.85276],[37.89317,8.86986],[37.88726,8.89257],[37.84616,8.9492],[37.84636,8.96402]],[[41.82686,9.54079],[41.77694,9.56005],[41.774,9.60216],[41.76566,9.61439]],[[38.09246,7.31274],[38.09688,7.31042]],[[38.22052,8.10918],[38.21037,8.11476]],[[37.83663,7.45167],[37.85148,7.41983],[37.8524,7.38544],[37.86574,7.36508],[37.86092,7.34232]],[[37.36216,11.59846],[37.36215,11.59761]],[[37.03093,11.87562],[37.0034,11.87447],[36.99217,11.87991],[36.98124,11.89561],[36.99506,11.92512],[36.99416,11.93557]],[[37.28629,12.2449],[37.27406,12.25714],[37.25885,12.25625],[37.2383,12.269],[37.22367,12.30077],[37.2236,12.32338]],[[37.04201,12.50944],[37.04572,12.50481],[37.03409,12.46633],[37.01875,12.44807],[37.0077,12.41934],[37.01583,12.40213],[37.04328,12.39753],[37.05234,12.38812]],[[37.09781,12.30101],[37.09858,12.31739]],[[38.46976,7.05372],[38.46983,7.05418]],[[38.46939,7.05393],[38.46939,7.05393]],[[38.46967,7.05344],[38.47868,7.04788]],[[38.46923,7.05351],[38.4638,7.0444]],[[38.4875,7.08325],[38.46976,7.05421]],[[38.47887,7.04816],[38.46977,7.05365]],[[38.46939,7.05393],[38.4692,7.05372]],[[37.36089,11.59858],[37.34617,11.5976]],[[37.36089,11.59858],[37.36212,11.59849]],[[37.36215,11.59761],[37.36235,11.59848]],[[37.3621,11.59873],[37.36089,11.59858]],[[37.36215,11.59761],[37.35367,11.58592]],[[42.12837,9.31197],[42.12628,9.31219]],[[42.13021,9.31169],[42.13191,9.31129]],[[42.12598,9.31224],[42.12186,9.31248]],[[41.86037,9.59085],[41.86007,9.59063]],[[41.86007,9.59063],[41.86063,9.58991]],[[41.86073,9.59005],[41.86073,9.59005]],[[41.85949,9.58593],[41.8594,9.58594]],[[41.86069,9.58952],[41.86084,9.58995]],[[41.86067,9.58986],[41.86069,9.58952]],[[41.86078,9.59003],[41.85928,9.59315]],[[42.132,9.31128],[42.13629,9.31063]],[[41.85606,9.5983],[41.86047,9.60345]],[[42.12265,9.34287],[42.10863,9.3433]],[[42.11988,9.31444],[42.11027,9.31586]],[[41.83868,9.60312],[41.83865,9.60304]],[[41.84107,9.60981],[41.84104,9.60976]],[[41.86704,9.58903],[41.86756,9.59032]],[[41.84104,9.60976],[41.83868,9.60312]],[[41.84515,9.60073],[41.84518,9.6008]],[[41.84518,9.6008],[41.84737,9.60741]],[[38.64529,7.72793],[38.61179,7.72481],[38.55376,7.73816],[38.52517,7.72445],[38.48837,7.71699],[38.4747,7.70089],[38.46226,7.69833],[38.46146,7.6802],[38.4549,7.66984],[38.44239,7.66656],[38.43784,7.65977],[38.43246,7.63234]],[[39.62732,7.85312],[39.64676,7.8136]],[[42.19562,6.46262],[42.252,6.44966],[42.33983,6.40651]],[[42.07288,9.17389],[42.0786,9.12216]],[[39.26911,8.54216],[39.27094,8.5468]],[[39.28261,8.57555],[39.27686,8.56205]],[[38.71447,9.06201],[38.7136,9.05754]],[[38.7514,9.03047],[38.75534,9.02895]],[[37.56902,6.03795],[37.58148,6.03537],[37.58654,6.04206]],[[40.89826,4.83044],[40.9519,4.84053],[41.00591,4.80414],[41.02235,4.80185],[41.10726,4.76022],[41.15755,4.72548],[41.16182,4.70766],[41.15822,4.69193],[41.17478,4.67977],[41.17884,4.66733],[41.19673,4.6641],[41.21212,4.66939],[41.23277,4.65538],[41.27089,4.65612],[41.27855,4.643],[41.27923,4.62399],[41.31038,4.61924],[41.31319,4.61136],[41.30688,4.59356],[41.35119,4.57707],[41.39849,4.5795],[41.42118,4.56384],[41.44339,4.56463],[41.50146,4.54388]],[[38.42126,6.5979],[38.43346,6.59595],[38.44904,6.57053],[38.48093,6.58317],[38.51106,6.56233],[38.4871,6.52498],[38.4855,6.51858],[38.49284,6.51315],[38.49013,6.50424],[38.50157,6.50364],[38.50973,6.49264],[38.52356,6.48964],[38.53824,6.4782],[38.54771,6.43752],[38.57564,6.41657],[38.59342,6.39227],[38.59366,6.38207],[38.60446,6.37712],[38.61394,6.36237],[38.62266,6.3636],[38.64536,6.33383],[38.65404,6.3328],[38.66047,6.34213],[38.66483,6.32891],[38.66206,6.31157],[38.66941,6.29246],[38.66268,6.28772],[38.66246,6.27982],[38.69161,6.27826],[38.69882,6.27049],[38.70956,6.23691],[38.70779,6.21057]],[[39.62947,9.95973],[39.63397,9.94944],[39.62262,9.93409],[39.63218,9.93711],[39.66021,9.92037],[39.67684,9.91763],[39.71568,9.856],[39.73228,9.849]],[[39.53532,5.93071],[39.52772,5.93081],[39.52428,5.92416],[39.52845,5.91424],[39.51987,5.86647],[39.52995,5.85184],[39.54227,5.80036],[39.53736,5.79781],[39.5418,5.78013],[39.53706,5.7728]],[[38.72127,9.06697],[38.72128,9.06914]],[[39.05989,11.99688],[39.06357,11.99507],[39.05042,11.97487],[39.0378,11.97517]],[[39.99392,11.92214],[39.98573,11.90721],[39.96149,11.89574],[39.95215,11.86895],[39.90948,11.82774],[39.91282,11.82239],[39.92988,11.82089],[39.95287,11.80097],[39.95561,11.77876],[39.98121,11.74425],[39.99374,11.73972]],[[37.72864,10.3359],[37.73112,10.35407]],[[37.84186,10.70615],[37.81912,10.67018],[37.8325,10.65921],[37.84264,10.64089],[37.82884,10.62971],[37.82203,10.60507],[37.80707,10.59432],[37.80188,10.59678],[37.7816,10.57661],[37.78291,10.56442],[37.77866,10.56479],[37.77128,10.55034],[37.75355,10.54048],[37.74741,10.51748],[37.73729,10.50436],[37.7454,10.47941],[37.72817,10.4289],[37.74139,10.40019],[37.7352,10.36834]],[[37.72965,10.34956],[37.72857,10.33595]],[[38.76933,9.04024],[38.76927,9.04014]],[[38.85918,8.82753],[38.86594,8.83699]],[[38.90338,9.03529],[38.90338,9.02657],[38.89628,9.04518],[38.88137,9.05994]],[[37.34617,11.5976],[37.33504,11.6266],[37.29726,11.62]],[[37.26396,11.61739],[37.21239,11.65983],[37.20456,11.67463],[37.17825,11.68846],[37.16708,11.70612]],[[38.97172,9.27766],[38.96389,9.25965],[38.95273,9.25729],[38.94246,9.24383],[38.94105,9.22931],[38.92588,9.21394],[38.92788,9.20774]],[[38.98617,9.11052],[38.9764,9.11601],[38.95522,9.15399],[38.94158,9.16471],[38.93314,9.18049],[38.92352,9.18343],[38.92788,9.20774]],[[38.92788,9.20774],[38.95408,9.21218],[38.96286,9.20038],[38.98431,9.20893],[39.0178,9.23905]],[[39.48893,10.90928],[39.45822,10.91136],[39.45055,10.91708],[39.42732,10.91138],[39.40997,10.91866],[39.38474,10.92038],[39.36711,10.90263],[39.32811,10.89911],[39.29116,10.92493],[39.27582,10.95441],[39.27259,10.98016]],[[39.48893,10.90928],[39.48147,10.89363],[39.48472,10.88279],[39.46301,10.86786],[39.45989,10.8572],[39.47173,10.82178],[39.46345,10.8124],[39.46672,10.80334],[39.43397,10.77185],[39.4236,10.75224],[39.43144,10.73379],[39.42383,10.72182],[39.41742,10.68767],[39.42416,10.66498],[39.42119,10.62752],[39.42688,10.61673]],[[38.92168,11.6991],[38.92156,11.70589],[38.91108,11.7049],[38.91654,11.70789],[38.91435,11.71496]],[[38.76381,8.95754],[38.764,8.9575]],[[45.2157,8.59861],[45.15271,8.61971]],[[45.62278,8.463],[45.52818,8.49436]],[[45.82778,8.39508],[45.7805,8.41029]],[[38.25358,8.45465],[38.26925,8.43986],[38.27372,8.40907],[38.28424,8.39459],[38.30673,8.39033],[38.31897,8.39929],[38.32926,8.3914],[38.34531,8.3648],[38.34635,8.33659],[38.3532,8.32204],[38.383,8.3378],[38.40666,8.33132],[38.41754,8.33586],[38.44966,8.32446],[38.45116,8.30786],[38.4761,8.29824],[38.4638,8.27405],[38.47464,8.27722],[38.46874,8.26797],[38.47778,8.26165],[38.4818,8.27531],[38.48954,8.27331],[38.4869,8.26963],[38.49125,8.27],[38.49454,8.25486]],[[45.14589,8.62212],[45.01867,8.66421]],[[45.01832,8.66431],[44.966,8.68173]],[[41.87412,3.92888],[41.89668,3.96339],[41.95556,4.00694],[41.95378,4.01588],[41.96005,4.02785],[41.95393,4.05103],[41.96667,4.07288],[42.02062,4.09486],[42.04173,4.09572],[42.0512,4.10634],[42.07609,4.16356]],[[38.49069,7.04668],[38.48547,7.03797]],[[38.49429,7.03224],[38.49687,7.02178]],[[38.58759,7.18827],[38.58364,7.16821],[38.58779,7.13281],[38.61507,7.11012],[38.61397,7.08558]],[[38.48974,7.07397],[38.48407,7.07734]],[[38.49069,7.04687],[38.48309,7.05135]],[[38.49394,7.03292],[38.47773,7.0427],[38.47902,7.04762]],[[38.49091,7.04669],[38.4958,7.04767]],[[38.46976,7.05421],[38.46939,7.05393]],[[38.46388,7.04436],[38.46952,7.05337]],[[38.47924,7.04794],[38.48293,7.05126]],[[38.48557,7.03791],[38.49081,7.04664]],[[38.47949,7.04154],[38.47953,7.04161]],[[38.49427,7.03275],[38.49427,7.03275]],[[38.49402,7.03263],[38.49421,7.03236]],[[38.49461,7.03231],[38.49461,7.03231]],[[38.47953,7.04161],[38.48478,7.05019]],[[38.49459,7.03227],[38.49932,7.0327]],[[38.49073,7.04638],[38.49402,7.03316]],[[38.49452,7.03257],[38.49428,7.03282]],[[38.47868,7.04785],[38.4732,7.04535]],[[38.49929,7.03282],[38.49458,7.03252]],[[38.49088,7.04666],[38.49088,7.04666]],[[38.4788,7.04767],[38.47771,7.04264],[38.49393,7.03272]],[[38.47938,7.04149],[38.47206,7.02952]],[[38.48551,7.03783],[38.48557,7.03791]],[[38.48547,7.03797],[38.48541,7.03788]],[[38.79312,8.14909],[38.70083,8.17506],[38.6681,8.17656],[38.63908,8.16503]],[[37.34963,5.87221],[37.3258,5.89185]],[[36.85016,7.95155],[36.85176,7.94791],[36.86306,7.95691]],[[39.06022,4.54407],[39.07419,4.59845],[39.14983,4.69535],[39.21356,4.71734],[39.23537,4.7499]],[[40.51059,8.81461],[40.52527,8.81686],[40.52705,8.82145],[40.53932,8.81988]],[[37.10227,9.54911],[37.1064,9.53463],[37.1235,9.51429],[37.12332,9.48942],[37.10901,9.47787],[37.11368,9.42749]],[[40.49842,8.11481],[40.46278,8.0747],[40.45118,8.07222],[40.45161,8.05023],[40.46297,8.02845],[40.46489,8.01167],[40.45072,7.98381],[40.44244,7.98872]],[[34.49136,9.3564],[34.50533,9.34812]],[[41.43689,11.56785],[41.427,11.58808]],[[35.66303,8.52023],[35.67398,8.5284],[35.67494,8.54323],[35.71282,8.57291],[35.73614,8.57787],[35.73397,8.59193],[35.74262,8.60581],[35.74093,8.62726],[35.69547,8.65257],[35.64351,8.64129],[35.62906,8.65001]],[[39.2279,3.77083],[39.19752,3.75006],[39.10372,3.65355],[39.06632,3.62615],[39.0435,3.57572]],[[36.76835,7.73278],[36.80656,7.75208],[36.80028,7.76538],[36.80291,7.78945],[36.79561,7.80021],[36.80127,7.82],[36.79833,7.8666],[36.78924,7.87972],[36.78382,7.87958],[36.78236,7.89079],[36.78783,7.8978],[36.78342,7.90333],[36.8003,7.9157],[36.80221,7.92478],[36.82064,7.92668],[36.85016,7.95155]],[[35.62741,8.6868],[35.63185,8.69843],[35.62093,8.71312],[35.65304,8.72973],[35.66148,8.74042],[35.66065,8.75385],[35.68364,8.76269]],[[34.6766,9.58697],[34.6623,9.55104],[34.63396,9.51686],[34.62773,9.47866],[34.61677,9.47287]],[[39.12243,4.09169],[39.10472,4.11928],[39.09808,4.168],[39.08776,4.18606]],[[37.01017,13.93098],[37.02922,13.93104],[37.0415,13.93827],[37.06349,13.91642],[37.13831,13.90593],[37.16569,13.88176],[37.17495,13.88501],[37.18734,13.87194],[37.22317,13.86411],[37.23011,13.85413],[37.2274,13.84809],[37.24306,13.8387],[37.23706,13.80785],[37.29292,13.77771]],[[37.08168,9.56899],[37.06054,9.58048],[37.07021,9.5931],[37.06753,9.60571],[37.07847,9.62627],[37.07895,9.66218]],[[37.3258,5.89185],[37.3205,5.90743],[37.31705,5.9115],[37.31594,5.9061],[37.31157,5.90808],[37.30712,5.91868]],[[39.17395,14.49494],[39.1816,14.51203],[39.17546,14.52782]],[[40.71156,7.13867],[40.72011,7.16967],[40.73731,7.18524],[40.73049,7.19205],[40.72968,7.21811]],[[40.50809,8.8075],[40.49951,8.79176],[40.48753,8.79089],[40.46681,8.77632],[40.45017,8.74432],[40.42779,8.72948]],[[35.6688,10.61718],[35.67872,10.60297],[35.70461,10.59595],[35.70162,10.57573],[35.7341,10.57696],[35.73987,10.59469],[35.76116,10.59587]],[[38.70538,13.62995],[38.72454,13.61754],[38.73884,13.62421],[38.74671,13.61691],[38.75608,13.61968],[38.76284,13.61079],[38.77264,13.61871],[38.78784,13.61915]],[[37.43081,5.89402],[37.47867,5.86606]],[[36.95023,8.3055],[36.93624,8.28871],[36.93274,8.27416],[36.94232,8.2524],[36.93862,8.22612],[36.93272,8.2214],[36.93851,8.21691],[36.93273,8.20674],[36.93945,8.1966],[36.9247,8.17746],[36.9257,8.1443],[36.91265,8.13256],[36.92911,8.10465]],[[41.41159,11.62747],[41.40701,11.64272],[41.37942,11.6678]],[[41.50146,4.54388],[41.53011,4.5224],[41.56333,4.5238]],[[39.5402,12.78411],[39.55512,12.7797],[39.56047,12.77239],[39.56617,12.77515],[39.56987,12.7661],[39.57543,12.77157],[39.59085,12.76938],[39.58841,12.77478],[39.60195,12.77442]],[[38.96726,11.58894],[38.97505,11.58004],[38.9686,11.55941],[38.98078,11.56585],[38.978,11.55694],[38.98569,11.5628],[39.00228,11.55344],[39.01128,11.55773]],[[40.77865,8.90413],[40.81647,8.92246],[40.83694,8.94544],[40.83205,8.95905],[40.83686,8.96779],[40.88525,9.00309]],[[36.57725,5.89059],[36.5467,5.84592],[36.55529,5.80178]],[[36.23193,7.3977],[36.23251,7.43225],[36.21095,7.44458],[36.20284,7.44296],[36.19692,7.44879],[36.1899,7.4379],[36.17283,7.44406],[36.16397,7.43767],[36.14616,7.44307],[36.14646,7.44892],[36.13904,7.45181],[36.13063,7.44883],[36.11985,7.47059],[36.12662,7.48093],[36.11695,7.49605],[36.12094,7.5112],[36.08724,7.49993],[36.08173,7.50746],[36.05164,7.50368],[36.0658,7.5086],[36.05626,7.51288],[36.05598,7.52155],[36.0613,7.51881],[36.06673,7.52914],[36.05964,7.55472]],[[36.23581,7.28682],[36.246,7.26464]],[[35.51648,7.22525],[35.52907,7.23527],[35.56137,7.22956],[35.56242,7.24041],[35.57026,7.24345],[35.59586,7.2377],[35.59497,7.21896],[35.62913,7.23638],[35.6354,7.23566],[35.63668,7.22792],[35.64098,7.23424],[35.65856,7.23503],[35.66879,7.24225],[35.67911,7.2281],[35.69491,7.22606],[35.71375,7.2426],[35.70816,7.2431],[35.71586,7.26096],[35.73044,7.27085],[35.75139,7.26323],[35.76702,7.26397],[35.77716,7.27967],[35.78892,7.27367],[35.7952,7.27664]],[[36.25898,7.2384],[36.25915,7.23819]],[[36.45963,7.24828],[36.46235,7.2643],[36.45846,7.26852],[36.46367,7.28256]],[[38.77084,8.9428],[38.77375,8.94343]],[[38.77365,8.94347],[38.77094,8.94284]],[[38.76917,8.94488],[38.7701,8.94445]],[[38.7701,8.94465],[38.76916,8.94498]],[[38.77375,8.94343],[38.77438,8.94443]],[[38.98362,8.74705],[38.98965,8.74364],[38.9885,8.73686]],[[38.97072,8.74953],[38.98046,8.71867],[38.98689,8.71517]],[[38.98382,8.74875],[38.98382,8.74875]],[[38.75061,9.0456],[38.75063,9.04566]],[[38.81862,9.03559],[38.81636,9.03499]],[[38.76671,8.95727],[38.76843,8.95716]],[[38.76843,8.95716],[38.76858,8.95715]],[[38.764,8.9575],[38.76651,8.95727]],[[38.76671,8.95727],[38.76651,8.95727]],[[38.77525,9.02715],[38.76736,9.02881]],[[38.75751,9.02851],[38.7587,9.02868]],[[38.7632,9.0298],[38.76112,9.0294]],[[38.74331,9.03414],[38.74355,9.03393]],[[38.75782,9.0286],[38.75764,9.02887]],[[38.76201,9.04104],[38.76192,9.04094]],[[38.74324,9.0343],[38.74331,9.03414]],[[38.74397,9.03422],[38.74399,9.0344]],[[38.75267,9.01546],[38.75277,9.01548]],[[38.75432,9.01184],[38.7543,9.012]],[[38.75534,9.01196],[38.75532,9.01211]],[[38.75552,9.016],[38.75559,9.01606]],[[38.76881,8.94488],[38.76653,8.94457]],[[38.76881,8.94488],[38.76917,8.94488]],[[38.76318,8.98136],[38.76324,8.98128]],[[38.77438,8.94443],[38.77685,8.94893]],[[38.77676,8.94904],[38.77428,8.94447]],[[38.77428,8.94447],[38.77365,8.94347]],[[38.77522,8.96892],[38.78722,8.9642]],[[38.77888,8.95535],[38.77676,8.94904]],[[38.75291,9.03249],[38.75448,9.031]],[[38.74524,9.03023],[38.7453,9.03019]],[[38.71311,9.05685],[38.71293,9.05647]],[[38.71142,9.04964],[38.71238,9.04172]],[[38.71354,9.05689],[38.7148,9.06209]],[[38.71271,9.04144],[38.71271,9.05546]],[[38.72148,9.07067],[38.71447,9.06201]],[[38.7148,9.06209],[38.72115,9.06765]],[[38.72141,9.06959],[38.72128,9.06914]],[[38.72171,9.07065],[38.7215,9.0699]],[[38.72128,9.06914],[38.72115,9.06765]],[[38.75283,9.01375],[38.75294,9.01374]],[[38.75478,9.01358],[38.75532,9.01211]],[[41.5642,4.52422],[41.57386,4.52016],[41.60591,4.52703],[41.6278,4.52547],[41.65921,4.53768],[41.68277,4.536],[41.6964,4.5292]],[[41.56333,4.5238],[41.5642,4.52422]],[[41.6964,4.5292],[41.70476,4.52792]],[[41.71813,4.52948],[41.71838,4.52942]],[[41.71838,4.52942],[41.73684,4.51658]],[[41.70521,4.52797],[41.71813,4.52948]],[[41.70476,4.52792],[41.70521,4.52797]],[[38.80974,9.0346],[38.80669,9.04481],[38.78019,9.03803]],[[38.67644,9.04255],[38.67622,9.03704],[38.66359,9.03209]],[[38.66387,9.03225],[38.6759,9.03664],[38.67644,9.04255]],[[36.49704,10.98251],[36.48264,10.97148],[36.48211,10.95023],[36.4659,10.93026],[36.46552,10.89854],[36.44376,10.8915],[36.42562,10.87775],[36.41009,10.87837],[36.39827,10.86031]],[[41.73684,4.51658],[41.73687,4.51646]],[[41.73687,4.51646],[41.75141,4.51072],[41.75595,4.48132],[41.77409,4.47004]],[[37.48558,11.26208],[37.48103,11.23908],[37.46133,11.21252],[37.46141,11.19369],[37.44423,11.15625],[37.42687,11.14828],[37.40225,11.10711],[37.38014,11.09767],[37.38132,11.09127],[37.35608,11.0557],[37.33579,11.05598],[37.32966,11.06351],[37.30055,11.05436],[37.2953,11.06051],[37.25365,11.03503],[37.24766,11.01208],[37.23608,11.00432]],[[37.31966,9.6726],[37.3014,9.65251],[37.27475,9.65193],[37.25269,9.6378],[37.24494,9.62106],[37.21152,9.60397],[37.18468,9.60423],[37.16459,9.58597],[37.139,9.57716],[37.13111,9.56829],[37.12199,9.57601],[37.10457,9.56687]],[[37.03093,11.87562],[37.00745,11.85347],[36.99717,11.81259],[36.98393,11.79718],[36.98278,11.73764],[36.93065,11.68397],[36.92387,11.65869],[36.92516,11.62995],[36.90518,11.60303],[36.91518,11.57928],[36.93278,11.56946],[36.94929,11.51863]],[[38.86676,8.84271],[38.87263,8.86017],[38.88786,8.86282]],[[34.59299,10.10462],[34.62704,10.07703],[34.65383,10.08037],[34.68462,10.06325],[34.70084,10.06164],[34.7106,10.04245],[34.72052,10.04203],[34.754,10.02134],[34.78162,10.03094],[34.80173,10.05988],[34.82314,10.07446],[34.82362,10.08148]],[[36.48221,11.55251],[36.48736,11.56496],[36.49796,11.5679]],[[34.76808,10.34807],[34.80331,10.34318],[34.8114,10.33412],[34.82873,10.32934],[34.85468,10.33061],[34.85782,10.31843],[34.84737,10.3005],[34.84375,10.27833],[34.84813,10.25516],[34.83958,10.24307],[34.84881,10.23649],[34.86132,10.20465],[34.85105,10.1795]],[[39.24362,4.77256],[39.24685,4.78091],[39.29009,4.80865],[39.31763,4.86471]],[[39.08776,4.18606],[39.10215,4.32829],[39.07993,4.43022],[39.05823,4.4622],[39.06051,4.48688],[39.0554,4.50744],[39.06022,4.54407]],[[39.12243,4.09169],[39.16501,4.06385],[39.22447,4.01149],[39.23451,3.98025],[39.22886,3.87449],[39.23703,3.77487],[39.2279,3.77083]],[[38.83034,9.02723],[38.82971,9.02949]],[[37.05011,12.19372],[37.05033,12.19903]],[[39.2105,8.99112],[39.17926,8.96589]],[[38.69173,7.96143],[38.68289,7.97372],[38.65273,7.99517],[38.6222,7.99934]],[[37.569,6.62317],[37.56892,6.62373]],[[39.8218,8.50008],[39.82264,8.49052],[39.80477,8.46481],[39.7876,8.45534]],[[39.89933,8.24807],[39.88187,8.25329],[39.85587,8.27941]],[[39.63642,8.28738],[39.67652,8.28796],[39.69188,8.27148],[39.73047,8.28453],[39.7371,8.26575],[39.74949,8.27922],[39.76678,8.27632],[39.79791,8.29077],[39.85286,8.28323]],[[39.66919,8.37052],[39.67511,8.35937],[39.66876,8.34768],[39.67537,8.33632],[39.67135,8.32583],[39.63277,8.28222],[39.57911,8.24385]],[[39.56527,8.51023],[39.56601,8.50987]],[[39.56759,8.51022],[39.59507,8.5241],[39.61835,8.52674]],[[39.56601,8.50987],[39.56759,8.51022]],[[39.27518,8.52239],[39.28238,8.53197]],[[39.53354,8.49299],[39.56527,8.51023]],[[39.53339,8.49275],[39.53354,8.49299]],[[39.61835,8.52674],[39.61853,8.52676]],[[39.67514,8.57119],[39.69622,8.58443],[39.69787,8.59946],[39.72049,8.62392],[39.75396,8.6465]],[[37.25261,7.63154],[37.23753,7.68358]],[[37.00851,7.49873],[37.01389,7.50183],[37.02589,7.494],[37.04744,7.49791],[37.04461,7.53222],[37.06621,7.54774],[37.06866,7.55868],[37.05611,7.62138],[37.06909,7.64214],[37.08241,7.6396],[37.10035,7.62485],[37.11419,7.62271],[37.12308,7.6292],[37.13865,7.62675],[37.14614,7.61895],[37.15557,7.63123],[37.17549,7.64174],[37.17647,7.63113],[37.19014,7.62966],[37.20359,7.60469],[37.21176,7.60856],[37.21839,7.62125],[37.23977,7.63181]],[[36.88094,7.50753],[36.90963,7.51009],[36.92203,7.51885],[36.945,7.51468],[36.96,7.52182],[36.9913,7.50378]],[[37.52643,7.85607],[37.54069,7.90294],[37.52809,7.90661],[37.50686,7.97614],[37.47848,7.99382],[37.47673,7.98136],[37.4597,7.96829],[37.45051,7.97275],[37.44073,7.96807]],[[37.56385,7.75224],[37.5628,7.75297]],[[37.56137,7.7574],[37.5576,7.76394],[37.56099,7.77241],[37.55641,7.77255]],[[37.7513,7.85405],[37.71513,7.86364],[37.69891,7.85133],[37.69222,7.8597],[37.65266,7.85389],[37.6537,7.81921],[37.63502,7.79273],[37.62522,7.78773],[37.62325,7.77453],[37.59959,7.76067],[37.58682,7.7608],[37.57551,7.7508],[37.57542,7.75975],[37.56385,7.75224]],[[37.55641,7.77255],[37.55712,7.78183],[37.5408,7.78161],[37.54245,7.78727],[37.53347,7.78252],[37.53385,7.79312],[37.52391,7.79843],[37.52607,7.80952],[37.52893,7.80684],[37.53222,7.81195],[37.54441,7.8047],[37.54083,7.81663],[37.55025,7.84009],[37.54099,7.84808],[37.53126,7.84642],[37.52643,7.85607]],[[37.73251,7.86752],[37.74661,7.8606]],[[37.73251,7.86752],[37.73363,7.88921],[37.74683,7.89326]],[[39.7876,8.45534],[39.77861,8.44945],[39.77678,8.43668],[39.73011,8.42666],[39.71509,8.40255],[39.68729,8.38255]],[[39.92347,8.22477],[39.92743,8.22829],[39.91492,8.24609],[39.89933,8.24807]],[[40.20441,7.68137],[40.20172,7.67521],[40.17735,7.68004],[40.14033,7.70706],[40.08784,7.70684],[40.06634,7.72608],[40.05139,7.73023],[40.01417,7.7234],[39.99885,7.73083]],[[39.75636,8.63918],[39.75635,8.63909]],[[39.75396,8.6465],[39.75405,8.64657]],[[39.75635,8.63909],[39.75602,8.63715]],[[39.75405,8.64657],[39.75428,8.64696]],[[39.37091,8.9151],[39.34957,8.88292],[39.33188,8.86701],[39.32798,8.85004],[39.29771,8.80315],[39.29088,8.80831]],[[39.37017,8.91607],[39.37091,8.91523]],[[39.36991,8.91639],[39.37017,8.91607]],[[39.29088,8.80831],[39.28119,8.80943],[39.27732,8.79457],[39.26577,8.7879]],[[39.13503,8.97103],[39.12299,8.96951]],[[39.12376,8.97857],[39.12742,8.99867],[39.12159,9.0132],[39.09295,9.05577],[39.07535,9.06697],[39.06233,9.10199],[39.04945,9.119],[39.04536,9.1593]],[[38.94108,8.61514],[38.93545,8.62377]],[[39.1654,8.02198],[39.15898,8.04314],[39.14269,8.05578],[39.14169,8.07415],[39.09293,8.02914],[39.08673,8.01251],[39.05468,7.97097],[39.04882,7.97775],[39.05199,8.01148],[39.04485,8.01859],[39.04565,8.02934],[39.04004,8.03155],[39.04162,8.03993],[39.0377,8.04374],[39.01492,8.03859],[38.98708,8.06147],[38.97436,8.08023],[38.97179,8.10968],[38.95917,8.1289],[38.92229,8.155],[38.89972,8.15346],[38.84016,8.16712]],[[36.38404,12.75796],[36.36218,12.73651],[36.36184,12.72228],[36.34528,12.71718],[36.32182,12.7218],[36.32315,12.709],[36.31798,12.70437]],[[38.23184,5.6323],[38.20946,5.6245],[38.19976,5.62639],[38.19152,5.61987],[38.17259,5.62445],[38.15269,5.60793],[38.14062,5.60856],[38.1089,5.59248],[38.07155,5.56079],[38.01378,5.56094],[37.99818,5.54593],[38.00431,5.51778],[37.99387,5.51905],[37.978,5.509],[37.96146,5.46812],[37.9353,5.48404],[37.88163,5.48149],[37.87331,5.47103],[37.86279,5.484]],[[40.39364,8.97945],[40.3894,9.01348],[40.38343,9.01767]],[[40.42798,8.92157],[40.40246,8.92218],[40.38956,8.93895],[40.39785,8.96655],[40.39143,8.96912],[40.39351,8.9791]],[[40.39351,8.9791],[40.39364,8.97945]],[[40.32666,8.60125],[40.3187,8.6054],[40.32165,8.62464],[40.33118,8.62333],[40.32717,8.63174],[40.34933,8.64086],[40.35632,8.65766],[40.38253,8.6826],[40.38831,8.69622],[40.42779,8.72948]],[[40.42761,8.82497],[40.45224,8.82483]],[[40.71392,8.88447],[40.67381,8.87468],[40.6094,8.84355],[40.60792,8.83513],[40.59766,8.83693],[40.56551,8.81947],[40.53932,8.81988]],[[40.42761,8.82497],[40.42268,8.82843],[40.43907,8.84277],[40.45283,8.84211]],[[40.71392,8.88447],[40.77865,8.90413]],[[40.52067,9.14393],[40.5294,9.14518],[40.52647,9.12293]],[[38.86671,8.84214],[38.86676,8.84271]],[[38.99775,8.79478],[39.00108,8.79631]],[[38.99701,8.79457],[38.99775,8.79478]],[[39.0004,8.79186],[39.00011,8.79117]],[[38.7637,9.01706],[38.7645,9.01701]],[[38.7645,9.01701],[38.7637,9.0172]],[[39.39048,14.51014],[39.40594,14.49858]],[[38.77938,9.11183],[38.76939,9.10736],[38.76099,9.09341]],[[38.77915,9.03816],[38.78163,9.03946]],[[39.01775,9.66747],[39.01899,9.6826],[38.99343,9.73218],[38.99385,9.74909]],[[38.99789,9.65612],[38.99821,9.65637]],[[37.31966,9.6726],[37.3268,9.66224],[37.32808,9.6447],[37.34654,9.62451],[37.33538,9.60496],[37.33914,9.59402],[37.36255,9.58631]],[[37.42068,9.79173],[37.42034,9.79173]],[[37.41969,9.79191],[37.42011,9.79184]],[[37.36244,9.78742],[37.35693,9.78849],[37.35005,9.77919],[37.35928,9.76006],[37.35686,9.73752],[37.36107,9.72362],[37.34307,9.71571],[37.33672,9.72496],[37.33907,9.71444],[37.33409,9.7026],[37.33654,9.71435],[37.33123,9.72663],[37.32432,9.66819]],[[37.4206,9.79138],[37.4206,9.79138]],[[37.41977,9.79223],[37.41966,9.79252]],[[37.41938,9.79216],[37.41938,9.79216]],[[37.42034,9.79173],[37.42011,9.79184]],[[37.41948,9.79229],[37.41903,9.79244]],[[37.36159,9.5625],[37.36542,9.55965]],[[37.42063,9.79134],[37.42049,9.79077]],[[37.36255,9.58631],[37.36159,9.5625]],[[37.42897,9.78443],[37.42269,9.78236]],[[37.42269,9.78236],[37.4196,9.78241]],[[37.42959,9.78498],[37.42897,9.78443]],[[37.10426,9.5668],[37.09972,9.56728]],[[37.03932,9.49266],[37.04711,9.50954],[37.05824,9.50236],[37.0651,9.50949],[37.06699,9.54987],[37.07451,9.56687],[37.08243,9.56292],[37.08168,9.56899]],[[36.96914,9.51207],[36.95845,9.5372],[36.94755,9.54637],[36.95577,9.57533],[36.94426,9.58552],[36.94036,9.60768],[36.90588,9.59454],[36.90362,9.60192],[36.89364,9.6027],[36.87568,9.62945],[36.86565,9.63438],[36.86307,9.64354],[36.84325,9.628],[36.82543,9.63931],[36.80668,9.63631],[36.80135,9.64116],[36.78536,9.64093],[36.77391,9.62808],[36.75127,9.62999],[36.72118,9.61307],[36.71465,9.58996],[36.68089,9.5676],[36.66636,9.56867]],[[37.03062,9.48916],[37.02376,9.50233],[37.01262,9.49056],[37.00574,9.51365],[36.99942,9.49863],[36.98955,9.49395],[36.98052,9.51571],[36.96914,9.51207]],[[37.03847,9.49298],[37.03108,9.48925]],[[37.05697,9.9292],[37.06141,9.90948],[37.07758,9.88657],[37.05764,9.87291],[37.04918,9.85221],[37.03936,9.85234],[37.0398,9.83902],[37.03142,9.82757],[37.0207,9.82653],[37.02054,9.79195],[37.00215,9.78217],[37.0061,9.7716],[37.02714,9.76314],[37.03337,9.7527],[37.0322,9.74219],[37.06611,9.70847],[37.07658,9.68405],[37.08342,9.67882],[37.0898,9.68325],[37.08934,9.67249],[37.07895,9.66218]],[[38.95936,10.21754],[38.93714,10.2219],[38.94128,10.25959],[38.9378,10.27169],[38.92204,10.27626]],[[37.30223,9.164],[37.30461,9.1712],[37.31729,9.17405],[37.32107,9.18361],[37.35888,9.19846],[37.3593,9.22779],[37.38675,9.29409],[37.38746,9.32268],[37.40962,9.34236],[37.40387,9.3561],[37.40669,9.37058],[37.42265,9.39902],[37.4222,9.42985],[37.44025,9.47569],[37.43751,9.4984],[37.39657,9.52404],[37.3719,9.53119]],[[37.44931,9.01377],[37.44675,9.03026],[37.45565,9.03571],[37.4488,9.05576],[37.44079,9.0501],[37.43243,9.05829],[37.42301,9.05383],[37.39488,9.07507],[37.39179,9.08506],[37.38003,9.08474],[37.37073,9.09174]],[[37.64793,9.11598],[37.6536,9.11759],[37.64319,9.12557],[37.63109,9.11137],[37.61734,9.1059],[37.59704,9.11638],[37.56945,9.12133],[37.55175,9.10992],[37.52943,9.12679],[37.44431,9.15167],[37.41027,9.13415],[37.38545,9.08458]],[[37.62317,8.81526],[37.63251,8.80677],[37.66406,8.81719],[37.65922,8.83896],[37.6629,8.85374],[37.68695,8.86304],[37.70564,8.85919]],[[38.7162,14.12496],[38.72587,14.12428]],[[38.75225,14.12289],[38.75207,14.12329]],[[37.70593,8.85914],[37.72718,8.85232],[37.74388,8.86125],[37.74995,8.87992],[37.74591,8.92758],[37.75461,8.96206]],[[37.70564,8.85919],[37.70593,8.85914]],[[37.59044,8.32518],[37.59537,8.31978],[37.61445,8.32253],[37.65619,8.29842],[37.66374,8.27392]],[[41.86626,9.58597],[41.8666,9.58803]],[[41.86052,9.60352],[41.86047,9.60345]],[[39.96529,10.33899],[39.96408,10.33854]],[[39.74869,9.87658],[39.73865,9.9005],[39.72659,9.91056],[39.73323,9.93618],[39.72762,9.94148],[39.732,9.95099],[39.72322,9.96424],[39.73969,9.97857],[39.74848,9.99537],[39.74575,10.02715],[39.76315,10.04897],[39.75992,10.06245],[39.76495,10.06853],[39.75859,10.07217],[39.76446,10.08477],[39.77103,10.08636],[39.77333,10.12655],[39.79068,10.13075],[39.78934,10.145],[39.77575,10.14376],[39.77783,10.15439],[39.76832,10.15296],[39.76845,10.15673],[39.76183,10.15033],[39.76699,10.1783],[39.75799,10.18289],[39.76576,10.19192],[39.76043,10.19915],[39.76591,10.22022],[39.78599,10.24356],[39.78372,10.26449],[39.80341,10.28622],[39.80212,10.29584]],[[39.70737,10.65069],[39.71324,10.65461],[39.72202,10.64207],[39.7223,10.63138],[39.73878,10.61539],[39.73449,10.60914],[39.73701,10.57777],[39.7303,10.57555],[39.73936,10.56864],[39.73797,10.54346],[39.74479,10.54247],[39.74705,10.53094],[39.77088,10.50558],[39.77109,10.49399],[39.77832,10.48977],[39.77926,10.47729],[39.79171,10.46083],[39.78651,10.44978],[39.79465,10.43448]],[[37.10958,8.58116],[37.10958,8.58116]],[[37.28707,8.79643],[37.30048,8.81279],[37.31047,8.84399],[37.30706,8.87181]],[[37.43473,8.72498],[37.40133,8.71183],[37.38181,8.71471],[37.35647,8.69856],[37.34565,8.70035],[37.30928,8.7185],[37.26437,8.76512]],[[37.14399,8.71253],[37.14434,8.7123]],[[37.14434,8.7123],[37.15064,8.71119],[37.15308,8.71853],[37.16627,8.72316],[37.18893,8.71243],[37.2082,8.7106],[37.21107,8.72147],[37.23012,8.72701],[37.23717,8.74097]],[[37.10942,8.58111],[37.10572,8.60618],[37.12329,8.69694],[37.1207,8.70766],[37.11263,8.7128]],[[37.02914,8.39136],[37.03636,8.42768],[37.04094,8.43701],[37.05395,8.44224],[37.05334,8.45423],[37.07092,8.4809],[37.07027,8.50978],[37.09212,8.51667],[37.09235,8.5491],[37.10569,8.56199],[37.10966,8.58075]],[[37.04998,8.23534],[37.09876,8.28133]],[[37.4171,8.44442],[37.39992,8.43295],[37.39618,8.42056],[37.38327,8.41937]],[[37.38327,8.41937],[37.38242,8.4199]],[[37.4171,8.44442],[37.43006,8.43708],[37.46084,8.44328],[37.47317,8.43457],[37.51985,8.42429]],[[37.43995,8.64083],[37.42771,8.5892],[37.43689,8.54898],[37.42435,8.5299]],[[36.93958,8.02349],[36.9223,8.00626]],[[36.93958,8.02349],[36.95104,8.03221],[36.9575,8.06058],[36.95035,8.09081]],[[36.57691,7.86139],[36.55775,7.83948],[36.54269,7.83828],[36.53803,7.82223],[36.50777,7.8146],[36.49417,7.79642],[36.47845,7.79518],[36.46097,7.80485],[36.45381,7.79296],[36.43599,7.79321],[36.42746,7.78498],[36.42296,7.78822],[36.41113,7.78383],[36.38633,7.79621],[36.37282,7.796],[36.34566,7.77975],[36.30806,7.77022],[36.24883,7.74358]],[[36.98375,8.9245],[36.99558,8.91752],[36.99771,8.90181]],[[37.10942,9.36522],[37.12069,9.34794],[37.11551,9.33809],[37.12162,9.31221]],[[37.11407,9.38562],[37.11814,9.37312]],[[37.1185,9.30762],[37.12162,9.31221]],[[36.95778,8.95326],[36.9572,8.97051],[36.93454,8.9933],[36.93901,9.00906],[36.90988,9.05711]],[[36.85254,8.95214],[36.86732,8.99213],[36.87462,8.99867],[36.8715,9.04038]],[[36.15944,9.02246],[36.16013,9.02276]],[[36.16013,9.02276],[36.16214,9.02401]],[[36.27773,8.69878],[36.27141,8.71662],[36.2534,8.71982],[36.24428,8.73475],[36.22943,8.74196],[36.2275,8.75125],[36.20997,8.74922],[36.20264,8.75533],[36.19492,8.79633],[36.20224,8.82732],[36.19866,8.84155]],[[40.49073,7.28214],[40.49093,7.282]],[[40.55696,7.44392],[40.52694,7.42695],[40.52251,7.40439],[40.52583,7.39724],[40.49797,7.36936],[40.49765,7.35681]],[[40.49093,7.282],[40.48905,7.27508]],[[35.84583,6.68643],[35.86718,6.7189],[35.86425,6.75092],[35.88592,6.77879],[35.88722,6.78949],[35.89746,6.79742],[35.90233,6.82718],[35.89088,6.83607],[35.87793,6.82723],[35.86428,6.83099],[35.865,6.84983],[35.85192,6.85902],[35.85628,6.86511],[35.85454,6.88023],[35.83919,6.90179],[35.84295,6.90773],[35.83969,6.92254],[35.81936,6.92349],[35.80682,6.91489],[35.80431,6.92972],[35.78795,6.94024],[35.7915,6.95118],[35.7672,6.96317],[35.76841,6.99504],[35.77956,7.01297],[35.77676,7.02732],[35.76619,7.03242],[35.75413,7.0201],[35.7153,7.00451],[35.69657,7.00963],[35.7022,7.03388],[35.71049,7.04259],[35.70338,7.06257],[35.70688,7.07283]],[[37.7636,6.85234],[37.75834,6.85746]],[[37.75965,6.87175],[37.75601,6.87051]],[[37.5521,6.02623],[37.54948,6.02791]],[[37.55193,6.03474],[37.5571,6.03513]],[[37.55708,6.03527],[37.55193,6.03493]],[[37.55192,6.03473],[37.55192,6.03473]],[[37.54946,6.02788],[37.54946,6.02788]],[[37.54944,6.02786],[37.552,6.0262]],[[35.759,7.59374],[35.74489,7.59024],[35.74039,7.58005],[35.72881,7.57397],[35.70958,7.57643],[35.7012,7.58587],[35.68909,7.57838],[35.68097,7.58475],[35.66795,7.58211],[35.66122,7.56811],[35.65074,7.56834],[35.62213,7.581],[35.61977,7.59206],[35.58413,7.61658],[35.5774,7.63369],[35.55779,7.62688],[35.55077,7.63876],[35.51556,7.63665],[35.51236,7.62827],[35.50731,7.63503]],[[35.83456,9.16921],[35.83474,9.08671],[35.81935,9.05443],[35.83424,9.02518],[35.82288,8.99002]],[[35.82157,8.98838],[35.84213,8.99472],[35.84596,8.99077],[35.8387,8.94116],[35.83031,8.92536],[35.83184,8.91436],[35.82445,8.9066],[35.82261,8.87665],[35.81009,8.87823],[35.79694,8.85913],[35.8008,8.84045],[35.7965,8.83376],[35.75687,8.83849]],[[35.69843,9.07953],[35.67723,9.09212],[35.66383,9.09094],[35.65109,9.06708],[35.63757,9.06322],[35.63739,9.05539],[35.62402,9.04906],[35.6219,9.03877],[35.60205,9.03673],[35.5982,9.01394],[35.57837,8.99856],[35.57546,8.98325],[35.5825,8.97212],[35.55394,8.9621],[35.54201,8.94253],[35.53217,8.94737],[35.52762,8.94254],[35.50921,8.94261],[35.48681,8.96186],[35.48116,8.96119]],[[35.80575,9.19156],[35.79798,9.16463],[35.77231,9.15513],[35.75538,9.1299],[35.75269,9.09356],[35.73797,9.09953],[35.72696,9.08623],[35.71458,9.08849],[35.69843,9.07953]],[[35.70054,9.07871],[35.70234,9.08205]],[[35.58098,8.97948],[35.58802,8.9907],[35.60108,8.99725]],[[35.82528,8.98821],[35.82288,8.99002]],[[35.64639,8.48221],[35.64929,8.48516],[35.64262,8.48904],[35.64944,8.491],[35.65251,8.50611],[35.66303,8.52023]],[[35.65608,8.8546],[35.65303,8.89719],[35.64535,8.90519],[35.62577,8.90553],[35.61581,8.91322],[35.61819,8.92737],[35.61317,8.94321],[35.62233,8.96282],[35.60826,8.99785],[35.60108,8.99725]],[[35.75687,8.83849],[35.75013,8.82469],[35.719,8.80211],[35.70889,8.78123],[35.68473,8.76274]],[[38.14752,9.03036],[38.14715,9.0146]],[[38.2098,8.66556],[38.2139,8.66178]],[[38.14832,9.01356],[38.14853,9.01338]],[[38.14853,9.01338],[38.14303,9.00227],[38.1307,8.99551],[38.12362,8.97974],[38.11489,8.9315],[38.0946,8.88084],[38.09749,8.87255],[38.08943,8.8651],[38.09898,8.84247],[38.10708,8.83876],[38.10253,8.82366],[38.10796,8.80727],[38.13617,8.79295],[38.14023,8.78057],[38.14699,8.77693],[38.15861,8.73071],[38.17249,8.7041],[38.20664,8.68774],[38.20948,8.67602]],[[41.43678,11.56687],[41.43651,11.56577]],[[41.44547,11.55508],[41.45101,11.54451]],[[39.04165,13.53794],[39.03773,13.54616]],[[40.49715,8.14482],[40.4784,8.18305],[40.46434,8.1877],[40.46375,8.20087],[40.45421,8.20661],[40.43052,8.26792],[40.42182,8.2739],[40.4128,8.3011],[40.41639,8.31933],[40.40407,8.32985],[40.40398,8.33919],[40.38885,8.36109],[40.39448,8.3947],[40.38743,8.41862],[40.37781,8.43046],[40.37642,8.45311],[40.3684,8.4675],[40.33717,8.49541],[40.33951,8.50561],[40.3325,8.51483],[40.33249,8.52372],[40.33887,8.52706],[40.33635,8.5427],[40.32616,8.55144],[40.31701,8.57374]],[[40.31701,8.57374],[40.32782,8.58914],[40.32666,8.60125]],[[40.257,8.47404],[40.26545,8.4897],[40.27432,8.48796],[40.27379,8.48142],[40.27948,8.47827],[40.29442,8.48175]],[[40.29442,8.48175],[40.29459,8.48208]],[[40.30608,8.5107],[40.30667,8.51046]],[[40.25653,8.47392],[40.257,8.47404]],[[40.30667,8.51046],[40.32544,8.52324],[40.30803,8.5606],[40.31701,8.57374]],[[40.29459,8.48208],[40.30496,8.48355],[40.30104,8.4952],[40.30608,8.5107]],[[42.13124,9.31162],[42.13131,9.31571]],[[42.12841,9.31198],[42.12841,9.31198]],[[38.69953,10.22319],[38.65944,10.22218],[38.62465,10.2042],[38.56889,10.19229],[38.55178,10.17325],[38.53079,10.16722],[38.49798,10.14006]],[[38.71621,14.12504],[38.71328,14.12178]],[[38.80621,9.05076],[38.80678,9.05955],[38.80167,9.06017]],[[37.57353,6.25386],[37.5644,6.25822],[37.56555,6.31814],[37.5746,6.32348],[37.58468,6.34526],[37.60158,6.35852],[37.59885,6.3723],[37.63491,6.39652],[37.62708,6.4078],[37.63315,6.41089],[37.61593,6.4298],[37.62123,6.46228],[37.62731,6.47093],[37.63823,6.47453],[37.65929,6.49598],[37.66271,6.50707],[37.66792,6.50422],[37.6779,6.51223],[37.68701,6.50765],[37.69721,6.52332],[37.74453,6.53588],[37.75792,6.54669],[37.76543,6.52697],[37.7806,6.5194]],[[37.75971,6.85207],[37.76178,6.85425]],[[37.75845,6.84021],[37.78418,6.83587],[37.80206,6.81052],[37.82031,6.80211],[37.85149,6.77339],[37.87586,6.76362]],[[38.80264,10.61132],[38.80259,10.59996],[38.79559,10.59393],[38.75929,10.59077],[38.74959,10.54673],[38.71433,10.49988],[38.70876,10.48243],[38.67254,10.47117],[38.65742,10.45694],[38.63055,10.45563],[38.60289,10.46891],[38.59976,10.46122],[38.60407,10.44769],[38.58759,10.4281],[38.59104,10.42342],[38.58743,10.41483],[38.5775,10.41361],[38.58004,10.40394],[38.59224,10.39713],[38.58369,10.39732],[38.58395,10.3819]],[[38.92255,10.76556],[38.90897,10.74268],[38.88887,10.7286],[38.88917,10.70164],[38.8551,10.67463],[38.84421,10.67348],[38.82153,10.63705],[38.81114,10.63162],[38.8026,10.6114]],[[38.51677,10.6843],[38.5274,10.67785],[38.52183,10.68633],[38.53111,10.6818],[38.5529,10.68776],[38.60035,10.68503],[38.60699,10.69381],[38.6492,10.68422],[38.64857,10.69475],[38.64287,10.69405],[38.64093,10.69969],[38.64585,10.7032],[38.64039,10.70805],[38.64492,10.71312],[38.72062,10.73869],[38.72861,10.74729],[38.73956,10.74657]],[[38.50271,10.66501],[38.50439,10.66283]],[[38.08923,10.92611],[38.09858,10.92835],[38.10654,10.94243],[38.12923,10.93955],[38.13246,10.92758],[38.15834,10.92343],[38.17255,10.91354],[38.17328,10.89652],[38.18808,10.89415]],[[38.97661,10.9047],[38.96278,10.90088],[38.95422,10.88701],[38.93284,10.88225],[38.88571,10.89177],[38.87041,10.88235],[38.85648,10.884],[38.85113,10.89304],[38.83265,10.88778],[38.80085,10.89833],[38.77281,10.89876],[38.72281,10.9232],[38.68609,10.92757]],[[39.68706,11.32251],[39.69182,11.31849]],[[39.55806,11.08689],[39.55296,11.07886],[39.54163,11.07802],[39.54117,11.07004],[39.53394,11.07389],[39.53262,11.06553],[39.55781,11.01507],[39.55521,10.9985],[39.56439,10.97282],[39.55952,10.96389],[39.5558,10.96625],[39.5526,10.96064],[39.54872,10.96521],[39.54544,10.96094],[39.55526,10.94601],[39.552,10.93604],[39.52098,10.918],[39.50929,10.91898]],[[36.26242,6.32136],[36.27387,6.33011],[36.27786,6.3179],[36.2895,6.31056],[36.29518,6.31878],[36.30219,6.3123],[36.30535,6.3194],[36.31652,6.32142],[36.32735,6.33745],[36.33969,6.37721],[36.34436,6.36274],[36.35256,6.35868],[36.3864,6.37151],[36.39548,6.361],[36.39293,6.35215],[36.40017,6.34871],[36.42354,6.37951],[36.42979,6.38329],[36.44021,6.37663],[36.44983,6.39936],[36.46381,6.41075],[36.45766,6.42381],[36.47932,6.43004],[36.48067,6.44152],[36.50439,6.44293],[36.50522,6.43787],[36.52503,6.43179],[36.52485,6.4361],[36.54448,6.44203],[36.54734,6.45185],[36.56274,6.45195],[36.5826,6.46114],[36.58566,6.4658],[36.5801,6.46664],[36.58486,6.46842]],[[36.26229,6.32118],[36.23226,6.30774],[36.20104,6.30951],[36.17569,6.2996],[36.16947,6.29391],[36.15932,6.2584],[36.13379,6.22644],[36.10991,6.22394],[36.09188,6.23139]],[[36.04512,6.27486],[36.05461,6.23608],[36.06258,6.23319],[36.07557,6.23908],[36.09159,6.23152]],[[36.02014,6.13511],[36.0244,6.15435],[36.02057,6.22277]],[[36.21699,7.8101],[36.21074,7.8059],[36.21024,7.79309],[36.23643,7.78136],[36.23616,7.76455],[36.24883,7.74358]],[[36.19882,7.74181],[36.20939,7.74593],[36.22069,7.73878],[36.23942,7.74056],[36.26053,7.73041]],[[36.75728,8.79488],[36.71569,8.80446],[36.71056,8.79981],[36.70127,8.80384],[36.69705,8.81503],[36.67863,8.81693],[36.6732,8.80442],[36.66588,8.79978],[36.6581,8.80232],[36.66019,8.79584],[36.65177,8.77709],[36.63516,8.75933],[36.60989,8.76182],[36.60209,8.76993],[36.58575,8.76452],[36.56571,8.77101],[36.55633,8.76413],[36.54799,8.76995],[36.55021,8.77655],[36.54192,8.77746]],[[36.58852,7.18538],[36.60102,7.16491],[36.60166,7.14877]],[[36.47596,7.09994],[36.49597,7.09494]],[[38.67329,9.0543],[38.67644,9.04255]],[[36.21905,12.89815],[36.25444,12.91875]],[[40.4463,7.79767],[40.45716,7.8051],[40.47359,7.80603],[40.49876,7.79281],[40.51645,7.79659],[40.52143,7.78643]],[[40.53264,7.82035],[40.53322,7.8202]],[[40.53322,7.8202],[40.52088,7.78227],[40.54586,7.75636],[40.55843,7.75683],[40.57346,7.79112],[40.59514,7.80364],[40.61872,7.79417],[40.61374,7.78356],[40.60558,7.78651],[40.61579,7.77345]],[[40.19017,7.45443],[40.19079,7.44273],[40.19837,7.44413],[40.19932,7.4393],[40.19713,7.42181],[40.18741,7.41671],[40.18807,7.40308],[40.1806,7.39358],[40.18176,7.38287],[40.18608,7.38467],[40.19281,7.37618],[40.18455,7.38039],[40.18788,7.37068]],[[40.44544,7.93781],[40.46818,7.90994],[40.494,7.89792],[40.49327,7.88047],[40.50667,7.84842],[40.52121,7.8295],[40.53411,7.82605],[40.53264,7.82035]],[[40.12774,8.25306],[40.14314,8.24765],[40.15988,8.25431]],[[39.99971,8.07127],[40.01722,8.04937],[40.02347,8.04917],[40.04172,8.06035],[40.05104,8.07565],[40.0668,8.07147],[40.06964,8.07626],[40.09785,8.07886],[40.10951,8.08575],[40.14259,8.08693],[40.14737,8.09757],[40.13262,8.10466],[40.13752,8.11608],[40.13124,8.12754],[40.13395,8.13793],[40.12593,8.14035]],[[40.12756,8.25298],[40.12774,8.25306]],[[40.08465,8.18733],[40.08342,8.20607],[40.09079,8.21292]],[[40.08542,8.18664],[40.08465,8.18733]],[[40.12557,8.14071],[40.12015,8.16135],[40.10906,8.17394],[40.08542,8.18664]],[[40.12593,8.14035],[40.12557,8.14071]],[[39.31774,4.86496],[39.31953,4.87678],[39.33864,4.89272],[39.36915,4.90386],[39.40901,4.88602],[39.44333,4.90815],[39.45184,4.93064]],[[39.31763,4.86471],[39.31774,4.86496]],[[37.27239,11.67843],[37.29704,11.69146]],[[37.02747,6.24698],[37.05259,6.22327],[37.06723,6.22309],[37.06817,6.2189],[37.07554,6.22031],[37.08514,6.23652],[37.11345,6.18165],[37.12345,6.15399],[37.11996,6.14493],[37.13332,6.1293]],[[36.99205,6.22208],[37.0092,6.23077],[37.01769,6.24401]],[[38.92364,9.87741],[38.90584,9.84296],[38.90948,9.83781],[38.89927,9.84407],[38.88776,9.84075],[38.89258,9.83903],[38.88464,9.83492],[38.88791,9.82706],[38.87906,9.82163],[38.8954,9.82495],[38.90362,9.80431],[38.94091,9.78798],[38.96678,9.78234],[38.99235,9.78909]],[[38.92474,9.91201],[38.92469,9.91104]],[[38.99385,9.74909],[38.99398,9.74975]],[[39.20246,9.75385],[39.21756,9.75074],[39.24021,9.71127],[39.26853,9.69099],[39.29467,9.65826],[39.30199,9.65349],[39.31673,9.6568],[39.326,9.64447],[39.35999,9.62152]],[[40.4463,7.79767],[40.43009,7.79678],[40.40006,7.77704]],[[40.40006,7.77704],[40.37108,7.76078],[40.34832,7.73385]],[[37.28918,11.62172],[37.26396,11.61739]],[[37.04526,11.82953],[37.03093,11.87562]],[[37.16708,11.70687],[37.16038,11.71186],[37.14497,11.70781],[37.12355,11.71189],[37.0935,11.73282],[37.08811,11.75327],[37.04615,11.81476],[37.04663,11.8246]],[[37.39537,11.58775],[37.39537,11.58775]],[[37.40271,11.58773],[37.40271,11.60379]],[[37.36239,11.59871],[37.36239,11.59871]],[[37.36654,11.59568],[37.36563,11.59943]],[[37.40244,11.58773],[37.39825,11.58768]],[[37.39517,11.58775],[37.38812,11.58775]],[[37.40269,11.58776],[37.40269,11.58776]],[[37.29726,11.62],[37.29715,11.62]],[[37.2895,11.62176],[37.28918,11.62172]],[[37.29715,11.62],[37.2895,11.62176]],[[39.96733,6.98047],[39.95666,6.93901],[39.93693,6.924],[39.93073,6.92467],[39.92268,6.91154],[39.91522,6.91418],[39.90376,6.9057],[39.90316,6.89495],[39.90951,6.88877],[39.8722,6.82124],[39.86072,6.82109],[39.85889,6.81519],[39.82392,6.79942],[39.81164,6.78588],[39.80291,6.78436],[39.7877,6.79406],[39.77091,6.79294],[39.75581,6.76994],[39.75398,6.78219],[39.74105,6.77587],[39.72704,6.77948],[39.72448,6.75605],[39.71392,6.74759],[39.7181,6.71002],[39.72952,6.69846],[39.73772,6.62385],[39.73649,6.60381],[39.72547,6.58536],[39.72564,6.56109],[39.73012,6.53912],[39.74511,6.51594],[39.74473,6.49873],[39.75512,6.4836],[39.75366,6.47391],[39.78967,6.42299],[39.84298,6.40941]],[[39.96727,6.98063],[39.96733,6.98047]],[[38.74614,9.04801],[38.74453,9.0461]],[[38.74285,9.05325],[38.73986,9.05273]],[[38.75224,9.05483],[38.75336,9.05423]],[[38.7377,9.05925],[38.73778,9.05931]],[[38.74636,9.04827],[38.7463,9.04819]],[[38.74296,9.05327],[38.74285,9.05325]],[[38.78962,9.02834],[38.78985,9.02848]],[[38.7971,9.01182],[38.79943,9.01886]],[[38.79705,9.01173],[38.7971,9.01182]],[[38.74224,9.03223],[38.74524,9.03023]],[[38.74257,9.03863],[38.74555,9.03495]],[[38.74284,9.0405],[38.74279,9.04057]],[[38.74251,9.03866],[38.74257,9.03863]],[[38.7249,9.03393],[38.7247,9.03423]],[[38.7414,9.03209],[38.74149,9.03209]],[[38.72471,9.03337],[38.7249,9.03386]],[[38.71495,9.04213],[38.7146,9.04524]],[[38.76927,9.04014],[38.76272,9.03779]],[[38.76272,9.03779],[38.76264,9.03779]],[[38.77352,9.03242],[38.77351,9.03251]],[[38.76521,8.986],[38.76666,8.98307]],[[37.85618,8.99163],[37.86223,8.98897],[37.86942,8.99356],[37.8845,8.98484],[37.88725,8.97236]],[[37.54036,9.68815],[37.5529,9.69723],[37.561,9.71208],[37.55468,9.74018],[37.54192,9.7504],[37.51596,9.75454],[37.50195,9.76885],[37.49875,9.78632]],[[37.47428,9.50366],[37.46563,9.49194],[37.44719,9.49945],[37.43809,9.49728]],[[37.47428,9.50366],[37.47579,9.52018],[37.48495,9.52381],[37.48991,9.53319],[37.48835,9.55969],[37.49916,9.56685],[37.50803,9.56576],[37.51904,9.59262],[37.52267,9.61068],[37.50715,9.63905],[37.50834,9.6504],[37.54036,9.68815]],[[35.34696,9.00338],[35.36078,8.99768],[35.37847,8.97283],[35.41429,8.94887],[35.44427,8.94994],[35.45457,8.95539],[35.45512,8.96148],[35.47141,8.96669]],[[35.68867,9.2744],[35.68535,9.29419],[35.69402,9.30316],[35.69043,9.31512],[35.7011,9.33542],[35.69969,9.34646],[35.68599,9.35388],[35.69028,9.36905]],[[35.69028,9.36905],[35.67347,9.38718],[35.65769,9.37843],[35.64729,9.3797],[35.63869,9.40444],[35.62415,9.40402],[35.59801,9.41821]],[[36.08586,9.88231],[36.09101,9.87618],[36.07783,9.85713],[36.08671,9.83463]],[[35.74622,9.43469],[35.74454,9.42807],[35.75064,9.42463],[35.73269,9.40675],[35.72415,9.39217],[35.7262,9.38721],[35.72096,9.38935],[35.71091,9.37739],[35.69028,9.36905]],[[35.74643,9.43494],[35.74622,9.43469]],[[35.78953,9.44488],[35.76765,9.45964],[35.74692,9.45288],[35.74643,9.43494]],[[35.78977,9.44466],[35.78953,9.44488]],[[35.86433,9.50473],[35.86433,9.50473]],[[35.86411,9.50468],[35.86437,9.5046]],[[35.83986,9.46173],[35.82891,9.45392],[35.80865,9.45135]],[[35.86438,9.5048],[35.86411,9.50468]],[[36.0248,9.68639],[36.01865,9.68731],[36.01675,9.68097],[36.0186,9.65364],[35.98866,9.62542],[35.97856,9.62467],[35.98388,9.60912],[35.95824,9.594],[35.9402,9.59383]],[[36.02517,9.68752],[36.0248,9.68639]],[[36.11094,9.74898],[36.11425,9.72961],[36.11081,9.72294],[36.0961,9.7174],[36.09491,9.71048],[36.08418,9.7102],[36.06805,9.69775],[36.0642,9.70566],[36.05409,9.70815],[36.04856,9.69584],[36.02617,9.69235],[36.02517,9.68752]],[[39.47082,13.48679],[39.46861,13.48878]],[[39.47079,13.48668],[39.47508,13.49078]],[[39.46854,13.4887],[39.47079,13.48668]],[[39.46847,13.48872],[39.46847,13.48872]],[[39.47503,13.49083],[39.47082,13.48679]],[[41.08415,11.73657],[41.08076,11.73392],[41.06401,11.74141],[41.06039,11.75032],[41.04893,11.75197],[41.02212,11.78569],[41.00871,11.79218]],[[36.7745,5.78666],[36.77664,5.78978],[36.76569,5.79144],[36.76733,5.78625],[36.76193,5.78443],[36.75388,5.83222],[36.74648,5.83881]],[[39.51363,13.5494],[39.5136,13.54905]],[[39.51363,13.5494],[39.50431,13.55874],[39.48743,13.56334]],[[38.75224,9.05483],[38.75163,9.05495]],[[38.73809,9.01641],[38.73761,9.0128]],[[38.73847,9.01896],[38.73506,9.01804]],[[41.54035,8.81064],[41.56481,8.8288]],[[41.53917,8.69761],[41.54742,8.72526],[41.57237,8.7393]],[[41.4587,8.78583],[41.51285,8.81025],[41.54035,8.81064]],[[41.47122,8.66026],[41.47222,8.67297],[41.45637,8.72858],[41.45704,8.7782]],[[41.56535,8.81334],[41.57754,8.88911]],[[41.56535,8.81334],[41.57033,8.78387],[41.56324,8.77055],[41.57237,8.7393]],[[41.47122,8.66026],[41.52519,8.66516],[41.53863,8.67687],[41.53917,8.69761]],[[41.84667,8.65846],[41.84156,8.68539],[41.79427,8.76014],[41.77393,8.80783],[41.76202,8.93613],[41.76294,8.95348],[41.77068,8.96331],[41.76521,8.97818],[41.77593,8.99409],[41.76358,9.05554],[41.76701,9.06938]],[[41.45704,8.7782],[41.4587,8.78583]],[[41.89196,9.34314],[41.89181,9.33683],[41.87899,9.33139],[41.87515,9.31903],[41.88321,9.2968],[41.87824,9.2965],[41.86659,9.26733],[41.87413,9.24728]],[[41.76701,9.06938],[41.76327,9.08251],[41.76945,9.12781],[41.77627,9.13452],[41.78158,9.13239],[41.78737,9.14932],[41.8014,9.15083],[41.81748,9.13859],[41.83402,9.13575],[41.7914,9.16405],[41.78562,9.18675],[41.78925,9.20212]],[[41.89196,9.34314],[41.89428,9.3504],[41.90703,9.34691],[41.9252,9.38],[41.95169,9.38675],[41.96423,9.40317],[41.97307,9.40525]],[[37.47499,8.7286],[37.4779,8.73852],[37.48515,8.73692],[37.49033,8.74896],[37.51318,8.7441],[37.52652,8.74812],[37.54851,8.78058]],[[37.43995,8.64083],[37.45715,8.68406],[37.44974,8.69706],[37.45368,8.71709],[37.44632,8.72933]],[[37.43473,8.72498],[37.44408,8.72643],[37.45644,8.73801],[37.47499,8.7286]],[[37.56542,8.34916],[37.56941,8.33894],[37.58874,8.33206],[37.59026,8.32564]],[[37.56561,8.34945],[37.56542,8.34916]],[[37.45705,9.17917],[37.48395,9.18357],[37.51412,9.1514]],[[38.70927,9.05156],[38.70916,9.05175]],[[38.69649,9.05932],[38.69727,9.05942]],[[38.69726,9.0595],[38.69649,9.05942]],[[38.70058,9.05801],[38.709,9.05167]],[[38.70908,9.05174],[38.7006,9.05809]],[[38.69649,9.05942],[38.6945,9.05856]],[[38.71141,9.05014],[38.70925,9.05152]],[[38.69483,9.05855],[38.69649,9.05932]],[[38.70915,9.05146],[38.71142,9.04964]],[[38.77329,8.98337],[38.76995,8.9822]],[[38.76995,8.98213],[38.77332,8.98331]],[[38.76995,8.9822],[38.76918,8.98228]],[[38.76918,8.98221],[38.76995,8.98213]],[[39.01182,11.51938],[39.0027,11.5208],[38.99696,11.50874],[38.99389,11.46848],[38.9797,11.46965],[38.97457,11.47866],[38.96091,11.4744],[38.94355,11.45912],[38.91558,11.46129]],[[38.78066,9.02333],[38.78182,9.01614]],[[38.78187,9.01612],[38.78081,9.02336]],[[36.81474,8.83286],[36.82616,8.84878],[36.84946,8.84167],[36.87348,8.84222],[36.88563,8.84867],[36.88237,8.8321],[36.88912,8.81844],[36.89931,8.8164]],[[36.79574,8.8068],[36.79606,8.80703]],[[38.74922,9.02801],[38.7491,9.02802]],[[38.75117,9.02731],[38.74922,9.02801]],[[38.74355,9.03393],[38.74368,9.03385]],[[38.74375,9.03381],[38.7469,9.03236]],[[40.22461,8.36479],[40.22463,8.36513]],[[40.22463,8.36513],[40.23211,8.37504],[40.23591,8.39568],[40.23212,8.39974],[40.23682,8.40544],[40.22833,8.41377],[40.24789,8.42558],[40.24841,8.43291]],[[40.21589,8.3406],[40.21638,8.34124]],[[40.21638,8.34124],[40.22325,8.34038],[40.22701,8.34698],[40.22461,8.36479]],[[40.15988,8.25431],[40.16039,8.25438]],[[40.16039,8.25438],[40.16948,8.25513],[40.18435,8.27725],[40.18752,8.27438],[40.18757,8.30978],[40.196,8.30648],[40.20853,8.31466],[40.22184,8.3324],[40.21787,8.33119],[40.22118,8.33521],[40.21589,8.3406]],[[40.53193,9.10478],[40.53218,9.10447]],[[40.52773,9.09345],[40.5265,9.05128]],[[40.53218,9.10447],[40.52755,9.09353]],[[40.5265,9.05128],[40.52632,9.05129]],[[40.52755,9.09353],[40.52773,9.09345]],[[38.68155,9.06917],[38.68119,9.07037]],[[39.46782,13.56856],[39.44702,13.571],[39.41215,13.59807],[39.39509,13.59265],[39.39772,13.59847],[39.38801,13.60529],[39.38186,13.60031]],[[39.35676,13.5414],[39.37208,13.53422],[39.37704,13.53987],[39.39418,13.51521],[39.4173,13.49642]],[[39.3562,13.54136],[39.35676,13.5414]],[[42.0786,9.12216],[42.07894,9.12201]],[[42.07288,9.17389],[42.08138,9.21244],[42.09716,9.23408],[42.09012,9.24136],[42.08873,9.2559],[42.09224,9.26606],[42.10085,9.27017],[42.0998,9.28263],[42.10818,9.28879],[42.10567,9.30341]],[[42.07894,9.12201],[42.08258,9.09351],[42.09143,9.0795],[42.09607,9.0565],[42.11933,9.03127],[42.13078,9.00549],[42.12114,8.96182]],[[42.23608,6.99035],[42.23613,6.99063]],[[42.23613,6.99063],[42.23433,6.9969],[42.25087,7.03149],[42.2736,7.04607],[42.27676,7.06195]],[[42.27676,7.06195],[42.27686,7.06237]],[[42.19572,7.84171],[42.20206,7.86995],[42.24759,7.94118],[42.25516,7.98206],[42.28848,8.01622],[42.28765,8.07812],[42.30314,8.11426],[42.30218,8.13432]],[[37.86092,7.34232],[37.89076,7.37941],[37.897,7.35661],[37.90932,7.34818],[37.91169,7.33985],[37.93949,7.3532],[37.94968,7.3503],[37.94771,7.32965]],[[36.25915,7.23819],[36.25903,7.23798]],[[36.25915,7.23819],[36.28302,7.23414],[36.30666,7.24345],[36.33819,7.28395],[36.38547,7.29606],[36.40117,7.28689],[36.40666,7.26719],[36.42,7.26177],[36.42802,7.24776],[36.45217,7.24111],[36.45963,7.24828]],[[35.82288,8.99002],[35.82157,8.98838]],[[35.79171,8.98724],[35.75263,8.97664],[35.74408,9.00257],[35.73411,9.00954],[35.73978,9.02635],[35.71829,9.04487],[35.71295,9.06419],[35.69843,9.07953]],[[39.5358,5.70929],[39.53536,5.70894]],[[39.53089,5.68416],[39.52725,5.64898],[39.51693,5.63471],[39.52989,5.61859],[39.52675,5.60123],[39.50824,5.59151],[39.50156,5.55724],[39.50453,5.54227],[39.49181,5.49346],[39.47748,5.4768]],[[37.3656,9.55917],[37.36642,9.55691]],[[37.36534,9.55576],[37.35776,9.54904],[37.36287,9.5402]],[[38.64293,13.89264],[38.64579,13.88555]],[[36.34562,7.13544],[36.35597,7.12106],[36.36661,7.12701],[36.37947,7.12143],[36.39003,7.12572],[36.40253,7.11669],[36.40943,7.12151],[36.41907,7.11531],[36.46905,7.11895]],[[36.49597,7.09494],[36.51019,7.09548],[36.51226,7.10342],[36.52241,7.10962],[36.55024,7.11777],[36.56449,7.11046],[36.56776,7.1154],[36.55642,7.13676],[36.57793,7.14877],[36.59717,7.14348],[36.60531,7.14898],[36.6079,7.14154],[36.61231,7.14451],[36.63576,7.12371],[36.65614,7.11533]],[[36.23403,7.31335],[36.24155,7.31478],[36.2483,7.3324],[36.25905,7.33686],[36.26583,7.35104],[36.28655,7.36769],[36.28637,7.37868]],[[36.48873,13.98687],[36.45583,13.98665]],[[37.38699,13.35379],[37.39887,13.31442],[37.39026,13.31203],[37.38622,13.31685],[37.38478,13.30898],[37.37579,13.30858],[37.3712,13.30039],[37.36541,13.30662],[37.35756,13.27738]],[[36.97561,13.562],[37.01042,13.55656],[37.03708,13.54225],[37.08197,13.53293],[37.13767,13.52585],[37.16343,13.53035],[37.18201,13.5217],[37.19444,13.52408],[37.21402,13.51702],[37.21515,13.52277],[37.22362,13.52325]],[[37.36217,13.50695],[37.36762,13.50903],[37.36146,13.50247],[37.36594,13.49684],[37.35976,13.47758],[37.37969,13.45573]],[[37.56481,13.86038],[37.56045,13.85465],[37.52441,13.85915],[37.44985,13.82009]],[[37.67127,13.91435],[37.68014,13.92545],[37.68332,13.95274],[37.69364,13.96695]],[[37.76397,14.07458],[37.79295,14.08393],[37.80497,14.08259],[37.83349,14.10026],[37.84509,14.115],[37.85799,14.10952],[37.87027,14.12279]],[[37.38894,14.11441],[37.36674,14.15686],[37.33588,14.16734],[37.32583,14.17781]],[[37.69364,13.96695],[37.70528,13.99828],[37.7151,14.00924],[37.74787,14.02611],[37.75999,14.04415],[37.76208,14.06233]],[[37.44959,13.82014],[37.38389,13.7934],[37.37751,13.79312],[37.37964,13.79977],[37.37385,13.79991],[37.35106,13.77763],[37.34713,13.77107],[37.35008,13.76212],[37.34311,13.76956],[37.34754,13.76555],[37.34331,13.76171],[37.34594,13.75555],[37.34223,13.75968],[37.32768,13.75544]],[[38.79374,8.98953],[38.7943,8.98873]],[[38.80354,8.98553],[38.79446,8.98885]],[[38.24637,13.54331],[38.24357,13.55316],[38.25058,13.55435],[38.25644,13.53675]],[[38.26724,13.53011],[38.27375,13.55226],[38.27084,13.55863],[38.2773,13.56351]],[[38.28363,13.57113],[38.29922,13.58399],[38.30685,13.56767],[38.31427,13.58712],[38.32746,13.58299]],[[37.52119,14.13641],[37.52054,14.12555],[37.51954,14.12921],[37.51595,14.12308],[37.51044,14.12412],[37.50559,14.11106],[37.49505,14.10348],[37.48802,14.111],[37.4632,14.09621],[37.44323,14.09222],[37.39468,14.09787]],[[37.52382,14.13718],[37.52119,14.13641]],[[37.32583,14.17781],[37.3256,14.17755]],[[37.3256,14.17755],[37.30848,14.1642],[37.29391,14.17683]],[[39.73929,11.08547],[39.73851,11.06371]],[[41.8666,9.58803],[41.86704,9.58903]],[[38.72454,14.1239],[38.71621,14.12504]],[[39.19371,14.57352],[39.19795,14.5915],[39.18272,14.60839],[39.19686,14.62202]],[[39.21578,14.21195],[39.19602,14.21596],[39.179,14.23005],[39.18065,14.23481],[39.1686,14.24233],[39.15956,14.2731],[39.15502,14.2732]],[[39.18477,14.38516],[39.16562,14.4044]],[[39.20014,14.32456],[39.20322,14.362]],[[40.49715,8.14482],[40.49842,8.11481]],[[40.72968,7.21811],[40.72784,7.2397],[40.69154,7.24177],[40.68711,7.27392],[40.6898,7.28743],[40.69691,7.28934]],[[40.72968,7.21811],[40.75424,7.22418],[40.76285,7.23698],[40.79214,7.23497],[40.80112,7.24904],[40.85484,7.26794],[40.95326,7.36934],[40.96676,7.3964],[40.97634,7.44834]],[[38.77978,9.02322],[38.78066,9.02333]],[[39.55542,9.13005],[39.56022,9.13678],[39.5766,9.13336]],[[38.23178,5.63232],[38.23932,5.62886]],[[38.79097,8.87984],[38.79185,8.88348]],[[38.79992,8.87707],[38.80993,8.8783]],[[38.79185,8.88348],[38.80428,8.89335]],[[38.80993,8.8783],[38.80966,8.871]],[[38.817,8.86048],[38.80996,8.87071]],[[38.78689,8.87657],[38.79097,8.87984]],[[38.79627,8.87415],[38.79585,8.87519]],[[36.39827,10.86031],[36.3979,10.86057]],[[36.34432,10.83838],[36.32948,10.82826],[36.32309,10.79738],[36.2954,10.78169],[36.28079,10.78347],[36.26262,10.77644],[36.2581,10.76514],[36.24202,10.76411],[36.21577,10.74137],[36.20262,10.73937],[36.20149,10.72448]],[[36.20149,10.72448],[36.20146,10.72422]],[[36.15081,10.67537],[36.14355,10.67068],[36.12725,10.62967],[36.11446,10.62102],[36.10295,10.62061],[36.09096,10.60298],[36.08295,10.60293],[36.0743,10.58679]],[[36.60532,11.39868],[36.60562,11.39842]],[[36.67023,11.38071],[36.71801,11.36286],[36.7333,11.37716],[36.73342,11.37135],[36.74204,11.37236],[36.7605,11.36189],[36.75485,11.3449],[36.76562,11.34238],[36.76886,11.3331],[36.78148,11.32466]],[[36.78148,11.32466],[36.78157,11.3245]],[[36.80871,11.30841],[36.83143,11.29096],[36.8351,11.27083]],[[38.95558,12.12038],[38.95557,12.12061]],[[38.98433,12.17157],[38.98387,12.18863],[38.99726,12.19205],[39.00677,12.21082],[39.00368,12.21507],[39.01369,12.21984],[39.02632,12.21482]],[[38.33492,6.03001],[38.34196,6.01863],[38.41656,6.01801],[38.42576,5.99891]],[[38.77105,5.32011],[38.77896,5.31675],[38.79151,5.32681]],[[38.75019,5.34],[38.75588,5.32559],[38.77081,5.32027]],[[38.79151,5.32681],[38.79167,5.32703]],[[38.77081,5.32027],[38.77105,5.32011]],[[38.80935,5.53128],[38.80934,5.53102]],[[38.24971,5.67791],[38.26674,5.67461],[38.29045,5.67942],[38.30642,5.66837],[38.33679,5.66359],[38.35338,5.65402],[38.35988,5.63116],[38.379,5.60044],[38.38413,5.5664],[38.39864,5.55487],[38.42894,5.55288],[38.4331,5.54852],[38.44867,5.55302],[38.45644,5.54822],[38.46602,5.56391],[38.50031,5.57905],[38.50662,5.56715],[38.54345,5.54442],[38.57647,5.54463],[38.60151,5.51287]],[[39.0385,8.88996],[39.05772,8.89998],[39.0854,8.93436],[39.08482,8.94025],[39.10299,8.95524],[39.10265,8.96387],[39.12314,8.97042]],[[38.98661,8.70719],[38.98541,8.6945]],[[38.98689,8.71517],[38.98618,8.71648]],[[38.75019,5.34023],[38.75019,5.34]],[[38.80487,5.67534],[38.80514,5.67561]],[[38.79167,5.32703],[38.80255,5.39316],[38.82382,5.42802],[38.81605,5.44651],[38.81907,5.46077],[38.8129,5.47633],[38.81459,5.50704],[38.80934,5.53102]],[[39.19303,5.89964],[39.21684,5.87864],[39.22898,5.87642],[39.2446,5.84876],[39.26843,5.82933],[39.26955,5.82103],[39.25976,5.80458],[39.26393,5.7961],[39.28921,5.79643],[39.31617,5.77429],[39.31209,5.7619],[39.32687,5.74579],[39.32769,5.72924],[39.34361,5.71864],[39.34019,5.70757],[39.3526,5.65892],[39.345,5.62669],[39.36113,5.58837],[39.40279,5.54335],[39.42967,5.52868],[39.44027,5.51522],[39.4557,5.51076],[39.45879,5.50265],[39.4698,5.50027],[39.47748,5.4768]],[[38.42143,6.60067],[38.4021,6.59564],[38.39597,6.56785],[38.38923,6.5664]],[[36.52762,5.97736],[36.52442,5.96153],[36.53071,5.95674],[36.53447,5.96766],[36.54077,5.966],[36.54768,5.97592],[36.55097,5.97093]],[[38.4247,7.86361],[38.45221,7.90659],[38.51243,7.96935],[38.52011,8.00009],[38.53951,8.01523]],[[38.93654,12.20296],[38.92881,12.20792],[38.90934,12.20571]],[[37.75042,10.93396],[37.75672,10.93308],[37.75654,10.908],[37.73245,10.81973],[37.74252,10.79834],[37.74308,10.78185],[37.75219,10.76644],[37.77567,10.75077],[37.78432,10.73396],[37.84186,10.70615]],[[39.19426,11.04661],[39.20213,11.08912],[39.23386,11.13783],[39.24017,11.17399],[39.22711,11.18642],[39.22344,11.22875],[39.2343,11.23828]],[[39.22634,10.94422],[39.24117,10.96536]],[[38.97661,10.9047],[38.97632,10.91532],[38.94161,10.92632],[38.9179,10.94835],[38.90637,10.9689],[38.90369,10.96477]],[[38.47189,10.72225],[38.47344,10.70771],[38.48804,10.68618],[38.48338,10.67404],[38.48567,10.6571],[38.47646,10.65387],[38.47469,10.64633],[38.48903,10.64791],[38.50271,10.66501]],[[39.03501,12.62557],[39.03452,12.63404]],[[38.99546,13.428],[38.9847,13.4347],[38.98375,13.44248],[38.97356,13.44565],[38.96666,13.44286],[38.94385,13.44883],[38.92131,13.44043],[38.916,13.42437],[38.86236,13.36458]],[[38.49351,7.05778],[38.47785,7.06707]],[[38.47199,7.02939],[38.4687,7.02412]],[[38.49497,7.02122],[38.5015,7.02296]],[[38.46868,7.02381],[38.46868,7.02381]],[[37.77715,12.12522],[37.77696,12.12508]],[[37.77911,12.12568],[37.78903,12.12387]],[[36.53543,5.15802],[36.5102,5.1255]],[[42.77269,9.35234],[42.78172,9.34136],[42.8003,9.33759]],[[42.7977,9.35296],[42.79337,9.36766]],[[42.79337,9.36766],[42.79761,9.35286]],[[42.8074,9.37515],[42.88105,9.47003],[42.94482,9.53587],[42.9599,9.55745],[42.97992,9.61013]],[[42.79771,9.35273],[42.79772,9.35093]],[[42.7978,9.35093],[42.79781,9.35278]],[[42.79781,9.35278],[42.79781,9.35278]],[[39.55528,11.25421],[39.5731,11.25106],[39.57741,11.24007],[39.61109,11.22274],[39.61156,11.19465],[39.63143,11.14123]],[[39.51062,11.28245],[39.51099,11.2818]],[[36.82679,7.67361],[36.82966,7.66987]],[[38.31773,6.41988],[38.3107,6.43165],[38.31944,6.44668],[38.33304,6.45303],[38.341,6.47444]],[[38.4247,7.86361],[38.41666,7.84709],[38.38168,7.80651],[38.35921,7.76102],[38.35849,7.7246],[38.36889,7.70509],[38.35996,7.68365]],[[39.28476,8.54217],[39.28228,8.532]],[[39.26081,8.52102],[39.26906,8.54086]],[[39.27516,8.52244],[39.27506,8.52241]],[[39.27509,8.52235],[39.27518,8.52239]],[[39.25739,8.54631],[39.25494,8.53839]],[[33.29386,8.30483],[33.28902,8.29894],[33.27269,8.1941]],[[41.87413,9.24728],[41.81352,9.2344],[41.81398,9.2043],[41.79977,9.20727],[41.78918,9.20213],[41.78345,9.21689],[41.77077,9.22663],[41.76057,9.22021],[41.72742,9.2393],[41.71057,9.2299],[41.70717,9.21152],[41.691,9.19447],[41.68981,9.14601],[41.6684,9.12648],[41.65591,9.12407],[41.65169,9.11538],[41.63298,9.11212],[41.63159,9.09152],[41.58526,9.01924],[41.56881,8.97872],[41.57754,8.88911]],[[37.76773,6.70776],[37.77504,6.70273]],[[37.75461,8.96206],[37.75477,8.96193]],[[37.75477,8.96193],[37.75955,8.96918]],[[39.27807,14.3736],[39.27853,14.37409]],[[39.2774,14.38054],[39.28832,14.3972],[39.29775,14.3987],[39.29406,14.3787],[39.30446,14.38031],[39.29977,14.36936],[39.33713,14.33724],[39.3375,14.31341],[39.34414,14.30456],[39.34973,14.30647],[39.35212,14.3007],[39.35758,14.3065],[39.36706,14.29704],[39.3721,14.30428],[39.38816,14.30201],[39.38967,14.3075],[39.38013,14.3134],[39.39079,14.31306],[39.38876,14.31844],[39.41246,14.30792],[39.41337,14.3152],[39.4215,14.31658],[39.42367,14.32332],[39.41495,14.32884],[39.41396,14.33624],[39.43375,14.34541]],[[37.56759,6.03656],[37.5672,6.03618]],[[37.5672,6.03618],[37.56419,6.03548]],[[38.76659,8.98318],[38.76527,8.98609]],[[38.76666,8.98307],[38.76918,8.98221]],[[38.38923,6.5664],[38.38511,6.54076]],[[38.99782,13.73648],[38.98606,13.74816],[38.98932,13.75628],[38.98412,13.76908],[39.00005,13.79458],[38.99628,13.81398],[38.98633,13.81868],[38.99923,13.82406],[39.0026,13.84652]],[[37.9973,12.08319],[38.01216,12.08148],[38.02516,12.0908],[38.03534,12.11011],[38.04686,12.11192]],[[37.01776,13.3634],[37.00996,13.35816]],[[38.72449,14.12436],[38.72463,14.12381]],[[39.43565,14.34396],[39.44954,14.36093],[39.44817,14.39185],[39.45615,14.39009],[39.46151,14.40786]],[[39.43088,13.98021],[39.43088,13.98021]],[[39.4909,14.01396],[39.49062,14.01411]],[[39.43071,13.9801],[39.42755,13.97601]],[[39.49062,14.01411],[39.44473,13.98263]],[[39.4574,13.86115],[39.4635,13.85491],[39.51261,13.84663]],[[39.53784,13.81872],[39.55192,13.81686],[39.57108,13.80521]],[[39.5344,13.84649],[39.52442,13.84014],[39.52394,13.82345],[39.5378,13.81883]],[[39.53412,13.84761],[39.53418,13.84741]],[[39.42053,13.89036],[39.42046,13.89006]],[[39.45733,13.86121],[39.4574,13.86115]],[[39.40714,13.90316],[39.40744,13.90317]],[[39.5378,13.81883],[39.53784,13.81872]],[[39.58261,13.80202],[39.58283,13.80184]],[[39.51261,13.84663],[39.51296,13.84709]],[[39.38783,13.92067],[39.38803,13.92078]],[[39.37439,13.9376],[39.38183,13.92706]],[[39.51296,13.84709],[39.53412,13.84761]],[[39.58283,13.80184],[39.60136,13.80016]],[[39.38803,13.92078],[39.40677,13.90317]],[[39.40761,13.9032],[39.42059,13.89067]],[[39.42039,13.88965],[39.42694,13.87528],[39.45733,13.86121]],[[39.63458,13.77632],[39.6419,13.77476],[39.6396,13.77963],[39.65475,13.79764],[39.70556,13.81992],[39.71257,13.85305],[39.72718,13.86911],[39.73119,13.86781]],[[39.44119,13.52771],[39.45064,13.55699]],[[39.46526,13.48923],[39.46847,13.48872]],[[37.42034,9.79173],[37.42055,9.79153]],[[37.42011,9.79184],[37.41981,9.79216]],[[37.41903,9.79244],[37.41938,9.79204]],[[37.42049,9.79077],[37.42092,9.79134]],[[38.99779,11.97255],[38.9976,11.97271]],[[38.9976,11.97271],[38.98476,11.97985]],[[38.98432,11.97853],[38.98476,11.97985]],[[38.98476,11.97985],[38.98422,11.97854]],[[38.91926,11.79564],[38.91938,11.79581]],[[39.00937,11.95821],[39.01002,11.95905]],[[38.94054,11.86296],[38.95678,11.88813],[38.9741,11.90038]],[[39.01002,11.95905],[39.01062,11.95985]],[[39.01072,11.96019],[39.01062,11.95985]],[[39.01052,11.96051],[38.99779,11.97255]],[[39.04294,12.03958],[39.03184,12.04535],[39.03497,12.04041],[39.02679,12.0398],[39.01039,12.04948]],[[38.01389,11.8579],[38.02196,11.85544]],[[38.01388,11.85787],[38.01388,11.85787]],[[38.0135,11.85789],[38.0085,11.85622]],[[38.01367,11.85811],[38.01265,11.87536],[38.02151,11.88135],[38.02427,11.89972],[38.02491,11.95902],[38.01969,11.95992],[38.00832,11.98027]],[[38.00432,11.85076],[38.00844,11.856]],[[37.77715,12.12522],[37.77895,12.1258]],[[37.77699,12.12504],[37.77715,12.12522]],[[37.77895,12.1258],[37.77911,12.12568]],[[37.83995,12.11961],[37.85564,12.11958],[37.86804,12.11228],[37.88175,12.12399],[37.8865,12.11303],[37.91706,12.10829]],[[37.42774,12.53571],[37.42775,12.53594]],[[37.42775,12.53594],[37.42624,12.54561]],[[38.86094,8.99466],[38.85997,8.99343]],[[37.40259,11.60394],[37.40245,11.58775]],[[37.35355,11.58554],[37.35367,11.58592]],[[37.35367,11.58592],[37.35343,11.58554]],[[37.40247,11.58747],[37.40251,11.58048]],[[37.37711,11.56326],[37.36786,11.57357],[37.36777,11.59134]],[[37.36752,11.59125],[37.36772,11.57354],[37.37697,11.56321]],[[37.36766,11.58057],[37.37486,11.58056]],[[37.56419,11.7892],[37.57628,11.77111],[37.59121,11.76218]],[[37.49124,11.51403],[37.49101,11.51417]],[[37.56039,11.49139],[37.56025,11.49144]],[[37.56025,11.49144],[37.52118,11.49651],[37.49124,11.51403]],[[37.49101,11.51417],[37.46315,11.51682],[37.40301,11.53407]],[[38.96962,8.94939],[38.98389,8.95942],[38.98419,8.96506],[38.97017,8.97347],[38.96275,9.00049],[38.9512,9.00384]],[[36.91139,7.99829],[36.9112,7.99817]],[[38.88786,8.86282],[38.88797,8.86301]],[[36.9112,7.99817],[36.90152,7.98708],[36.89861,7.9711],[36.87355,7.95692],[36.86306,7.95691]],[[38.78593,9.03049],[38.78602,9.03062]],[[38.78594,9.03067],[38.78585,9.03054]],[[40.20399,14.26426],[40.19902,14.27638],[40.17809,14.28781],[40.17013,14.30336],[40.17512,14.31953],[40.1616,14.35502],[40.14294,14.38432],[40.13385,14.41719],[40.13245,14.45153],[40.12578,14.46677],[40.1336,14.48172],[40.12777,14.51143],[40.11015,14.52423],[40.1017,14.54864]],[[40.21794,14.23597],[40.20399,14.26426]],[[40.18299,14.0214],[40.19531,14.05079],[40.20907,14.06274]],[[40.11798,13.90019],[40.12719,13.89714],[40.164,13.90613],[40.18838,13.92259]],[[41.27074,3.93222],[41.32249,3.93597],[41.34391,3.94514],[41.3654,3.94684],[41.37898,3.93908],[41.38549,3.94402],[41.41213,3.93629],[41.4583,3.93819],[41.50366,3.95943],[41.52835,3.9448]],[[39.73494,13.86551],[39.73544,13.86536]],[[39.69527,13.75062],[39.70899,13.75601],[39.69923,13.77134],[39.70837,13.79176],[39.71807,13.7902],[39.72226,13.79534],[39.71907,13.81456],[39.73535,13.86526]],[[37.7515,7.94557],[37.73241,7.97422],[37.74013,8.00025],[37.75664,8.01069],[37.75741,8.02559],[37.77445,8.03433],[37.78821,8.06672],[37.80106,8.08179],[37.80333,8.09635]],[[37.7515,7.94557],[37.76025,7.91933],[37.77317,7.902],[37.76407,7.89392],[37.74683,7.89326]],[[39.24391,8.50945],[39.24391,8.50945]],[[39.0004,8.79186],[39.00124,8.79641]],[[39.24545,8.50886],[39.24458,8.50927]],[[42.12184,9.31227],[42.12592,9.31188]],[[38.77362,9.03817],[38.77378,9.03821]],[[39.68706,11.32251],[39.68004,11.32054],[39.67729,11.31293]],[[39.77163,11.33999],[39.7778,11.35154],[39.80967,11.35351],[39.81579,11.36464],[39.83339,11.36452],[39.83415,11.3982],[39.85308,11.41152],[39.86809,11.41388],[39.86993,11.42918],[39.87982,11.44403],[39.88927,11.44473],[39.89588,11.45908],[39.90785,11.45767],[39.92666,11.46514],[39.93938,11.46266],[39.96197,11.50391],[39.98795,11.50883],[39.99651,11.5186],[39.9971,11.53282],[40.00465,11.52308],[40.01149,11.52511]],[[38.49737,9.99021],[38.50383,9.98562],[38.52193,9.93608],[38.51709,9.9225],[38.52332,9.88997],[38.51827,9.87322],[38.54621,9.85456],[38.56909,9.8176]],[[38.46569,10.0563],[38.46579,10.0537]],[[38.46495,10.05851],[38.46522,10.05837]],[[38.46579,10.0537],[38.47493,10.05261],[38.46428,10.05084],[38.46701,10.04023],[38.46026,10.03456],[38.47125,10.02925],[38.46496,10.02642],[38.47153,10.02557],[38.46878,10.02159],[38.47834,9.9987],[38.49737,9.99021]],[[38.49798,10.14006],[38.48928,10.13455],[38.48481,10.11857],[38.46785,10.1066],[38.46325,10.11642],[38.45576,10.10446],[38.45678,10.09207],[38.47019,10.08883],[38.46272,10.06777],[38.4701,10.0668],[38.46023,10.06411],[38.46495,10.05851]],[[38.46522,10.05837],[38.46569,10.0563]],[[39.80306,8.5627],[39.80194,8.57434],[39.78535,8.59844],[39.76275,8.61474],[39.75602,8.63715]],[[39.2381,8.90884],[39.2483,8.88528]],[[40.44244,7.98872],[40.44118,7.98848]],[[40.44118,7.98848],[40.43124,7.98376],[40.43323,7.96609],[40.42753,7.95404],[40.44544,7.93781]],[[40.52632,9.05129],[40.5288,9.02831],[40.53872,9.01101],[40.53605,8.99971],[40.55805,8.94553],[40.53802,8.93995],[40.5323,8.92846],[40.51262,8.91676],[40.50305,8.89763],[40.51008,8.88526],[40.50182,8.88809],[40.48606,8.87828],[40.47098,8.88118]],[[40.45283,8.84211],[40.4727,8.85068],[40.46562,8.85641],[40.48228,8.85907],[40.48201,8.86338],[40.47007,8.8823],[40.4719,8.89453],[40.44642,8.91028],[40.43153,8.9098],[40.42798,8.92157]],[[40.50809,8.8075],[40.51059,8.81461]],[[40.4645,8.82309],[40.48847,8.81819],[40.4927,8.82152],[40.5019,8.81794],[40.50809,8.8075]],[[40.69951,7.7454],[40.70158,7.71583],[40.69283,7.70379],[40.69265,7.68729],[40.70519,7.67521],[40.71278,7.65287],[40.71896,7.63138],[40.7151,7.61693]],[[40.69951,7.7454],[40.69898,7.74518]],[[40.7151,7.61693],[40.71005,7.61338],[40.71179,7.59983],[40.7037,7.57675],[40.7168,7.5721],[40.72072,7.55161],[40.6931,7.53938],[40.678,7.51892],[40.67806,7.50865],[40.66526,7.50684],[40.64662,7.48924],[40.63135,7.48552],[40.61106,7.47084]],[[40.61579,7.77345],[40.61587,7.77284]],[[40.61587,7.77284],[40.61368,7.76662],[40.64286,7.75828],[40.65103,7.74546],[40.6669,7.74193],[40.67113,7.73599],[40.69898,7.74518]],[[40.69691,7.28934],[40.72294,7.29177],[40.7531,7.30366],[40.79055,7.33591]],[[43.42701,6.01446],[43.47199,5.98929],[43.51208,5.99305],[43.54818,5.95787],[43.55028,5.94801]],[[43.36916,6.01784],[43.42511,6.01553]],[[43.1798,6.09],[43.20843,6.10352],[43.23224,6.09851],[43.23513,6.09297]],[[43.23513,6.09297],[43.27398,6.07773],[43.34117,6.01826],[43.36194,6.01773]],[[43.42558,6.01527],[43.42637,6.01483]],[[43.36194,6.01773],[43.36916,6.01784]],[[43.55087,5.92362],[43.551,5.9249]],[[43.551,5.9249],[43.55154,5.94508]],[[43.17742,6.09386],[43.1798,6.09]],[[43.1745,6.09677],[43.17742,6.09386]],[[43.08702,6.13433],[43.09839,6.1185],[43.11338,6.11646]],[[43.0469,6.1316],[43.07251,6.139],[43.08702,6.13433]],[[43.11338,6.11646],[43.13363,6.11526],[43.1464,6.10511],[43.1745,6.09677]],[[38.72587,14.12428],[38.75219,14.12294]],[[38.75207,14.12329],[38.72449,14.12436]],[[39.25549,10.42118],[39.26657,10.41732],[39.2701,10.39718],[39.25369,10.3573],[39.2343,10.32942],[39.2267,10.29185],[39.21273,10.28687],[39.20407,10.27209],[39.18679,10.27045],[39.16826,10.23322],[39.12027,10.23056],[39.11041,10.23815],[39.08711,10.22829],[39.08516,10.20313],[39.07435,10.19975],[39.07773,10.19578],[39.06175,10.20661],[39.04834,10.20699],[38.99607,10.18967],[38.99781,10.20758],[38.9895,10.20475],[38.98487,10.22324],[38.96738,10.2259],[38.96333,10.21995]],[[39.25525,10.42142],[39.25549,10.42118]],[[35.53723,8.15257],[35.54625,8.15617],[35.55191,8.18183],[35.58056,8.20659],[35.58557,8.23154],[35.59251,8.24052],[35.58342,8.29518]],[[41.88592,5.33813],[41.98554,5.33792],[42.04002,5.30127],[42.05633,5.29758],[42.1018,5.26387],[42.12952,5.25619],[42.15278,5.23119],[42.18527,5.22279]],[[39.81405,10.32877],[39.8147,10.3329],[39.8081,10.32628]],[[42.79337,9.36766],[42.7874,9.37669]],[[39.70521,5.99666],[39.70551,5.99642]],[[39.70551,5.99642],[39.6789,5.96324],[39.67464,5.95286],[39.67785,5.94068],[39.67165,5.94263],[39.67492,5.93791],[39.67096,5.93954],[39.65028,5.91418],[39.63865,5.91143],[39.63062,5.9174],[39.60172,5.92172],[39.58752,5.91431],[39.55642,5.91709],[39.54576,5.93089],[39.53532,5.93071]],[[38.17291,12.51895],[38.1655,12.52816]],[[38.66075,11.10847],[38.66964,11.09389],[38.68456,11.08766],[38.679,11.07153],[38.69391,11.05773],[38.72363,11.04292],[38.77106,11.03506],[38.77876,11.02437],[38.80141,11.01635],[38.81102,10.99474],[38.85019,10.98131]],[[38.98391,10.80631],[38.98452,10.8064]],[[39.08814,10.79032],[39.12845,10.76695],[39.14451,10.7678],[39.15218,10.79263],[39.1609,10.79167],[39.15708,10.79332],[39.17692,10.80736],[39.18909,10.83526],[39.18418,10.85139],[39.1775,10.85562],[39.17952,10.87188],[39.1673,10.88625],[39.17019,10.90749],[39.17552,10.90547],[39.18101,10.91449],[39.20691,10.91579],[39.21507,10.92673]],[[39.0274,13.46313],[39.02795,13.46384]],[[39.02899,13.46521],[39.04389,13.51949]],[[38.99349,13.2615],[38.99355,13.26171]],[[38.99485,13.28393],[38.99545,13.29044]],[[38.99375,13.2526],[38.99358,13.25276]],[[38.99358,13.25276],[38.99349,13.2615]],[[38.99522,13.33192],[38.98942,13.35078]],[[39.00315,13.32354],[39.00303,13.32389]],[[38.98378,13.41426],[38.99546,13.428]],[[38.98942,13.35078],[38.98902,13.35149]],[[35.95638,12.50539],[35.93777,12.479],[35.93262,12.44086],[35.93904,12.42234]],[[35.97126,12.5483],[35.9707,12.54833]],[[36.97778,13.92321],[36.97758,13.92326]],[[37.2762,13.11776],[37.27191,13.09071],[37.2864,13.07513]],[[37.27663,13.11801],[37.2762,13.11776]],[[35.87809,12.22766],[35.87772,12.22749]],[[35.87772,12.22749],[35.88501,12.21632],[35.89016,12.21683]],[[36.61956,11.96474],[36.65594,11.9553],[36.6564,11.96418],[36.66408,11.96363],[36.66361,11.97039],[36.67007,11.97219],[36.66614,11.97616],[36.6806,11.97613],[36.68425,11.98491],[36.68763,11.97816],[36.69422,11.97894],[36.69749,11.96674],[36.70467,11.96907],[36.71083,11.94873],[36.73561,11.9391],[36.75071,11.9465],[36.7871,11.89518],[36.80756,11.88985],[36.83087,11.90661],[36.84218,11.92625],[36.86743,11.932]],[[35.88651,12.33703],[35.85979,12.27961],[35.86982,12.266],[35.86779,12.25764],[35.88044,12.23442],[35.87809,12.22766]],[[35.88666,12.33728],[35.88651,12.33703]],[[35.92289,12.35613],[35.92274,12.35602]],[[35.90334,12.34249],[35.88666,12.33728]],[[35.9476,12.38727],[35.94754,12.38703]],[[35.94754,12.38703],[35.92289,12.35613]],[[35.93904,12.42234],[35.93872,12.42172]],[[35.93872,12.42172],[35.95168,12.3975],[35.9476,12.38727]],[[39.83336,10.76785],[39.83162,10.76898]],[[39.77267,10.69908],[39.78376,10.69712]],[[40.0005,13.80245],[40.00054,13.80223]],[[40.00054,13.80223],[39.99242,13.76849]],[[38.99167,13.63352],[38.9897,13.62856]],[[39.00164,13.62297],[39.00015,13.61999]],[[39.00015,13.61999],[39.00023,13.61972]],[[40.07746,11.44595],[40.07685,11.44631]],[[40.07685,11.44631],[40.07089,11.45108],[40.07539,11.48666],[40.06128,11.50284],[40.05019,11.50605],[40.04893,11.49907],[40.04202,11.49771],[40.00957,11.51836],[40.01497,11.53186],[40.01163,11.55869],[40.01958,11.57822],[40.01694,11.60343]],[[37.95262,14.12139],[37.95282,14.1208]],[[37.95296,14.1205],[37.96296,14.12078]],[[38.01044,14.13409],[38.01017,14.13385]],[[38.10905,14.11782],[38.14987,14.10481],[38.1762,14.11404],[38.20007,14.08525],[38.23639,14.08248]],[[38.22268,13.54448],[38.22458,13.54874]],[[36.23019,4.46999],[36.23038,4.47474]],[[39.03759,13.54629],[39.02806,13.55744]],[[39.03773,13.54616],[39.03759,13.54629]],[[34.50533,9.34812],[34.50565,9.34794]],[[34.50565,9.34794],[34.52922,9.34909]],[[35.80865,9.45135],[35.80849,9.45135]],[[35.80732,9.45156],[35.79353,9.44154],[35.78977,9.44466]],[[40.1825,13.99677],[40.19715,13.9777]],[[45.01867,8.66421],[45.01832,8.66431]],[[38.06119,11.61312],[38.05097,11.61435]],[[38.06233,11.62241],[38.06573,11.64467]],[[38.06125,11.61303],[38.05778,11.60803]],[[37.74659,11.63442],[37.73397,11.64554],[37.72931,11.6402],[37.70223,11.6481],[37.68327,11.64268],[37.67301,11.65329],[37.64976,11.63796],[37.63314,11.64665],[37.62256,11.67911]],[[37.62159,11.73407],[37.62138,11.74106],[37.59121,11.76218]],[[37.62163,11.73382],[37.62159,11.73407]],[[39.04238,10.61416],[39.03176,10.61512],[39.01648,10.60378],[39.01094,10.59171],[38.9939,10.58341],[38.97246,10.5526],[38.97161,10.54306],[38.98278,10.52734],[38.96711,10.50406],[38.97126,10.50184],[38.97617,10.50905],[38.99136,10.50052],[39.0009,10.50417],[38.98275,10.45766],[38.9869,10.44125],[39.00579,10.43511],[39.01854,10.41338],[39.03381,10.4192],[39.04771,10.41725]],[[39.43957,10.56823],[39.4353,10.55303],[39.44717,10.54654],[39.45419,10.52702],[39.46536,10.52829],[39.47321,10.52216],[39.46993,10.51657],[39.47587,10.51366],[39.48051,10.49868],[39.47928,10.50394]],[[38.00188,14.12041],[38.00981,14.13352]],[[37.96296,14.12078],[37.96333,14.12083]],[[36.99771,8.90181],[36.99783,8.90155]],[[38.96552,10.14618],[38.96565,10.14559]],[[38.96565,10.14559],[38.97446,10.11347],[38.97283,10.09761],[38.96147,10.07594],[38.97595,10.06393],[38.99386,10.06017]],[[39.01943,11.54999],[39.02065,11.54883]],[[39.03079,11.54432],[39.04407,11.547],[39.03892,11.54463],[39.04499,11.54388],[39.04061,11.54353],[39.04424,11.5376],[39.03286,11.53333],[39.03542,11.52653],[39.02522,11.51705]],[[37.1912,12.35832],[37.22519,12.33458]],[[37.10027,12.31917],[37.1007,12.31918]],[[37.09858,12.31739],[37.09856,12.31759]],[[37.09856,12.31759],[37.10027,12.31917]],[[37.4288,12.51988],[37.42774,12.53571]],[[35.59893,6.20336],[35.59395,6.20243],[35.59145,6.21072],[35.5779,6.2087],[35.57168,6.22687],[35.57636,6.23672],[35.56732,6.23869],[35.56048,6.22857],[35.55214,6.22772],[35.54264,6.2317],[35.52359,6.25665]],[[39.02522,11.51705],[39.02506,11.51703]],[[39.22139,11.58395],[39.22532,11.55694],[39.21155,11.54966],[39.22082,11.55166],[39.22322,11.54493],[39.23042,11.54891],[39.2287,11.54409],[39.23246,11.5455],[39.23362,11.53881],[39.23528,11.54254]],[[39.81952,10.76756],[39.79306,10.75168],[39.7949,10.73349]],[[39.96408,10.33854],[39.96378,10.33813]],[[39.83162,10.76898],[39.83124,10.76925]],[[39.96378,10.33813],[39.95239,10.34168]],[[38.75892,9.02678],[38.76241,9.02662]],[[38.75856,9.02687],[38.75892,9.02678]],[[39.44197,12.51591],[39.44411,12.52906],[39.45764,12.5257]],[[39.40062,12.49777],[39.40071,12.49808]],[[40.00003,7.10101],[39.98296,7.05246],[39.98136,7.0309]],[[38.88494,8.97827],[38.88559,8.99706]],[[33.80046,8.21593],[33.82789,8.19737]],[[33.9436,8.20061],[34.01497,8.19486],[34.06926,8.16619],[34.1204,8.16548],[34.11188,8.14612],[34.12345,8.13375],[34.16845,8.11785],[34.2043,8.11682],[34.21129,8.10634],[34.22634,8.09853],[34.27215,8.12201],[34.27748,8.13024],[34.29585,8.13277],[34.30981,8.16157],[34.33236,8.16447],[34.33633,8.15677],[34.35251,8.15225],[34.38481,8.13136],[34.39338,8.13098],[34.40948,8.14346],[34.42509,8.13955],[34.47457,8.16381],[34.50573,8.19209],[34.50884,8.20315],[34.52369,8.21193],[34.52661,8.22075],[34.53843,8.22234],[34.56018,8.21249],[34.56338,8.2241],[34.57725,8.23592],[34.58281,8.2348]],[[33.80002,8.21611],[33.80046,8.21593]],[[33.94288,8.20017],[33.9436,8.20061]],[[38.08779,7.31292],[38.08634,7.30226]],[[39.29704,8.55417],[39.2811,8.56057]],[[38.98362,8.74705],[38.97864,8.74713]],[[38.98377,8.74852],[38.9838,8.74816]],[[38.68826,9.0559],[38.68836,9.05597]],[[38.68836,9.05597],[38.69338,9.06575]],[[39.68638,8.38348],[39.67122,8.37423],[39.66957,8.36647],[39.62023,8.34262],[39.61867,8.3694],[39.60573,8.38006],[39.58798,8.37305],[39.58937,8.38634],[39.57597,8.39053],[39.57164,8.40321],[39.5792,8.44454],[39.58832,8.45095]],[[39.68729,8.38255],[39.68638,8.38348]],[[40.23423,14.12486],[40.23734,14.1609]],[[40.18838,13.92259],[40.20275,13.93479]],[[40.11798,13.90019],[40.1025,13.89312]],[[40.04946,13.87531],[40.04223,13.87802],[40.02626,13.86613]],[[40.00581,13.83783],[40.0005,13.80245]],[[39.96083,13.73488],[39.96617,13.73817]],[[39.88924,13.68854],[39.88864,13.68738]],[[39.92561,13.71903],[39.88924,13.68854]],[[40.01531,13.85902],[40.00598,13.83831]],[[39.16555,14.40456],[39.16413,14.40975]],[[39.16562,14.4044],[39.16555,14.40456]],[[39.17121,14.47448],[39.17592,14.48093],[39.17323,14.49469]],[[39.16413,14.40975],[39.16411,14.40997]],[[38.92985,5.78563],[38.95367,5.79677],[38.96465,5.83616],[38.98696,5.84726],[38.99427,5.8676]],[[44.64629,8.78712],[44.30401,8.90003]],[[37.73504,10.32893],[37.73918,10.30534]],[[39.00244,13.3187],[39.00315,13.32354]],[[39.00182,13.31816],[39.00244,13.3187]],[[38.9582,12.95684],[38.95851,12.95768]],[[38.96209,12.98235],[38.9884,12.99969]],[[38.7646,8.98744],[38.7652,8.98609]],[[38.79585,8.87519],[38.79992,8.87707]],[[39.17294,13.65178],[39.17246,13.65021]],[[38.7777,9.04559],[38.779,9.04788]],[[38.779,9.04788],[38.77914,9.04792]],[[41.86544,9.58522],[41.86411,9.59088]],[[38.77412,9.05576],[38.77017,9.04966]],[[38.76578,9.04714],[38.76303,9.04517]],[[38.72162,9.05231],[38.72298,9.05442]],[[38.72139,9.05167],[38.72154,9.04236]],[[38.7681,9.04682],[38.76788,9.04651]],[[38.80896,9.02054],[38.80896,9.02098]],[[38.18507,7.6252],[38.18491,7.62494]],[[38.18507,7.6252],[38.19637,7.64152],[38.15293,7.67327],[38.13656,7.6746],[38.12833,7.70888],[38.13201,7.71718],[38.12137,7.73884]],[[38.10519,7.37568],[38.1118,7.39097],[38.10986,7.40469],[38.13816,7.45027],[38.14276,7.46785],[38.16857,7.48512],[38.18102,7.50046],[38.17578,7.59333],[38.18491,7.62494]],[[36.23038,4.47474],[36.23019,4.46999]],[[36.23012,4.45673],[36.23019,4.46999]],[[36.23038,4.47474],[36.23151,4.58641],[36.21126,4.60031],[36.19881,4.61911],[36.18988,4.64571],[36.1979,4.65488],[36.17757,4.67998],[36.17787,4.70104],[36.16639,4.72064],[36.16677,4.73509],[36.17433,4.74819]],[[36.45583,13.98665],[36.42043,13.99529],[36.37197,13.98619],[36.33182,13.96966],[36.29604,13.97382],[36.22476,14.01827],[36.22,14.06184],[36.1868,14.12079]],[[37.73112,10.35407],[37.72965,10.34956]],[[38.33821,6.58968],[38.32233,6.60743],[38.2977,6.61403],[38.27156,6.63292]],[[38.26235,6.69298],[38.25215,6.7034],[38.21799,6.70114],[38.20862,6.71054],[38.19524,6.66525],[38.18632,6.66404],[38.17254,6.62998],[38.16715,6.62622],[38.1638,6.63215],[38.14917,6.62179],[38.14612,6.60473]],[[39.5363,5.77238],[39.53453,5.76987]],[[39.53706,5.7728],[39.5363,5.77238]],[[39.5345,5.76972],[39.52767,5.76177]],[[39.53453,5.76987],[39.5345,5.76972]],[[39.52767,5.76177],[39.52756,5.76153]],[[39.52756,5.76153],[39.53379,5.74958],[39.53042,5.74654]],[[39.53042,5.74654],[39.53004,5.74645]],[[39.53004,5.74645],[39.5236,5.74263],[39.52388,5.72964],[39.5358,5.70929]],[[37.97749,6.71079],[37.95916,6.68805],[37.94849,6.65455],[37.94982,6.64369]],[[37.99293,6.62118],[38.01584,6.61941]],[[37.92081,6.64812],[37.906,6.63103],[37.87384,6.62362],[37.83732,6.65692]],[[37.86258,6.70447],[37.86522,6.68682],[37.84561,6.68015],[37.83823,6.66462]],[[42.94732,6.18982],[42.983,6.15503],[43.0469,6.1316]],[[42.82196,6.24801],[42.83354,6.2188],[42.85131,6.21107],[42.90256,6.20284]],[[37.48875,11.2653],[37.48751,11.26402]],[[39.66274,10.3132],[39.66063,10.31267]],[[39.69037,10.3147],[39.71479,10.31514],[39.77406,10.33345],[39.80159,10.33317],[39.8081,10.32628]],[[37.29539,12.99358],[37.28805,12.99621]],[[36.74273,13.14617],[36.74268,13.1463]],[[36.43435,13.3485],[36.42969,13.35835],[36.45753,13.38807],[36.46612,13.4136],[36.4775,13.42786],[36.48608,13.46264]],[[36.49334,13.46564],[36.49428,13.46657]],[[36.49428,13.46657],[36.5231,13.46521],[36.53911,13.47346],[36.57156,13.47842],[36.57252,13.43974]],[[36.67367,13.30841],[36.68788,13.31182]],[[36.68788,13.31182],[36.68811,13.31188]],[[36.68811,13.31188],[36.70278,13.31449],[36.74826,13.28087],[36.76096,13.28587],[36.78476,13.27243]],[[36.78476,13.27243],[36.78497,13.27211]],[[36.78497,13.27211],[36.79943,13.26211]],[[36.79973,13.26236],[36.82456,13.27981],[36.84424,13.30343],[36.84815,13.31831],[36.86831,13.33077],[36.87701,13.34293]],[[36.79943,13.26211],[36.79973,13.26236]],[[36.87726,13.34303],[36.90464,13.34058],[36.92116,13.35698]],[[36.87701,13.34293],[36.87726,13.34303]],[[36.58476,5.93207],[36.58993,5.95252],[36.58005,5.9806]],[[36.55094,5.97053],[36.54955,5.96292],[36.55988,5.96659],[36.56558,5.98099],[36.57201,5.97899],[36.57799,5.98486],[36.57997,5.98111]],[[39.8936,12.34566],[39.89402,12.3456]],[[39.89402,12.3456],[39.9055,12.31487],[39.90755,12.2807],[39.92596,12.23284],[39.9428,12.20759],[39.9431,12.19873],[39.96743,12.18705]],[[39.96743,12.18705],[39.9676,12.18678]],[[39.9676,12.18678],[39.96918,12.15823],[39.97619,12.1511]],[[39.97619,12.1511],[39.97625,12.15068]],[[39.97625,12.15068],[40.00004,12.12845],[40.05131,12.11717],[40.06652,12.10443]],[[40.06652,12.10443],[40.06672,12.10389]],[[36.54703,5.178],[36.54668,5.17286]],[[36.72665,5.51126],[36.72137,5.50585],[36.70319,5.50648],[36.6875,5.49943],[36.65739,5.44648],[36.6296,5.43744],[36.61697,5.42677]],[[38.34113,6.47481],[38.34493,6.47619]],[[38.38511,6.54076],[38.38272,6.5204],[38.39148,6.5091]],[[38.35947,6.70174],[38.35963,6.69866]],[[39.5142,12.51521],[39.50567,12.51515]],[[39.50567,12.51515],[39.50556,12.51518]],[[38.17291,12.51895],[38.19696,12.52025],[38.20577,12.53519],[38.22204,12.54394],[38.23356,12.5407]],[[38.26917,12.55875],[38.28669,12.56792]],[[38.269,12.55862],[38.26917,12.55875]],[[38.29558,12.5772],[38.29584,12.57716]],[[38.31763,12.65679],[38.3177,12.6567]],[[42.14652,9.38174],[42.13238,9.34373],[42.13406,9.33658]],[[39.24931,8.51639],[39.25502,8.53832]],[[39.25491,8.53829],[39.24409,8.50952]],[[36.26053,10.7792],[36.25331,10.79647],[36.24216,10.80001],[36.2465,10.81555],[36.23156,10.86205],[36.2226,10.86204],[36.23362,10.89107]],[[36.80084,13.00816],[36.79469,13.07428],[36.78058,13.09498],[36.75765,13.10894],[36.74273,13.14617]],[[37.28805,12.99621],[37.2877,12.99581]],[[38.10073,11.73015],[38.09268,11.74592],[38.10384,11.75044]],[[37.03108,9.48925],[37.03062,9.48916]],[[37.03847,9.49298],[37.03932,9.49266]],[[36.10596,7.91212],[36.1025,7.8735],[36.10919,7.85642],[36.1228,7.84589],[36.1165,7.83516],[36.12191,7.82407],[36.11639,7.80847],[36.12094,7.80262],[36.13018,7.80354],[36.13405,7.79573]],[[39.04295,7.01192],[39.01882,6.99743],[39.01446,6.98651],[39.05458,6.91392],[39.05406,6.89847],[39.04538,6.88106],[39.02786,6.87926],[39.02355,6.86998],[39.02844,6.85914],[39.04308,6.85014],[39.04569,6.84026],[39.05738,6.83711],[39.0626,6.82485],[39.05698,6.80091],[39.06871,6.78155],[39.04128,6.75847],[39.0414,6.73398],[39.06717,6.72183],[39.05992,6.71732],[39.05675,6.68452],[39.04233,6.68028],[39.03878,6.67301],[39.05308,6.66265],[39.07701,6.65773],[39.09199,6.63038],[39.09729,6.6303],[39.09004,6.61415],[39.09437,6.60603]],[[39.09437,6.60603],[39.09436,6.60576]],[[36.46367,7.28256],[36.47276,7.29143],[36.49215,7.28411]],[[36.50214,7.27753],[36.53062,7.29715],[36.5428,7.29124],[36.55865,7.29606],[36.57534,7.28797]],[[37.89473,7.74719],[37.88836,7.7478]],[[37.88836,7.7478],[37.85449,7.77603],[37.81794,7.82297],[37.78564,7.84464],[37.75008,7.85835]],[[36.39398,13.41407],[36.42636,13.42532],[36.44766,13.44376],[36.48474,13.46418]],[[36.0835,12.56027],[36.05102,12.56671]],[[36.09658,12.55826],[36.09592,12.55765]],[[39.95239,10.34168],[39.9358,10.335],[39.92933,10.31822],[39.90786,10.2982]],[[39.65302,10.31833],[39.65021,10.32426],[39.64162,10.32312],[39.61229,10.3084],[39.6046,10.31467]],[[39.38475,10.26367],[39.36982,10.2628],[39.36176,10.25197],[39.33456,10.19723],[39.33022,10.1707],[39.3054,10.15514],[39.29892,10.14271],[39.29955,10.1248],[39.30401,10.12423],[39.29288,10.11458],[39.29396,10.13268],[39.28067,10.1287],[39.27606,10.14157],[39.2584,10.13386],[39.25082,10.1271],[39.24766,10.11363],[39.24223,10.11591],[39.23645,10.1108],[39.23253,10.12501],[39.21945,10.13514],[39.21327,10.13079],[39.2136,10.13946],[39.20772,10.12876],[39.19631,10.13559],[39.18849,10.13295],[39.18068,10.10524],[39.17064,10.10154],[39.15454,10.10516],[39.13274,10.0933],[39.13079,10.08342],[39.11383,10.07208],[39.10509,10.08472],[39.09977,10.07155],[39.08702,10.07145],[39.06717,10.06025],[39.04919,10.06828],[39.03742,10.06176]],[[35.59894,8.31203],[35.60607,8.33479],[35.59324,8.36021],[35.60286,8.39138]],[[38.88113,12.19571],[38.87301,12.19051],[38.87283,12.18129],[38.86378,12.17113],[38.85599,12.174],[38.83932,12.16562]],[[40.14529,11.40386],[40.14524,11.40433]],[[40.14524,11.40433],[40.12423,11.42384],[40.08849,11.44169],[40.07908,11.44054],[40.07746,11.44595]],[[40.18545,10.73941],[40.19283,10.73472],[40.19069,10.70244],[40.20243,10.69004],[40.19775,10.67053],[40.20439,10.66666],[40.20859,10.65311],[40.22214,10.64915],[40.23896,10.65653],[40.24239,10.65212],[40.26481,10.66439],[40.27251,10.66349],[40.2791,10.64586],[40.28924,10.63964],[40.29597,10.64158],[40.30897,10.62538]],[[42.60087,6.32421],[42.72527,6.2951],[42.75208,6.30269],[42.781,6.27818],[42.78994,6.25409],[42.81771,6.24743]],[[42.18384,6.46829],[42.18203,6.47045]],[[42.18203,6.47045],[42.19329,6.50044],[42.22109,6.53996],[42.23045,6.57609],[42.26193,6.59994],[42.28667,6.64359]],[[37.93658,14.13868],[37.9366,14.13853]],[[37.93105,14.14418],[37.93117,14.14414]],[[37.92947,14.14772],[37.92946,14.14765]],[[37.93322,14.14296],[37.93327,14.14292]],[[37.93117,14.14414],[37.93155,14.14399]],[[37.93155,14.14399],[37.93165,14.14395]],[[37.93165,14.14395],[37.93322,14.14296]],[[37.9366,14.13853],[37.95252,14.12176]],[[37.92946,14.14765],[37.93105,14.14418]],[[37.93327,14.14292],[37.93658,14.13868]],[[37.96333,14.12083],[37.97102,14.11498],[37.98624,14.11676]],[[37.99562,14.11781],[38.00188,14.12041]],[[38.07402,14.12183],[38.07409,14.12195]],[[38.07402,14.12183],[38.04186,14.13576],[38.01093,14.13444]],[[38.07409,14.12195],[38.09588,14.12367]],[[38.10835,14.11777],[38.10799,14.11775]],[[38.47453,7.03348],[38.49497,7.02122]],[[38.50149,7.02306],[38.49492,7.02134],[38.47458,7.03355]],[[39.25855,8.55017],[39.25848,8.54994]],[[39.25848,8.54994],[39.25739,8.54631]],[[39.25855,8.54988],[39.25861,8.55011]],[[37.37512,11.58058],[37.38517,11.58061]],[[37.37486,11.58072],[37.36766,11.5807]],[[37.37501,11.58079],[37.37501,11.58079]],[[41.87104,9.59019],[41.86417,9.59094]],[[41.87104,9.59019],[41.88497,9.59596]],[[41.88497,9.59596],[41.87104,9.59019]],[[37.54946,6.02802],[37.55192,6.03473]],[[37.55173,6.03481],[37.54937,6.02805]],[[38.27632,14.09775],[38.27646,14.11589]],[[38.27646,14.11589],[38.27619,14.09768]],[[42.10567,9.30341],[42.10786,9.31226]],[[42.10775,9.31229],[42.10567,9.30341]],[[42.12598,9.31182],[42.12598,9.31182]],[[41.77409,4.47004],[41.77536,4.46313],[41.79265,4.45313],[41.79403,4.43803],[41.80661,4.42564],[41.81208,4.42749]],[[42.13131,9.31571],[42.13369,9.31982]],[[38.7545,9.00725],[38.75429,9.00956]],[[38.7543,9.0073],[38.7544,9.00558]],[[39.2105,8.99112],[39.212,8.98493]],[[39.61955,9.97063],[39.61397,9.98415],[39.62875,9.99906]],[[40.02156,13.86282],[40.02249,13.8632]],[[40.02365,13.8644],[40.02333,13.86409]],[[40.02249,13.8632],[40.02333,13.86409]],[[38.08776,7.31296],[38.08776,7.31296]],[[38.08797,7.31311],[38.0881,7.31496]],[[38.22052,8.10918],[38.24466,8.10324],[38.25072,8.08384],[38.27009,8.09341],[38.27269,8.08754],[38.2789,8.09559],[38.27956,8.08311],[38.29454,8.09615],[38.32119,8.09317],[38.34008,8.10709],[38.37043,8.11541]],[[38.99398,9.74975],[39.00199,9.75888],[39.00137,9.7681]],[[38.99515,10.05707],[39.00177,10.0552]],[[37.25999,5.99521],[37.26908,5.97909],[37.27739,5.97854],[37.27625,5.96302]],[[38.96712,11.58915],[38.96726,11.58894]],[[38.93281,11.66342],[38.93509,11.65251],[38.92443,11.64583],[38.9177,11.62513],[38.92063,11.61852]],[[40.09079,8.21292],[40.09106,8.2132]],[[40.09106,8.2132],[40.12756,8.25298]],[[38.74453,9.0461],[38.74349,9.04527]],[[38.74591,9.05382],[38.74296,9.05327]],[[38.74751,9.05412],[38.74591,9.05382]],[[36.8712,14.15353],[36.91558,14.12369],[36.95358,14.1104],[36.97548,14.09555]],[[36.62933,14.26644],[36.63197,14.26448]],[[39.23128,12.50442],[39.23168,12.50434]],[[39.23409,12.50644],[39.23423,12.50657]],[[39.09812,12.50706],[39.09838,12.50681]],[[39.14765,12.5055],[39.15135,12.51906],[39.16787,12.5287],[39.18204,12.52801],[39.1993,12.51487],[39.1993,12.50975]],[[39.07928,12.52162],[39.09812,12.50706]],[[39.05873,12.54242],[39.05356,12.55627]],[[39.23168,12.50434],[39.23409,12.50644]],[[38.99648,13.30778],[39.00182,13.31816]],[[38.99539,13.29059],[38.99689,13.30355]],[[38.99689,13.30355],[38.99688,13.30372]],[[38.99494,13.27183],[38.99494,13.27206]],[[38.99355,13.26171],[38.99494,13.27183]],[[38.98982,13.22062],[38.98389,13.22366]],[[38.98389,13.22366],[38.98378,13.22414]],[[38.99013,13.22044],[38.98982,13.22062]],[[38.99487,13.25099],[38.99455,13.25106]],[[38.99033,13.21576],[38.99032,13.2159]],[[38.99316,13.23511],[38.99487,13.25099]],[[38.99455,13.25106],[38.99375,13.2526]],[[38.99032,13.2159],[38.99013,13.22044]],[[38.97874,13.40235],[38.98369,13.41398]],[[39.0011,13.4343],[39.01535,13.44761]],[[39.0153,13.44788],[39.02505,13.45767]],[[39.00081,13.43402],[39.0011,13.4343]],[[39.02505,13.45767],[39.0255,13.45794]],[[39.01535,13.44761],[39.0153,13.44788]],[[38.979,13.37089],[38.97863,13.37099]],[[38.98369,13.41398],[38.98378,13.41426]],[[38.97868,13.40188],[38.97874,13.40235]],[[38.98902,13.35149],[38.98057,13.36606]],[[38.97796,13.37588],[38.97868,13.40188]],[[39.0255,13.45794],[39.02599,13.46135]],[[37.38518,11.58071],[37.37511,11.58072]],[[37.38816,11.58053],[37.39518,11.58051]],[[37.39516,11.58064],[37.38815,11.58071]],[[37.40267,11.58048],[37.40271,11.5875]],[[42.12216,8.87497],[42.11881,8.90339]],[[42.11881,8.90339],[42.12114,8.96182]],[[39.32717,14.03572],[39.32766,14.03561]],[[39.33613,14.03004],[39.37011,14.02219],[39.39684,14.02343],[39.4243,14.00329],[39.42425,13.98213],[39.43071,13.98014]],[[41.87336,8.66834],[41.88777,8.68006],[41.89144,8.69053]],[[41.87336,8.66834],[41.85814,8.65875]],[[39.00774,13.16095],[39.00597,13.16456]],[[39.14026,13.18041],[39.13664,13.17932]],[[39.00569,13.16469],[39.00392,13.17356]],[[38.99343,13.19884],[38.99323,13.20109]],[[39.13664,13.17932],[39.13651,13.17925]],[[38.99601,13.18984],[38.99585,13.19022]],[[39.00932,13.15638],[39.00923,13.15666]],[[39.02235,13.1298],[39.02233,13.13023]],[[39.00817,13.15965],[39.00785,13.16061]],[[38.99345,13.19863],[38.99343,13.19884]],[[38.99762,13.186],[38.99753,13.18621]],[[39.10733,13.13874],[39.10725,13.13869]],[[39.03994,13.10264],[39.03982,13.10265]],[[39.07752,13.11776],[39.07739,13.11765]],[[38.99753,13.18621],[38.99601,13.18984]],[[38.99285,13.20571],[38.99277,13.20591]],[[39.00597,13.16456],[39.00569,13.16469]],[[39.00834,13.15918],[39.00817,13.15965]],[[39.00392,13.17356],[39.0035,13.17366]],[[38.99323,13.20109],[38.99321,13.20136]],[[39.00923,13.15666],[39.00834,13.15918]],[[39.00785,13.16061],[39.00774,13.16095]],[[39.10725,13.13869],[39.10192,13.13446]],[[39.02233,13.13023],[39.00932,13.15638]],[[39.08531,13.12061],[39.07752,13.11776]],[[39.03982,13.10265],[39.02566,13.10485]],[[38.99585,13.19022],[38.99345,13.19863]],[[38.99321,13.20136],[38.99285,13.20571]],[[39.0035,13.17366],[38.99762,13.186]],[[38.99277,13.20591],[38.99033,13.21576]],[[39.02313,13.88413],[39.02304,13.88442]],[[39.01553,13.85842],[39.02385,13.86243],[39.02733,13.87893],[39.02313,13.88413]],[[39.3819,13.92695],[39.38783,13.92067]],[[39.38183,13.92706],[39.3819,13.92695]],[[39.08462,13.55776],[39.07732,13.55378]],[[39.08663,13.55903],[39.08642,13.55904]],[[39.0897,13.56684],[39.08984,13.56686]],[[39.08746,13.56646],[39.0897,13.56684]],[[39.09052,13.55894],[39.09025,13.55883]],[[39.08515,13.56609],[39.08717,13.56641]],[[39.08479,13.5579],[39.08462,13.55776]],[[39.07408,13.55288],[39.07392,13.55284]],[[39.08717,13.56641],[39.08746,13.56646]],[[39.08642,13.55904],[39.08479,13.5579]],[[39.07713,13.5536],[39.07408,13.55288]],[[39.09025,13.55883],[39.08663,13.55903]],[[39.00776,13.58222],[39.00372,13.58916]],[[39.00372,13.58916],[39.00335,13.58922]],[[39.02171,13.57635],[39.0215,13.57644]],[[39.02786,13.5574],[39.02171,13.57635]],[[39.48363,13.56435],[39.46782,13.56856]],[[39.48377,13.56431],[39.48363,13.56435]],[[39.24931,11.32404],[39.23924,11.36033],[39.24957,11.37821]],[[39.24559,11.49048],[39.25457,11.4976]],[[39.23679,11.47851],[39.23639,11.48153]],[[39.46423,13.44848],[39.46429,13.44869]],[[38.99834,13.73525],[38.99855,13.73494]],[[38.99855,13.73494],[38.99895,13.73039]],[[38.99268,13.94323],[38.99256,13.94342]],[[38.99256,13.94342],[38.97242,13.95669]],[[39.00808,13.89432],[39.0079,13.89454]],[[39.00718,13.9012],[39.00711,13.90146]],[[39.00737,13.89675],[39.00737,13.89694]],[[39.02304,13.88442],[39.00808,13.89432]],[[39.00737,13.89694],[39.00718,13.9012]],[[39.0079,13.89454],[39.00737,13.89675]],[[39.11836,13.58255],[39.11703,13.57167],[39.09756,13.57742],[39.09759,13.57361],[39.08717,13.57307],[39.08515,13.56609]],[[39.119,13.58612],[39.11899,13.58601]],[[39.24117,10.96536],[39.27069,10.98485]],[[37.69718,7.04941],[37.70017,7.06869]],[[38.89868,9.95536],[38.90602,9.95054],[38.90568,9.92567],[38.92658,9.92188],[38.92474,9.91201]],[[38.89849,9.95548],[38.89868,9.95536]],[[38.92469,9.91104],[38.92924,9.90567]],[[38.92357,9.8775],[38.92364,9.87741]],[[38.92924,9.90567],[38.92941,9.90557]],[[38.92941,9.90557],[38.93071,9.88851],[38.92357,9.8775]],[[39.50929,10.91898],[39.48893,10.90928]],[[38.77752,9.05708],[38.77727,9.05709]],[[38.7902,9.06102],[38.79063,9.06174]],[[36.26053,10.7792],[36.26248,10.77676]],[[39.52349,9.66154],[39.51328,9.66066]],[[39.60195,12.77442],[39.60203,12.7747]],[[39.63188,12.78689],[39.63196,12.78712]],[[39.27762,14.38054],[39.2774,14.38054]],[[39.27853,14.37409],[39.27762,14.38054]],[[39.15647,14.43733],[39.15635,14.43844]],[[39.15643,14.43716],[39.15647,14.43733]],[[39.15783,14.44832],[39.15787,14.44856]],[[39.15633,14.4386],[39.15783,14.44832]],[[39.15635,14.43844],[39.15633,14.4386]],[[39.15682,14.43099],[39.15643,14.43716]],[[39.15787,14.44856],[39.1706,14.45885]],[[39.15674,14.43056],[39.15682,14.43099]],[[39.17259,14.46362],[39.1726,14.46379]],[[39.17077,14.45887],[39.17259,14.46362]],[[39.1706,14.45885],[39.17077,14.45887]],[[39.16411,14.40997],[39.16733,14.4209],[39.15674,14.43056]],[[39.43484,14.48819],[39.43521,14.48818]],[[39.42612,14.49026],[39.43484,14.48819]],[[39.44029,14.48619],[39.44055,14.48601]],[[39.43521,14.48818],[39.44029,14.48619]],[[39.44055,14.48601],[39.47771,14.4746],[39.4745,14.45981]],[[38.602,7.0237],[38.58588,7.00987],[38.58425,6.99979],[38.57117,6.98638],[38.5516,6.97902],[38.53515,6.98518]],[[38.89413,14.16106],[38.89423,14.1609]],[[38.89402,14.16124],[38.89319,14.16275]],[[38.24881,13.25358],[38.24895,13.2534]],[[37.65423,6.92732],[37.66519,6.93996]],[[37.65412,6.92734],[37.65238,6.9269]],[[37.65239,6.92679],[37.65415,6.92725]],[[37.65525,6.92316],[37.65236,6.92675]],[[37.65226,6.9267],[37.65506,6.92315]],[[37.65213,6.9269],[37.6519,6.92671]],[[37.65231,6.92671],[37.65231,6.92671]],[[37.6519,6.92671],[37.64901,6.92237]],[[39.15159,14.27837],[39.15125,14.27929]],[[39.15166,14.2781],[39.15159,14.27837]],[[35.74133,6.51134],[35.74133,6.51166]],[[35.73211,6.5061],[35.74133,6.51134]],[[35.73196,6.50632],[35.73211,6.5061]],[[35.52359,6.25665],[35.53529,6.25353],[35.55615,6.27075],[35.56023,6.26594],[35.56153,6.27417],[35.57832,6.2785],[35.57931,6.28638],[35.59095,6.2918],[35.61128,6.3157],[35.62748,6.31723],[35.65414,6.32988],[35.65294,6.35046],[35.66597,6.37759],[35.663,6.39611],[35.6798,6.42828],[35.68347,6.45809],[35.71173,6.47635],[35.72012,6.50454],[35.73196,6.50632]],[[37.13403,14.04766],[37.10763,14.05047]],[[37.22044,14.09064],[37.22034,14.09011]],[[37.18242,14.05883],[37.18199,14.05824]],[[37.22034,14.09011],[37.18242,14.05883]],[[37.17101,14.04823],[37.17073,14.04819]],[[37.18199,14.05824],[37.17101,14.04823]],[[36.97548,14.09555],[36.97577,14.09572]],[[37.95966,14.44308],[37.97931,14.45753],[38.02522,14.43915],[38.04463,14.44142],[38.0636,14.43437],[38.07422,14.41711],[38.09432,14.41832],[38.11208,14.42657],[38.14449,14.41692]],[[37.95946,14.44298],[37.95966,14.44308]],[[38.15539,14.41978],[38.17045,14.42344],[38.1771,14.42104],[38.17777,14.414],[38.18818,14.41204],[38.17629,14.38431],[38.16972,14.3194]],[[38.14449,14.41692],[38.14499,14.41749]],[[34.89578,10.11809],[34.88313,10.14534],[34.86291,10.15922],[34.86342,10.16666],[34.85105,10.1795]],[[34.82362,10.08148],[34.82359,10.08164]],[[34.83159,10.09624],[34.83171,10.09631]],[[34.82359,10.08164],[34.83159,10.09624]],[[37.56759,6.03656],[37.56902,6.03795]],[[36.54963,11.53691],[36.5501,11.53695]],[[36.56373,11.49467],[36.5704,11.44686]],[[37.29987,12.23793],[37.30141,12.2401]],[[38.27133,6.63307],[38.2652,6.66017]],[[38.27156,6.63292],[38.27133,6.63307]],[[37.36903,13.52776],[37.36838,13.52858]],[[36.79272,13.57447],[36.79229,13.57474]],[[38.39965,6.64425],[38.39974,6.64406]],[[38.35843,6.7],[38.36569,6.68183],[38.38118,6.68763],[38.40241,6.6501],[38.39965,6.64425]],[[38.39141,6.4955],[38.34493,6.47619]],[[38.39152,6.49561],[38.39141,6.4955]],[[38.94617,8.47826],[38.97313,8.50169],[38.98773,8.50521]],[[38.94108,8.61514],[38.95879,8.59359],[38.97934,8.58832],[38.98272,8.56162],[38.9921,8.53992]],[[37.27405,6.06668],[37.27431,6.06655]],[[37.25026,6.07432],[37.25748,6.06651],[37.27064,6.07042],[37.27405,6.06668]],[[41.32373,11.71792],[41.31442,11.66785],[41.3412,11.67472],[41.36419,11.66384],[41.37942,11.6678]],[[41.45084,11.5443],[41.45287,11.53861],[41.47712,11.53224],[41.50046,11.53286],[41.63194,11.51259]],[[41.45101,11.54451],[41.45084,11.5443]],[[41.43683,11.56547],[41.43684,11.56685]],[[38.90292,5.77477],[38.90292,5.77477]],[[38.27684,14.17167],[38.2851,14.15139],[38.27646,14.11589]],[[38.27485,14.17961],[38.27491,14.17937]],[[42.28884,6.75492],[42.28902,6.75525]],[[42.28902,6.75525],[42.29765,6.79412]],[[42.29765,6.79412],[42.2977,6.79436]],[[42.29978,6.80243],[42.31449,6.83703],[42.31273,6.89097]],[[42.31273,6.89145],[42.31279,6.90781]],[[42.31273,6.89097],[42.31273,6.89145]],[[42.27789,6.96633],[42.2601,6.99231],[42.23608,6.99035]],[[42.31279,6.90781],[42.31279,6.90815]],[[38.33791,13.57941],[38.33794,13.58023]],[[38.33794,13.58023],[38.33793,13.58033]],[[38.33767,13.57926],[38.33791,13.57941]],[[38.28153,13.56432],[38.28162,13.56442]],[[38.26305,13.52984],[38.26317,13.52982]],[[38.26711,13.52978],[38.26724,13.53011]],[[38.35251,13.64329],[38.34987,13.65383],[38.34223,13.6553],[38.34355,13.67005],[38.32765,13.67657],[38.33164,13.65356],[38.32107,13.65228],[38.32952,13.63584]],[[38.35635,13.64382],[38.35292,13.6434]],[[38.35292,13.6434],[38.35251,13.64329]],[[38.3374,13.58832],[38.32928,13.58864],[38.32423,13.60441]],[[38.32571,13.61399],[38.32571,13.61408]],[[38.46938,13.58635],[38.47204,13.59445],[38.46638,13.59703],[38.46978,13.60051],[38.45518,13.61996],[38.45665,13.62462],[38.45008,13.61896],[38.45553,13.61444],[38.45374,13.60323],[38.43424,13.59924],[38.4317,13.59322]],[[39.00351,13.72934],[39.02021,13.72232],[39.02176,13.70826]],[[39.46151,14.40786],[39.46989,14.42442],[39.46286,14.43356],[39.46706,14.43321],[39.4675,14.44673]],[[39.4675,14.44673],[39.47396,14.44883],[39.47455,14.45963]],[[39.47455,14.45963],[39.4745,14.45981]],[[47.10846,8.00252],[47.10506,8.0023]],[[38.97632,8.58955],[38.97511,8.60977],[38.98823,8.6556],[38.9829,8.67323],[38.98541,8.6945]],[[38.14612,6.60473],[38.14251,6.59632],[38.13442,6.60007]],[[38.13442,6.60007],[38.12819,6.61559],[38.10746,6.60225],[38.09496,6.61445],[38.06572,6.61152],[38.04238,6.62746],[38.01584,6.61941]],[[43.53662,5.81929],[43.55304,5.89586],[43.55946,5.90348],[43.55087,5.92362]],[[36.62202,6.30144],[36.60837,6.27306],[36.61219,6.24878],[36.63191,6.22632],[36.64627,6.19514],[36.66318,6.18327],[36.64756,6.17819],[36.63882,6.19177],[36.62595,6.19276],[36.62052,6.20381],[36.60791,6.20682],[36.60679,6.21523],[36.60088,6.20735],[36.58378,6.21793],[36.57964,6.21479],[36.58105,6.19555],[36.57,6.19235],[36.56324,6.178],[36.56216,6.18407],[36.55558,6.18025],[36.56364,6.16552],[36.5605,6.16079]],[[36.69027,6.32686],[36.67064,6.32078],[36.66693,6.30992],[36.66656,6.32759],[36.66075,6.31994],[36.64356,6.31501],[36.63881,6.30244],[36.60431,6.29582],[36.60119,6.32213],[36.60758,6.35358],[36.61768,6.36097],[36.61877,6.37549],[36.6458,6.40879],[36.6301,6.41082]],[[36.69074,6.32675],[36.68874,6.31362],[36.71704,6.31136],[36.72643,6.32339],[36.74844,6.33568],[36.75248,6.32789],[36.75665,6.33169],[36.77122,6.31928],[36.78478,6.31632],[36.78913,6.30599],[36.79827,6.30572],[36.81013,6.28794]],[[36.63367,6.4421],[36.62545,6.4533],[36.59701,6.46246]],[[37.68337,6.9631],[37.6946,6.98981],[37.68878,7.01627],[37.6832,7.02028]],[[36.40826,11.3624],[36.40747,11.36307]],[[36.36725,11.23109],[36.37577,11.23762],[36.37457,11.25476]],[[38.71802,9.0285],[38.71495,9.02914]],[[36.95778,8.95326],[36.96457,8.93907],[36.97936,8.93407],[36.98305,8.9296],[36.9788,8.92453],[36.98375,8.9245]],[[36.85012,8.92178],[36.85991,8.90514],[36.85923,8.89663],[36.84774,8.88794],[36.82865,8.89034]],[[38.72578,9.049],[38.72581,9.04903]],[[35.60286,8.39138],[35.60156,8.40092],[35.61392,8.40694],[35.6071,8.42628],[35.61631,8.43378],[35.61462,8.43812],[35.63903,8.45251],[35.63883,8.47515],[35.642,8.48087],[35.64808,8.47818],[35.64613,8.48199]],[[36.63197,14.26448],[36.62954,14.26663]],[[36.27294,10.96243],[36.3257,11.0264],[36.32769,11.06974],[36.31563,11.08101],[36.31418,11.09638],[36.32263,11.10166]],[[36.27272,10.96215],[36.27294,10.96243]],[[36.32273,11.10141],[36.34106,11.10897],[36.34253,11.12396],[36.33354,11.13419],[36.33107,11.1511],[36.34359,11.15891]],[[36.32263,11.10166],[36.32273,11.10141]],[[36.38715,11.27802],[36.40907,11.30508],[36.40593,11.34998]],[[36.37457,11.25476],[36.37469,11.25521]],[[36.38726,11.27758],[36.38715,11.27802]],[[36.37469,11.25521],[36.38471,11.26224],[36.38552,11.2723]],[[36.40576,11.35078],[36.40826,11.3624]],[[36.40593,11.34998],[36.40576,11.35078]],[[36.33894,11.19508],[36.3572,11.20129],[36.35742,11.21745]],[[36.15119,10.67547],[36.15081,10.67537]],[[36.18866,10.70876],[36.18896,10.70131],[36.18312,10.70148],[36.16271,10.67386],[36.15119,10.67547]],[[36.0735,10.58159],[36.07086,10.5619],[36.05317,10.5435]],[[36.07333,10.58197],[36.0735,10.58159]],[[38.34462,7.63376],[38.38067,7.61376],[38.39818,7.61495],[38.40094,7.61098],[38.43175,7.62869]],[[39.01143,11.95999],[39.03544,11.97325]],[[36.22144,12.02018],[36.22169,12.02006]],[[36.21665,12.021],[36.22144,12.02018]],[[36.21643,12.02071],[36.21665,12.021]],[[35.89375,12.2157],[35.89978,12.18967],[35.91663,12.1689],[35.91669,12.1503],[35.93247,12.13087],[35.93428,12.10515],[35.95726,12.07472],[35.98334,12.07026],[36.0023,12.07978],[36.0423,12.0878],[36.05644,12.08287],[36.07044,12.06813]],[[35.62774,8.65056],[35.62795,8.65048]],[[35.62906,8.65001],[35.62795,8.65048]],[[35.68364,8.76269],[35.68473,8.76274]],[[39.53418,13.84741],[39.5344,13.84649]],[[38.0362,6.68702],[38.04033,6.69673]],[[38.0357,6.68547],[38.03536,6.67504]],[[38.03146,6.67091],[38.00781,6.65776]],[[38.0439,6.72425],[38.04033,6.69673]],[[42.11854,9.42564],[42.12337,9.44147],[42.16488,9.46018],[42.17096,9.46859],[42.17785,9.46918],[42.18061,9.46256],[42.20821,9.48557],[42.22633,9.48602],[42.22838,9.49117],[42.23895,9.48817],[42.25395,9.49582],[42.26962,9.49291],[42.30398,9.49902],[42.30903,9.51411],[42.32149,9.52722],[42.33652,9.52952],[42.35321,9.54363],[42.40954,9.53953],[42.4332,9.54729],[42.45279,9.54566],[42.45496,9.55107],[42.47608,9.5539],[42.47435,9.56187],[42.48594,9.5699],[42.51683,9.55954],[42.54296,9.53268],[42.5619,9.52694],[42.56127,9.52059]],[[38.7215,9.0699],[38.72141,9.06959]],[[38.7136,9.05754],[38.71332,9.05706]],[[38.71568,9.05451],[38.71308,9.04772]],[[38.72165,9.05202],[38.72162,9.05231]],[[38.80896,9.02098],[38.8101,9.02144]],[[38.53497,6.98518],[38.49617,6.99035]],[[38.53515,6.98518],[38.53497,6.98518]],[[36.25444,12.91875],[36.25549,12.9193]],[[36.25549,12.9193],[36.27034,12.93065],[36.27296,12.96214]],[[36.28353,12.99533],[36.28318,13.00617]],[[36.28346,12.9951],[36.28353,12.99533]],[[36.28275,13.00647],[36.29217,13.04245],[36.27621,13.05087],[36.26525,13.0485],[36.25756,13.05645],[36.25537,13.07448],[36.26509,13.08155],[36.25885,13.09555]],[[36.28318,13.00617],[36.28275,13.00647]],[[38.20951,8.67595],[38.2098,8.66556]],[[38.20948,8.67602],[38.20951,8.67595]],[[39.73929,11.08547],[39.73933,11.0857]],[[39.73917,11.08568],[39.73929,11.08547]],[[40.21349,11.26044],[40.21371,11.26083]],[[40.1747,11.332],[40.16101,11.34274],[40.15701,11.36725],[40.13867,11.39274],[40.13734,11.39845],[40.14529,11.40386]],[[39.39721,8.27844],[39.41546,8.27976],[39.45626,8.2973],[39.48679,8.28157],[39.49131,8.28467],[39.50041,8.25832],[39.5208,8.25837],[39.54095,8.24397]],[[39.39669,8.27807],[39.39721,8.27844]],[[39.54095,8.24397],[39.54136,8.24367]],[[39.54136,8.24367],[39.5544,8.23821],[39.57911,8.24385]],[[39.96879,7.00573],[39.96727,6.98063]],[[39.9685,7.00659],[39.9685,7.00659]],[[39.96879,7.00573],[39.96866,7.00661]],[[39.96847,7.00662],[39.96879,7.00573]],[[39.96867,7.00677],[39.98082,7.02113],[39.98136,7.0309]],[[39.98136,7.0309],[39.98077,7.02123],[39.96852,7.00682]],[[42.11027,9.31586],[42.1079,9.31257]],[[42.12186,9.31248],[42.12191,9.31334]],[[42.12191,9.31334],[42.12151,9.31378]],[[42.12151,9.31378],[42.12191,9.31334]],[[42.12151,9.31378],[42.11988,9.31444]],[[42.12051,9.31513],[42.12884,9.31688]],[[42.12016,9.31503],[42.12016,9.31503]],[[42.11613,9.31837],[42.10929,9.32946]],[[42.11612,9.31827],[42.11612,9.31827]],[[42.10987,9.35788],[42.10634,9.40774],[42.11854,9.42564]],[[36.38551,11.27267],[36.38726,11.27758]],[[36.38552,11.2723],[36.38551,11.27267]],[[36.02173,10.52675],[36.03326,10.53426],[36.03746,10.53108],[36.04709,10.54336],[36.04689,10.53861],[36.05317,10.5435]],[[35.88991,10.53603],[35.89004,10.53607]],[[35.8645,10.53462],[35.86468,10.5346]],[[35.86468,10.5346],[35.88991,10.53603]],[[35.76116,10.59587],[35.76724,10.59655],[35.77832,10.58544],[35.7915,10.58738],[35.80302,10.56953],[35.80274,10.56028],[35.80921,10.559],[35.82348,10.53774],[35.82839,10.53543],[35.83104,10.54224],[35.84811,10.52575],[35.84917,10.53167],[35.8645,10.53462]],[[38.76031,9.02217],[38.76055,9.0224]],[[38.76055,9.0224],[38.76023,9.0223]],[[37.06523,14.05557],[37.05918,14.05724]],[[37.06541,14.05571],[37.06523,14.05557]],[[37.03588,14.06739],[36.98943,14.07709],[36.97577,14.09572]],[[37.05918,14.05724],[37.05897,14.05736]],[[36.87108,14.15388],[36.8712,14.15353]],[[36.63197,14.26448],[36.84281,14.16103],[36.87108,14.15388]],[[36.89995,11.95458],[36.89962,11.99846],[36.91463,11.99884],[36.92238,12.02467],[36.93871,12.02954],[36.95109,12.04244],[36.95168,12.05574],[36.94084,12.07151],[36.94436,12.08603],[36.93318,12.08962],[36.93878,12.10627],[36.93475,12.11368],[36.95687,12.13875],[36.95519,12.15096],[36.96534,12.15729],[36.96992,12.16813],[36.96428,12.18492],[36.97242,12.19267]],[[37.53269,14.13972],[37.52382,14.13718]],[[37.53972,14.14215],[37.53947,14.14187]],[[37.56616,14.17716],[37.55703,14.15331],[37.53972,14.14215]],[[37.56612,14.17737],[37.56616,14.17716]],[[45.75449,8.43515],[45.72307,8.42947],[45.64829,8.45437]],[[46.99637,8.0026],[47.0447,8.00233]],[[35.59699,6.1835],[35.59321,6.17752],[35.58164,6.17724]],[[36.69027,6.32686],[36.69074,6.32675]],[[42.30766,6.9609],[42.30808,6.96136]],[[42.31279,6.90815],[42.30766,6.9609]],[[38.26982,5.78512],[38.29058,5.79747],[38.30856,5.7976],[38.31094,5.7905],[38.31725,5.79024],[38.33096,5.80216],[38.34473,5.79413],[38.38374,5.78978],[38.39181,5.7805],[38.40905,5.78007]],[[38.04777,6.74418],[38.04681,6.75764],[38.05821,6.77855]],[[38.05821,6.77855],[38.0764,6.79026],[38.09917,6.8697],[38.11995,6.89164]],[[38.11995,6.89164],[38.12384,6.91904]],[[38.12172,6.93108],[38.12384,6.91904]],[[37.99451,6.64522],[38.00781,6.65776]],[[37.99451,6.64522],[37.98435,6.63426]],[[37.96109,6.61687],[37.96969,6.62131]],[[37.96969,6.62131],[37.97031,6.62171]],[[37.97031,6.62171],[37.97878,6.63597],[37.9851,6.63379]],[[37.94982,6.64369],[37.96171,6.64284],[37.96109,6.61687]],[[38.76273,9.04404],[38.76223,9.04361]],[[38.72273,9.02039],[38.72657,9.01893]],[[37.76448,14.38271],[37.77546,14.40067]],[[37.80895,14.40573],[37.92127,14.40635],[37.93419,14.41648],[37.94105,14.4321],[37.95946,14.44298]],[[37.80879,14.40538],[37.80895,14.40573]],[[37.78743,14.40101],[37.78031,14.40057]],[[37.78031,14.40057],[37.78743,14.40101]],[[37.78016,14.40056],[37.77982,14.40055]],[[37.77965,14.40055],[37.77559,14.40086]],[[37.77549,14.40068],[37.77965,14.40055]],[[37.77529,14.40073],[37.77529,14.40073]],[[42.12884,9.31688],[42.13131,9.31571]],[[38.71495,9.02904],[38.71786,9.02847]],[[38.72219,9.03109],[38.72148,9.02931]],[[38.72148,9.02931],[38.71823,9.02843]],[[38.72154,9.02929],[38.72219,9.03109]],[[38.71821,9.02837],[38.72011,9.02778]],[[38.71802,9.02843],[38.71821,9.02837]],[[38.71786,9.02847],[38.71802,9.02843]],[[38.86037,8.99814],[38.85848,9.00201]],[[38.8622,8.99633],[38.86037,8.99814]],[[38.86031,8.99809],[38.86094,8.99466]],[[38.85839,9.00196],[38.86031,8.99809]],[[38.8581,8.98938],[38.85289,8.99101]],[[38.85304,8.99054],[38.85817,8.98921]],[[38.85835,8.99052],[38.85807,8.98925]],[[38.85847,8.99051],[38.85926,8.99236]],[[38.85821,8.98934],[38.85847,8.99051]],[[38.85926,8.99236],[38.86007,8.99338]],[[38.86007,8.99338],[38.8622,8.99633]],[[38.85997,8.99343],[38.85835,8.99052]],[[38.82711,8.99359],[38.82705,8.99352]],[[38.82709,8.99348],[38.82716,8.99356]],[[38.78027,9.02824],[38.77564,9.02713]],[[38.78074,9.02842],[38.78027,9.02824]],[[38.77563,9.02696],[38.7803,9.02817]],[[38.79403,9.00563],[38.7937,9.00509]],[[38.81078,9.01338],[38.81169,9.01983]],[[38.81098,9.01389],[38.81071,9.01338]],[[38.81223,9.00397],[38.8123,9.00847]],[[38.8123,9.00847],[38.81215,9.00398]],[[38.76283,9.04356],[38.76796,9.04638]],[[38.75595,9.04519],[38.75604,9.0453]],[[38.75828,9.036],[38.75962,9.03666]],[[38.75962,9.03666],[38.76265,9.03771]],[[38.76265,9.03771],[38.76274,9.03771]],[[38.76274,9.03771],[38.7645,9.03792]],[[38.7645,9.03792],[38.76934,9.04011]],[[38.76934,9.04011],[38.7694,9.04021]],[[38.74349,9.04527],[38.74341,9.04523]],[[38.73561,9.04671],[38.73561,9.0468]],[[38.75268,8.99216],[38.75232,8.99084]],[[38.75232,8.99084],[38.75097,8.987]],[[38.75097,8.987],[38.75025,8.98498]],[[38.74555,9.03495],[38.74551,9.03457]],[[38.7385,9.03423],[38.73844,9.03464]],[[38.73844,9.03464],[38.73815,9.03433]],[[38.73842,9.03042],[38.74132,9.03211]],[[38.74395,9.0232],[38.74405,9.02325]],[[38.72855,9.02861],[38.73273,9.02904]],[[38.72848,9.02862],[38.72855,9.02861]],[[38.72657,9.01893],[38.72664,9.01889]],[[38.74018,9.01928],[38.73851,9.01895]],[[38.74026,9.01929],[38.74018,9.01928]],[[38.72011,9.02778],[38.72154,9.02929]],[[37.29358,14.17697],[37.26645,14.14962]],[[37.29391,14.17683],[37.29358,14.17697]],[[37.2655,14.14471],[37.26533,14.14456]],[[37.26644,14.14929],[37.2655,14.14471]],[[37.23218,14.11243],[37.22044,14.09064]],[[37.26645,14.14962],[37.26644,14.14929]],[[36.09283,5.20646],[36.06733,5.22788],[36.04834,5.23366],[36.04318,5.24224],[36.00112,5.24952],[35.99114,5.26506],[35.9459,5.28844],[35.91821,5.32009],[35.92229,5.35856],[35.9126,5.37036],[35.87886,5.37757],[35.841,5.37553]],[[38.72706,9.06364],[38.72703,9.06373]],[[38.72703,9.06373],[38.72697,9.0641]],[[38.73285,9.06253],[38.72949,9.05905]],[[38.72162,9.05231],[38.72146,9.0521]],[[38.75006,9.05226],[38.75026,9.05219]],[[38.75026,9.05219],[38.7502,9.05242]],[[38.75562,9.04589],[38.75886,9.05152]],[[38.75063,9.04566],[38.7531,9.0522]],[[38.75272,9.05613],[38.75202,9.05552]],[[38.75415,9.05658],[38.75292,9.05621]],[[38.75764,9.02887],[38.75763,9.0286]],[[38.75527,9.03132],[38.75431,9.03243]],[[38.76233,9.02679],[38.76061,9.0274]],[[38.76061,9.0274],[38.75895,9.02684]],[[38.75895,9.02684],[38.75858,9.02695]],[[38.75858,9.02695],[38.75212,9.02696]],[[38.76117,9.02932],[38.76321,9.02972]],[[38.75868,9.02877],[38.75782,9.0286]],[[38.77778,9.03566],[38.77734,9.03502]],[[38.77748,9.03495],[38.77778,9.03566]],[[38.77378,9.03821],[38.7785,9.0382]],[[38.77854,9.04519],[38.77837,9.04541]],[[38.7777,9.04559],[38.7705,9.04979]],[[38.7768,9.05711],[38.77412,9.05576]],[[38.77759,9.05695],[38.77773,9.05701]],[[38.77741,9.05673],[38.77789,9.05599]],[[38.77759,9.05663],[38.77752,9.05678]],[[38.77808,9.05716],[38.7888,9.06242]],[[38.77586,9.05689],[38.77697,9.05702]],[[38.77116,9.0521],[38.77586,9.05689]],[[38.77412,9.05576],[38.77417,9.05568]],[[38.76838,9.04663],[38.76941,9.04732]],[[38.77033,9.04902],[38.76838,9.04651]],[[38.77025,9.04958],[38.77116,9.0521]],[[38.77015,9.04903],[38.77025,9.04958]],[[38.77017,9.04966],[38.77005,9.04904]],[[38.76937,9.04738],[38.76824,9.0468]],[[38.77359,9.03839],[38.77358,9.03822]],[[38.77359,9.03839],[38.76835,9.04645]],[[38.7803,9.02817],[38.78076,9.02836]],[[38.78076,9.02836],[38.78442,9.02825]],[[44.73883,8.75647],[44.71457,8.758],[44.65577,8.78408]],[[38.73736,9.05093],[38.73778,9.04931]],[[38.73126,9.05301],[38.73428,9.05046]],[[38.73299,9.05452],[38.73577,9.0523]],[[38.73577,9.0523],[38.73736,9.05093]],[[38.73428,9.05046],[38.73756,9.04886]],[[38.73126,9.05301],[38.73279,9.05467]],[[38.73163,9.0556],[38.73279,9.05467]],[[38.72914,9.05182],[38.73126,9.05301]],[[38.72763,9.05057],[38.72914,9.05182]],[[38.72298,9.05442],[38.72423,9.05567]],[[38.72423,9.05567],[38.72589,9.05738]],[[38.72589,9.05738],[38.72736,9.05886]],[[38.72589,9.05738],[38.73126,9.05301]],[[38.75336,9.01061],[38.7541,9.00958]],[[38.75429,9.00956],[38.75326,9.01114]],[[38.75459,9.0057],[38.7545,9.00725]],[[38.7544,9.00558],[38.75447,9.00392]],[[38.7652,8.98609],[38.76521,8.986]],[[38.76527,8.98609],[38.76503,8.98767]],[[38.81911,9.0357],[38.81935,9.03491]],[[38.81935,9.03491],[38.82125,9.03138]],[[38.80428,9.02851],[38.81477,9.03421]],[[38.81638,9.03493],[38.81873,9.03555]],[[38.81474,9.03426],[38.80444,9.02898]],[[38.83028,9.02721],[38.83031,9.02713]],[[38.82799,9.03525],[38.82814,9.03489]],[[38.82865,9.03301],[38.82949,9.02999]],[[38.82857,9.03357],[38.82827,9.03466]],[[38.82855,9.03343],[38.82865,9.03301]],[[38.82819,9.03491],[38.8281,9.03532]],[[38.82825,9.03453],[38.82855,9.03343]],[[38.77193,9.01615],[38.7712,9.01551]],[[38.77273,9.01652],[38.77214,9.0163]],[[38.75658,9.01478],[38.75549,9.01427]],[[38.75503,9.0191],[38.75492,9.01903]],[[38.75492,9.01903],[38.75388,9.01839]],[[38.75503,9.01894],[38.75517,9.01902]],[[38.75517,9.01902],[38.75631,9.01973]],[[38.7491,9.02802],[38.74452,9.02852]],[[38.74454,9.02846],[38.74909,9.02795]],[[38.73852,9.03591],[38.73857,9.03581]],[[38.73857,9.03581],[38.73844,9.03464]],[[38.71563,9.05456],[38.71565,9.05453]],[[38.71576,9.05464],[38.71573,9.05467]],[[38.69338,9.06575],[38.69338,9.06585]],[[38.69426,9.05848],[38.69436,9.05846]],[[38.71312,9.0471],[38.71739,9.04394]],[[38.72127,9.04239],[38.71761,9.04395]],[[38.71303,9.04716],[38.71312,9.0471]],[[38.71326,9.04713],[38.71301,9.04729]],[[38.71477,9.04566],[38.71479,9.04575]],[[38.71755,9.04387],[38.72127,9.04239]],[[38.71739,9.04394],[38.71755,9.04387]],[[38.71761,9.04395],[38.71743,9.04403]],[[38.71326,9.04713],[38.71578,9.05461]],[[36.52762,5.97736],[36.52808,5.97979]],[[38.72922,9.05883],[38.7276,9.05879]],[[38.72949,9.05905],[38.72922,9.05883]],[[36.09065,5.17748],[36.0879,5.16318],[36.11487,5.14369],[36.12051,5.13255],[36.13763,5.12972],[36.15379,5.1169],[36.22164,5.09008],[36.26959,5.05772]],[[36.09065,5.17748],[36.09147,5.17935]],[[36.47398,4.99719],[36.48282,4.97803]],[[36.47405,4.99732],[36.47398,4.99719]],[[35.841,5.37553],[35.81352,5.3776],[35.80497,5.38956],[35.77646,5.39672],[35.71868,5.40227],[35.69225,5.43051],[35.68059,5.47925],[35.6935,5.50448],[35.73511,5.53398],[35.75561,5.55836],[35.75929,5.5944],[35.73291,5.6367],[35.74525,5.66682],[35.74452,5.70027],[35.7534,5.7077],[35.75739,5.73445],[35.793,5.7938],[35.79239,5.85346]],[[39.00796,5.86972],[39.00807,5.86972]],[[38.70779,6.21057],[38.71113,6.17509],[38.72607,6.16165],[38.73702,6.13822],[38.7575,6.12639],[38.76025,6.0989],[38.76764,6.08261],[38.77567,6.08208],[38.78717,6.0576],[38.8259,6.05279],[38.83588,6.04656],[38.85248,6.01389],[38.89789,5.98567],[38.89847,5.96269],[38.91252,5.94047],[38.91709,5.94264],[38.93063,5.90788],[38.94605,5.89103]],[[38.59754,5.70513],[38.57097,5.72631],[38.56906,5.74303],[38.57984,5.75295],[38.55532,5.80113],[38.53993,5.80899],[38.5259,5.80553],[38.48788,5.82094],[38.48372,5.83743],[38.46843,5.84656],[38.45636,5.86337],[38.44435,5.84068],[38.41772,5.82679]],[[38.63919,5.71241],[38.62032,5.69318],[38.59754,5.70513]],[[38.73546,9.02264],[38.73845,9.019]],[[36.48561,13.73188],[36.48396,13.73101]],[[36.48396,13.73101],[36.47339,13.71298]],[[39.89882,5.21646],[39.89896,5.21633]],[[39.59146,5.32499],[39.66582,5.29584],[39.69591,5.27168],[39.78072,5.23447],[39.87632,5.21988]],[[39.53088,5.68518],[39.53089,5.68416]],[[39.53536,5.70894],[39.53261,5.69282]],[[37.94771,7.32965],[37.95023,7.31859],[37.96429,7.30527],[38.00299,7.30532],[38.02268,7.31545]],[[39.45184,4.93064],[39.45186,4.9309]],[[39.45186,4.9309],[39.46355,4.94771],[39.46061,4.97004],[39.47524,4.99169],[39.47066,5.0378],[39.48412,5.07438],[39.50194,5.0952],[39.52835,5.10231],[39.5323,5.11107],[39.58885,5.10249],[39.60886,5.11331],[39.61112,5.19665],[39.67379,5.25364],[39.68351,5.28152]],[[35.91407,12.34623],[35.91378,12.34624]],[[35.92274,12.35602],[35.91407,12.34623]],[[38.75448,9.031],[38.75527,9.03132]],[[38.73807,9.03695],[38.73811,9.03686]],[[38.73811,9.03686],[38.73852,9.03591]],[[39.11912,8.97464],[39.11918,8.97473]],[[39.11918,8.97473],[39.12375,8.9785]],[[39.12375,8.9785],[39.12376,8.97857]],[[39.12314,8.97042],[39.11912,8.97464]],[[39.01412,8.84205],[39.01424,8.84219]],[[39.01412,8.84205],[39.00801,8.83384],[39.00124,8.79641]],[[39.03838,8.89005],[39.0385,8.88996]],[[39.01424,8.84219],[39.02234,8.86335],[39.03811,8.86741],[39.04309,8.87547],[39.03322,8.88754],[39.03838,8.89005]],[[38.78933,9.06242],[38.78937,9.0626]],[[38.7894,9.06211],[38.78933,9.06242]],[[38.78952,9.06179],[38.7894,9.06211]],[[38.79854,9.06032],[38.80167,9.06017]],[[37.77567,14.41256],[37.77577,14.41279]],[[37.77549,14.40098],[37.77567,14.41256]],[[37.77029,14.44448],[37.77007,14.44464]],[[37.77577,14.41279],[37.77808,14.42848],[37.77029,14.44448]],[[38.60151,5.51287],[38.60157,5.51268]],[[38.60157,5.51268],[38.60821,5.50987],[38.61209,5.48265],[38.63684,5.42578],[38.65224,5.41646],[38.65537,5.4025],[38.67575,5.39857],[38.69214,5.3804],[38.69213,5.36217],[38.69817,5.36664],[38.72296,5.36422],[38.74489,5.35166],[38.75019,5.34023]],[[38.69672,8.95393],[38.69566,8.94944]],[[38.82949,9.02999],[38.82963,9.02949]],[[38.82955,9.03003],[38.82857,9.03357]],[[38.82963,9.02949],[38.83028,9.02721]],[[38.82971,9.02949],[38.82955,9.03003]],[[38.8101,9.02144],[38.81022,9.0215]],[[47.16156,8.11411],[47.08099,8.03799],[47.06395,8.03186],[47.03332,8.03309],[46.99609,8.00443]],[[39.99885,7.73083],[39.95501,7.77397],[39.92047,7.7832],[39.88836,7.80135],[39.81914,7.8034],[39.7865,7.8232],[39.75051,7.8315],[39.7069,7.85283],[39.63311,7.86102]],[[38.37913,7.01119],[38.38605,7.04052],[38.399,7.06328]],[[37.32659,12.42752],[37.32563,12.42687]],[[37.34432,12.43522],[37.33602,12.42599],[37.32659,12.42752]],[[37.32567,12.42681],[37.32665,12.42746]],[[37.32097,12.42078],[37.32567,12.42681]],[[37.4288,12.51988],[37.41047,12.51667],[37.40065,12.48724],[37.35895,12.46491],[37.34432,12.43522]],[[37.32563,12.42687],[37.32094,12.42085]],[[37.32665,12.42746],[37.33625,12.426],[37.34432,12.43522]],[[37.31996,12.42038],[37.32097,12.42078]],[[37.32094,12.42085],[37.31993,12.42046]],[[37.31753,12.41863],[37.31996,12.42038]],[[37.31993,12.42046],[37.31753,12.41863]],[[39.18744,13.65816],[39.17404,13.65219]],[[39.16982,13.63754],[39.1516,13.627],[39.15027,13.61885],[39.14256,13.6144]],[[38.72664,9.01889],[38.7292,9.01703]],[[38.4732,7.04535],[38.46757,7.04604]],[[38.4675,7.04591],[38.4675,7.04591]],[[38.46737,7.04608],[38.46388,7.04436]],[[38.4639,7.04426],[38.46741,7.04591]],[[38.4639,7.04429],[38.4639,7.04429]],[[39.45344,13.48836],[39.46526,13.48923]],[[39.46552,13.48931],[39.45355,13.48855]],[[39.45053,13.55703],[39.44108,13.52774]],[[38.42126,6.59797],[38.42126,6.5979]],[[38.39974,6.64406],[38.41883,6.6253],[38.42056,6.61118]],[[38.23991,5.65342],[38.23185,5.65081],[38.23183,5.63501]],[[37.40271,11.60379],[37.4027,11.60394]],[[37.36554,11.59941],[37.36741,11.59154]],[[38.24868,5.67775],[38.24971,5.67791]],[[38.24896,5.67877],[38.24971,5.67791]],[[42.78021,9.37326],[42.7874,9.37669]],[[38.47458,7.03355],[38.47451,7.03359]],[[38.47785,7.06707],[38.47777,7.06718]],[[37.70855,14.28631],[37.70192,14.27927],[37.68473,14.27669],[37.66136,14.2505],[37.63447,14.24908],[37.62229,14.25369],[37.6102,14.24341]],[[39.60203,12.7747],[39.63188,12.78689]],[[39.63196,12.78712],[39.64247,12.79485]],[[43.55028,5.94801],[43.55022,5.94782]],[[38.72274,9.05101],[38.73155,9.04612]],[[39.64247,12.79485],[39.64257,12.79487]],[[42.80032,9.33767],[42.78177,9.34144],[42.77279,9.35233]],[[38.73156,9.04636],[38.73029,9.04627]],[[38.73029,9.04627],[38.72281,9.05118]],[[38.79381,9.00505],[38.79403,9.00563]],[[42.82443,9.34966],[42.81794,9.34171],[42.80116,9.33783]],[[42.80112,9.33775],[42.8154,9.34032],[42.82452,9.34964]],[[42.76207,9.36761],[42.77269,9.35234]],[[38.89593,5.76339],[38.89489,5.75462],[38.91793,5.71918],[38.91687,5.69414],[38.89037,5.69632],[38.88039,5.68952],[38.86345,5.69381],[38.83788,5.68946],[38.82913,5.69584],[38.80514,5.67561]],[[38.9028,5.77461],[38.89593,5.76339]],[[38.73346,9.04157],[38.73354,9.04157]],[[38.73247,9.0416],[38.73346,9.04157]],[[38.73883,9.04078],[38.74251,9.03866]],[[38.73877,9.0408],[38.73883,9.04078]],[[38.72127,9.04239],[38.72154,9.04236]],[[37.97046,8.54254],[37.97036,8.54255]],[[37.97036,8.54255],[37.97042,8.54247]],[[37.97042,8.54247],[37.97276,8.54069]],[[37.97281,8.54077],[37.97046,8.54254]],[[38.71461,9.04535],[38.71477,9.04566]],[[38.7146,9.04524],[38.7146,9.04524]],[[38.71743,9.04403],[38.71326,9.04713]],[[38.71311,9.04724],[38.71312,9.0471]],[[38.71308,9.04772],[38.71311,9.04724]],[[40.00003,7.10101],[40.00337,7.11876]],[[38.73221,9.03396],[38.73211,9.03423]],[[38.7321,9.03424],[38.73209,9.03394]],[[36.83385,7.67629],[36.83411,7.67614]],[[36.83415,7.67628],[36.83385,7.67629]],[[36.83385,7.67629],[36.83348,7.67638]],[[36.82973,7.67577],[36.82973,7.67577]],[[36.83348,7.67638],[36.82983,7.67574]],[[38.48476,7.05035],[38.47947,7.04164]],[[36.55529,5.80178],[36.55563,5.80166]],[[37.69639,7.04891],[37.69718,7.04941]],[[37.68541,7.02978],[37.69639,7.04891]],[[37.69718,7.04941],[37.69639,7.04891]],[[38.74216,9.03228],[38.7415,9.03214]],[[38.74221,9.03221],[38.74221,9.03221]],[[38.74149,9.03209],[38.74218,9.03221]],[[38.74592,9.0346],[38.74555,9.03495]],[[38.74368,9.03385],[38.74375,9.03381]],[[38.74741,9.03209],[38.74768,9.03204]],[[38.74768,9.03204],[38.74746,9.0322]],[[38.7472,9.0323],[38.7469,9.03236]],[[38.7469,9.03236],[38.74716,9.03224]],[[37.75802,8.96918],[37.75606,8.98266]],[[37.55214,6.02597],[37.5521,6.02623]],[[37.55265,6.02392],[37.55214,6.02597]],[[37.55206,6.02594],[37.55255,6.02389]],[[37.552,6.0262],[37.55206,6.02594]],[[38.74141,9.03214],[38.74132,9.03211]],[[38.74132,9.03211],[38.7414,9.03209]],[[38.74922,9.02794],[38.75111,9.02723]],[[38.74909,9.02795],[38.74922,9.02794]],[[38.73296,9.0291],[38.73284,9.02907]],[[38.73273,9.02904],[38.73284,9.02902]],[[38.73284,9.02902],[38.73297,9.02904]],[[38.73715,9.02968],[38.73755,9.02987]],[[38.73537,9.02936],[38.73703,9.02963]],[[38.37075,8.11553],[38.37043,8.11541]],[[38.37476,8.1129],[38.37075,8.11553]],[[38.7415,9.03214],[38.74141,9.03214]],[[37.56396,6.03552],[37.56384,6.03552]],[[37.56392,6.03539],[37.56406,6.0354]],[[37.56406,6.0354],[37.56419,6.03548]],[[37.56419,6.03548],[37.56396,6.03552]],[[38.72115,9.06765],[38.72123,9.06763]],[[37.74837,6.86974],[37.75437,6.87676]],[[38.27619,14.09768],[38.27623,14.09759]],[[38.27636,14.09766],[38.27632,14.09775]],[[38.89206,14.16512],[38.89202,14.16526]],[[39.35512,8.40709],[39.35527,8.40709]],[[39.33612,8.40383],[39.34034,8.40943],[39.35512,8.40709]],[[38.72474,9.03371],[38.72471,9.03337]],[[38.72451,9.03422],[38.72474,9.03371]],[[38.77369,8.99947],[38.77526,8.99676]],[[38.46883,7.024],[38.47099,7.02766]],[[37.36239,11.59852],[37.38066,11.60024],[37.38788,11.59478]],[[37.38795,11.59492],[37.38083,11.60031],[37.36235,11.59875]],[[38.47099,7.02766],[38.47943,7.04146]],[[39.74324,11.05984],[39.73851,11.06371]],[[39.73851,11.06371],[39.74326,11.05973]],[[38.49695,7.0218],[38.49446,7.03219]],[[38.49418,7.03297],[38.49076,7.04648]],[[38.49402,7.03316],[38.49404,7.03298]],[[38.75219,14.12294],[38.75225,14.12289]],[[36.7911,5.76332],[36.785,5.7753]],[[36.79012,5.75488],[36.7911,5.76332]],[[36.76439,5.72048],[36.78245,5.73038],[36.79012,5.75488]],[[36.61684,5.42651],[36.60807,5.41349]],[[36.61697,5.42677],[36.61684,5.42651]],[[37.28846,5.94878],[37.28011,5.94596],[37.30712,5.91868]],[[37.28791,5.94887],[37.28846,5.94878]],[[37.2694,6.01496],[37.26917,6.01484]],[[37.2691,6.0495],[37.2694,6.01496]],[[37.35355,11.58541],[37.35355,11.58554]],[[37.35343,11.58554],[37.35343,11.58541]],[[37.3953,11.58068],[37.3953,11.58068]],[[37.39533,11.58052],[37.40267,11.58048]],[[37.40267,11.5806],[37.39534,11.58065]],[[37.39827,11.58756],[37.39845,11.58756]],[[37.39845,11.58756],[37.40243,11.5875]],[[37.39825,11.58768],[37.39808,11.58768]],[[37.39808,11.58768],[37.39537,11.58775]],[[38.80423,8.89355],[38.78678,8.87671]],[[41.84511,9.60083],[41.84508,9.60075]],[[41.84731,9.60743],[41.84511,9.60083]],[[38.88426,8.96558],[38.8847,8.96532]],[[38.88491,8.97782],[38.88503,8.97807]],[[38.88453,8.97787],[38.88426,8.96558]],[[38.88526,8.99706],[38.88455,8.97825]],[[38.88462,8.96561],[38.88489,8.97781]],[[38.8812,9.06023],[38.88108,9.06028]],[[38.88137,9.05994],[38.8812,9.06023]],[[38.94671,14.144],[38.94667,14.14408]],[[38.94736,14.14206],[38.94671,14.144]],[[38.94738,14.14198],[38.94736,14.14206]],[[38.95116,14.13901],[38.94738,14.14198]],[[38.68155,9.06917],[38.68289,9.06821]],[[38.67131,9.05511],[38.67329,9.0543]],[[38.67048,9.06022],[38.67131,9.05511]],[[41.85597,9.59825],[41.85606,9.5983]],[[41.85184,9.59543],[41.85597,9.59825]],[[38.80981,8.87066],[38.81675,8.86039]],[[38.80996,8.87071],[38.80981,8.87082]],[[38.79606,8.87311],[38.79634,8.87327]],[[38.79621,8.87367],[38.79634,8.87327]],[[38.79621,8.87367],[38.79627,8.87415]],[[38.80981,8.87082],[38.80966,8.871]],[[38.80966,8.871],[38.80969,8.87078]],[[38.80969,8.87078],[38.80981,8.87066]],[[41.8518,9.59539],[41.85184,9.59543]],[[41.87362,9.60822],[41.87366,9.60821]],[[41.87155,9.60796],[41.87362,9.60822]],[[38.90341,9.03545],[38.90338,9.03529]],[[38.90802,9.04284],[38.90341,9.03545]],[[38.94856,9.02255],[38.93882,9.04383]],[[38.93882,9.04383],[38.93071,9.04322]],[[38.90849,9.04283],[38.90802,9.04284]],[[38.93071,9.04322],[38.91691,9.04217],[38.91338,9.04733],[38.90849,9.04283]],[[41.87619,9.59187],[41.87622,9.5918]],[[38.96942,8.94923],[38.96962,8.94939]],[[38.90581,8.87843],[38.91073,8.89311],[38.92029,8.89988],[38.91492,8.90259],[38.91656,8.9108],[38.93788,8.9199],[38.9505,8.93809],[38.96942,8.94923]],[[38.90571,8.8784],[38.90581,8.87843]],[[38.88797,8.86301],[38.89887,8.86657],[38.90571,8.8784]],[[38.9512,9.00384],[38.95099,9.00386]],[[38.95099,9.00386],[38.94585,9.01377],[38.94856,9.02255]],[[41.864,9.58319],[41.8638,9.58319]],[[41.8638,9.58319],[41.86067,9.5855]],[[41.86569,9.58494],[41.86544,9.58522]],[[41.86544,9.58522],[41.86546,9.58469]],[[38.74843,9.05068],[38.74654,9.04846]],[[38.73986,9.05273],[38.73736,9.05093]],[[38.75452,9.04621],[38.75026,9.05219]],[[38.75471,9.04613],[38.75452,9.04621]],[[36.53548,5.15815],[36.53543,5.15802]],[[36.54668,5.17286],[36.54433,5.16951]],[[36.51566,5.23458],[36.51566,5.23465]],[[36.54703,5.178],[36.52039,5.18479],[36.5097,5.19629],[36.50406,5.2112],[36.51566,5.23458]],[[38.83036,9.02715],[38.83034,9.02723]],[[38.98877,8.77582],[38.9875,8.79041],[38.99701,8.79457]],[[39.46846,13.48884],[39.46552,13.48931]],[[39.47086,13.48675],[39.47082,13.48679]],[[39.47082,13.48679],[39.47075,13.48672]],[[38.9921,8.53992],[38.98712,8.51951]],[[38.94617,8.47826],[38.94124,8.47763]],[[38.98773,8.50521],[38.98797,8.51435]],[[38.98797,8.51435],[38.98712,8.51951]],[[38.48394,7.07736],[38.48407,7.07734]],[[38.48407,7.07734],[38.484,7.07746]],[[38.78533,8.95994],[38.78165,8.95915]],[[38.80261,9.01679],[38.80271,9.01696]],[[38.80271,9.01696],[38.80254,9.01701]],[[36.82973,7.67573],[36.82578,7.67288]],[[39.45064,13.55699],[39.45076,13.55723]],[[39.45076,13.55723],[39.45405,13.56999]],[[39.45064,13.55727],[39.45053,13.55703]],[[39.45393,13.56998],[39.45064,13.55727]],[[39.44773,13.48638],[39.4376,13.48]],[[39.24206,8.50399],[39.23391,8.48312]],[[39.24216,8.50402],[39.24227,8.50432]],[[39.26902,8.54167],[39.26911,8.54216]],[[39.2445,8.50938],[39.24931,8.51639]],[[39.25462,8.51285],[39.26081,8.52096]],[[39.27094,8.5468],[39.2736,8.55355]],[[39.29091,8.55639],[39.29702,8.55409]],[[39.2811,8.56057],[39.27693,8.56202]],[[39.28105,8.56045],[39.28543,8.55869]],[[39.28228,8.532],[39.27516,8.52244]],[[39.28238,8.53197],[39.28485,8.54216]],[[39.25504,8.53841],[39.25855,8.54988]],[[39.25502,8.53832],[39.25504,8.53841]],[[39.26854,8.56113],[39.26311,8.55885]],[[39.27387,8.56251],[39.28105,8.56045]],[[39.27693,8.56202],[39.28275,8.57547]],[[39.27693,8.56202],[39.27686,8.56205]],[[39.27686,8.56205],[39.27087,8.54687]],[[39.27686,8.56205],[39.27386,8.5626]],[[39.27087,8.54687],[39.26884,8.54163]],[[38.78986,9.02852],[38.78969,9.02843]],[[39.25861,8.55011],[39.26323,8.55886]],[[39.26311,8.55885],[39.26253,8.55771]],[[38.78081,9.02336],[38.79074,9.02139]],[[38.79076,9.02146],[38.78077,9.0235]],[[42.13406,9.33658],[42.13369,9.31982]],[[39.28228,8.532],[39.28238,8.53197]],[[38.79053,9.06171],[38.79304,9.06043]],[[40.31084,5.18566],[40.32542,5.16769],[40.33551,5.1633],[40.36074,5.16752],[40.39804,5.16295],[40.44295,5.15021],[40.51157,5.14285],[40.52116,5.13675],[40.64428,5.11048],[40.66216,5.11418],[40.87137,4.84832],[40.89826,4.83044]],[[40.06208,5.19937],[40.11179,5.19619],[40.13694,5.18516],[40.29708,5.19106],[40.31084,5.18566]],[[39.89896,5.21633],[39.93918,5.21205],[39.9818,5.19737],[40.00135,5.20297],[40.06208,5.19937]],[[39.27364,8.5625],[39.27387,8.56251]],[[39.27364,8.56258],[39.27355,8.56257]],[[39.27386,8.5626],[39.27364,8.56258]],[[39.27506,8.52241],[39.26093,8.521]],[[39.26081,8.52096],[39.27509,8.52235]],[[39.26876,8.56111],[39.27364,8.5625]],[[39.26859,8.56104],[39.26876,8.56111]],[[39.26871,8.5612],[39.26854,8.56113]],[[39.27355,8.56257],[39.26871,8.5612]],[[38.78936,9.06198],[38.78948,9.06171]],[[38.78914,9.06234],[38.78936,9.06198]],[[38.78948,9.06171],[38.7902,9.06102]],[[38.7982,9.06047],[38.79854,9.06032]],[[38.79304,9.06043],[38.7982,9.06047]],[[38.79304,9.06043],[38.79014,9.06105]],[[38.77214,9.0163],[38.77205,9.01626]],[[38.77306,9.01669],[38.77273,9.01652]],[[38.77219,9.01623],[38.77273,9.01652]],[[38.77403,9.01742],[38.77384,9.01735]],[[38.77384,9.01735],[38.77306,9.01669]],[[38.77648,9.02276],[38.77661,9.0232]],[[38.77641,9.02319],[38.77648,9.02276]],[[38.77342,9.03251],[38.7753,9.02722]],[[38.7785,9.0382],[38.77865,9.03819]],[[38.77891,9.03835],[38.77866,9.03828]],[[38.77866,9.03828],[38.7785,9.0382]],[[38.77037,9.04925],[38.77033,9.04902]],[[38.7705,9.04979],[38.77037,9.04925]],[[38.77837,9.04541],[38.7777,9.04559]],[[38.77435,9.01248],[38.77426,9.01246]],[[38.77789,9.05599],[38.77759,9.05663]],[[36.13487,6.21867],[36.16309,6.17654],[36.16893,6.15805],[36.17189,6.1061],[36.15951,6.0806]],[[38.76099,9.06134],[38.7615,9.06141]],[[38.7615,9.06141],[38.7616,9.06143]],[[38.76133,9.06198],[38.76106,9.06156]],[[38.76106,9.06156],[38.76099,9.06134]],[[38.76273,9.04404],[38.76299,9.04628]],[[38.76297,9.04374],[38.76273,9.04404]],[[38.76172,9.04773],[38.76164,9.04785]],[[38.76162,9.03771],[38.76167,9.03765]],[[38.76679,9.03817],[38.76676,9.03824]],[[38.76941,9.04732],[38.77015,9.04903]],[[38.77005,9.04904],[38.76937,9.04738]],[[38.75689,9.05429],[38.75684,9.05445]],[[38.75684,9.05445],[38.75415,9.05658]],[[38.7521,9.05549],[38.75224,9.05483]],[[38.72689,9.06398],[38.72703,9.06373]],[[38.72072,9.0527],[38.72041,9.05287]],[[38.72141,9.05209],[38.72072,9.0527]],[[38.71682,9.05585],[38.71658,9.05579]],[[38.71658,9.05579],[38.71353,9.05635]],[[38.7202,9.05297],[38.71682,9.05585]],[[38.71578,9.05461],[38.71576,9.05464]],[[38.71565,9.05453],[38.71568,9.05451]],[[38.71664,9.05566],[38.71682,9.05571]],[[38.71682,9.05571],[38.7202,9.05284]],[[38.72036,9.05275],[38.72066,9.05259]],[[38.72066,9.05259],[38.72128,9.052]],[[38.7135,9.05631],[38.71664,9.05566]],[[38.72021,9.05289],[38.7202,9.05284]],[[38.72021,9.05292],[38.72021,9.05289]],[[38.7202,9.05297],[38.72021,9.05292]],[[38.74766,9.05415],[38.74751,9.05412]],[[38.7484,9.05428],[38.74766,9.05415]],[[37.98609,11.47868],[37.99645,11.48594],[37.9968,11.51067],[37.99148,11.53725],[37.98383,11.54127],[37.97119,11.57485],[37.97581,11.58156],[37.9976,11.58287],[38.02389,11.59351],[38.03553,11.60581],[38.04369,11.60386]],[[37.97942,11.45371],[37.97598,11.42263],[37.96015,11.41497]],[[37.97204,11.57191],[37.96488,11.57186],[37.96035,11.58255],[37.9407,11.58358],[37.94781,11.59416],[37.94219,11.60568],[37.94369,11.62186]],[[37.91991,11.68724],[37.92648,11.70083],[37.9231,11.71394],[37.94215,11.71598],[37.94313,11.74231],[37.95159,11.75221],[37.94724,11.75377]],[[37.94961,11.76914],[37.94678,11.77345],[37.95362,11.77995],[37.94969,11.78366],[37.97272,11.79281],[37.99472,11.82207],[37.99594,11.83754]],[[38.75721,9.0269],[38.7572,9.02697]],[[38.7587,9.02868],[38.75898,9.02873]],[[38.75898,9.02873],[38.76117,9.02932]],[[38.75897,9.02881],[38.75868,9.02877]],[[38.76112,9.0294],[38.75897,9.02881]],[[38.75419,9.02667],[38.75416,9.02659]],[[38.76151,9.02353],[38.7614,9.02327]],[[38.7614,9.02327],[38.76162,9.02334]],[[39.2736,8.55355],[39.27693,8.56202]],[[38.73851,9.01895],[38.73847,9.01896]],[[38.73847,9.01896],[38.73845,9.019]],[[38.73747,9.01109],[38.73749,9.01126]],[[38.76963,8.95515],[38.76776,8.95544]],[[38.75453,9.01383],[38.75549,9.01427]],[[38.75549,9.01427],[38.75435,9.01387]],[[38.75294,9.01374],[38.754,9.01383]],[[39.51456,12.51536],[39.5142,12.51521]],[[39.5142,12.51521],[39.51459,12.51516]],[[39.60386,13.79216],[39.60391,13.79216]],[[39.57154,14.05197],[39.57704,14.05366]],[[39.57704,14.05378],[39.57154,14.05197]],[[39.01099,11.96004],[39.01092,11.96003]],[[39.0378,11.97517],[39.03544,11.97325]],[[39.18005,10.8697],[39.18001,10.86906]],[[39.44197,12.51574],[39.44197,12.51591]],[[39.41198,12.50368],[39.44197,12.51574]],[[39.50556,12.51518],[39.47228,12.52699],[39.458,12.52553]],[[39.45764,12.5257],[39.458,12.52553]],[[39.27535,12.51563],[39.27567,12.51563]],[[39.23423,12.50657],[39.25489,12.50964],[39.26247,12.51765],[39.27535,12.51563]],[[38.99481,13.28325],[38.99485,13.28393]],[[38.99539,13.29059],[38.99535,13.29044]],[[38.99535,13.29044],[38.99485,13.28393]],[[38.99494,13.27206],[38.99481,13.28325]],[[38.99545,13.29044],[38.99539,13.29059]],[[38.98072,13.36625],[38.979,13.37089]],[[38.98057,13.36606],[38.98072,13.36625]],[[38.99538,13.33179],[38.99522,13.33192]],[[39.00061,13.32991],[38.99538,13.33179]],[[39.00083,13.32972],[39.00061,13.32991]],[[39.00303,13.32389],[39.00083,13.32972]],[[39.02761,13.46403],[39.02707,13.46331]],[[39.02899,13.46521],[39.02761,13.46403]],[[39.02795,13.46384],[39.02899,13.46521]],[[39.02707,13.46331],[39.02599,13.46135]],[[39.02599,13.46135],[39.0274,13.46313]],[[38.97797,13.37569],[38.97796,13.37588]],[[38.97863,13.37099],[38.97797,13.37569]],[[39.17263,13.65006],[39.17263,13.65006]],[[39.17252,13.65027],[39.17404,13.65219]],[[39.17404,13.65219],[39.17294,13.65178]],[[39.16982,13.63754],[39.17479,13.64084],[39.17258,13.65003]],[[39.17251,13.65005],[39.17472,13.64088],[39.16982,13.63754]],[[39.48731,13.56337],[39.48377,13.56431]],[[39.48743,13.56334],[39.48731,13.56337]],[[39.04266,13.53795],[39.04246,13.53795]],[[39.0018,13.62292],[39.0018,13.62292]],[[39.00174,13.62313],[38.97773,13.63429]],[[38.97773,13.63429],[38.96396,13.66021]],[[39.00072,13.61818],[39.00036,13.61976]],[[39.00077,13.61813],[39.00072,13.61818]],[[39.00036,13.61976],[39.00029,13.62]],[[39.00029,13.62],[39.00172,13.62291]],[[38.97888,13.98943],[38.97893,13.98965]],[[38.97016,13.96002],[38.97888,13.98943]],[[38.99862,13.92752],[38.99268,13.94323]],[[38.99867,13.92735],[38.99862,13.92752]],[[38.97987,14.00409],[38.97966,14.00417]],[[38.9807,14.00381],[38.97987,14.00409]],[[38.98091,14.00373],[38.9807,14.00381]],[[38.97893,13.98965],[38.98091,14.00373]],[[38.97359,14.08259],[38.97372,14.08277]],[[38.97268,14.07645],[38.97359,14.08259]],[[38.97787,13.69256],[38.98512,13.71893]],[[39.11002,13.78933],[39.10321,13.75957]],[[39.10967,13.78972],[39.11002,13.78933]],[[39.10257,13.75923],[39.09637,13.74725],[39.09058,13.74649]],[[39.10321,13.75957],[39.10257,13.75923]],[[39.09016,13.74667],[39.08777,13.75017]],[[39.09058,13.74649],[39.09016,13.74667]],[[39.08742,13.75059],[39.07171,13.75887],[39.0439,13.74776],[39.03187,13.75548],[39.00706,13.73906]],[[39.08777,13.75017],[39.08742,13.75059]],[[39.11439,13.80196],[39.10967,13.78972]],[[39.11503,13.80287],[39.11439,13.80196]],[[39.27938,13.88943],[39.27913,13.88916]],[[39.324,13.91017],[39.31617,13.90489],[39.29777,13.90452],[39.27938,13.88943]],[[39.32427,13.91054],[39.324,13.91017]],[[39.37439,13.9376],[39.34614,13.93115],[39.32616,13.9184]],[[39.326,13.91802],[39.32427,13.91054]],[[39.32616,13.9184],[39.326,13.91802]],[[39.42755,13.97601],[39.37439,13.9376]],[[39.4309,13.98008],[39.44473,13.98263]],[[39.44473,13.98263],[39.4309,13.98019]],[[39.42755,13.97601],[39.43084,13.98003]],[[37.10735,14.05045],[37.0691,14.05831]],[[37.10763,14.05047],[37.10735,14.05045]],[[37.13433,14.0477],[37.13403,14.04766]],[[37.17073,14.04819],[37.13433,14.0477]],[[37.24415,14.12512],[37.23232,14.1126]],[[37.24436,14.12532],[37.24415,14.12512]],[[37.23232,14.1126],[37.23218,14.11243]],[[37.26533,14.14456],[37.24436,14.12532]],[[37.3944,14.09798],[37.38909,14.10571]],[[37.39468,14.09787],[37.3944,14.09798]],[[37.38909,14.10636],[37.38895,14.11379]],[[37.38909,14.10571],[37.38909,14.10636]],[[37.38895,14.11379],[37.38894,14.11441]],[[37.61011,14.24314],[37.59511,14.23041]],[[37.6102,14.24341],[37.61011,14.24314]],[[37.59491,14.23029],[37.57738,14.21364],[37.56433,14.1838],[37.56612,14.17737]],[[37.59511,14.23041],[37.59491,14.23029]],[[38.15492,14.41939],[38.15539,14.41978]],[[38.14499,14.41749],[38.15492,14.41939]],[[37.77965,14.40055],[37.77982,14.40055]],[[37.78031,14.40057],[37.78016,14.40056]],[[39.01697,13.68482],[39.02189,13.70813]],[[39.02176,13.70826],[39.02189,13.70813]],[[39.01646,13.68416],[38.9923,13.65417],[38.99341,13.63784]],[[39.01697,13.68482],[39.01646,13.68416]],[[38.99311,13.63695],[38.99171,13.63366]],[[38.99175,13.63349],[38.99175,13.63349]],[[38.98979,13.62852],[38.99177,13.6335]],[[38.99181,13.63363],[38.99311,13.63695]],[[36.57387,14.08044],[36.5739,14.0802]],[[36.61532,14.20799],[36.57667,14.10193],[36.57387,14.08044]],[[36.57553,14.01321],[36.5771,13.9722]],[[36.52526,13.98929],[36.52475,13.98928]],[[36.57673,13.9718],[36.55937,13.98416],[36.52526,13.98929]],[[36.57544,14.01365],[36.57553,14.01321]],[[36.57673,13.9718],[36.57704,13.97173]],[[36.57704,13.97187],[36.57673,13.9718]],[[36.5771,13.9722],[36.57706,13.97189]],[[36.57719,13.9719],[36.5771,13.9722]],[[36.5772,13.97171],[36.5772,13.97171]],[[36.57717,13.97142],[36.57812,13.95856],[36.57094,13.94254],[36.53785,13.90136],[36.5229,13.86172]],[[36.57717,13.97142],[36.5772,13.97171]],[[36.57706,13.97171],[36.57717,13.97142]],[[36.5228,13.86124],[36.52264,13.84508],[36.4884,13.78574]],[[36.5229,13.86172],[36.5228,13.86124]],[[36.46713,13.51722],[36.45841,13.61021],[36.46168,13.65462],[36.47101,13.68354]],[[36.95733,13.65083],[36.9221,13.63851],[36.8839,13.63745],[36.86478,13.64434],[36.82538,13.63595],[36.80915,13.64011],[36.79798,13.63],[36.78873,13.60332]],[[37.59784,13.90539],[37.62691,13.90894],[37.63535,13.90495]],[[36.96432,13.92547],[36.9642,13.92547]],[[37.31106,13.76427],[37.32186,13.75196]],[[37.29292,13.77771],[37.29308,13.77759]],[[37.00993,13.93107],[37.00635,13.93317]],[[37.01017,13.93098],[37.00993,13.93107]],[[37.00635,13.93317],[37.0061,13.93327]],[[37.31081,13.76453],[37.31106,13.76427]],[[37.29308,13.77759],[37.31081,13.76453]],[[37.44985,13.82009],[37.44959,13.82014]],[[37.64334,13.90088],[37.64868,13.8986]],[[37.64291,13.90106],[37.64334,13.90088]],[[37.63558,13.90491],[37.64291,13.90106]],[[37.63535,13.90495],[37.63558,13.90491]],[[37.59768,13.9054],[37.59784,13.90539]],[[37.59144,13.90911],[37.59768,13.9054]],[[37.91661,14.15763],[37.92755,14.16196],[37.92947,14.14772]],[[37.91644,14.15762],[37.91661,14.15763]],[[37.76186,14.06401],[37.76397,14.07458]],[[37.76206,14.06255],[37.76203,14.06285]],[[39.41185,12.50346],[39.41198,12.50368]],[[39.40071,12.49808],[39.41185,12.50346]],[[39.29933,12.50423],[39.2995,12.50409]],[[39.27567,12.51563],[39.28496,12.51944],[39.28473,12.51455],[39.29933,12.50423]],[[39.25677,13.8668],[39.25657,13.86673]],[[39.27913,13.88916],[39.25677,13.8668]],[[37.98635,14.11675],[37.99562,14.11781]],[[37.98624,14.11676],[37.98635,14.11675]],[[38.09611,14.12347],[38.09588,14.12367]],[[38.09588,14.12367],[38.09599,14.12336]],[[38.0964,14.12314],[38.09625,14.12338]],[[38.09613,14.12323],[38.0964,14.12314]],[[38.09613,14.12323],[38.09613,14.12323]],[[38.0964,14.12314],[38.10751,14.11786]],[[39.00612,13.09445],[39.00627,13.09469]],[[38.99796,13.06026],[39.00669,13.06971],[39.00612,13.09445]],[[37.54858,8.78064],[37.56769,8.78442],[37.57548,8.79502],[37.58745,8.79899],[37.59528,8.81568],[37.60473,8.82133],[37.62317,8.81526]],[[37.54851,8.78058],[37.54858,8.78064]],[[39.41689,14.49356],[39.42612,14.49026]],[[39.41668,14.49356],[39.41689,14.49356]],[[39.31251,14.07529],[39.32445,14.06488],[39.32234,14.0402],[39.32685,14.03582]],[[39.31232,14.07531],[39.31251,14.07529]],[[38.17552,13.64994],[38.17557,13.64986]],[[38.1564,13.64711],[38.16742,13.64431],[38.17552,13.64994]],[[38.22029,13.55918],[38.21926,13.55116]],[[38.22045,13.55942],[38.22029,13.55918]],[[38.21437,13.59638],[38.22585,13.59627],[38.21863,13.58389]],[[38.17557,13.64986],[38.19086,13.65361],[38.19612,13.64617],[38.19067,13.64231],[38.1946,13.63448],[38.2103,13.63322],[38.21078,13.62583],[38.21726,13.62482],[38.21159,13.61647]],[[38.33793,13.58033],[38.33809,13.58456]],[[38.32746,13.58299],[38.32764,13.58306]],[[38.32764,13.58306],[38.33767,13.57926]],[[38.21894,13.54641],[38.21901,13.54625]],[[38.50784,13.51512],[38.50789,13.51648]],[[38.51924,13.51174],[38.50784,13.51512]],[[38.51026,13.52924],[38.51059,13.5297]],[[38.50789,13.51648],[38.51026,13.52924]],[[38.51059,13.5297],[38.51353,13.53842],[38.51587,13.53292],[38.524,13.54431],[38.50347,13.55873]],[[38.50347,13.55873],[38.50234,13.56416],[38.51568,13.56693],[38.50068,13.57099]],[[38.50068,13.57099],[38.50067,13.57167]],[[38.49158,13.57837],[38.49131,13.57809]],[[38.46954,13.58594],[38.46938,13.58635]],[[38.48667,13.57653],[38.48146,13.58578],[38.46954,13.58594]],[[38.50067,13.57167],[38.50539,13.58433],[38.5006,13.58111],[38.49667,13.58592],[38.49859,13.58119],[38.49544,13.58456],[38.49158,13.57837]],[[37.06885,14.05824],[37.06541,14.05571]],[[37.0691,14.05831],[37.06885,14.05824]],[[38.39949,13.6277],[38.39492,13.64194],[38.38024,13.63464]],[[34.58461,8.24042],[34.58281,8.2348]],[[40.01657,11.60378],[40.01694,11.60343]],[[40.01694,11.60343],[40.01667,11.6038]],[[41.08842,11.82172],[41.08793,11.82206]],[[41.08784,11.82198],[41.08842,11.82172]],[[36.24595,7.26451],[36.24595,7.26451]],[[36.24605,7.26444],[36.24664,7.26319]],[[40.20511,13.95391],[40.19584,13.97037],[40.19723,13.97746]],[[35.7952,7.27664],[35.79542,7.27671]],[[35.79542,7.27671],[35.82588,7.27932],[35.83273,7.28707],[35.83864,7.28183],[35.85306,7.28374],[35.86466,7.27618],[35.86662,7.26491],[35.8842,7.25436]],[[35.43033,7.19516],[35.43009,7.1953]],[[35.43006,7.19517],[35.43033,7.19516]],[[35.42211,7.1971],[35.43006,7.19517]],[[35.43009,7.1953],[35.42208,7.19721]],[[38.25368,8.45477],[38.25358,8.45465]],[[38.24059,8.57861],[38.25136,8.5651],[38.24948,8.54832],[38.2583,8.52385],[38.22719,8.49301],[38.23608,8.47706],[38.24893,8.47199],[38.25368,8.45477]],[[38.24061,8.57901],[38.24059,8.57861]],[[38.2139,8.66178],[38.22011,8.64623],[38.2314,8.63796],[38.24061,8.57901]],[[37.70628,7.06869],[37.70619,7.0686]],[[37.70619,7.0686],[37.70633,7.06861]],[[37.70639,7.06875],[37.70628,7.06869]],[[37.70633,7.06861],[37.70644,7.06866]],[[41.43684,11.56685],[41.43689,11.56785]],[[41.44547,11.55508],[41.43683,11.56547]],[[41.43789,11.56402],[41.44547,11.55508]],[[41.43683,11.56783],[41.43678,11.56687]],[[41.42692,11.58805],[41.43683,11.56783]],[[41.41159,11.62747],[41.42398,11.59287]],[[41.32373,11.71792],[41.30569,11.73257],[41.08842,11.82172]],[[38.47206,7.02952],[38.47199,7.02939]],[[38.47943,7.04158],[38.47938,7.04149]],[[38.47943,7.04146],[38.47949,7.04154]],[[38.47947,7.04164],[38.47943,7.04158]],[[38.35947,6.70174],[38.35962,6.70271]],[[39.88864,13.68738],[39.86956,13.66926],[39.86893,13.65483]],[[40.06725,13.88111],[40.06696,13.88101]],[[40.06115,13.87823],[40.05758,13.87809]],[[40.0614,13.87812],[40.06115,13.87823]],[[40.05724,13.87818],[40.05001,13.87509]],[[40.05758,13.87809],[40.05724,13.87818]],[[40.05001,13.87509],[40.04946,13.87531]],[[40.06696,13.88101],[40.0614,13.87812]],[[40.0258,13.86576],[40.02365,13.8644]],[[40.02626,13.86613],[40.0258,13.86576]],[[40.01516,13.86],[40.01531,13.85902]],[[40.0157,13.86107],[40.01516,13.86]],[[40.01619,13.86144],[40.0157,13.86107]],[[40.02156,13.86282],[40.01619,13.86144]],[[39.96809,13.74178],[39.96617,13.73817]],[[39.96912,13.74286],[39.96809,13.74178]],[[39.96077,13.73448],[39.96083,13.73488]],[[39.95701,13.73354],[39.96077,13.73448]],[[39.94344,13.72651],[39.94109,13.72527]],[[39.94366,13.72663],[39.94344,13.72651]],[[39.94089,13.72516],[39.92576,13.71931]],[[39.94109,13.72527],[39.94089,13.72516]],[[39.92576,13.71931],[39.92561,13.71903]],[[39.95701,13.73354],[39.94366,13.72663]],[[39.99224,13.76805],[39.98702,13.76033]],[[39.99242,13.76849],[39.99224,13.76805]],[[39.97793,13.75159],[39.96912,13.74286]],[[39.98702,13.76033],[39.98692,13.75994]],[[40.18276,13.99845],[40.18306,14.00225]],[[40.1825,13.99677],[40.18276,13.99845]],[[40.19715,13.9777],[40.19723,13.97746]],[[40.2026,13.93879],[40.20512,13.95316]],[[40.20511,13.95391],[40.20512,13.95316]],[[40.20268,13.93694],[40.20263,13.93803]],[[40.10206,13.89312],[40.09822,13.8918]],[[40.1025,13.89312],[40.10206,13.89312]],[[40.09792,13.89199],[40.07936,13.89473],[40.06725,13.88111]],[[40.09822,13.8918],[40.09792,13.89199]],[[40.20493,14.22678],[40.21794,14.23597]],[[40.20408,14.22591],[40.20493,14.22678]],[[40.20612,14.2086],[40.20408,14.22591]],[[40.20624,14.20827],[40.20612,14.2086]],[[40.22288,14.18782],[40.22235,14.18827]],[[40.22719,14.18155],[40.22288,14.18782]],[[40.22733,14.18132],[40.22719,14.18155]],[[40.22977,14.17716],[40.22733,14.18132]],[[40.22999,14.17675],[40.22977,14.17716]],[[40.23725,14.1614],[40.22999,14.17675]],[[40.22235,14.18827],[40.20624,14.20827]],[[40.23734,14.1609],[40.23725,14.1614]],[[40.23422,14.12424],[40.23423,14.12486]],[[40.23249,14.11297],[40.23422,14.12424]],[[40.23234,14.11264],[40.23249,14.11297]],[[40.23253,14.1023],[40.23234,14.11264]],[[40.23261,14.1019],[40.23253,14.1023]],[[40.21809,14.07921],[40.23261,14.1019]],[[40.21796,14.07874],[40.21809,14.07921]],[[40.20907,14.06274],[40.21796,14.07874]],[[40.18305,14.02055],[40.18299,14.0214]],[[40.18223,14.00719],[40.18305,14.02055]],[[40.18223,14.00663],[40.18223,14.00719]],[[40.18306,14.00225],[40.18223,14.00663]],[[38.33816,13.58475],[38.33738,13.58799]],[[38.33738,13.58799],[38.3374,13.58832]],[[36.95533,13.92694],[36.95519,13.92706]],[[34.49136,9.3564],[34.46646,9.36013],[34.43854,9.37401]],[[43.21655,9.83859],[43.21651,9.83875]],[[43.21651,9.83875],[43.22373,9.8632]],[[38.10527,7.37539],[38.10519,7.37568]],[[38.07583,7.31975],[38.07614,7.31973]],[[38.06368,7.32096],[38.07583,7.31975]],[[38.06347,7.32085],[38.06368,7.32096]],[[38.07614,7.31973],[38.0873,7.31541]],[[38.34101,6.47468],[38.34101,6.47468]],[[38.341,6.47444],[38.34106,6.47465]],[[38.60201,7.02368],[38.60201,7.02368]],[[38.61397,7.08558],[38.61154,7.02993],[38.60589,7.01994],[38.60219,7.02367]],[[38.47446,7.03352],[38.47453,7.03348]],[[38.02268,7.31545],[38.02297,7.31567]],[[38.02297,7.31567],[38.04945,7.32625],[38.06347,7.32085]],[[37.8967,14.1345],[37.90251,14.15027],[37.91644,14.15762]],[[37.89664,14.13439],[37.8967,14.1345]],[[36.40496,11.37372],[36.40499,11.37423]],[[36.40747,11.36307],[36.40496,11.37372]],[[34.61672,9.47272],[34.61608,9.45927],[34.62723,9.44557],[34.62188,9.43003],[34.62879,9.40576],[34.6243,9.39786]],[[34.61677,9.47287],[34.61672,9.47272]],[[37.78987,8.20723],[37.8082,8.2195]],[[37.80823,8.2196],[37.78976,8.20734]],[[35.80745,9.45163],[35.80732,9.45156]],[[35.80849,9.45135],[35.80745,9.45163]],[[35.93996,9.59397],[35.93416,9.59047]],[[35.9402,9.59383],[35.93996,9.59397]],[[35.93399,9.59029],[35.9202,9.57626],[35.91874,9.56591]],[[35.93416,9.59047],[35.93399,9.59029]],[[35.91881,9.56566],[35.90443,9.54122],[35.88103,9.524]],[[35.91874,9.56591],[35.91881,9.56566]],[[35.88094,9.52374],[35.86452,9.50482]],[[35.88103,9.524],[35.88094,9.52374]],[[35.83989,9.46197],[35.83986,9.46173]],[[35.86411,9.50468],[35.85334,9.47554],[35.83989,9.46197]],[[42.2936,7.13028],[42.29367,7.13071]],[[42.27686,7.06237],[42.28093,7.08757],[42.2923,7.09526],[42.2936,7.13028]],[[42.33997,7.21886],[42.34012,7.21909]],[[42.33917,7.21744],[42.34652,7.22515],[42.34876,7.24204]],[[42.34876,7.24204],[42.34883,7.24234]],[[42.34883,7.24234],[42.35753,7.2451],[42.3583,7.25731]],[[42.3583,7.25731],[42.35812,7.25751]],[[42.29367,7.13071],[42.29333,7.1425],[42.3034,7.15876],[42.33172,7.18387],[42.332,7.20351],[42.33917,7.21744]],[[42.33368,7.38925],[42.33295,7.38989]],[[42.35812,7.25751],[42.3522,7.28283],[42.34088,7.29065],[42.35202,7.32508],[42.33801,7.37112],[42.34358,7.38934],[42.33368,7.38925]],[[36.10239,9.77205],[36.10906,9.75909]],[[36.10226,9.77221],[36.10239,9.77205]],[[36.10906,9.75909],[36.10908,9.75894]],[[36.08671,9.83463],[36.101,9.80678],[36.09925,9.80032],[36.08895,9.80117],[36.08603,9.79603],[36.09879,9.77836],[36.09492,9.77544],[36.10226,9.77221]],[[36.26283,10.77645],[36.26248,10.77676]],[[36.26248,10.77676],[36.26253,10.77637]],[[42.81771,6.24743],[42.81905,6.24774]],[[42.81905,6.24774],[42.82196,6.24801]],[[42.6003,6.32421],[42.60087,6.32421]],[[42.19508,6.46278],[42.19562,6.46262]],[[42.19429,6.46302],[42.19508,6.46278]],[[42.18384,6.46829],[42.19429,6.46302]],[[42.28667,6.64359],[42.28691,6.64375]],[[42.28691,6.64375],[42.29804,6.69646],[42.28884,6.75492]],[[42.27801,6.96623],[42.27789,6.96633]],[[42.30808,6.96136],[42.30616,6.96607],[42.28748,6.96255],[42.27801,6.96623]],[[36.07413,10.58643],[36.07333,10.58197]],[[36.0743,10.58679],[36.07413,10.58643]],[[36.18866,10.70897],[36.18866,10.70876]],[[36.20146,10.72422],[36.18866,10.70897]],[[35.91704,10.53187],[35.92744,10.53388]],[[35.91677,10.53187],[35.91704,10.53187]],[[35.92744,10.53388],[35.92785,10.53389]],[[35.89004,10.53607],[35.91677,10.53187]],[[35.95919,10.5298],[35.9596,10.52973]],[[35.92785,10.53389],[35.93723,10.53633],[35.95919,10.5298]],[[35.99787,10.53],[36.00759,10.52796]],[[35.99758,10.53],[35.99787,10.53]],[[36.00786,10.528],[36.02141,10.5267]],[[36.00759,10.52796],[36.00786,10.528]],[[36.02141,10.5267],[36.02173,10.52675]],[[35.9596,10.52973],[35.98642,10.53575],[35.99758,10.53]],[[42.22113,5.17698],[42.22138,5.17674]],[[42.22138,5.17674],[42.23117,5.17123]],[[42.26779,5.13],[42.26801,5.1296]],[[42.23117,5.17123],[42.26204,5.1599],[42.25906,5.14551],[42.26779,5.13]],[[43.39885,5.66144],[43.39899,5.6617]],[[43.45897,5.74449],[43.5068,5.77119],[43.51518,5.78246]],[[35.66879,10.61759],[35.6688,10.61718]],[[35.66268,10.62902],[35.66879,10.61759]],[[37.8082,8.2195],[37.80846,8.21954]],[[37.80846,8.21954],[37.80823,8.2196]],[[33.30413,8.31864],[33.29422,8.30562]],[[39.63192,11.14031],[39.63143,11.14123]],[[42.10788,9.31239],[42.1079,9.31257]],[[42.1079,9.31257],[42.10781,9.31241]],[[39.7597,10.18023],[39.7185,10.15838],[39.69266,10.15466],[39.65782,10.11812],[39.65465,10.10602]],[[42.16907,9.27941],[42.16837,9.27956]],[[42.16867,9.27873],[42.16907,9.27941]],[[42.12265,9.34287],[42.14109,9.33709],[42.15651,9.32192],[42.15755,9.30717],[42.17605,9.28429],[42.16907,9.27941]],[[42.10917,9.34407],[42.10863,9.3433]],[[42.10863,9.3433],[42.10846,9.34301]],[[42.10929,9.32946],[42.10829,9.34262]],[[42.10846,9.34301],[42.1089,9.34321]],[[42.1089,9.34321],[42.10917,9.34407]],[[42.13021,9.31169],[42.12854,9.31195]],[[42.12852,9.31173],[42.13021,9.31169]],[[42.12051,9.31513],[42.12029,9.31504]],[[42.12031,9.31496],[42.12051,9.31513]],[[42.12014,9.31495],[42.11982,9.31449]],[[42.11988,9.31444],[42.12023,9.31489]],[[42.11613,9.31837],[42.1161,9.31826]],[[42.11616,9.31826],[42.11613,9.31837]],[[42.11624,9.31807],[42.11619,9.31819]],[[42.11612,9.31814],[42.11624,9.31807]],[[45.76294,8.4205],[45.75449,8.43515]],[[38.81222,9.00388],[38.81223,9.00397]],[[38.81215,9.00398],[38.81214,9.0039]],[[43.21429,9.81692],[43.21426,9.81718]],[[43.21426,9.81718],[43.21655,9.83859]],[[42.29974,6.80227],[42.29978,6.80243]],[[42.2977,6.79436],[42.29974,6.80227]],[[43.53647,5.81846],[43.5365,5.81864]],[[43.5365,5.81864],[43.5366,5.81916]],[[43.5366,5.81916],[43.53662,5.81929]],[[43.53069,5.8044],[43.53647,5.81846]],[[43.51518,5.78246],[43.51529,5.7826]],[[43.51529,5.7826],[43.53069,5.8044]],[[43.45883,5.74441],[43.45897,5.74449]],[[43.44155,5.72776],[43.45883,5.74441]],[[43.44143,5.72785],[43.44155,5.72776]],[[43.39899,5.6617],[43.39846,5.67761],[43.41509,5.71482],[43.44143,5.72785]],[[42.18527,5.22279],[42.18585,5.22244]],[[42.18585,5.22244],[42.1928,5.22046],[42.19462,5.20799],[42.21196,5.19635],[42.22113,5.17698]],[[36.16082,8.90561],[36.15237,8.91653],[36.15126,8.93297]],[[36.16101,8.90556],[36.16082,8.90561]],[[36.15118,8.93312],[36.1358,8.94973],[36.1116,8.94256],[36.10967,8.96314],[36.11587,8.97116],[36.11244,8.97867],[36.13049,8.99159],[36.13015,9.00005],[36.13887,9.01163],[36.15944,9.02246]],[[36.15126,8.93297],[36.15118,8.93312]],[[38.0969,11.72552],[38.09683,11.72573]],[[38.05933,11.67407],[38.04737,11.69555],[38.06787,11.71121]],[[38.06137,11.61307],[38.06137,11.61307]],[[38.06573,11.64467],[38.06561,11.6448]],[[38.06786,11.71137],[38.07181,11.71752],[38.08865,11.71777]],[[38.06787,11.71121],[38.06786,11.71137]],[[38.04395,11.60397],[38.04369,11.60386]],[[38.05778,11.60803],[38.05313,11.60714]],[[37.97942,11.45371],[37.97959,11.45391]],[[36.94938,11.51838],[36.94538,11.49079],[36.95385,11.47434]],[[36.94929,11.51863],[36.94938,11.51838]],[[36.95412,11.47402],[36.94781,11.37595],[36.95476,11.3561]],[[36.95385,11.47434],[36.95412,11.47402]],[[38.77205,9.01626],[38.77193,9.01615]],[[38.77193,9.01615],[38.77209,9.01618]],[[36.98956,11.95254],[36.98944,11.9529]],[[36.99427,11.9358],[36.99914,11.94591],[36.98956,11.95254]],[[36.98944,11.9529],[36.98064,11.96133],[36.92251,11.95921],[36.91102,11.95189],[36.89995,11.95458]],[[36.99416,11.93557],[36.99427,11.9358]],[[36.48585,12.03181],[36.48607,12.03163]],[[36.30597,12.0507],[36.33089,12.05067],[36.3498,12.06234],[36.36643,12.05531],[36.38637,12.06491],[36.41464,12.05604]],[[36.61933,11.96496],[36.61956,11.96474]],[[36.48607,12.03163],[36.48951,12.02374],[36.52457,12.01184],[36.53457,12.0016],[36.55194,11.99541],[36.56487,11.98043],[36.5919,11.98264],[36.60583,11.96735],[36.61933,11.96496]],[[36.30551,12.05071],[36.30597,12.0507]],[[36.22169,12.02006],[36.27717,12.03546]],[[36.41503,12.05596],[36.46657,12.02849],[36.48585,12.03181]],[[36.41464,12.05604],[36.41503,12.05596]],[[35.90347,12.34257],[35.90334,12.34249]],[[35.91378,12.34624],[35.90347,12.34257]],[[36.09643,12.06179],[36.10669,12.05568],[36.11414,12.04156],[36.13164,12.03215]],[[36.09627,12.0621],[36.09643,12.06179]],[[36.13193,12.03192],[36.13924,12.02147],[36.18536,12.01337],[36.21643,12.02071]],[[36.13164,12.03215],[36.13193,12.03192]],[[36.21427,12.60635],[36.19557,12.59639],[36.19111,12.5845],[36.12128,12.57066],[36.09658,12.55826]],[[36.21464,12.60635],[36.21427,12.60635]],[[36.08376,12.56037],[36.0835,12.56027]],[[36.09592,12.55765],[36.08376,12.56037]],[[36.05074,12.56691],[36.03468,12.56386]],[[36.05102,12.56671],[36.05074,12.56691]],[[36.03453,12.56384],[36.00253,12.555]],[[36.03468,12.56386],[36.03453,12.56384]],[[36.00231,12.55491],[35.97126,12.5483]],[[36.00253,12.555],[36.00231,12.55491]],[[35.95661,12.50514],[35.95638,12.50539]],[[35.9707,12.54833],[35.96687,12.51544],[35.95661,12.50514]],[[36.38425,12.75815],[36.38404,12.75796]],[[36.40468,12.78046],[36.39404,12.75965],[36.38425,12.75815]],[[36.31777,12.70411],[36.31143,12.68104]],[[36.31798,12.70437],[36.31777,12.70411]],[[36.31132,12.68094],[36.3054,12.66449],[36.28512,12.67442],[36.26568,12.67289],[36.26094,12.64835]],[[36.31143,12.68104],[36.31132,12.68094]],[[36.26075,12.64813],[36.25306,12.6313]],[[36.26094,12.64835],[36.26075,12.64813]],[[36.25273,12.63132],[36.22734,12.6198],[36.21464,12.60635]],[[36.25306,12.6313],[36.25273,12.63132]],[[36.80863,11.30859],[36.80871,11.30841]],[[36.7833,11.31187],[36.80863,11.30859]],[[36.83504,11.2706],[36.84524,11.25677]],[[36.8351,11.27083],[36.83504,11.2706]],[[36.5666,11.5243],[36.5641,11.51689]],[[36.56665,11.52462],[36.5666,11.5243]],[[36.56329,11.51427],[36.56341,11.49485]],[[36.5641,11.51689],[36.56409,11.5167]],[[36.56341,11.49485],[36.56373,11.49467]],[[36.5501,11.53695],[36.56665,11.52462]],[[36.57038,11.44654],[36.60532,11.39868]],[[36.5704,11.44686],[36.57038,11.44654]],[[36.65052,11.36499],[36.66351,11.36431],[36.67092,11.37308],[36.66981,11.38053]],[[36.65024,11.36463],[36.65052,11.36499]],[[36.66981,11.38053],[36.67023,11.38071]],[[36.60562,11.39842],[36.64004,11.36233],[36.65024,11.36463]],[[37.22745,10.99748],[37.22191,10.9864],[37.21211,10.99322],[37.2104,10.98197],[37.1993,10.97265],[37.17867,10.98526],[37.17243,10.97884]],[[37.22757,10.99767],[37.22745,10.99748]],[[37.17231,10.97876],[37.13434,10.95994]],[[37.17243,10.97884],[37.17231,10.97876]],[[37.13412,10.95994],[37.11041,10.94894],[37.06983,10.91622],[37.07032,10.89953],[37.05822,10.88179],[37.04199,10.87713],[37.02492,10.86259],[37.02261,10.85253]],[[37.13434,10.95994],[37.13412,10.95994]],[[37.23587,11.00412],[37.22757,10.99767]],[[37.23608,11.00432],[37.23587,11.00412]],[[37.48751,11.26402],[37.48616,11.26179]],[[37.48629,11.26173],[37.48751,11.26402]],[[38.05313,11.60714],[38.05779,11.60797]],[[38.05779,11.60797],[38.06132,11.61303]],[[38.05313,11.60714],[38.04395,11.60397]],[[37.77533,11.06187],[37.7746,11.06157]],[[37.78988,11.08127],[37.77881,11.08203],[37.7743,11.07206],[37.78057,11.06767]],[[40.22621,7.67404],[40.23038,7.67893],[40.23233,7.67017],[40.23496,7.67737],[40.24276,7.67048],[40.25264,7.67065]],[[40.26011,7.67025],[40.25764,7.66985]],[[40.25309,7.67042],[40.25764,7.66985]],[[40.25264,7.67065],[40.25309,7.67042]],[[40.30575,7.6911],[40.30464,7.68848]],[[40.30464,7.68848],[40.30455,7.6882]],[[40.30455,7.6882],[40.26011,7.67025]],[[38.78157,9.04293],[38.78163,9.03946]],[[36.48002,11.55101],[36.48166,11.55223]],[[37.78061,11.06737],[37.77533,11.06187]],[[37.78057,11.06767],[37.78061,11.06737]],[[37.75807,11.02532],[37.75774,11.02544]],[[37.7746,11.06157],[37.76865,11.06031],[37.77217,11.04613],[37.76601,11.04391],[37.76674,11.03476],[37.75807,11.02532]],[[39.65304,10.31791],[39.65302,10.31833]],[[39.65338,10.31698],[39.65854,10.31213]],[[39.52593,10.30535],[39.49001,10.28907],[39.47479,10.25146],[39.45996,10.23263],[39.4445,10.22611]],[[39.60423,10.31479],[39.57644,10.31805],[39.56317,10.31428],[39.55472,10.30414],[39.5373,10.3014]],[[39.6046,10.31467],[39.60423,10.31479]],[[39.11075,9.78112],[39.11107,9.78101]],[[38.99266,9.78909],[39.06019,9.7841],[39.07892,9.78784],[39.11075,9.78112]],[[39.36019,9.62146],[39.38744,9.60652]],[[39.35999,9.62152],[39.36019,9.62146]],[[39.38774,9.60649],[39.39679,9.60626],[39.40341,9.61329]],[[39.38744,9.60652],[39.38774,9.60649]],[[39.40351,9.61348],[39.42259,9.64047],[39.49169,9.66414],[39.51421,9.66245]],[[39.40341,9.61329],[39.40351,9.61348]],[[38.99245,9.7889],[38.99266,9.78909]],[[38.99266,9.78909],[38.99235,9.78909]],[[39.0013,9.76828],[38.99235,9.78909]],[[39.00137,9.7681],[39.0013,9.76828]],[[38.8956,9.99656],[38.89326,9.98145],[38.88689,9.97522],[38.89658,9.97056],[38.89849,9.95548]],[[38.89538,9.99681],[38.8956,9.99656]],[[38.96327,10.21971],[38.95476,10.206],[38.95408,10.17207]],[[38.96333,10.21995],[38.96327,10.21971]],[[38.95421,10.17186],[38.96552,10.14618]],[[38.95408,10.17207],[38.95421,10.17186]],[[39.42702,10.61645],[39.43638,10.5971],[39.43191,10.58582],[39.42041,10.57555],[39.38696,10.56952],[39.34494,10.52166],[39.26284,10.45162],[39.24741,10.42612],[39.25525,10.42142]],[[39.42688,10.61673],[39.42702,10.61645]],[[35.68867,9.2744],[35.68846,9.27427]],[[35.68858,9.27418],[35.68867,9.2744]],[[39.5969,11.09363],[39.57329,11.09596],[39.55859,11.08677]],[[39.59743,11.09389],[39.5969,11.09363]],[[39.55859,11.08677],[39.55806,11.08689]],[[39.64269,11.09549],[39.64131,11.08698],[39.63162,11.0835],[39.61829,11.09451],[39.59743,11.09389]],[[39.27261,10.98041],[39.27069,10.98485]],[[39.27259,10.98016],[39.27261,10.98041]],[[39.21917,11.04026],[39.2189,11.04043]],[[39.27069,10.98485],[39.26206,11.01599],[39.24767,11.0283],[39.23213,11.02834],[39.21917,11.04026]],[[35.66268,10.62902],[35.64362,10.61415],[35.63019,10.61755],[35.62648,10.61367],[35.61103,10.62239],[35.61275,10.63989]],[[38.91938,11.79581],[38.9232,11.80579]],[[38.92628,11.72974],[38.91878,11.73356],[38.9222,11.74788],[38.91148,11.76637],[38.91926,11.79564]],[[38.92669,11.72924],[38.92628,11.72974]],[[39.02646,12.21487],[39.03441,12.22354]],[[39.02632,12.21482],[39.02646,12.21487]],[[38.97672,11.91398],[38.98336,11.9319],[39.00239,11.94189],[39.00937,11.95821]],[[38.97677,11.91346],[38.97672,11.91398]],[[38.93655,11.85407],[38.93661,11.85437]],[[38.99919,12.29573],[38.99905,12.29588]],[[39.03049,12.26683],[38.99919,12.29573]],[[39.03682,12.62109],[39.03513,12.62537]],[[39.03504,12.62532],[39.03682,12.62109]],[[39.20204,12.50874],[39.20227,12.50873]],[[39.19947,12.50949],[39.20204,12.50874]],[[39.20227,12.50873],[39.21807,12.51246],[39.23128,12.50442]],[[39.1993,12.50975],[39.19947,12.50949]],[[39.1475,12.50533],[39.14765,12.5055]],[[39.11416,12.50645],[39.12664,12.49068],[39.13547,12.48903],[39.14809,12.49955],[39.1475,12.50533]],[[39.09931,12.50618],[39.09944,12.50617]],[[39.09838,12.50681],[39.09931,12.50618]],[[39.25094,11.50823],[39.25607,11.49877]],[[39.25009,11.5178],[39.24992,11.51767]],[[39.22139,11.5841],[39.22139,11.58395]],[[39.02506,11.51703],[39.01075,11.5093],[39.0216,11.50819],[39.0545,11.5251],[39.10173,11.53636],[39.1059,11.54672],[39.12872,11.56233],[39.17511,11.57432],[39.18602,11.5897],[39.2064,11.59422],[39.22019,11.59063],[39.22139,11.5841]],[[39.03063,11.54441],[39.03079,11.54432]],[[39.02065,11.54883],[39.03063,11.54441]],[[38.94263,11.59795],[38.96331,11.60183],[38.96712,11.58915]],[[38.94246,11.59808],[38.94263,11.59795]],[[38.92084,11.61848],[38.92642,11.61115],[38.93788,11.60927],[38.94246,11.59808]],[[38.92063,11.61852],[38.92084,11.61848]],[[38.9326,11.66373],[38.93281,11.66342]],[[38.92355,11.6881],[38.9326,11.66373]],[[39.2599,11.49642],[39.26155,11.49532]],[[39.25496,11.49792],[39.25615,11.49876]],[[39.25457,11.4976],[39.25496,11.49792]],[[39.24545,11.49039],[39.24559,11.49048]],[[39.23604,11.48898],[39.24545,11.49039]],[[39.23568,11.48904],[39.23604,11.48898]],[[39.23639,11.48153],[39.23568,11.48904]],[[39.24607,11.39187],[39.23901,11.41191],[39.24623,11.43523],[39.24492,11.45241],[39.23716,11.4585],[39.24553,11.47215],[39.23679,11.47851]],[[39.246,11.39179],[39.24607,11.39187]],[[38.69436,9.05853],[38.69426,9.05848]],[[38.79304,10.26502],[38.77905,10.26333],[38.77396,10.25525],[38.76144,10.25158],[38.74617,10.26111],[38.7456,10.25195],[38.69968,10.22323]],[[38.8683,10.27151],[38.86816,10.27143]],[[38.95977,10.21733],[38.95936,10.21754]],[[38.96125,10.21649],[38.95977,10.21733]],[[36.40499,11.37423],[36.41931,11.42291],[36.41153,11.43036],[36.43018,11.46101],[36.43431,11.48648],[36.43288,11.51323],[36.42418,11.52005],[36.42672,11.52959],[36.48002,11.55101]],[[38.92204,10.27626],[38.92137,10.27617]],[[38.92137,10.27617],[38.90848,10.26373],[38.88628,10.26416],[38.8683,10.27151]],[[38.92137,10.27617],[38.92204,10.27626]],[[38.25918,10.87314],[38.273,10.86734]],[[38.2369,10.88866],[38.23714,10.88846]],[[38.27314,10.86729],[38.27314,10.86729]],[[37.22519,12.33458],[37.24929,12.36038],[37.26855,12.37039],[37.27483,12.36865],[37.28213,12.38421],[37.31753,12.41863]],[[38.83011,10.78102],[38.83652,10.76601],[38.85294,10.76654],[38.85527,10.75868],[38.87467,10.77063]],[[38.73956,10.74657],[38.73994,10.74662]],[[38.5153,10.68435],[38.51677,10.6843]],[[38.50439,10.66283],[38.51055,10.66629],[38.5153,10.68435]],[[38.47181,10.72255],[38.47189,10.72225]],[[38.38067,10.82128],[38.44556,10.77781],[38.45523,10.728],[38.46371,10.72694],[38.46718,10.73176],[38.46038,10.73195],[38.46716,10.73398],[38.47181,10.72255]],[[38.38041,10.82116],[38.38067,10.82128]],[[38.32737,10.85314],[38.35056,10.84386],[38.37393,10.82366]],[[38.32701,10.85311],[38.32737,10.85314]],[[38.31543,10.84684],[38.32701,10.85311]],[[38.31522,10.8466],[38.31543,10.84684]],[[38.28405,10.852],[38.3014,10.84097],[38.31522,10.8466]],[[38.78527,10.76562],[38.7858,10.76552]],[[38.73994,10.74662],[38.75213,10.74433],[38.77815,10.76555],[38.78527,10.76562]],[[38.90257,10.78253],[38.91099,10.77198],[38.90603,10.75954],[38.92328,10.77968],[38.9396,10.78577]],[[38.90203,10.78275],[38.90257,10.78253]],[[38.8752,10.77063],[38.90203,10.78275]],[[38.87467,10.77063],[38.8752,10.77063]],[[38.82983,10.78117],[38.83011,10.78102]],[[38.7858,10.76552],[38.79344,10.74763],[38.82983,10.78117]],[[39.22662,10.94384],[39.22634,10.94422]],[[39.21507,10.92673],[39.22662,10.94384]],[[39.08752,10.79058],[39.08814,10.79032]],[[39.03902,10.79721],[39.04668,10.79051],[39.08752,10.79058]],[[39.03887,10.79753],[39.03902,10.79721]],[[39.00631,10.81121],[39.0115,10.8036],[39.0248,10.80619],[39.03887,10.79753]],[[39.00577,10.81143],[39.00631,10.81121]],[[38.98452,10.8064],[39.00577,10.81143]],[[38.94015,10.78593],[38.98391,10.80631]],[[38.9396,10.78577],[38.94015,10.78593]],[[36.51058,11.56395],[36.54963,11.53691]],[[36.51051,11.56411],[36.51058,11.56395]],[[37.07838,12.24078],[37.05056,12.20502]],[[37.07873,12.24073],[37.07838,12.24078]],[[37.05028,12.19923],[37.05056,12.20502]],[[37.05033,12.19903],[37.05028,12.19923]],[[37.00794,12.20042],[37.01677,12.20499],[37.04017,12.19251],[37.05011,12.19372]],[[37.00767,12.20031],[37.00794,12.20042]],[[36.97258,12.19275],[36.99175,12.18985],[37.00767,12.20031]],[[36.97242,12.19267],[36.97258,12.19275]],[[37.19087,12.35838],[37.1912,12.35832]],[[37.17208,12.36593],[37.19087,12.35838]],[[37.17175,12.36581],[37.17208,12.36593]],[[37.14858,12.38294],[37.17175,12.36581]],[[37.14827,12.38292],[37.14858,12.38294]],[[37.13015,12.39228],[37.14827,12.38292]],[[37.12985,12.39237],[37.13015,12.39228]],[[37.12568,12.39304],[37.12985,12.39237]],[[37.12531,12.39306],[37.12568,12.39304]],[[37.1007,12.31918],[37.10648,12.3211],[37.1104,12.33481],[37.10853,12.39342],[37.12531,12.39306]],[[38.73778,9.04931],[38.73765,9.04908]],[[37.05242,12.38794],[37.05589,12.35512]],[[37.05234,12.38812],[37.05242,12.38794]],[[37.05585,12.35494],[37.0547,12.34262],[37.0666,12.33779],[37.076,12.31018],[37.09774,12.30155],[37.10164,12.27792],[37.09499,12.2722],[37.08679,12.24697],[37.07873,12.24073]],[[37.05589,12.35512],[37.05585,12.35494]],[[36.47339,13.71298],[36.47347,13.69469]],[[36.47358,13.6946],[36.47339,13.71298]],[[36.47351,13.69434],[36.47351,13.69434]],[[36.47324,13.69442],[36.47112,13.6847]],[[36.47112,13.6847],[36.47351,13.69434]],[[36.48594,13.46297],[36.48564,13.46378]],[[36.48608,13.46264],[36.48594,13.46297]],[[37.18627,12.93341],[37.18614,12.93343]],[[37.2877,12.99581],[37.26798,12.99523],[37.23715,12.97685],[37.22712,12.97888],[37.21689,12.96366],[37.22163,12.96223],[37.21503,12.9575],[37.21391,12.94643],[37.2052,12.9488],[37.19558,12.94305],[37.19126,12.94673],[37.18627,12.93341]],[[36.91224,12.90486],[36.91186,12.90481]],[[38.27302,10.86742],[38.25918,10.87314]],[[38.28012,10.86384],[38.27316,10.8674]],[[38.27316,10.86731],[38.28012,10.86384]],[[38.23714,10.88846],[38.25918,10.87314]],[[37.10227,9.5494],[37.10227,9.54911]],[[37.09965,9.56707],[37.10227,9.5494]],[[37.36287,9.5402],[37.36304,9.53988]],[[37.36304,9.53988],[37.3719,9.53119]],[[37.10428,9.56669],[37.10428,9.56669]],[[36.49796,11.5679],[36.4873,11.56501],[36.48221,11.55251]],[[36.49796,11.5679],[36.51051,11.56411]],[[36.48166,11.55223],[36.48188,11.55234]],[[36.66636,9.56867],[36.66631,9.56898]],[[36.66631,9.56898],[36.64945,9.58827],[36.64089,9.58962]],[[38.79314,10.26508],[38.79304,10.26502]],[[38.86816,10.27143],[38.85606,10.27599],[38.8428,10.2707],[38.806,10.27219],[38.79314,10.26508]],[[39.0178,9.23905],[39.01777,9.23916]],[[39.01777,9.23916],[39.0195,9.25151],[39.03403,9.25397],[39.04073,9.26686],[39.07214,9.2689],[39.09681,9.28281],[39.14225,9.28361],[39.14329,9.2788]],[[39.14329,9.2788],[39.14333,9.2787]],[[39.14333,9.2787],[39.1434,9.25433],[39.17696,9.24443]],[[39.17696,9.24443],[39.17703,9.24436]],[[39.17703,9.24436],[39.18888,9.23824]],[[38.98912,9.30481],[38.98908,9.30464]],[[38.98908,9.30464],[38.97165,9.27777]],[[38.97165,9.27777],[38.97172,9.27766]],[[38.90074,9.57081],[38.94558,9.53843],[38.95691,9.51191],[38.95686,9.49899],[38.97538,9.47447],[39.00065,9.46837],[39.01961,9.44418],[39.01305,9.38711],[38.99732,9.35362],[38.98912,9.30481]],[[39.01768,9.66734],[39.01775,9.66747]],[[38.99821,9.65637],[39.01768,9.66734]],[[38.98315,9.64315],[38.98352,9.64337]],[[38.98352,9.64337],[38.99789,9.65612]],[[38.94988,9.6235],[38.95001,9.62361]],[[38.95001,9.62361],[38.96583,9.63899],[38.98315,9.64315]],[[38.92217,9.58894],[38.92226,9.58904]],[[38.91099,9.57926],[38.92217,9.58894]],[[38.91083,9.57914],[38.91099,9.57926]],[[38.92226,9.58904],[38.92721,9.60288],[38.94988,9.6235]],[[35.79184,8.98724],[35.79171,8.98724]],[[35.82157,8.98838],[35.80717,8.99354],[35.79974,8.98629],[35.79184,8.98724]],[[35.59915,8.31179],[35.59894,8.31203]],[[35.59894,8.31203],[35.59891,8.31182]],[[35.64613,8.48199],[35.64639,8.48221]],[[35.58339,8.29551],[35.58342,8.29518]],[[35.58342,8.29518],[35.58352,8.29542]],[[39.00108,8.79631],[39.00122,8.79622]],[[39.00124,8.79641],[39.00108,8.79631]],[[38.86594,8.83699],[38.86608,8.83714]],[[38.86608,8.83714],[38.86671,8.84214]],[[37.16708,11.70612],[37.16708,11.70687]],[[38.98657,8.70737],[38.98661,8.70719]],[[38.98689,8.71517],[38.98657,8.70737]],[[40.52647,9.12293],[40.52647,9.12277]],[[40.52647,9.12277],[40.53193,9.10478]],[[40.46449,8.82336],[40.4645,8.82309]],[[40.45224,8.82483],[40.46449,8.82336]],[[40.24841,8.43291],[40.24894,8.43315]],[[40.24894,8.43315],[40.25154,8.45005],[40.26307,8.45376],[40.25653,8.47392]],[[41.97616,8.75228],[41.97625,8.75245]],[[41.89144,8.69053],[41.9016,8.6867],[41.91604,8.69154],[41.91513,8.68461],[41.91977,8.68607],[41.92909,8.67446],[41.93377,8.69332],[41.94618,8.69305],[41.94985,8.71118],[41.9785,8.74042],[41.97616,8.75228]],[[36.92116,13.35698],[36.9514,13.3543]],[[36.9514,13.3543],[36.95161,13.35436]],[[36.95161,13.35436],[36.97352,13.36569],[36.98774,13.36282]],[[36.66376,13.32208],[36.66769,13.31055]],[[41.85814,8.65875],[41.84667,8.65846]],[[38.94152,9.05859],[38.94134,9.05887]],[[38.94174,9.0549],[38.94152,9.05859]],[[38.93747,9.09142],[38.93861,9.08268]],[[38.94134,9.05887],[38.93861,9.08268]],[[38.93882,9.04383],[38.94174,9.0549]],[[39.07151,12.52415],[39.06103,12.54232]],[[38.00259,12.00864],[37.99182,12.03361]],[[37.98799,12.03763],[37.98366,12.04755]],[[37.98366,12.04755],[37.98408,12.04856]],[[37.98408,12.04856],[37.97567,12.05562],[37.98188,12.06555]],[[39.92277,12.85785],[39.92109,12.87335]],[[36.78321,11.312],[36.7833,11.31187]],[[36.78157,11.3245],[36.78321,11.312]],[[38.99515,10.05707],[38.96314,10.06164],[38.92326,10.03284],[38.90716,10.01188],[38.87651,10.01009],[38.87584,10.00482],[38.89538,9.99681]],[[38.99402,10.06009],[38.99402,10.06009]],[[39.83636,13.23489],[39.83618,13.23557]],[[39.83618,13.23557],[39.84228,13.26068],[39.8312,13.26936]],[[39.81383,13.20343],[39.81395,13.20392]],[[39.82463,13.22026],[39.83636,13.23489]],[[39.8118,13.19551],[39.81383,13.20343]],[[39.91429,12.91324],[39.90886,12.92699],[39.91403,12.94013],[39.89935,12.96671]],[[39.97033,12.50973],[39.96812,12.50626]],[[39.97066,12.45216],[39.97263,12.4367],[39.95801,12.41495],[39.93832,12.41054],[39.93123,12.41405]],[[39.93123,12.41405],[39.93041,12.41337]],[[39.88636,12.3937],[39.90846,12.38338],[39.92583,12.39538],[39.93041,12.41337]],[[39.88527,12.39224],[39.87844,12.3745]],[[39.87917,12.36938],[39.8936,12.34566]],[[39.5203,10.52548],[39.51884,10.53284],[39.52551,10.5327],[39.5531,10.52177],[39.56051,10.53164],[39.58036,10.53336],[39.59614,10.54378],[39.60557,10.55823],[39.6186,10.56049],[39.62888,10.57712],[39.65313,10.58253],[39.67614,10.59734],[39.68564,10.62297],[39.70055,10.63633],[39.70726,10.65066]],[[39.77241,10.6993],[39.77267,10.69908]],[[39.6745,10.34561],[39.66896,10.33382],[39.64831,10.32407]],[[35.62712,8.68649],[35.62741,8.6868]],[[35.62774,8.65056],[35.62332,8.66728],[35.62712,8.68649]],[[39.00314,10.05392],[39.01036,10.05055]],[[39.00177,10.0552],[39.00314,10.05392]],[[39.23888,8.91626],[39.22695,8.92233],[39.22024,8.93522],[39.21197,8.96756],[39.2137,8.98095]],[[39.24789,8.85151],[39.2438,8.84253]],[[39.2568,8.96141],[39.26751,8.96541],[39.28118,8.94688],[39.28762,8.95159],[39.31022,8.93644],[39.35787,8.92689]],[[39.73981,9.1029],[39.74026,9.10279]],[[38.44619,5.99429],[38.4528,5.98531],[38.46434,5.9853],[38.4805,5.97032]],[[40.97634,7.44834],[40.97819,7.45423]],[[39.63099,7.8612],[39.62664,7.89334],[39.60197,7.93543]],[[40.1909,7.45627],[40.19017,7.45443]],[[40.22215,7.67669],[40.217,7.67261],[40.21371,7.68012]],[[40.22215,7.67669],[40.22621,7.67404]],[[40.21371,7.68012],[40.21355,7.69249],[40.20658,7.68642]],[[40.30575,7.6911],[40.33939,7.71384]],[[40.33939,7.71384],[40.34003,7.71427]],[[40.34003,7.71427],[40.34989,7.72788],[40.34832,7.73385]],[[39.99971,8.07127],[39.98674,8.07929],[39.99787,8.08287],[39.96813,8.09135],[39.95442,8.10985],[39.94343,8.10555],[39.93918,8.11013],[39.9472,8.113],[39.93751,8.11712],[39.9362,8.12714],[39.9303,8.12607]],[[39.9303,8.12607],[39.92442,8.11833],[39.91412,8.12131],[39.90064,8.14505],[39.9007,8.16968],[39.90813,8.18127],[39.91374,8.21575],[39.92347,8.22477]],[[39.85587,8.27941],[39.85286,8.28323]],[[39.72398,9.15046],[39.7242,9.13577],[39.74094,9.12855],[39.73214,9.11423],[39.73359,9.10409],[39.73981,9.1029]],[[39.26171,13.61461],[39.25184,13.62518],[39.25335,13.6577],[39.24683,13.67179]],[[36.95023,8.3055],[36.95588,8.30284],[36.96741,8.31227]],[[37.11275,8.30037],[37.12806,8.31991],[37.12985,8.34227],[37.14089,8.36151]],[[37.14097,8.36183],[37.15628,8.37439],[37.19826,8.37547],[37.21639,8.36621],[37.24542,8.36487],[37.25373,8.35862],[37.27733,8.36653],[37.30709,8.35933],[37.33072,8.36902],[37.33466,8.36533],[37.34146,8.38811],[37.37094,8.41918],[37.38242,8.4199]],[[37.43408,9.78454],[37.46987,9.78091]],[[37.46987,9.78091],[37.47071,9.78053]],[[37.47071,9.78053],[37.47586,9.77472],[37.48412,9.77912],[37.48824,9.77205],[37.48723,9.79895]],[[37.48723,9.79895],[37.50869,9.82512],[37.51627,9.80697],[37.49875,9.78632]],[[39.65875,10.31201],[39.67024,10.31481]],[[39.66063,10.31267],[39.6587,10.31213]],[[36.4896,5.97611],[36.47327,5.92722],[36.45248,5.93645],[36.43803,5.93501],[36.44336,5.93769],[36.43711,5.94263],[36.44074,5.96087],[36.42192,5.96388],[36.41045,5.97376]],[[36.56013,6.16047],[36.55677,6.13741],[36.53875,6.09124],[36.53454,6.02239],[36.53963,6.01],[36.52902,5.98213]],[[36.5605,6.16079],[36.56013,6.16047]],[[36.57534,7.28797],[36.57051,7.28023],[36.57395,7.2765]],[[36.57395,7.2765],[36.57833,7.25952],[36.573,7.24557],[36.57808,7.23545]],[[36.57808,7.23545],[36.57854,7.2352]],[[36.57854,7.2352],[36.58352,7.23377],[36.58244,7.21581],[36.58909,7.20845]],[[36.58909,7.20845],[36.58941,7.20856]],[[36.58941,7.20856],[36.58852,7.18538]],[[37.91429,6.73037],[37.89274,6.72787],[37.87472,6.71213],[37.85985,6.71371]],[[38.04777,6.74418],[38.0439,6.72425]],[[38.0358,6.68686],[38.0362,6.68702]],[[37.66519,6.93996],[37.68337,6.9631]],[[38.26315,6.68851],[38.27417,6.68215],[38.28637,6.68325]],[[39.26171,13.61461],[39.26423,13.59542],[39.28418,13.5681],[39.32838,13.54668],[39.33001,13.53246],[39.35167,13.54615],[39.3562,13.54136]],[[42.12278,8.87293],[42.12216,8.87497]],[[39.41851,13.4954],[39.44839,13.4866]],[[40.20658,7.68642],[40.20441,7.68137]],[[37.7513,7.85405],[37.75008,7.85835]],[[38.43246,7.63234],[38.43175,7.62869]],[[37.70017,7.06869],[37.70619,7.0686]],[[37.68541,7.02978],[37.6832,7.02028]],[[38.1654,12.52806],[38.16527,12.52593]],[[39.26399,14.19759],[39.26405,14.19779]],[[39.27356,14.17731],[39.26451,14.18822]],[[40.17482,11.33181],[40.1747,11.332]],[[40.21371,11.26083],[40.21277,11.27216],[40.1934,11.29051],[40.17482,11.33181]],[[39.67021,10.31489],[39.66274,10.3132]],[[39.65874,10.31207],[39.65873,10.31197]],[[37.42049,9.79077],[37.4196,9.78241]],[[37.43408,9.78454],[37.42959,9.78498]],[[38.91558,11.46129],[38.9085,11.45882]],[[38.75116,9.06427],[38.75272,9.05613]],[[38.74465,9.06369],[38.74842,9.06511]],[[38.74377,9.06314],[38.74465,9.06369]],[[38.74104,9.06133],[38.74377,9.06314]],[[38.73937,9.06032],[38.74104,9.06133]],[[38.74391,9.06041],[38.7439,9.05925]],[[38.7439,9.05925],[38.74387,9.05865]],[[38.74387,9.05865],[38.74385,9.05818]],[[38.74385,9.05818],[38.74379,9.05776]],[[38.74379,9.05776],[38.74362,9.05697]],[[38.74362,9.05697],[38.74405,9.0535]],[[38.75899,9.05461],[38.75915,9.05545]],[[38.68424,9.06219],[38.68498,9.05464]],[[36.92908,8.1043],[36.95035,8.09081]],[[38.08643,7.30233],[38.08791,7.31288]],[[38.08803,7.31489],[38.08783,7.31313]],[[38.08756,7.31638],[38.08803,7.31489]],[[38.0881,7.31496],[38.08756,7.31638]],[[38.35988,7.67917],[38.35996,7.68365]],[[38.35996,7.68365],[38.35988,7.67917]],[[38.35988,7.67917],[38.34462,7.63376]],[[38.42499,6.60542],[38.42056,6.61118]],[[38.42056,6.61118],[38.42499,6.60542]],[[38.42499,6.60542],[38.42126,6.59797]],[[37.33268,11.5968],[37.32482,11.60271]],[[38.98432,11.97853],[38.98422,11.97854]],[[37.34617,11.5976],[37.33268,11.5968]],[[41.73824,3.97245],[41.69761,3.96896],[41.66035,3.95201]],[[45.24325,8.58949],[45.32596,8.56195]],[[39.74403,9.64166],[39.74676,9.67362],[39.73846,9.67539],[39.73886,9.68211],[39.72508,9.67495],[39.72007,9.68328],[39.69034,9.65172],[39.66589,9.64783],[39.60687,9.65147],[39.59874,9.64414],[39.58444,9.64554],[39.56832,9.65375],[39.56208,9.66443]],[[37.87586,6.76362],[37.8903,6.75574],[37.90311,6.75648],[37.9094,6.76306],[37.91367,6.75419]],[[41.00877,11.79228],[40.99981,11.79697]],[[40.99974,11.79685],[41.00873,11.7922]],[[39.2483,8.88528],[39.24676,8.87359]],[[39.24671,8.87349],[39.24186,8.86401]],[[39.24676,8.87359],[39.24671,8.87349]],[[39.21871,8.98534],[39.2568,8.96141]],[[39.21871,8.98534],[39.2137,8.98095]],[[39.23888,8.91626],[39.2381,8.90884]],[[39.21212,8.98464],[39.2137,8.98095]],[[39.212,8.98493],[39.21212,8.98464]],[[39.17926,8.96589],[39.17557,8.96773]],[[39.15459,8.967],[39.15416,8.96683]],[[39.17557,8.96773],[39.15459,8.967]],[[39.13527,8.97101],[39.13503,8.97103]],[[39.15416,8.96683],[39.13527,8.97101]],[[39.37091,8.9151],[39.37091,8.9151]],[[35.81681,6.66596],[35.8171,6.66579]],[[35.74133,6.51166],[35.74085,6.52303],[35.76038,6.56364],[35.756,6.56911],[35.76616,6.59861],[35.7666,6.61744],[35.78265,6.63746],[35.79529,6.64178],[35.7991,6.65772],[35.81681,6.66596]],[[38.75447,9.00392],[38.75301,8.99329]],[[38.7547,9.00385],[38.75459,9.0057]],[[36.27933,12.98196],[36.28346,12.9951]],[[36.27927,12.98173],[36.27933,12.98196]],[[36.27305,12.9624],[36.27927,12.98173]],[[36.27296,12.96214],[36.27305,12.9624]],[[36.76154,8.78317],[36.76227,8.76751],[36.77596,8.78784]],[[36.76154,8.78326],[36.76154,8.78317]],[[36.75728,8.79488],[36.75745,8.79472]],[[36.75745,8.79472],[36.76154,8.78326]],[[36.54182,8.77752],[36.53146,8.78277],[36.50595,8.7746],[36.48749,8.77633]],[[36.54192,8.77746],[36.54182,8.77752]],[[35.48089,8.96138],[35.48116,8.96119]],[[44.22189,8.92726],[44.30401,8.90003]],[[40.00598,13.83831],[40.00585,13.83795]],[[35.94493,6.10595],[35.94657,6.10663]],[[41.43651,11.56577],[41.43789,11.56402]],[[37.83823,6.66462],[37.83732,6.65692]],[[38.40139,7.09457],[38.40789,7.09351]],[[35.58516,6.17409],[35.58468,6.16853]],[[35.79239,5.85411],[35.79373,5.86936],[35.85543,5.94026],[35.85279,5.98259],[35.86927,6.00374],[35.87208,6.05088],[35.89413,6.07176]],[[39.86897,13.03073],[39.8476,13.05681]],[[39.35762,8.1443],[39.35553,8.15],[39.34729,8.14438],[39.32313,8.14528],[39.28683,8.12183],[39.23525,8.14049]],[[39.3578,8.14431],[39.35762,8.1443]],[[39.36092,8.14253],[39.3578,8.14431]],[[39.36105,8.14233],[39.36092,8.14253]],[[39.6468,7.8135],[39.68393,7.78158],[39.70177,7.75274],[39.70283,7.73475],[39.72053,7.72761],[39.76255,7.68946],[39.79038,7.64148],[39.82169,7.63025],[39.86208,7.57332],[39.91448,7.56595],[39.92057,7.5508],[39.93982,7.54275],[40.0359,7.53032],[40.02585,7.52575],[40.03671,7.52377],[40.04623,7.50666],[40.06879,7.49522],[40.08635,7.49948],[40.09877,7.49494],[40.1155,7.50304],[40.13782,7.49959],[40.14003,7.48964],[40.14273,7.49274],[40.14823,7.48456],[40.18244,7.47134],[40.19687,7.47363],[40.19107,7.46315],[40.20476,7.46629],[40.1909,7.45627]],[[39.1795,14.54376],[39.1923,14.55801]],[[33.68417,8.29849],[33.80002,8.21611]],[[33.68397,8.29845],[33.68417,8.29849]],[[35.61276,10.64011],[35.58821,10.66114],[35.59236,10.66952],[35.5891,10.67597],[35.57929,10.67351],[35.57351,10.67904],[35.57771,10.686],[35.56376,10.68578],[35.56964,10.69496],[35.55501,10.69833],[35.55491,10.71327],[35.55286,10.70432],[35.54501,10.70471]],[[38.72993,9.01661],[38.72967,9.0167]],[[38.69334,8.9327],[38.69334,8.9327]],[[38.69583,8.94921],[38.69586,8.94948]],[[38.69363,8.93325],[38.69509,8.94363]],[[38.69514,8.94401],[38.69583,8.94921]],[[38.69586,8.94948],[38.69693,8.95388]],[[38.69509,8.94363],[38.69514,8.94401]],[[38.69566,8.94944],[38.69563,8.94918]],[[38.69491,8.94401],[38.69485,8.94361]],[[38.69485,8.94361],[38.69323,8.93332]],[[38.69563,8.94918],[38.69491,8.94401]],[[37.94414,8.57091],[37.94405,8.57102]],[[38.75305,9.01144],[38.75322,9.01065]],[[38.72967,9.0167],[38.72985,9.01652]],[[38.7533,9.01096],[38.75321,9.0115]],[[36.59084,6.46767],[36.58655,6.46961]],[[36.59701,6.46246],[36.59669,6.46246]],[[37.7352,10.36834],[37.73112,10.35407]],[[37.85167,8.98499],[37.85618,8.99163]],[[39.81224,13.13027],[39.79867,13.14114],[39.80061,13.15197]],[[39.81292,13.1299],[39.81224,13.13027]],[[39.80618,13.17441],[39.8148,13.18411],[39.81283,13.19005]],[[39.80617,13.17386],[39.80618,13.17441]],[[40.38343,9.01767],[40.38317,9.01791]],[[40.38317,9.01791],[40.37952,9.02232]],[[37.37073,9.09174],[37.37067,9.09191]],[[37.37067,9.09191],[37.37067,9.09715],[37.35987,9.09867],[37.3328,9.09024],[37.31935,9.10874],[37.29892,9.11813],[37.29018,9.13438],[37.30223,9.164]],[[36.48188,11.55234],[36.48221,11.55251]],[[38.88503,8.97807],[38.88494,8.97827]],[[38.8847,8.96549],[38.88462,8.96561]],[[38.8847,8.96532],[38.8847,8.96549]],[[38.88462,8.96561],[38.88426,8.96558]],[[38.88453,8.97787],[38.88489,8.97781]],[[38.88455,8.97825],[38.88453,8.97787]],[[38.88494,8.97827],[38.88455,8.97825]],[[33.54303,8.33634],[33.54224,8.33588]],[[33.68397,8.29845],[33.57582,8.34542],[33.56297,8.34723],[33.54303,8.33634]],[[38.78066,9.02333],[38.78081,9.02336]],[[38.7682,9.01651],[38.7645,9.01701]],[[38.77016,9.01616],[38.77007,9.01619]],[[38.73327,9.02916],[38.73296,9.0291]],[[38.73297,9.02904],[38.73328,9.02907]],[[38.75321,9.0115],[38.75318,9.01172]],[[38.753,9.0117],[38.75305,9.01144]],[[38.73206,9.0459],[38.73217,9.04564]],[[38.73204,9.03472],[38.7321,9.03428]],[[38.78892,9.06256],[38.78819,9.06232]],[[38.78937,9.0626],[38.78921,9.06277]],[[38.78896,9.06268],[38.78892,9.06256]],[[38.78921,9.06277],[38.78896,9.06268]],[[38.78914,9.06234],[38.78933,9.06242]],[[38.78896,9.06244],[38.78914,9.06234]],[[38.78892,9.06256],[38.78896,9.06244]],[[38.77759,9.05695],[38.77752,9.05708]],[[38.77752,9.05678],[38.77759,9.05695]],[[38.77741,9.05673],[38.77752,9.05678]],[[38.77719,9.05695],[38.77741,9.05673]],[[38.77727,9.05709],[38.77719,9.05695]],[[38.76824,9.0468],[38.7681,9.04682]],[[38.76838,9.04663],[38.76824,9.0468]],[[38.76838,9.04651],[38.76838,9.04663]],[[38.76835,9.04645],[38.76838,9.04651]],[[38.76796,9.04638],[38.76835,9.04645]],[[38.76788,9.04651],[38.76796,9.04638]],[[38.75329,9.03424],[38.75274,9.03529]],[[38.74654,9.04846],[38.74636,9.04827]],[[38.74618,9.04806],[38.74614,9.04801]],[[38.7463,9.04819],[38.74618,9.04806]],[[38.76164,9.04785],[38.75886,9.05152]],[[39.20541,13.18657],[39.1866,13.19098],[39.17912,13.18502]],[[37.65423,6.92732],[37.65412,6.92734]],[[37.65415,6.92725],[37.65423,6.92732]],[[38.76252,9.02677],[38.76233,9.02679]],[[38.76028,9.02209],[38.76031,9.02217]],[[38.76012,9.02206],[38.76028,9.02209]],[[38.7601,9.02208],[38.76012,9.02206]],[[38.76005,9.02219],[38.7601,9.02208]],[[38.76006,9.02222],[38.76005,9.02219]],[[38.76023,9.0223],[38.76006,9.02222]],[[38.75627,9.01984],[38.75631,9.01973]],[[38.75628,9.01988],[38.75627,9.01984]],[[38.75636,9.01993],[38.75628,9.01988]],[[38.75642,9.01992],[38.75636,9.01993]],[[38.75649,9.01981],[38.75642,9.01992]],[[38.75649,9.01978],[38.75649,9.01981]],[[38.75631,9.01973],[38.75639,9.0197]],[[38.78077,9.0235],[38.78063,9.02345]],[[38.78081,9.02336],[38.78066,9.02385]],[[38.79479,9.02108],[38.79091,9.02144]],[[38.82814,9.03489],[38.82825,9.03453]],[[38.79089,9.02137],[38.7948,9.02099]],[[38.82827,9.03466],[38.82819,9.03491]],[[36.98786,13.36289],[37.00119,13.35994]],[[36.98774,13.36282],[36.98786,13.36289]],[[38.7753,9.02722],[38.77525,9.02715]],[[38.77563,9.02696],[38.77564,9.02713]],[[38.7756,9.02692],[38.77563,9.02696]],[[38.77541,9.02685],[38.7756,9.02692]],[[38.77525,9.02696],[38.77541,9.02685]],[[38.77549,9.02726],[38.7753,9.02722]],[[38.77564,9.02713],[38.77549,9.02726]],[[38.71318,9.05637],[38.71333,9.05663]],[[38.71293,9.05647],[38.71246,9.05552]],[[38.71271,9.05546],[38.71292,9.05591]],[[38.71292,9.05591],[38.71318,9.05637]],[[38.73839,9.03039],[38.73842,9.03042]],[[38.73771,9.02997],[38.73793,9.0301]],[[38.72154,9.04236],[38.72151,9.03767]],[[38.7321,9.03427],[38.7321,9.03424]],[[38.7321,9.03428],[38.7321,9.03427]],[[38.73192,9.03547],[38.73204,9.03472]],[[38.7202,9.05284],[38.72036,9.05275]],[[38.72661,9.06414],[38.7267,9.06414]],[[38.72695,9.06417],[38.72682,9.06414]],[[38.72697,9.0641],[38.72695,9.06417]],[[38.72684,9.06405],[38.72697,9.0641]],[[38.7267,9.06414],[38.72682,9.06414]],[[38.72041,9.05287],[38.72026,9.05295]],[[38.76807,9.05823],[38.7704,9.06375]],[[38.80742,9.01494],[38.81062,9.01335]],[[38.81078,9.01338],[38.8123,9.01194]],[[38.81071,9.01338],[38.81078,9.01338]],[[38.81062,9.01335],[38.81071,9.01338]],[[38.8123,9.01194],[38.8123,9.01171]],[[38.73217,9.04564],[38.73247,9.0416]],[[38.77511,8.9692],[38.77522,8.96892]],[[38.78543,8.95989],[38.78533,8.95994]],[[38.78654,8.95257],[38.78559,8.9598]],[[38.78172,8.95909],[38.78529,8.95983]],[[38.78156,8.95902],[38.78084,8.95805]],[[38.7873,8.96418],[38.77518,8.96925]],[[38.77499,8.97268],[38.77257,8.9781]],[[38.78165,8.95915],[38.78156,8.95902]],[[38.78493,8.94728],[38.78524,8.94742]],[[38.77802,8.94895],[38.7846,8.94754]],[[38.7842,8.94788],[38.778,8.94904]],[[38.77688,8.94902],[38.78172,8.95909]],[[38.78084,8.95805],[38.77888,8.95535]],[[38.77685,8.94893],[38.77688,8.94902]],[[38.778,8.94904],[38.77732,8.94901]],[[38.77673,8.94895],[38.77685,8.94893]],[[38.77685,8.94893],[38.77802,8.94895]],[[38.78529,8.95983],[38.78617,8.95172]],[[37.66828,13.91134],[37.67127,13.91435]],[[37.64868,13.8986],[37.6644,13.90378],[37.66828,13.91134]],[[44.82579,8.72816],[44.92442,8.69543]],[[44.92557,8.69511],[44.93397,8.69235]],[[44.966,8.68173],[44.93397,8.69235]],[[44.73883,8.75647],[44.82579,8.72816]],[[45.15157,8.62008],[45.14743,8.62155]],[[45.15271,8.61971],[45.15157,8.62008]],[[45.22314,8.59615],[45.21926,8.5974]],[[45.23255,8.5924],[45.22314,8.59615]],[[45.21926,8.5974],[45.2157,8.59861]],[[41.86067,9.5855],[41.85949,9.58593]],[[41.86569,9.58494],[41.86626,9.58597]],[[39.85511,10.33197],[39.85504,10.33171]],[[39.85504,10.33171],[39.85261,10.32068],[39.84832,10.33389],[39.84555,10.32971]],[[39.84555,10.32971],[39.8397,10.32439],[39.84026,10.3524],[39.83519,10.3653],[39.82986,10.36213]],[[39.89085,10.30267],[39.87805,10.30362],[39.87911,10.31251],[39.8732,10.32123],[39.87047,10.31746],[39.86754,10.3294],[39.85511,10.33197]],[[39.89095,10.30246],[39.89085,10.30267]],[[41.86521,9.58444],[41.86536,9.58457]],[[41.86466,9.58387],[41.86521,9.58444]],[[39.65465,10.10602],[39.65468,10.10575]],[[38.90369,10.96477],[38.90336,10.96471]],[[39.24789,8.83648],[39.25761,8.81916],[39.28119,8.80943]],[[39.2438,8.84253],[39.24789,8.83648]],[[39.24081,8.86288],[39.2412,8.85446],[39.24789,8.85151]],[[39.24186,8.86401],[39.24081,8.86288]],[[36.5102,5.1255],[36.51006,5.12532]],[[36.51006,5.12532],[36.50293,5.1037],[36.50664,5.0656],[36.49476,5.05061],[36.49339,5.03619]],[[36.49339,5.03619],[36.49333,5.03607]],[[36.49333,5.03607],[36.48482,5.02039],[36.48626,5.01305],[36.47405,4.99732]],[[36.54433,5.16951],[36.54422,5.16941]],[[36.54422,5.16941],[36.53548,5.15815]],[[33.85372,8.19145],[33.86989,8.18863],[33.87827,8.1936],[33.91358,8.19314],[33.94288,8.20017]],[[33.85366,8.19146],[33.85372,8.19145]],[[33.84498,8.19296],[33.84671,8.19266]],[[33.84492,8.19297],[33.84498,8.19296]],[[33.82794,8.19734],[33.84492,8.19297]],[[33.82789,8.19737],[33.82794,8.19734]],[[33.84677,8.19265],[33.85366,8.19146]],[[33.84671,8.19266],[33.84677,8.19265]],[[37.42766,12.53574],[37.4288,12.51988]],[[37.42767,12.53594],[37.42766,12.53574]],[[37.42618,12.5457],[37.42767,12.53594]],[[41.86536,9.58457],[41.86546,9.58469]],[[41.86546,9.58469],[41.86569,9.58494]],[[39.55131,13.44709],[39.48197,13.45087]],[[39.41882,13.49541],[39.41,13.50146],[39.45174,13.45532],[39.48149,13.45092]],[[39.46409,13.44854],[39.44779,13.41316]],[[39.44847,13.48663],[39.45274,13.48831]],[[39.45284,13.48857],[39.44773,13.48638]],[[39.44831,13.48666],[39.41836,13.4955]],[[36.33334,8.04061],[36.31461,8.04455],[36.28763,8.03229],[36.26963,8.00886],[36.25364,8.00724],[36.23507,7.98888],[36.21796,7.98639],[36.20357,7.97608],[36.18464,7.98253],[36.18134,7.97471],[36.17168,7.97226],[36.16042,7.95276],[36.14618,7.94802],[36.14195,7.9293],[36.12055,7.91219],[36.10416,7.91215],[36.09213,7.89936],[36.08638,7.90443],[36.07464,7.90137],[36.06376,7.90557],[36.05347,7.89764]],[[39.73327,11.31668],[39.73875,11.32486],[39.74778,11.3202],[39.75424,11.33898],[39.77163,11.33999]],[[40.60936,7.46981],[40.55696,7.44392]],[[40.61106,7.47084],[40.60936,7.46981]],[[40.48905,7.27508],[40.47385,7.25916]],[[38.79736,8.14806],[38.79668,8.14822]],[[38.8146,8.14366],[38.80213,8.14691]],[[38.93634,8.30187],[38.94018,8.30057]],[[38.93598,8.3021],[38.93634,8.30187]],[[45.23255,8.5924],[45.23657,8.59169]],[[35.98124,7.60405],[35.96451,7.60923],[35.93761,7.57205],[35.93826,7.56214],[35.92263,7.56372],[35.91186,7.55401],[35.90172,7.55702],[35.88334,7.55159],[35.87814,7.545],[35.85902,7.55369],[35.84938,7.54633],[35.84339,7.54803],[35.84092,7.56],[35.82853,7.56827],[35.81636,7.55669],[35.79704,7.55538],[35.759,7.59374]],[[36.05964,7.55472],[36.05939,7.55506]],[[39.63286,7.86105],[39.63099,7.8612]],[[39.63311,7.86102],[39.63286,7.86105]],[[39.64676,7.8136],[39.6468,7.8135]],[[39.6019,7.9355],[39.59802,7.94415],[39.58792,7.9462],[39.56813,7.96506],[39.56495,7.97682],[39.57983,7.99962],[39.56858,8.00832],[39.56037,8.05513],[39.53441,8.09621],[39.5114,8.09613]],[[39.60197,7.93543],[39.6019,7.9355]],[[39.36795,8.12223],[39.36098,8.12908],[39.3678,8.14767],[39.36105,8.14233]],[[39.36809,8.12241],[39.36795,8.12223]],[[39.23898,4.75987],[39.24362,4.77256]],[[35.51628,7.22525],[35.51648,7.22525]],[[35.43033,7.19516],[35.43599,7.20521],[35.44728,7.19871],[35.4539,7.21318],[35.46815,7.20515],[35.49095,7.24136],[35.49724,7.24148],[35.51137,7.22345],[35.51628,7.22525]],[[38.92885,8.62172],[38.93545,8.62377]],[[40.49765,7.35681],[40.50003,7.31331],[40.50761,7.29873],[40.49073,7.28214]],[[40.79055,7.33591],[40.80656,7.3499],[40.80528,7.36279],[40.86177,7.39362],[40.86813,7.41062],[40.87918,7.42011],[40.9294,7.42967],[40.94916,7.4464],[40.95688,7.44239],[40.97819,7.45423]],[[45.7805,8.41029],[45.76451,8.41561]],[[45.37625,8.54525],[45.41345,8.53846],[45.46136,8.51802]],[[45.51587,8.49864],[45.50912,8.50092]],[[36.84532,11.25684],[36.84785,11.25919]],[[36.84524,11.25677],[36.84532,11.25684]],[[45.42928,8.52883],[45.4279,8.52948]],[[38.97637,8.74341],[38.97861,8.74706]],[[38.98618,8.71648],[38.9885,8.73686]],[[45.91541,8.36823],[45.82778,8.39508]],[[43.42637,6.01483],[43.42701,6.01446]],[[43.42511,6.01553],[43.42558,6.01527]],[[37.73918,10.30534],[37.73911,10.30459]],[[37.73911,10.30459],[37.73905,10.30431]],[[37.73678,10.33921],[37.72716,10.34318]],[[45.46136,8.51802],[45.46131,8.51569]],[[38.97861,8.74706],[38.979,8.74793]],[[37.36741,11.59134],[37.3674,11.59151]],[[37.36768,11.59162],[37.36654,11.59568]],[[36.5739,14.0802],[36.56404,14.06999],[36.57544,14.01365]],[[39.09436,6.60576],[39.10592,6.58879]],[[38.42694,5.99645],[38.42694,5.99645]],[[38.42693,5.99623],[38.44619,5.99429]],[[36.24883,7.25676],[36.268,7.22795],[36.26927,7.20001],[36.28359,7.20334]],[[36.28359,7.20334],[36.28377,7.20317]],[[36.28377,7.20317],[36.30257,7.19442],[36.31688,7.16908],[36.34026,7.15378],[36.34001,7.14539]],[[36.34001,7.14539],[36.33578,7.13801],[36.34149,7.14134],[36.34562,7.13544]],[[36.47122,7.10847],[36.47596,7.09994]],[[37.40301,11.53407],[37.40292,11.53404]],[[38.00839,11.85601],[38.00432,11.85076]],[[37.73678,10.33921],[37.73398,10.33153]],[[36.89959,8.81644],[36.90796,8.82175],[36.91876,8.81934],[36.94176,8.83961],[36.96137,8.84149],[36.95874,8.86721],[36.99783,8.89633],[36.99783,8.90155]],[[36.89931,8.8164],[36.89959,8.81644]],[[37.32656,8.91099],[37.32634,8.91128]],[[37.23731,8.74103],[37.25704,8.75201],[37.26428,8.76509]],[[37.23717,8.74097],[37.23731,8.74103]],[[36.79606,8.80703],[36.80465,8.82546],[36.8146,8.83277]],[[36.8146,8.83277],[36.81474,8.83286]],[[37.23995,7.63188],[37.25261,7.63154]],[[37.23977,7.63181],[37.23995,7.63188]],[[37.5628,7.75297],[37.56132,7.75724]],[[37.56132,7.75724],[37.56137,7.7574]],[[37.09904,8.28144],[37.11193,8.29903]],[[37.09876,8.28133],[37.09904,8.28144]],[[37.11194,8.29936],[37.11275,8.30037]],[[37.11193,8.29903],[37.11194,8.29936]],[[37.14089,8.36151],[37.14097,8.36183]],[[36.85061,8.92853],[36.85569,8.94183],[36.85264,8.95192]],[[36.85264,8.95192],[36.85254,8.95214]],[[36.85008,8.92196],[36.85056,8.92832]],[[36.85056,8.92832],[36.85061,8.92853]],[[36.85012,8.92178],[36.85008,8.92196]],[[36.9486,8.09252],[36.95323,8.1012],[36.96227,8.10346],[36.96158,8.11649],[36.96908,8.13172],[36.99476,8.15322],[37.00656,8.18793],[37.0217,8.1994],[37.02755,8.21648],[37.04141,8.2235],[37.04989,8.23517]],[[37.04989,8.23517],[37.04998,8.23534]],[[36.92911,8.10465],[36.92908,8.1043]],[[36.79102,7.16755],[36.77872,7.13059],[36.76931,7.12263],[36.75959,7.12595],[36.7514,7.11298]],[[36.23368,10.89124],[36.24751,10.89754],[36.2594,10.94317],[36.26758,10.95235]],[[36.23362,10.89107],[36.23368,10.89124]],[[36.02014,6.13511],[36.01743,6.13453]],[[36.01743,6.13453],[36.01711,6.13453]],[[35.94657,6.10663],[35.98407,6.11474],[35.99768,6.12898],[36.01711,6.13453]],[[35.89491,6.07138],[35.91412,6.06985],[35.93861,6.11945],[35.94493,6.10595]],[[35.89413,6.07176],[35.89491,6.07138]],[[36.99153,7.50339],[36.99419,7.49104]],[[36.9913,7.50378],[36.99153,7.50339]],[[35.47161,8.96643],[35.47367,8.96056],[35.48089,8.96138]],[[35.47141,8.96669],[35.47161,8.96643]],[[35.43347,10.82921],[35.43342,10.82902]],[[35.44133,10.88355],[35.4413,10.8833]],[[35.44956,10.7558],[35.44957,10.75545]],[[35.44957,10.75545],[35.47748,10.74008],[35.4853,10.74077]],[[33.68264,8.29818],[33.68779,8.30827],[33.69818,8.31057],[33.72256,8.32991],[33.76227,8.3197],[33.77015,8.32746]],[[33.80761,8.36388],[33.85355,8.36257],[33.95632,8.3324]],[[36.19236,13.12487],[36.19209,13.12471]],[[38.71334,14.12174],[38.7162,14.12496]],[[38.72566,14.12419],[38.72564,14.12439]],[[44.65577,8.78408],[44.64724,8.78686]],[[36.9223,8.00626],[36.91139,7.99829]],[[38.82483,13.62201],[38.81331,13.61843]],[[38.81331,13.61843],[38.82483,13.62201]],[[38.82483,13.62201],[38.83779,13.61081],[38.84581,13.61205]],[[38.78784,13.61915],[38.81331,13.61843]],[[37.59026,8.32564],[37.59044,8.32518]],[[38.84903,13.61086],[38.8545,13.60848],[38.88015,13.62292],[38.89248,13.61815]],[[38.84581,13.61205],[38.84903,13.61086]],[[38.896,13.61273],[38.90375,13.61523]],[[38.89248,13.61815],[38.896,13.61273]],[[38.90462,13.61564],[38.90575,13.61614]],[[38.90375,13.61523],[38.90462,13.61564]],[[38.90727,13.61718],[38.90993,13.6199]],[[38.90575,13.61614],[38.90727,13.61718]],[[38.97297,13.63829],[38.9552,13.64152],[38.90993,13.6199]],[[37.52184,8.41956],[37.5234,8.39102],[37.53129,8.37259],[37.55563,8.36068],[37.56561,8.34945]],[[37.51985,8.42429],[37.51996,8.42409]],[[37.51996,8.42409],[37.5216,8.41955]],[[37.5216,8.41955],[37.52184,8.41956]],[[38.99341,13.63784],[38.99311,13.63695]],[[38.81217,13.69362],[38.81217,13.69362]],[[38.38275,5.83363],[38.39007,5.83973],[38.41772,5.82679]],[[38.70538,13.62995],[38.70404,13.63187]],[[38.70404,13.63187],[38.69494,13.64133],[38.65306,13.64541],[38.6421,13.63983],[38.63758,13.62785]],[[39.14245,13.61442],[39.13271,13.6187],[39.12352,13.61207],[39.119,13.58612]],[[39.14256,13.6144],[39.14245,13.61442]],[[39.11899,13.58601],[39.11836,13.58255]],[[38.99782,13.73648],[38.99834,13.73525]],[[38.99895,13.73039],[38.98806,13.72796],[38.98512,13.71893]],[[39.00706,13.73906],[39.00102,13.7331]],[[39.00351,13.72934],[39.00096,13.73287],[39.00706,13.73906]],[[38.97632,13.67376],[38.9764,13.67382]],[[38.96421,13.66058],[38.9668,13.66592]],[[38.97784,13.69244],[38.97787,13.69256]],[[38.9764,13.67382],[38.97784,13.69244]],[[38.96687,13.66598],[38.97632,13.67376]],[[38.9668,13.66592],[38.96687,13.66598]],[[39.04179,13.53794],[39.04165,13.53794]],[[39.04246,13.53795],[39.04179,13.53794]],[[39.04389,13.51958],[39.05466,13.544]],[[39.04389,13.51949],[39.04389,13.51958]],[[38.99845,13.60125],[38.99843,13.60134]],[[39.00335,13.58922],[38.99845,13.60125]],[[35.4413,10.8833],[35.43347,10.82921]],[[35.43342,10.82902],[35.4531,10.78545]],[[38.64405,13.78047],[38.62942,13.76982],[38.63066,13.78236],[38.63779,13.78887],[38.63327,13.79908],[38.63934,13.80402],[38.63575,13.83326],[38.64093,13.84152],[38.63499,13.85107],[38.64353,13.88124]],[[38.45854,13.94831],[38.49107,13.92906],[38.49119,13.92169],[38.50003,13.92893],[38.52144,13.91972],[38.54307,13.89776],[38.5339,13.88509],[38.54357,13.88201],[38.54794,13.88948],[38.55059,13.88326],[38.56601,13.88753]],[[38.37986,13.63468],[38.37461,13.65564],[38.38331,13.65965],[38.38198,13.66863],[38.39116,13.67305],[38.39308,13.68179]],[[38.39308,13.68179],[38.3772,13.69142]],[[38.37709,13.69139],[38.36265,13.66952]],[[38.3772,13.69142],[38.37709,13.69139]],[[38.2366,13.54387],[38.24631,13.54328]],[[38.23655,13.54388],[38.2366,13.54387]],[[38.24631,13.54328],[38.24637,13.54331]],[[38.22458,13.54874],[38.23437,13.55404],[38.23655,13.54388]],[[38.26317,13.52982],[38.26711,13.52978]],[[38.2773,13.56351],[38.28153,13.56432]],[[36.56409,11.5167],[36.56331,11.51434]],[[36.56331,11.51434],[36.56329,11.51427]],[[36.12545,6.21869],[36.12501,6.22418]],[[38.52178,13.51225],[38.52258,13.51477]],[[36.22719,13.1115],[36.20847,13.11741]],[[36.25885,13.09555],[36.25861,13.09574]],[[36.66769,13.31055],[36.66778,13.30998]],[[36.6691,13.3085],[36.66778,13.30998]],[[36.67028,13.30847],[36.6691,13.3085]],[[36.67224,13.30851],[36.67028,13.30847]],[[36.67367,13.30841],[36.67224,13.30851]],[[36.25861,13.09574],[36.22741,13.1115]],[[36.22741,13.1115],[36.22719,13.1115]],[[36.20827,13.11749],[36.19838,13.12283]],[[36.20847,13.11741],[36.20827,13.11749]],[[36.1982,13.12283],[36.19236,13.12487]],[[36.19838,13.12283],[36.1982,13.12283]],[[36.19209,13.12471],[36.17479,13.11469],[36.1661,13.12125],[36.15894,13.11961],[36.14232,13.13896],[36.12938,13.14397]],[[36.2876,13.46982],[36.3224,13.4709],[36.33363,13.45437]],[[36.33363,13.45437],[36.33382,13.45422]],[[36.33382,13.45422],[36.36006,13.4258]],[[36.36006,13.4258],[36.36021,13.42564]],[[36.36021,13.42564],[36.39377,13.414]],[[36.39377,13.414],[36.39398,13.41407]],[[36.48543,13.46424],[36.48543,13.46424]],[[36.48538,13.46458],[36.4771,13.47624]],[[36.46623,13.49584],[36.46622,13.496]],[[36.47025,13.67718],[36.47899,13.66128],[36.50004,13.6466]],[[36.50016,13.64645],[36.50578,13.64151]],[[36.50004,13.6466],[36.50016,13.64645]],[[36.50595,13.64152],[36.51343,13.6422]],[[36.50578,13.64151],[36.50595,13.64152]],[[36.51448,13.6423],[36.53244,13.6444]],[[36.51343,13.6422],[36.51448,13.6423]],[[36.53253,13.64438],[36.59088,13.63499],[36.61053,13.61066],[36.64807,13.61162],[36.67276,13.60325]],[[36.53244,13.6444],[36.53253,13.64438]],[[36.67291,13.60322],[36.68204,13.60477]],[[36.67276,13.60325],[36.67291,13.60322]],[[36.68204,13.60477],[36.6821,13.60478]],[[36.79229,13.57474],[36.77733,13.57445]],[[36.77721,13.57452],[36.76574,13.57844],[36.76365,13.59185],[36.72679,13.59358],[36.71484,13.60032],[36.6821,13.60478]],[[36.77733,13.57445],[36.77721,13.57452]],[[36.78853,13.60305],[36.78651,13.59393],[36.79834,13.57983],[36.79803,13.57377],[36.79272,13.57447]],[[36.78873,13.60332],[36.78853,13.60305]],[[36.47103,13.68374],[36.47112,13.6847]],[[36.47101,13.68354],[36.47103,13.68374]],[[36.48849,13.7854],[36.49908,13.74137],[36.48561,13.73188]],[[36.4884,13.78574],[36.48849,13.7854]],[[37.0061,13.93327],[36.97778,13.92321]],[[36.88641,13.95704],[36.86131,13.96593]],[[36.90554,13.94936],[36.88657,13.95696]],[[36.88657,13.95696],[36.88641,13.95704]],[[36.94801,13.92821],[36.92658,13.9318],[36.90569,13.94931]],[[36.90569,13.94931],[36.90554,13.94936]],[[36.95519,13.92706],[36.94814,13.92821]],[[36.94814,13.92821],[36.94801,13.92821]],[[36.95533,13.92694],[36.9642,13.92547]],[[36.96432,13.92547],[36.97758,13.92326]],[[37.75008,7.85835],[37.74661,7.8606]],[[37.35943,13.66928],[37.36692,13.65954],[37.37076,13.63961],[37.38592,13.63723],[37.38243,13.62559],[37.37416,13.62587],[37.36487,13.6157],[37.36835,13.61258]],[[37.37025,13.52056],[37.3706,13.52067]],[[37.37058,13.52073],[37.37023,13.52062]],[[37.36903,13.52776],[37.37077,13.52075]],[[37.37077,13.52075],[37.37058,13.52073]],[[37.3706,13.52067],[37.37077,13.52075]],[[37.37006,13.52042],[37.37025,13.52056]],[[37.37023,13.52062],[37.37006,13.52042]],[[37.37006,13.52042],[37.36721,13.50936]],[[37.33005,13.50802],[37.33754,13.51604],[37.35374,13.51478],[37.35448,13.52082],[37.36227,13.50764]],[[37.36215,13.50744],[37.36208,13.50722]],[[37.36215,13.50721],[37.36221,13.50742]],[[37.36227,13.50764],[37.36215,13.50744]],[[37.36221,13.50742],[37.36227,13.50764]],[[37.36217,13.50695],[37.36215,13.50721]],[[37.36208,13.50722],[37.36217,13.50695]],[[37.3819,13.45107],[37.37969,13.45573]],[[37.3818,13.45045],[37.38186,13.45073]],[[37.3818,13.45075],[37.38174,13.45045]],[[37.38186,13.45073],[37.3819,13.45107]],[[37.3819,13.45107],[37.3818,13.45075]],[[37.38174,13.45045],[37.38169,13.45004]],[[37.38169,13.45004],[37.3818,13.45045]],[[37.3294,13.50751],[37.32972,13.50759]],[[37.32994,13.50783],[37.33005,13.50802]],[[37.32972,13.50759],[37.32994,13.50783]],[[37.32168,13.5064],[37.32422,13.50374],[37.32712,13.51425],[37.3294,13.50751]],[[37.3299,13.50787],[37.32969,13.50763]],[[37.33005,13.50802],[37.3299,13.50787]],[[37.32969,13.50763],[37.3294,13.50751]],[[37.32106,13.50624],[37.32144,13.50618]],[[37.31112,13.51906],[37.31753,13.51729],[37.32083,13.50634]],[[37.32144,13.50623],[37.32106,13.50628]],[[37.32144,13.50618],[37.32168,13.5064]],[[37.32083,13.50634],[37.32106,13.50624]],[[37.32106,13.50628],[37.32083,13.50634]],[[37.32168,13.5064],[37.32144,13.50623]],[[37.32207,13.75196],[37.32207,13.75196]],[[37.32768,13.75544],[37.32207,13.75193]],[[37.35014,13.21159],[37.31273,13.18145],[37.29676,13.15474]],[[37.35313,13.23115],[37.35329,13.23089]],[[37.29667,13.15455],[37.28273,13.14243],[37.28086,13.11837],[37.27663,13.11801]],[[37.29676,13.15474],[37.29667,13.15455]],[[37.35329,13.23089],[37.35013,13.21176]],[[37.35013,13.21176],[37.35014,13.21159]],[[37.0982,12.92259],[37.11258,12.92961]],[[37.10769,12.96839],[37.10282,12.95976],[37.10586,12.95416],[37.1272,12.94869]],[[37.1045,13.08422],[37.10039,13.06501]],[[37.08546,13.13919],[37.09506,13.14156],[37.10647,13.15838]],[[37.08057,13.13802],[37.08228,13.13567]],[[37.11189,13.03406],[37.11193,13.03743]],[[37.1045,13.08422],[37.10353,13.08613]],[[37.09951,13.09695],[37.09785,13.10609]],[[36.85763,13.15433],[36.89083,13.09435],[36.89953,13.10636],[36.9049,13.10516],[36.91333,13.13466],[36.92287,13.13455],[36.9614,13.10978],[36.98624,13.13514],[36.98449,13.14466],[36.99862,13.15446],[37.03618,13.13849],[37.05075,13.15092],[37.08448,13.13932]],[[37.08448,13.13932],[37.08546,13.13919]],[[37.10663,13.15928],[37.11716,13.17404]],[[37.10647,13.15838],[37.10663,13.15928]],[[37.11716,13.17404],[37.11783,13.17579]],[[37.11783,13.17579],[37.12961,13.195],[37.13002,13.20657],[37.13572,13.2121],[37.14684,13.20874],[37.14912,13.21592]],[[37.14912,13.21592],[37.15121,13.22605]],[[37.14963,13.22501],[37.15038,13.22754]],[[36.65036,13.23241],[36.64635,13.24223],[36.65584,13.2739],[36.62468,13.28751],[36.61544,13.28632]],[[36.61544,13.28632],[36.61181,13.28472]],[[36.61181,13.28472],[36.61143,13.28459]],[[36.61143,13.28459],[36.59582,13.28168],[36.53941,13.3192]],[[36.50097,13.34001],[36.50029,13.3401]],[[36.50029,13.3401],[36.49303,13.33641]],[[36.49303,13.33641],[36.49271,13.33649]],[[36.49271,13.33649],[36.47859,13.33497],[36.4684,13.34202],[36.43957,13.34353],[36.43495,13.34812]],[[36.43495,13.34812],[36.43435,13.3485]],[[36.53917,13.31943],[36.53161,13.33161],[36.51887,13.33121],[36.50097,13.34001]],[[36.53941,13.3192],[36.53917,13.31943]],[[37.08228,13.13567],[37.09785,13.10609]],[[37.09951,13.09695],[37.10353,13.08613]],[[37.10702,13.04813],[37.11193,13.03743]],[[37.10039,13.06501],[37.10427,13.05493]],[[37.1047,13.05443],[37.1075,13.04864]],[[37.11189,13.03406],[37.10569,13.02528]],[[37.10569,13.02528],[37.10434,13.02423]],[[37.10434,13.02423],[37.10633,13.00233]],[[37.10633,13.00233],[37.10511,13.003]],[[37.10511,13.003],[37.09853,13.00592]],[[37.09853,13.00592],[37.09321,12.99949]],[[37.09321,12.99949],[37.09755,12.99249]],[[37.09794,12.98962],[37.10282,12.98035]],[[37.10282,12.98035],[37.10703,12.97406]],[[37.10703,12.97406],[37.10733,12.9732]],[[37.10733,12.9732],[37.10769,12.96839]],[[37.09685,12.92039],[37.0982,12.92259]],[[37.18614,12.93343],[37.16956,12.9239],[37.16866,12.91773],[37.15556,12.91603],[37.14082,12.92007],[37.12838,12.91392],[37.10575,12.9171],[37.08032,12.92817],[37.0689,12.91898],[37.06234,12.92615],[37.00958,12.91603],[36.98972,12.91874],[36.9865,12.91474],[36.98109,12.92113],[36.96923,12.9156],[36.94226,12.91866],[36.92019,12.90192],[36.91224,12.90486]],[[37.09755,12.99249],[37.09794,12.98962]],[[37.10427,13.05493],[37.1047,13.05443]],[[37.1075,13.04864],[37.10702,13.04813]],[[37.35747,13.27688],[37.35106,13.25479],[37.35313,13.23115]],[[37.35756,13.27738],[37.35747,13.27688]],[[37.38357,13.36621],[37.38377,13.37212]],[[37.38435,13.36131],[37.38699,13.35379]],[[37.40525,13.41112],[37.39026,13.42595],[37.38992,13.44543],[37.38169,13.45004]],[[37.38377,13.37212],[37.38479,13.37503]],[[37.38435,13.36131],[37.38357,13.36621]],[[37.36873,13.61245],[37.36865,13.5829],[37.36337,13.57304],[37.37001,13.55913],[37.36,13.53253],[37.36838,13.52858]],[[37.36835,13.61258],[37.36873,13.61245]],[[35.89016,12.21683],[35.89355,12.21585]],[[35.89376,12.21585],[35.89376,12.21585]],[[36.27731,12.03563],[36.29297,12.05232],[36.30551,12.05071]],[[36.27717,12.03546],[36.27731,12.03563]],[[39.24838,8.51294],[39.25462,8.51285]],[[39.26081,8.52102],[39.26081,8.52096]],[[39.24685,8.51366],[39.2482,8.51301]],[[39.2482,8.51301],[39.24838,8.51294]],[[39.26475,8.50614],[39.27908,8.51207]],[[39.27901,8.51217],[39.26468,8.50615]],[[39.27908,8.51207],[39.27967,8.51234]],[[39.27962,8.51246],[39.27901,8.51217]],[[38.79361,8.14885],[38.79387,8.14891]],[[38.79361,8.14914],[38.79361,8.14914]],[[38.79387,8.14891],[38.79367,8.14904]],[[38.79312,8.14909],[38.79331,8.14894]],[[38.79334,8.14911],[38.79312,8.14909]],[[38.79668,8.14822],[38.79422,8.14882]],[[38.80017,8.14737],[38.80036,8.14723]],[[38.80017,8.14737],[38.79736,8.14806]],[[38.80041,8.14743],[38.80017,8.14737]],[[38.80097,8.14719],[38.80076,8.14731]],[[38.80097,8.14719],[38.80213,8.14691]],[[38.80068,8.14712],[38.80097,8.14719]],[[38.80064,8.14747],[38.80064,8.14747]],[[38.80213,8.14691],[38.81454,8.14359]],[[38.6961,7.95493],[38.69632,7.9548]],[[38.69632,7.9548],[38.69627,7.95504]],[[38.69587,7.95547],[38.69592,7.9552]],[[38.69608,7.95531],[38.69587,7.95547]],[[38.69599,7.95528],[38.69599,7.95528]],[[38.69173,7.96143],[38.69178,7.96116]],[[38.69192,7.96127],[38.69173,7.96143]],[[38.69218,7.96077],[38.69214,7.96103]],[[38.69379,7.95847],[38.69218,7.96077]],[[38.69201,7.96091],[38.69218,7.96077]],[[38.69187,7.96125],[38.69187,7.96125]],[[38.69421,7.95786],[38.69379,7.95847]],[[38.69512,7.95654],[38.69421,7.95786]],[[37.75774,11.02544],[37.74787,11.00422],[37.73648,10.99665],[37.73148,10.98122],[37.73695,10.95928],[37.73053,10.94564],[37.74051,10.94063],[37.74686,10.94949],[37.74925,10.93479]],[[37.74925,10.93479],[37.75042,10.93396]],[[37.88087,11.10478],[37.86332,11.15104],[37.85202,11.15235],[37.84168,11.1618],[37.84459,11.18908],[37.83225,11.19341],[37.83032,11.21753],[37.83542,11.22451],[37.84393,11.21963],[37.8467,11.22721],[37.8604,11.22342]],[[37.87469,11.08041],[37.87427,11.08113]],[[37.87149,11.22262],[37.87462,11.23128],[37.88909,11.22986],[37.88841,11.23666],[37.89677,11.24418],[37.87557,11.26472],[37.87887,11.28477]],[[37.87369,11.08059],[37.88087,11.10471]],[[37.8604,11.22342],[37.8685,11.22267]],[[37.97959,11.45391],[37.98049,11.47075]],[[37.98049,11.47075],[37.98056,11.47085]],[[37.98056,11.47085],[37.98604,11.47863]],[[37.98604,11.47863],[37.98609,11.47868]],[[38.13994,11.77519],[38.14155,11.79481]],[[38.13987,11.77515],[38.13994,11.77519]],[[38.10382,11.75063],[38.13574,11.7674],[38.13987,11.77515]],[[38.10384,11.75044],[38.10382,11.75063]],[[38.09638,11.72803],[38.09219,11.73167],[38.10059,11.73017]],[[38.10059,11.73017],[38.10073,11.73015]],[[38.09683,11.72573],[38.09644,11.728]],[[38.09644,11.728],[38.09638,11.72803]],[[38.09066,11.71841],[38.0969,11.72552]],[[38.09051,11.7185],[38.09066,11.71841]],[[38.08869,11.71782],[38.09051,11.7185]],[[38.08865,11.71777],[38.08869,11.71782]],[[38.06561,11.6448],[38.05944,11.67408]],[[38.05944,11.67408],[38.05933,11.67407]],[[38.06133,11.61321],[38.06233,11.62241]],[[38.06233,11.62241],[38.06125,11.61321]],[[37.89134,11.39979],[37.90435,11.3917],[37.94156,11.38562]],[[38.05097,11.61435],[38.03838,11.6163]],[[38.03838,11.6163],[38.03813,11.61636]],[[37.9438,11.62212],[37.94339,11.63414],[37.93289,11.64198]],[[37.93289,11.64198],[37.93275,11.64218]],[[37.93275,11.64218],[37.91529,11.64325],[37.90369,11.65477]],[[37.90369,11.65477],[37.90353,11.65488]],[[37.94369,11.62186],[37.9438,11.62212]],[[38.03813,11.61636],[37.99848,11.62438],[37.98594,11.63381],[37.97065,11.63424],[37.93577,11.65549],[37.90615,11.65736],[37.85656,11.64389]],[[37.85656,11.64389],[37.85651,11.64352]],[[37.94944,11.76802],[37.94961,11.76914]],[[37.99734,11.84677],[38.00432,11.85076]],[[37.99727,11.84625],[37.99734,11.84677]],[[37.99592,11.8377],[37.99727,11.84625]],[[37.99594,11.83754],[37.99592,11.8377]],[[37.94697,11.75431],[37.95212,11.76056],[37.94944,11.76802]],[[37.94724,11.75377],[37.94697,11.75431]],[[37.90466,11.66954],[37.9037,11.68237],[37.91945,11.68266],[37.91988,11.68692]],[[37.91988,11.68692],[37.91991,11.68724]],[[37.90353,11.65488],[37.90467,11.66946]],[[37.90467,11.66946],[37.90466,11.66954]],[[38.00498,11.99097],[38.00264,12.00855]],[[38.00264,12.00855],[38.00259,12.00864]],[[37.98189,12.06563],[37.98063,12.07291]],[[37.98188,12.06555],[37.98189,12.06563]],[[38.58573,13.57938],[38.58832,13.5923],[38.60012,13.59533]],[[38.58489,13.57456],[38.58573,13.57938]],[[38.58325,13.57363],[38.5836,13.57411]],[[38.58329,13.57128],[38.58325,13.57363]],[[38.51924,13.51174],[38.52178,13.51225]],[[38.57065,13.52892],[38.58329,13.57128]],[[38.55757,13.51337],[38.56378,13.51793]],[[38.55698,13.51314],[38.55726,13.51325]],[[38.55726,13.51325],[38.55757,13.51337]],[[38.55526,13.51394],[38.55698,13.51314]],[[38.55524,13.51398],[38.55526,13.51394]],[[38.55502,13.51426],[38.55524,13.51398]],[[38.54207,13.51666],[38.54936,13.51949],[38.55502,13.51426]],[[38.53611,13.51326],[38.54087,13.51712]],[[38.53611,13.51326],[38.5357,13.5131]],[[38.53182,13.51624],[38.53234,13.51604]],[[38.53234,13.51604],[38.5357,13.5131]],[[38.53041,13.51721],[38.53182,13.51624]],[[38.52976,13.5174],[38.53041,13.51721]],[[38.52555,13.51657],[38.52976,13.5174]],[[38.52555,13.51657],[38.52258,13.51477]],[[38.49131,13.57809],[38.48698,13.57649]],[[38.48698,13.57649],[38.48667,13.57653]],[[38.4317,13.59322],[38.4317,13.5931]],[[38.4317,13.5931],[38.41283,13.58584]],[[38.41283,13.58584],[38.41251,13.58607]],[[38.41251,13.58607],[38.42406,13.60211],[38.42072,13.60641]],[[38.42072,13.60641],[38.42082,13.6067]],[[38.42082,13.6067],[38.43025,13.61394],[38.42879,13.61881],[38.41911,13.61695],[38.42115,13.62534],[38.40993,13.63148],[38.39967,13.62755]],[[38.39967,13.62755],[38.39949,13.6277]],[[38.38024,13.63464],[38.37986,13.63468]],[[38.36267,13.6694],[38.35642,13.64396]],[[38.36265,13.66952],[38.36267,13.6694]],[[38.35642,13.64396],[38.35635,13.64382]],[[38.33809,13.58456],[38.33816,13.58475]],[[38.25644,13.53669],[38.26305,13.52984]],[[38.25644,13.53675],[38.25644,13.53669]],[[38.21901,13.54625],[38.22233,13.54426]],[[38.22233,13.54426],[38.22268,13.54448]],[[38.21916,13.55111],[38.21894,13.54641]],[[38.21926,13.55116],[38.21916,13.55111]],[[38.22644,13.56116],[38.22637,13.55645],[38.22045,13.55942]],[[38.22648,13.56123],[38.22644,13.56116]],[[38.21868,13.5838],[38.22578,13.58385],[38.23603,13.56875],[38.22648,13.56123]],[[38.21863,13.58389],[38.21868,13.5838]],[[38.21327,13.60727],[38.21249,13.6008]],[[38.21433,13.59643],[38.21437,13.59638]],[[38.21245,13.60075],[38.21433,13.59643]],[[38.21249,13.6008],[38.21245,13.60075]],[[38.21326,13.60733],[38.21327,13.60727]],[[38.21296,13.61055],[38.21326,13.60733]],[[38.21297,13.61062],[38.21296,13.61055]],[[36.4771,13.47624],[36.48523,13.46449]],[[36.4771,13.47624],[36.46623,13.49584]],[[38.21157,13.6164],[38.21829,13.61271],[38.21297,13.61062]],[[38.21159,13.61647],[38.21157,13.6164]],[[38.44676,13.94424],[38.44752,13.95003]],[[38.42992,13.92756],[38.42635,13.91764]],[[38.42975,13.92767],[38.42992,13.92756]],[[38.42621,13.91741],[38.41691,13.90732],[38.40128,13.90594]],[[38.42635,13.91764],[38.42621,13.91741]],[[38.40115,13.90595],[38.3943,13.90787],[38.37147,13.89732],[38.35449,13.90509],[38.34034,13.90465],[38.33289,13.89664],[38.31435,13.89615],[38.31482,13.88702],[38.28971,13.89049],[38.29249,13.88604],[38.2835,13.8866],[38.28285,13.87981],[38.27987,13.88369],[38.26976,13.88072],[38.26097,13.89545]],[[38.40128,13.90594],[38.40115,13.90595]],[[38.1891,13.95467],[38.2231,13.96928],[38.23523,13.96828],[38.23935,13.94809],[38.2346,13.91665],[38.26079,13.89575]],[[38.26097,13.89545],[38.26079,13.89575]],[[38.18814,13.95574],[38.18901,13.95482]],[[38.18901,13.95482],[38.1891,13.95467]],[[38.64682,13.88292],[38.64353,13.88124]],[[38.42975,13.92767],[38.42795,13.93536],[38.44676,13.94424]],[[38.44676,13.94424],[38.45341,13.95333]],[[38.5666,13.88794],[38.58474,13.90685],[38.61061,13.88531],[38.64293,13.89264]],[[38.56601,13.88753],[38.5666,13.88794]],[[38.45716,13.95144],[38.45854,13.94831]],[[38.64579,13.88555],[38.64682,13.88292]],[[38.64405,13.78047],[38.65248,13.78039],[38.66016,13.7893],[38.67393,13.78217],[38.67808,13.77167],[38.6869,13.77139],[38.69165,13.76512],[38.68759,13.76405],[38.70197,13.76329],[38.71376,13.74727],[38.7118,13.74166],[38.69483,13.73536],[38.68975,13.74024],[38.68996,13.73366],[38.68144,13.72905],[38.68306,13.72154],[38.69393,13.71069],[38.69288,13.70515],[38.70699,13.7083],[38.72958,13.70102]],[[38.72973,13.70099],[38.74336,13.69909],[38.74985,13.70263],[38.7501,13.71226],[38.75807,13.71031],[38.7799,13.71916],[38.79256,13.70625],[38.79386,13.69547],[38.80066,13.69497]],[[38.72958,13.70102],[38.72973,13.70099]],[[38.81203,13.69376],[38.80066,13.69497]],[[38.80066,13.69497],[38.81198,13.69369]],[[38.81211,13.69358],[38.81584,13.69427]],[[38.81584,13.69427],[38.81218,13.69368]],[[38.81584,13.69427],[38.84925,13.68762],[38.88026,13.69134],[38.88439,13.69814],[38.8936,13.69477],[38.90802,13.70913],[38.92421,13.70292],[38.93444,13.7062],[38.942,13.70079],[38.94112,13.6856],[38.95392,13.68101],[38.96082,13.68517],[38.97373,13.67209]],[[38.45341,13.95333],[38.45689,13.95206]],[[36.86743,11.932],[36.88388,11.93796],[36.8949,11.93455],[36.89995,11.95458]],[[37.12745,12.94857],[37.11719,12.93946]],[[37.1272,12.94869],[37.12745,12.94857]],[[36.91186,12.90481],[36.904,12.9047]],[[36.904,12.9047],[36.90384,12.90466]],[[36.90384,12.90466],[36.89379,12.90848],[36.86478,12.93846],[36.82747,12.95294]],[[36.82747,12.95294],[36.8274,12.95302]],[[36.8274,12.95302],[36.81746,12.97044]],[[36.81746,12.97044],[36.81741,12.97058]],[[36.81741,12.97058],[36.81399,12.99078],[36.80084,13.00807]],[[36.80084,13.00807],[36.80084,13.00816]],[[36.74268,13.1463],[36.74269,13.15418],[36.72156,13.17824]],[[36.72156,13.17824],[36.72121,13.17839]],[[36.72121,13.17839],[36.70323,13.18997]],[[36.70323,13.18997],[36.70317,13.19004]],[[36.70317,13.19004],[36.69601,13.1954]],[[36.69601,13.1954],[36.69591,13.19549]],[[36.69591,13.19549],[36.65809,13.22302]],[[36.65809,13.22302],[36.65783,13.22305]],[[36.65783,13.22305],[36.65262,13.22898]],[[36.65262,13.22898],[36.65256,13.22909]],[[36.65256,13.22909],[36.65035,13.2323]],[[36.65035,13.2323],[36.65036,13.23241]],[[36.58797,13.40821],[36.62843,13.38581],[36.64058,13.37324],[36.66376,13.32208]],[[36.58807,13.40848],[36.58797,13.40821]],[[36.57255,13.43959],[36.58807,13.40848]],[[36.57252,13.43974],[36.57255,13.43959]],[[36.49299,13.46531],[36.49334,13.46564]],[[36.48557,13.4644],[36.4911,13.46507]],[[36.49135,13.46488],[36.49299,13.46531]],[[36.4911,13.46507],[36.49135,13.46488]],[[36.49118,13.46517],[36.4855,13.46455]],[[36.49299,13.46531],[36.49143,13.46498]],[[36.49143,13.46498],[36.49118,13.46517]],[[36.46622,13.496],[36.46715,13.51715]],[[36.46715,13.51715],[36.46713,13.51722]],[[37.31076,13.51907],[37.31112,13.51906]],[[37.31061,13.51909],[37.31076,13.51907]],[[37.22367,13.52339],[37.2724,13.51864],[37.27417,13.52347],[37.29766,13.52681],[37.31061,13.51909]],[[37.22362,13.52325],[37.22367,13.52339]],[[34.83171,10.09631],[34.84796,10.11323],[34.87683,10.12183],[34.88739,10.11631],[34.9003,10.11817],[34.92486,10.1434],[34.94041,10.13695],[34.95276,10.14431],[34.98841,10.14862]],[[34.98887,10.14852],[35.00549,10.15444]],[[34.98841,10.14862],[34.98887,10.14852]],[[35.00574,10.1545],[35.0132,10.16448],[35.03919,10.16729],[35.04408,10.18153]],[[35.00549,10.15444],[35.00574,10.1545]],[[34.70929,9.63964],[34.70921,9.63955]],[[38.77518,8.99544],[38.77539,8.99669]],[[38.77482,8.99411],[38.77518,8.99544]],[[38.77526,8.99676],[38.77501,8.99549]],[[38.77539,8.99669],[38.77383,8.99955]],[[38.77383,8.99955],[38.77373,8.99972]],[[38.77353,8.99987],[38.77369,8.99947]],[[38.77515,8.97255],[38.77499,8.97268]],[[38.77499,8.97268],[38.77504,8.97243]],[[38.77518,8.96925],[38.77551,8.97164]],[[38.77504,8.97243],[38.77527,8.97168]],[[38.77527,8.97168],[38.77511,8.9692]],[[36.12545,6.21869],[36.12545,6.21869]],[[39.26321,14.19166],[39.26399,14.19759]],[[39.26451,14.18822],[39.26452,14.18827]],[[39.26452,14.18827],[39.26316,14.19162]],[[39.26316,14.19162],[39.26321,14.19166]],[[39.26405,14.19779],[39.24514,14.20558]],[[39.24514,14.20558],[39.24512,14.20543]],[[39.24512,14.20543],[39.24275,14.20337]],[[39.24275,14.20337],[39.2427,14.20337]],[[39.2427,14.20337],[39.23635,14.20404]],[[39.23635,14.20404],[39.23625,14.20405]],[[39.27086,14.10383],[39.27106,14.11768]],[[39.27783,14.14662],[39.27795,14.14655]],[[39.27608,14.14521],[39.27783,14.14662]],[[39.27599,14.14517],[39.27608,14.14521]],[[39.27337,14.13692],[39.27599,14.14517]],[[39.27322,14.13667],[39.27337,14.13692]],[[39.26975,14.13084],[39.27298,14.13564]],[[39.26976,14.13073],[39.26975,14.13084]],[[39.2701,14.12423],[39.26976,14.13073]],[[39.27011,14.12416],[39.2701,14.12423]],[[39.27108,14.11774],[39.27011,14.12416]],[[39.27106,14.11768],[39.27108,14.11774]],[[39.27088,14.10371],[39.28504,14.07875],[39.31232,14.07531]],[[39.27088,14.10371],[39.27086,14.10383]],[[39.15487,14.27307],[39.15166,14.2781]],[[39.15502,14.2732],[39.15487,14.27307]],[[39.27795,14.14655],[39.28444,14.14905],[39.28236,14.15802]],[[39.28234,14.16627],[39.28229,14.16633]],[[39.27295,14.13571],[39.27322,14.13667]],[[39.27298,14.13564],[39.27295,14.13571]],[[36.13222,6.22009],[36.12552,6.21865]],[[37.32482,11.60271],[37.33212,11.59676],[37.34617,11.5976]],[[39.28242,14.15807],[39.28361,14.16256]],[[39.28236,14.15802],[39.28242,14.15807]],[[39.28364,14.16263],[39.28234,14.16627]],[[39.28361,14.16256],[39.28364,14.16263]],[[39.28229,14.16633],[39.27953,14.16915]],[[39.27953,14.16915],[39.27951,14.16924]],[[39.27951,14.16924],[39.27635,14.17293]],[[39.27368,14.17724],[39.27356,14.17731]],[[39.23625,14.20405],[39.22583,14.21364],[39.21585,14.21191]],[[39.21585,14.21191],[39.21578,14.21195]],[[39.2032,14.36223],[39.19868,14.36643],[39.20191,14.38023],[39.18477,14.38516]],[[39.20322,14.362],[39.2032,14.36223]],[[39.17323,14.49488],[39.17395,14.49494]],[[39.17323,14.49469],[39.17313,14.49486]],[[39.17546,14.52782],[39.17545,14.52793]],[[36.48564,13.46378],[36.48553,13.4643]],[[36.48532,13.46425],[36.48564,13.46378]],[[36.48521,13.46443],[36.48474,13.46418]],[[36.48474,13.46418],[36.48527,13.46428]],[[39.17545,14.52793],[39.17942,14.54371]],[[39.17942,14.54371],[39.1795,14.54376]],[[39.40744,13.90322],[39.40714,13.90321]],[[39.40677,13.90317],[39.40714,13.90316]],[[39.40714,13.90321],[39.40677,13.90317]],[[39.40744,13.90317],[39.40761,13.9032]],[[39.40761,13.9032],[39.40744,13.90322]],[[39.42059,13.89067],[39.42053,13.89036]],[[39.42057,13.89035],[39.42059,13.89067]],[[39.42039,13.88965],[39.4205,13.89005]],[[39.4205,13.89005],[39.42057,13.89035]],[[39.42046,13.89006],[39.42039,13.88965]],[[39.57117,13.80509],[39.58261,13.80202]],[[39.57108,13.80521],[39.57117,13.80509]],[[39.73536,13.86539],[39.73535,13.86526]],[[39.64441,13.70377],[39.64411,13.71251],[39.65826,13.71621],[39.6612,13.72287]],[[39.69498,13.75052],[39.69527,13.75062]],[[39.98692,13.75994],[39.97805,13.75172]],[[39.97805,13.75172],[39.97793,13.75159]],[[39.00102,13.7331],[39.00351,13.72934]],[[45.97528,8.54921],[45.95711,8.44565],[45.93872,8.41608],[45.9278,8.37674],[45.91779,8.36753]],[[37.11719,12.93946],[37.11875,12.93261],[37.11258,12.92961]],[[39.17313,14.49486],[39.17323,14.49469]],[[39.73535,13.86526],[39.73544,13.86536]],[[38.89304,14.16278],[38.89304,14.16278]],[[38.89312,14.1627],[38.89402,14.16124]],[[38.89402,14.16124],[38.89413,14.16106]],[[39.61853,8.52676],[39.6432,8.53705],[39.65761,8.55863],[39.67495,8.57104]],[[39.67495,8.57104],[39.67514,8.57119]],[[37.87027,14.12279],[37.88757,14.12465],[37.89664,14.13439]],[[39.83202,13.1038],[39.82288,13.12287],[39.81292,13.1299]],[[39.83783,13.08536],[39.83763,13.08562]],[[39.88533,12.98921],[39.86897,13.03073]],[[39.88534,12.9885],[39.88533,12.98921]],[[38.32571,13.61408],[38.31785,13.6129],[38.313,13.61949],[38.3295,13.63576]],[[38.32952,13.63584],[38.3295,13.63576]],[[37.77526,14.40077],[37.76448,14.38271]],[[37.53947,14.14187],[37.53269,14.13972]],[[36.99102,8.34528],[36.99101,8.3454]],[[36.99101,8.3454],[37.01256,8.35926]],[[37.01256,8.35926],[37.01263,8.35928]],[[37.01263,8.35928],[37.02904,8.39114]],[[37.02904,8.39114],[37.02914,8.39136]],[[37.26434,8.76521],[37.26434,8.76521]],[[37.2643,8.76522],[37.26398,8.76579]],[[37.264,8.7658],[37.264,8.7658]],[[37.264,8.76591],[37.27234,8.77379],[37.2712,8.78212]],[[37.2712,8.78212],[37.27123,8.78216]],[[37.27123,8.78216],[37.28044,8.78844]],[[37.28044,8.78844],[37.28042,8.7885]],[[37.28042,8.7885],[37.28701,8.79636]],[[37.28701,8.79636],[37.28707,8.79643]],[[37.30702,8.87193],[37.31746,8.8842],[37.31542,8.89468]],[[37.30706,8.87181],[37.30702,8.87193]],[[37.31547,8.89477],[37.32656,8.91099]],[[37.31542,8.89468],[37.31547,8.89477]],[[37.32634,8.91128],[37.3242,8.92348],[37.33802,8.93463],[37.33576,8.94372],[37.34042,8.94995],[37.3259,8.96936],[37.32571,8.98434]],[[37.32572,8.98445],[37.32874,8.99609],[37.32116,9.00127]],[[37.32571,8.98434],[37.32572,8.98445]],[[37.36542,9.55965],[37.36554,9.55932]],[[37.36554,9.55932],[37.3656,9.55917]],[[37.73913,10.30431],[37.73917,10.30459]],[[37.73917,10.30459],[37.73923,10.30534]],[[37.73923,10.30534],[37.7351,10.32893]],[[37.73401,10.33147],[37.73398,10.33153]],[[38.06168,12.36547],[38.07368,12.3704],[38.06833,12.37382],[38.06902,12.39283],[38.07388,12.40379],[38.08599,12.40857],[38.08553,12.42347]],[[38.05987,12.35364],[38.05988,12.35376]],[[38.0583,12.3378],[38.05987,12.35364]],[[38.05831,12.33772],[38.0583,12.3378]],[[38.05392,12.33204],[38.05831,12.33772]],[[38.05384,12.33187],[38.05392,12.33204]],[[38.05152,12.32656],[38.05384,12.33187]],[[38.05163,12.3262],[38.05152,12.32656]],[[38.04947,12.30227],[38.05163,12.3262]],[[38.04943,12.30215],[38.04947,12.30227]],[[38.04082,12.28143],[38.04943,12.30215]],[[38.04073,12.28134],[38.04082,12.28143]],[[38.02959,12.26586],[38.03503,12.27515]],[[38.01924,12.23372],[38.01938,12.2339]],[[38.01587,12.22817],[38.01924,12.23372]],[[38.01472,12.22648],[38.01476,12.22664]],[[38.01061,12.21996],[38.01472,12.22648]],[[38.0106,12.2198],[38.01061,12.21996]],[[38.00542,12.21054],[38.0106,12.2198]],[[38.00539,12.2103],[38.00542,12.21054]],[[38.00438,12.20443],[38.00539,12.2103]],[[38.00449,12.20425],[38.00438,12.20443]],[[38.0069,12.19203],[38.00449,12.20425]],[[38.00689,12.19193],[38.0069,12.19203]],[[38.0215,12.17938],[38.01861,12.18866],[38.00689,12.19193]],[[38.02148,12.17927],[38.0215,12.17938]],[[38.0246,12.1626],[38.02148,12.17927]],[[38.02461,12.16235],[38.0246,12.1626]],[[38.04464,12.13837],[38.02461,12.16235]],[[38.04492,12.13827],[38.04464,12.13837]],[[38.0478,12.12386],[38.04492,12.13827]],[[38.0493,12.11306],[38.04965,12.12346]],[[37.94372,12.0855],[37.9653,12.07374],[37.98063,12.07291]],[[37.99699,12.08315],[37.9973,12.08319]],[[37.98063,12.07291],[37.99699,12.08315]],[[36.12554,6.21856],[36.1322,6.22]],[[36.1327,6.2199],[36.13487,6.21867]],[[36.13487,6.21867],[36.13272,6.21999]],[[38.90295,5.77468],[38.92562,5.78374]],[[38.92443,5.7842],[38.9101,5.77545]],[[38.93016,5.78506],[38.92985,5.78563]],[[38.92562,5.78374],[38.92443,5.7842]],[[38.92562,5.78374],[38.92952,5.78327]],[[38.9101,5.77545],[38.90289,5.77479]],[[38.92952,5.78327],[38.93016,5.78506]],[[38.99427,5.8676],[38.99424,5.87369]],[[38.94605,5.89103],[38.97739,5.88526],[39.00442,5.87125]],[[38.96582,5.88783],[38.94605,5.89103]],[[39.00442,5.87125],[38.96582,5.88783]],[[39.00442,5.87125],[39.00796,5.86972]],[[39.00807,5.86972],[39.06187,5.86669],[39.08573,5.87653],[39.09142,5.87051],[39.12292,5.87022],[39.13312,5.87832],[39.15475,5.88065],[39.16817,5.89305],[39.17756,5.8908],[39.17974,5.89653],[39.18664,5.89209],[39.19303,5.89964]],[[39.23537,4.7499],[39.23898,4.75987]],[[38.44424,13.11543],[38.4319,13.12238]],[[38.41438,13.11323],[38.42275,13.12505],[38.4319,13.12238]],[[38.4319,13.12238],[38.44414,13.11542]],[[38.37897,13.10471],[38.37901,13.10459]],[[38.34934,13.0805],[38.35413,13.07473],[38.36439,13.10347],[38.37493,13.10262],[38.37615,13.10875]],[[38.41401,13.11327],[38.41438,13.11323]],[[38.37901,13.10459],[38.38668,13.10027],[38.41401,13.11327]],[[38.37637,13.10889],[38.37897,13.10471]],[[38.37615,13.10875],[38.37637,13.10889]],[[38.34894,13.08043],[38.34934,13.0805]],[[38.32037,13.07944],[38.33644,13.07182],[38.34894,13.08043]],[[39.45344,13.48836],[39.45344,13.48836]],[[39.4817,13.45104],[39.45241,13.4551],[39.43109,13.47394],[39.41882,13.49541]],[[39.48197,13.45087],[39.4817,13.45104]],[[39.48176,13.45075],[39.55124,13.44687]],[[39.48149,13.45092],[39.48176,13.45075]],[[39.46414,13.44873],[39.46409,13.44854]],[[39.46463,13.45064],[39.46414,13.44873]],[[39.44779,13.41316],[39.46423,13.44848]],[[39.43332,13.39898],[39.44779,13.41316]],[[39.42042,13.38538],[39.43332,13.39898]],[[39.46482,13.4506],[39.46487,13.45079]],[[39.46468,13.45084],[39.46463,13.45064]],[[39.46429,13.44869],[39.46482,13.4506]],[[39.47748,5.4768],[39.52616,5.39174]],[[39.47625,13.48961],[39.47601,13.48985]],[[39.47601,13.48985],[39.4762,13.48956]],[[39.53261,5.69282],[39.53088,5.68518]],[[40.20275,13.93479],[40.20268,13.93694]],[[39.68216,13.73753],[39.69498,13.75052]],[[39.68212,13.73748],[39.68216,13.73753]],[[39.60391,13.79216],[39.62088,13.78211],[39.62188,13.77483],[39.63458,13.77632]],[[39.81395,13.20392],[39.82454,13.22007]],[[39.82454,13.22007],[39.82463,13.22026]],[[39.19374,14.56316],[39.19312,14.559],[39.19094,14.56343]],[[39.19081,14.56819],[39.19371,14.57352]],[[39.18664,14.5803],[39.19374,14.56316]],[[39.18659,14.58043],[39.18664,14.5803]],[[39.1928,14.59431],[39.18554,14.58855],[39.18659,14.58043]],[[39.17114,14.47441],[39.17121,14.47448]],[[39.1726,14.46379],[39.17114,14.47441]],[[36.48899,13.98674],[36.48873,13.98687]],[[36.52475,13.98928],[36.48899,13.98674]],[[37.32194,13.75184],[37.32288,13.74077]],[[37.35666,13.69173],[37.35943,13.66928]],[[37.32288,13.74077],[37.325,13.72516],[37.34865,13.72098],[37.35666,13.69173]],[[37.565,13.86061],[37.56481,13.86038]],[[37.59144,13.90911],[37.57672,13.88985],[37.57352,13.86729],[37.565,13.86061]],[[38.32415,13.60446],[38.32571,13.61399]],[[38.32423,13.60441],[38.32415,13.60446]],[[38.28162,13.56442],[38.28363,13.57113]],[[37.95269,14.1214],[37.95252,14.12176]],[[37.95288,14.12082],[37.95269,14.1214]],[[37.95296,14.1205],[37.95288,14.12082]],[[37.95282,14.1208],[37.95296,14.1205]],[[37.95252,14.12176],[37.95262,14.12139]],[[38.10835,14.11771],[38.10905,14.11782]],[[38.10751,14.11786],[38.10801,14.11768]],[[38.10799,14.11775],[38.10751,14.11786]],[[38.10905,14.11782],[38.10835,14.11777]],[[38.10801,14.11768],[38.10835,14.11771]],[[37.76208,14.06233],[37.76206,14.06255]],[[37.76203,14.06285],[37.76186,14.06401]],[[38.38289,5.83316],[38.37645,5.8272]],[[38.38289,5.83316],[38.38275,5.83363]],[[38.37654,5.82714],[38.3773,5.8184],[38.40196,5.7927],[38.40626,5.78031]],[[38.37645,5.8272],[38.37654,5.82714]],[[37.03597,14.06737],[37.03588,14.06739]],[[37.05897,14.05736],[37.03597,14.06737]],[[38.40954,5.77993],[38.40948,5.78016]],[[38.40948,5.78016],[38.40905,5.78007]],[[38.40905,5.78007],[38.40946,5.77995]],[[38.63919,5.71241],[38.66133,5.71915],[38.68464,5.71645]],[[38.16972,14.3194],[38.17605,14.30339]],[[38.17605,14.30339],[38.19371,14.27244],[38.21828,14.25546],[38.2511,14.18875],[38.26822,14.18641],[38.27485,14.17961]],[[39.53814,9.67291],[39.54562,9.67856]],[[38.89515,14.15978],[38.90496,14.16421],[38.90709,14.15955]],[[38.8944,14.16062],[38.89483,14.15976]],[[38.89423,14.1609],[38.8944,14.16062]],[[38.89497,14.16],[38.8944,14.16062]],[[38.90709,14.15955],[38.90486,14.16432],[38.89497,14.16]],[[38.89513,14.15974],[38.89513,14.15974]],[[38.80487,5.67534],[38.79734,5.65481],[38.80287,5.59411],[38.79742,5.55308],[38.80935,5.53128]],[[38.3943,6.5011],[38.39199,6.49641]],[[38.39453,6.50134],[38.39453,6.50134]],[[38.39417,6.50214],[38.39435,6.50138]],[[38.3945,6.50142],[38.39424,6.50217]],[[38.3943,6.5011],[38.39445,6.50126]],[[38.39435,6.50132],[38.3943,6.5011]],[[38.01043,14.134],[38.01093,14.13444]],[[38.01024,14.13383],[38.01043,14.134]],[[38.01017,14.13385],[38.00981,14.13352]],[[38.01093,14.13444],[38.01044,14.13409]],[[38.00981,14.13352],[38.01024,14.13383]],[[38.39155,6.509],[38.39418,6.50225]],[[38.39148,6.5091],[38.39155,6.509]],[[39.73173,13.8666],[39.73494,13.86551]],[[39.39027,14.51022],[39.39048,14.51014]],[[39.38834,14.51139],[39.39027,14.51022]],[[37.7088,14.28634],[37.70855,14.28631]],[[37.76448,14.38271],[37.75266,14.37774],[37.74804,14.36178],[37.73616,14.35488],[37.7088,14.28634]],[[38.40948,5.78016],[38.40954,5.77993]],[[38.39418,6.50225],[38.39417,6.50214]],[[38.39424,6.50217],[38.39418,6.50225]],[[37.40251,13.40243],[37.40525,13.41112]],[[37.39637,13.38495],[37.39966,13.38838]],[[37.39625,13.38482],[37.39637,13.38495]],[[37.3997,13.38889],[37.40251,13.40243]],[[37.40251,13.40243],[37.3997,13.38889]],[[37.39966,13.38838],[37.3997,13.38889]],[[37.38479,13.37503],[37.39625,13.38482]],[[39.40594,14.49858],[39.40604,14.4985]],[[39.40604,14.4985],[39.41668,14.49356]],[[39.5168,11.27646],[39.53441,11.28128],[39.54007,11.27823],[39.53535,11.27563],[39.54697,11.27326]],[[39.54711,11.27311],[39.54697,11.27326]],[[39.49734,11.30393],[39.51062,11.28245]],[[39.49731,11.30414],[39.49734,11.30393]],[[39.49052,11.31542],[39.49731,11.30414]],[[39.49041,11.31556],[39.49052,11.31542]],[[39.47658,11.33563],[39.49041,11.31556]],[[39.46821,11.34763],[39.46828,11.34727]],[[39.46744,11.34913],[39.46821,11.34763]],[[39.46735,11.34928],[39.46744,11.34913]],[[39.45771,11.35786],[39.46735,11.34928]],[[39.45764,11.358],[39.45771,11.35786]],[[39.45713,11.36051],[39.45764,11.358]],[[39.45645,11.36042],[39.45713,11.36051]],[[39.44472,11.38629],[39.45645,11.36042]],[[39.44463,11.38647],[39.44472,11.38629]],[[39.42235,11.41568],[39.43483,11.40838],[39.44463,11.38647]],[[39.40184,11.43345],[39.42227,11.4158]],[[39.42227,11.4158],[39.42235,11.41568]],[[39.40038,11.43633],[39.40082,11.43406]],[[39.40158,11.4334],[39.40184,11.43345]],[[39.39616,11.43694],[39.40038,11.43633]],[[39.40082,11.43406],[39.40158,11.4334]],[[39.35214,11.45518],[39.35871,11.43964],[39.39536,11.43675]],[[39.39536,11.43675],[39.39616,11.43694]],[[39.34877,11.45925],[39.35195,11.45546]],[[39.35195,11.45546],[39.35214,11.45518]],[[39.34246,11.46443],[39.3463,11.46214]],[[39.3463,11.46214],[39.34636,11.46208]],[[39.34636,11.46208],[39.34869,11.45935]],[[39.34869,11.45935],[39.34877,11.45925]],[[39.33646,11.46779],[39.34237,11.46446]],[[39.34237,11.46446],[39.34246,11.46443]],[[39.32484,11.47207],[39.33614,11.46796]],[[39.33614,11.46796],[39.33646,11.46779]],[[39.30262,11.48055],[39.3246,11.47217]],[[39.3246,11.47217],[39.32484,11.47207]],[[39.29741,11.48282],[39.30249,11.48059]],[[39.30249,11.48059],[39.30262,11.48055]],[[39.29004,11.48708],[39.29731,11.48287]],[[39.29731,11.48287],[39.29741,11.48282]],[[39.26155,11.49532],[39.28972,11.48716]],[[39.28972,11.48716],[39.29004,11.48708]],[[39.25607,11.49877],[39.2599,11.49642]],[[39.23543,11.54252],[39.24605,11.53723],[39.25009,11.5178]],[[39.23528,11.54254],[39.23543,11.54252]],[[37.39675,5.90332],[37.3966,5.90301]],[[37.43081,5.89402],[37.41759,5.91006],[37.40297,5.90112],[37.39675,5.90332]],[[37.37096,5.87265],[37.37054,5.8723]],[[37.37364,5.8757],[37.37096,5.87265]],[[37.37401,5.87603],[37.37364,5.8757]],[[37.3966,5.90301],[37.38113,5.89104],[37.38189,5.87917],[37.37401,5.87603]],[[37.35001,5.8722],[37.34963,5.87221]],[[37.37054,5.8723],[37.35838,5.86494],[37.35001,5.8722]],[[39.24992,11.51767],[39.25081,11.50835]],[[39.25081,11.50835],[39.25094,11.50823]],[[39.31599,13.29585],[39.31584,13.29572]],[[39.41048,13.37532],[39.40886,13.36788],[39.40108,13.372],[39.40225,13.364],[39.39043,13.3613],[39.38372,13.35213]],[[39.16587,13.18154],[39.154,13.17669],[39.15001,13.18247],[39.14041,13.18066]],[[39.16597,13.18147],[39.16587,13.18154]],[[39.24964,11.3783],[39.24935,11.38882],[39.2386,11.38475],[39.246,11.39179]],[[39.24957,11.37821],[39.24964,11.3783]],[[39.54697,11.27326],[39.54711,11.27311]],[[39.33806,13.31213],[39.32859,13.31074],[39.31599,13.29585]],[[39.36863,13.34221],[39.3644,13.33292],[39.34622,13.32335],[39.33806,13.31213]],[[39.36891,13.34206],[39.36863,13.34221]],[[39.37395,13.34113],[39.36891,13.34206]],[[36.07551,12.06722],[36.09228,12.06715],[36.09627,12.0621]],[[36.07542,12.06731],[36.07551,12.06722]],[[36.07154,12.06753],[36.07542,12.06731]],[[36.0714,12.06757],[36.07154,12.06753]],[[36.07052,12.06808],[36.0714,12.06757]],[[36.07044,12.06813],[36.07052,12.06808]],[[39.23437,11.23834],[39.24949,11.24083],[39.25684,11.27052],[39.24931,11.32404]],[[39.2343,11.23828],[39.23437,11.23834]],[[39.0343,12.63399],[39.02734,12.63501]],[[39.02734,12.63501],[39.02728,12.63512]],[[38.50187,12.90978],[38.50559,12.91841]],[[38.5015,12.90954],[38.49805,12.90401]],[[38.50187,12.90978],[38.5015,12.90954]],[[38.49783,12.90398],[38.49526,12.89819]],[[38.49805,12.90401],[38.49783,12.90398]],[[38.49507,12.89754],[38.49113,12.89779]],[[38.49526,12.89819],[38.49507,12.89754]],[[39.91417,12.91248],[39.91429,12.91324]],[[39.91873,12.88921],[39.91158,12.90291],[39.91417,12.91248]],[[39.91886,12.88882],[39.91873,12.88921]],[[39.91794,12.87723],[39.91886,12.88882]],[[39.91802,12.87691],[39.91794,12.87723]],[[39.89933,12.967],[39.88534,12.9885]],[[39.89935,12.96671],[39.89933,12.967]],[[39.84749,13.05701],[39.83783,13.08536]],[[39.8476,13.05681],[39.84749,13.05701]],[[39.83197,13.10352],[39.83202,13.1038]],[[39.83763,13.08562],[39.83197,13.10352]],[[39.8061,13.17041],[39.80617,13.17386]],[[39.8061,13.16998],[39.8061,13.17041]],[[38.48696,12.89789],[38.48365,12.89864]],[[38.48704,12.89785],[38.48696,12.89789]],[[38.49105,12.8978],[38.48704,12.89785]],[[38.49113,12.89779],[38.49105,12.8978]],[[38.48357,12.89866],[38.47879,12.89802]],[[38.48365,12.89864],[38.48357,12.89866]],[[38.47869,12.8981],[38.46256,12.89542],[38.45931,12.88383]],[[38.47879,12.89802],[38.47869,12.8981]],[[38.45806,12.88346],[38.45292,12.88162],[38.45326,12.87197],[38.43467,12.87896]],[[38.45931,12.88383],[38.45919,12.88379]],[[38.45919,12.88379],[38.45833,12.88332]],[[38.45833,12.88332],[38.45806,12.88346]],[[38.42621,12.88109],[38.41606,12.88296]],[[38.42634,12.88104],[38.42621,12.88109]],[[38.43458,12.87891],[38.42634,12.88104]],[[38.43467,12.87896],[38.43458,12.87891]],[[38.41585,12.88277],[38.41493,12.88134]],[[38.41606,12.88296],[38.41585,12.88277]],[[38.41492,12.88128],[38.41715,12.87658]],[[38.41493,12.88134],[38.41492,12.88128]],[[38.41723,12.87656],[38.42544,12.85593],[38.42022,12.85766],[38.42654,12.85305],[38.42038,12.85532]],[[38.41715,12.87658],[38.41723,12.87656]],[[38.42023,12.85496],[38.4288,12.84815],[38.42553,12.84148]],[[38.42038,12.85532],[38.42023,12.85496]],[[38.42564,12.8379],[38.42682,12.8351]],[[38.4257,12.83825],[38.42564,12.8379]],[[38.42521,12.84104],[38.4257,12.83825]],[[38.42553,12.84148],[38.42521,12.84104]],[[38.42694,12.83486],[38.4375,12.82935]],[[38.42682,12.8351],[38.42694,12.83486]],[[38.43765,12.82912],[38.45608,12.8177]],[[38.4375,12.82935],[38.43765,12.82912]],[[38.4561,12.81756],[38.46247,12.80368]],[[38.45608,12.8177],[38.4561,12.81756]],[[38.46246,12.80352],[38.46593,12.79347]],[[38.46247,12.80368],[38.46246,12.80352]],[[38.46532,12.78948],[38.46865,12.78311]],[[38.46593,12.79347],[38.4659,12.79336]],[[38.4688,12.78171],[38.46889,12.78027]],[[38.46881,12.78181],[38.4688,12.78171]],[[38.4689,12.78019],[38.46819,12.7755]],[[38.46889,12.78027],[38.4689,12.78019]],[[38.46811,12.77546],[38.47012,12.7643],[38.4547,12.76163]],[[38.46819,12.7755],[38.46811,12.77546]],[[38.45461,12.76155],[38.44801,12.7535]],[[38.4547,12.76163],[38.45461,12.76155]],[[38.4475,12.75323],[38.44156,12.74398],[38.43257,12.74181]],[[38.44801,12.7535],[38.4475,12.75323]],[[38.4322,12.74091],[38.42877,12.73849]],[[38.43257,12.74181],[38.4322,12.74091]],[[38.42863,12.73833],[38.42737,12.72826]],[[38.42877,12.73849],[38.42863,12.73833]],[[38.42746,12.72817],[38.42024,12.71869],[38.42521,12.72002]],[[38.42737,12.72826],[38.42746,12.72817]],[[38.42511,12.71993],[38.42026,12.7137],[38.4071,12.71974],[38.38282,12.71359],[38.36079,12.69192],[38.33787,12.68717],[38.33654,12.68035],[38.33079,12.68139],[38.33281,12.67239],[38.32732,12.66358],[38.33009,12.64494],[38.31923,12.6559]],[[38.42521,12.72002],[38.42511,12.71993]],[[38.31763,12.65679],[38.30854,12.65938],[38.31139,12.65295],[38.30284,12.64003],[38.30168,12.62369],[38.30787,12.60689],[38.29584,12.57716]],[[38.29558,12.5772],[38.28745,12.56903]],[[38.2873,12.56884],[38.28669,12.56792]],[[38.28745,12.56903],[38.2873,12.56884]],[[39.94983,12.81453],[39.93536,12.80023],[39.94167,12.77546]],[[39.94936,12.81521],[39.94983,12.81453]],[[39.933,12.82342],[39.936,12.81743],[39.94936,12.81521]],[[39.93314,12.82363],[39.933,12.82342]],[[39.92123,12.84342],[39.92133,12.84309]],[[39.92667,12.83336],[39.93314,12.82363]],[[39.92133,12.84309],[39.92644,12.83359]],[[39.92644,12.83359],[39.92667,12.83336]],[[39.94874,12.73039],[39.9539,12.71122]],[[39.9487,12.73083],[39.94874,12.73039]],[[39.93764,12.74684],[39.93838,12.7415],[39.94861,12.7404],[39.9487,12.73083]],[[39.93762,12.74695],[39.93764,12.74684]],[[39.93366,12.76846],[39.93262,12.76476]],[[39.93405,12.7689],[39.93366,12.76846]],[[39.93319,12.76435],[39.93762,12.74695]],[[39.93262,12.76476],[39.93319,12.76435]],[[39.94133,12.77499],[39.93405,12.7689]],[[39.94167,12.77546],[39.94133,12.77499]],[[39.96812,12.50626],[39.96817,12.50614]],[[39.97158,12.51057],[39.97033,12.50973]],[[39.97415,12.59173],[39.97419,12.59159]],[[39.97623,12.60686],[39.97351,12.59523]],[[39.97629,12.6071],[39.97623,12.60686]],[[39.97414,12.61327],[39.97629,12.6071]],[[39.97361,12.61355],[39.97414,12.61327]],[[39.95937,12.66477],[39.96386,12.62492],[39.97361,12.61355]],[[39.95929,12.66492],[39.95937,12.66477]],[[39.95404,12.71109],[39.95297,12.67123],[39.95929,12.66492]],[[39.9539,12.71122],[39.95404,12.71109]],[[38.16548,12.52818],[38.1655,12.52816]],[[38.14632,12.51649],[38.16527,12.52593]],[[38.08553,12.42347],[38.09703,12.45331],[38.11157,12.46658],[38.11579,12.4895],[38.13087,12.49963],[38.13666,12.51374],[38.14618,12.51649]],[[38.14618,12.51649],[38.14632,12.51649]],[[38.04953,12.12355],[38.0478,12.12386]],[[38.04965,12.12346],[38.04958,12.12346]],[[39.97352,12.59516],[39.97415,12.59173]],[[39.97351,12.59523],[39.97352,12.59516]],[[39.97419,12.59159],[39.96598,12.57648],[39.97308,12.56705],[39.95703,12.5386],[39.95997,12.52688],[39.9717,12.51828],[39.97158,12.51057]],[[40.20263,13.93803],[40.2026,13.93879]],[[39.09944,12.50617],[39.11385,12.50637]],[[39.11385,12.50637],[39.11416,12.50645]],[[38.01476,12.22664],[38.01581,12.22812]],[[38.01581,12.22812],[38.01587,12.22817]],[[38.02293,12.2392],[38.02392,12.24839]],[[38.02392,12.24839],[38.02392,12.24851]],[[38.02392,12.24851],[38.02777,12.26105]],[[38.02777,12.26105],[38.02779,12.26116]],[[38.02779,12.26116],[38.02956,12.26576]],[[38.02956,12.26576],[38.02959,12.26586]],[[38.0351,12.27525],[38.04073,12.28134]],[[38.03503,12.27515],[38.0351,12.27525]],[[38.05988,12.35376],[38.06169,12.36536]],[[38.06169,12.36536],[38.06168,12.36547]],[[38.25637,12.55137],[38.269,12.55862]],[[38.25616,12.55132],[38.25637,12.55137]],[[38.31909,12.65591],[38.3177,12.6567]],[[38.31923,12.6559],[38.31909,12.65591]],[[38.46867,12.78303],[38.46881,12.78181]],[[38.46865,12.78311],[38.46867,12.78303]],[[38.46524,12.79155],[38.4653,12.78956]],[[38.4653,12.78956],[38.46532,12.78948]],[[38.4659,12.79336],[38.46526,12.79163]],[[38.46526,12.79163],[38.46524,12.79155]],[[38.29678,13.12759],[38.29408,13.12189],[38.30445,13.11777],[38.30019,13.10152],[38.31062,13.08726],[38.31054,13.09369],[38.31961,13.07032],[38.32011,13.07934]],[[38.32011,13.07934],[38.32037,13.07944]],[[38.29351,13.13146],[38.29652,13.1278]],[[38.29652,13.1278],[38.29678,13.12759]],[[38.29474,13.14795],[38.29369,13.1316]],[[38.29369,13.1316],[38.29351,13.13146]],[[38.285,13.18027],[38.29269,13.16081],[38.28855,13.14739],[38.29464,13.14803]],[[38.29464,13.14803],[38.29474,13.14795]],[[38.28488,13.18026],[38.285,13.18027]],[[38.2656,13.2314],[38.26894,13.22946],[38.26288,13.21175],[38.26771,13.19663],[38.27099,13.19928]],[[38.27129,13.1993],[38.28488,13.18026]],[[38.27099,13.19928],[38.27129,13.1993]],[[38.26597,13.24464],[38.27599,13.23786],[38.26548,13.23188]],[[38.26548,13.23188],[38.2656,13.2314]],[[38.24895,13.2534],[38.26595,13.24476]],[[38.26595,13.24476],[38.26597,13.24464]],[[38.24881,13.25358],[38.25803,13.25783]],[[38.25803,13.25783],[38.25835,13.25797]],[[39.01467,12.41519],[39.01992,12.40467]],[[39.01992,12.40467],[39.01467,12.41519]],[[39.02269,12.40278],[39.01992,12.40467]],[[39.01467,12.41519],[39.01526,12.41868]],[[38.23929,5.62892],[38.23184,5.6323]],[[38.23935,5.62893],[38.23929,5.62892]],[[38.23188,5.63485],[38.23178,5.63232]],[[38.23188,5.63485],[38.23213,5.63508]],[[38.2321,5.63511],[38.23188,5.63485]],[[38.23213,5.63508],[38.23185,5.65057],[38.23991,5.65342]],[[39.07787,12.51973],[39.07151,12.52415]],[[38.23991,5.65342],[38.24014,5.65347]],[[38.23213,5.63508],[38.2321,5.63511]],[[46.99567,8.00284],[46.99637,8.0026]],[[46.99491,8.00321],[46.99567,8.00284]],[[46.99609,8.00443],[46.99568,8.00424]],[[46.99568,8.00424],[46.99491,8.00321]],[[47.0447,8.00233],[47.07461,8.00251]],[[38.23356,12.5407],[38.23364,12.54067]],[[38.23364,12.54067],[38.2402,12.53694],[38.25616,12.55132]],[[38.1655,12.52816],[38.16548,12.52818]],[[38.04958,12.12346],[38.04965,12.12346]],[[39.88527,12.39224],[39.88636,12.3937]],[[39.97709,12.48296],[39.97709,12.48287]],[[39.97709,12.48287],[39.97402,12.47068]],[[39.97402,12.47068],[39.97399,12.47061]],[[39.97399,12.47061],[39.97068,12.45226]],[[39.97068,12.45226],[39.97066,12.45216]],[[39.96817,12.50614],[39.97709,12.48296]],[[39.38357,13.35193],[39.3826,13.34465]],[[39.38372,13.35213],[39.38357,13.35193]],[[39.38245,13.34448],[39.37395,13.34113]],[[39.3826,13.34465],[39.38245,13.34448]],[[37.27627,5.9629],[37.28791,5.94887]],[[37.27625,5.96302],[37.27627,5.9629]],[[37.26917,6.01484],[37.25614,6.01531],[37.25977,6.00583]],[[37.26019,5.99535],[37.25999,5.99521]],[[37.25962,6.00559],[37.25599,5.9972],[37.26019,5.99535]],[[37.25977,6.00583],[37.25962,6.00559]],[[37.27431,6.06655],[37.28054,6.05943],[37.27046,6.05826],[37.26915,6.04964]],[[37.26915,6.04964],[37.2691,6.0495]],[[37.20446,6.04869],[37.2281,6.0451],[37.24314,6.0569],[37.23486,6.07067],[37.25007,6.07429]],[[37.25007,6.07429],[37.25026,6.07432]],[[37.17016,6.07496],[37.16862,6.06617],[37.17639,6.06456],[37.1823,6.04791],[37.18807,6.05036],[37.18667,6.03384],[37.20435,6.0485]],[[37.20435,6.0485],[37.20446,6.04869]],[[37.16913,6.0841],[37.17035,6.07515]],[[37.17035,6.07515],[37.17016,6.07496]],[[37.13349,6.12918],[37.15719,6.11232],[37.1689,6.08422]],[[37.1689,6.08422],[37.16913,6.0841]],[[37.13332,6.1293],[37.13349,6.12918]],[[37.0223,6.24994],[37.02735,6.24717]],[[37.02735,6.24717],[37.02747,6.24698]],[[37.02166,6.25008],[37.01904,6.25057]],[[37.01769,6.24401],[37.01895,6.25039]],[[37.01882,6.25041],[37.01769,6.24401]],[[37.01899,6.25041],[37.01881,6.25061]],[[37.01899,6.25041],[37.0223,6.24994]],[[37.0223,6.24994],[37.02166,6.25008]],[[36.87742,6.29947],[36.88119,6.301]],[[36.87742,6.29947],[36.87729,6.29922]],[[36.74648,5.83881],[36.74592,5.83885]],[[36.78762,5.77705],[36.78434,5.77776]],[[36.78434,5.77776],[36.7808,5.77281],[36.77876,5.78113]],[[36.77876,5.78113],[36.77437,5.78574]],[[36.77437,5.78574],[36.77802,5.78474],[36.7745,5.78666]],[[36.78762,5.77705],[36.785,5.7753]],[[38.97423,8.74049],[38.97566,8.74089]],[[38.97637,8.74341],[38.97566,8.74089]],[[36.62985,6.41085],[36.6236,6.4154],[36.63266,6.42508],[36.63105,6.43695]],[[36.6301,6.41082],[36.62985,6.41085]],[[36.63105,6.43695],[36.63363,6.44089]],[[36.63363,6.44089],[36.63367,6.4421]],[[36.58656,6.46953],[36.58656,6.46953]],[[36.58631,6.46956],[36.58486,6.46842]],[[36.59669,6.46246],[36.59231,6.46585]],[[36.58652,6.46945],[36.59231,6.46585]],[[36.58486,6.46842],[36.58644,6.46943]],[[36.59231,6.46585],[36.59084,6.46767]],[[36.12491,6.22418],[36.12536,6.21868]],[[36.13272,6.21999],[36.13222,6.22009]],[[36.1322,6.22],[36.1327,6.2199]],[[36.15935,6.08031],[36.15759,6.07382],[36.16394,6.0648]],[[36.15951,6.0806],[36.15935,6.08031]],[[36.16394,6.0648],[36.17206,6.03531],[36.21051,6.01706],[36.22663,5.99523],[36.26182,5.97702]],[[36.09159,6.23152],[36.09188,6.23139]],[[36.67711,7.10659],[36.66574,7.10657],[36.66251,7.11472],[36.65614,7.11533]],[[36.46974,7.11859],[36.47122,7.10847]],[[36.46933,7.11874],[36.46974,7.11859]],[[38.77373,8.99972],[38.77678,9.00696]],[[38.77671,9.0071],[38.77353,8.99987]],[[39.35787,8.92689],[39.36991,8.91639]],[[36.68662,7.10527],[36.67727,7.10659]],[[36.67723,7.10666],[36.67723,7.10666]],[[36.46974,7.11859],[36.46926,7.11894]],[[36.46905,7.11895],[36.46933,7.11874]],[[36.46926,7.11894],[36.46905,7.11895]],[[36.7514,7.11298],[36.74882,7.11573],[36.74064,7.10875],[36.71994,7.11506],[36.68662,7.10527]],[[36.7911,7.16773],[36.79112,7.16771]],[[36.7911,7.16773],[36.79117,7.17087]],[[36.99419,7.49104],[37.00845,7.49872]],[[37.00845,7.49872],[37.00851,7.49873]],[[38.90934,12.20571],[38.90924,12.20562]],[[37.01881,6.25061],[37.01899,6.25041]],[[38.6417,11.13248],[38.66075,11.10847]],[[38.23483,10.88948],[38.2369,10.88866]],[[38.23464,10.88955],[38.23483,10.88948]],[[36.2347,7.28887],[36.23572,7.28701]],[[36.23572,7.28701],[36.23581,7.28682]],[[38.00499,11.99086],[38.00498,11.99097]],[[36.05939,7.55506],[36.03836,7.58124],[36.03019,7.57409]],[[36.03019,7.57409],[36.03007,7.57406]],[[36.03007,7.57406],[36.016,7.58526],[36.01138,7.59708],[36.00472,7.59395],[36.00179,7.60179],[35.98143,7.60414]],[[35.98143,7.60414],[35.98124,7.60405]],[[38.97861,8.74706],[38.98362,8.74705]],[[35.58352,8.29542],[35.58356,8.29553]],[[38.12354,6.93241],[38.12637,6.93198]],[[36.34436,10.83849],[36.34432,10.83838]],[[36.3979,10.86057],[36.39057,10.86293],[36.38058,10.85569],[36.37337,10.86221],[36.36878,10.8565],[36.35926,10.85676],[36.34348,10.84776],[36.34436,10.83849]],[[37.9851,6.63379],[37.98621,6.6331]],[[37.98621,6.6331],[37.99055,6.62376]],[[37.99055,6.62376],[37.99293,6.62118]],[[38.45733,13.95191],[38.45716,13.95144]],[[38.45689,13.95206],[38.45733,13.95191]],[[38.00846,11.85578],[38.00869,11.8559]],[[47.24033,8.00284],[47.10846,8.00252]],[[38.04686,12.11192],[38.04922,12.11296]],[[38.04922,12.11296],[38.0493,12.11306]],[[38.93016,11.83553],[38.93423,11.85009]],[[38.9301,11.83543],[38.93016,11.83553]],[[38.9769,11.91227],[38.97677,11.91346]],[[39.01143,11.95999],[39.01113,11.96025]],[[39.01052,11.96051],[39.01071,11.96026]],[[39.01089,11.96044],[39.01052,11.96051]],[[39.01062,11.95985],[39.01092,11.96003]],[[39.01099,11.96004],[39.01143,11.95999]],[[39.87916,12.37095],[39.87917,12.36938]],[[39.87818,12.37421],[39.87916,12.37095]],[[39.87844,12.3745],[39.87818,12.37421]],[[39.99759,11.7318],[39.9918,11.72358],[39.99005,11.65788],[39.97993,11.64658]],[[39.99767,11.73189],[39.99759,11.7318]],[[36.49249,7.28405],[36.50214,7.27753]],[[36.49215,7.28411],[36.49249,7.28405]],[[39.81262,13.19029],[39.8118,13.19551]],[[39.81283,13.19005],[39.81262,13.19029]],[[39.83105,13.26967],[39.83051,13.27092]],[[39.8312,13.26936],[39.83105,13.26967]],[[38.94022,8.30035],[38.94039,8.30067]],[[38.93198,8.30308],[38.93598,8.3021]],[[38.93186,8.30296],[38.9318,8.30295]],[[38.94022,8.30035],[38.94208,8.29166]],[[38.94089,8.29279],[38.9404,8.30032]],[[33.79014,8.35417],[33.80761,8.36388]],[[33.78914,8.35284],[33.79014,8.35417]],[[38.7012,7.94777],[38.69632,7.9548]],[[38.7012,7.94777],[38.71634,7.93575]],[[38.71636,7.936],[38.7012,7.94777]],[[38.69587,7.95547],[38.69512,7.95654]],[[39.26093,8.521],[39.25451,8.51285]],[[39.78858,10.70392],[39.78709,10.70151]],[[39.78869,10.70413],[39.78858,10.70392]],[[38.79422,8.14882],[38.79387,8.14891]],[[47.56284,8.0052],[47.55576,8.05234],[47.54365,8.08331],[47.55051,8.10649],[47.53862,8.11513]],[[47.49553,8.00319],[47.50214,8.00264]],[[47.56005,8.00639],[47.54477,8.00216]],[[47.56274,8.00536],[47.56005,8.00639]],[[47.50214,8.00264],[47.54477,8.00216]],[[47.36722,8.00368],[47.45401,8.00369]],[[38.86205,13.36472],[38.85004,13.36294],[38.8369,13.39361],[38.82262,13.38307],[38.79217,13.38225],[38.76805,13.36165],[38.75881,13.35985]],[[38.86236,13.36458],[38.86205,13.36472]],[[38.74923,9.03138],[38.74999,9.03108]],[[38.74768,9.03204],[38.74923,9.03138]],[[38.41106,6.98304],[38.41086,6.98311]],[[38.43164,6.98274],[38.41106,6.98304]],[[38.43164,6.98274],[38.45078,6.98573],[38.46642,7.00866],[38.46873,7.02381]],[[38.46856,7.02386],[38.46638,7.00879],[38.45077,6.98584],[38.43164,6.98274]],[[38.79166,9.02859],[38.79098,9.02859]],[[38.79098,9.02859],[38.78986,9.02852]],[[38.78985,9.02848],[38.79166,9.02853]],[[38.94039,8.30067],[38.94022,8.30035]],[[36.82966,7.66987],[36.83004,7.66956]],[[38.41086,6.98311],[38.38924,7.00261]],[[38.38924,7.00261],[38.38909,7.00268]],[[38.38909,7.00268],[38.37913,7.01119]],[[38.77209,9.01618],[38.77219,9.01623]],[[38.09229,7.31283],[38.09229,7.31283]],[[38.0881,7.31496],[38.09229,7.31283]],[[38.9318,8.30295],[38.93186,8.30296]],[[38.95851,12.95768],[38.95534,12.96834],[38.96061,12.97734]],[[38.96203,12.98211],[38.96209,12.98235]],[[38.96171,12.9811],[38.96203,12.98211]],[[38.96169,12.98101],[38.96171,12.9811]],[[38.96066,12.97749],[38.96169,12.98101]],[[38.96061,12.97734],[38.96066,12.97749]],[[39.01692,12.70008],[39.02166,12.72612],[39.01285,12.75]],[[39.01702,12.78756],[39.01706,12.78766]],[[39.01553,12.76613],[39.01702,12.78756]],[[39.01554,12.76602],[39.01553,12.76613]],[[39.01289,12.75009],[39.01554,12.76602]],[[39.01285,12.75],[39.01289,12.75009]],[[39.10768,13.15343],[39.10733,13.13874]],[[39.10767,13.1535],[39.10768,13.15343]],[[39.17901,13.18486],[39.16597,13.18147]],[[39.17912,13.18502],[39.17901,13.18486]],[[39.20706,13.18366],[39.20545,13.18662]],[[39.20545,13.18662],[39.20541,13.18657]],[[39.10179,13.13446],[39.0949,13.12804]],[[39.0949,13.12804],[39.0948,13.12807]],[[39.25581,13.22491],[39.22066,13.21576],[39.20706,13.18366]],[[39.25607,13.22507],[39.25581,13.22491]],[[38.98474,13.04387],[38.99762,13.06031]],[[38.98465,13.04376],[38.98474,13.04387]],[[39.01992,13.12226],[39.02235,13.1298]],[[39.01979,13.12216],[39.01992,13.12226]],[[38.98378,13.22414],[38.99316,13.23497]],[[38.99316,13.23497],[38.99316,13.23511]],[[38.74984,9.05239],[38.74965,9.0521]],[[38.75282,9.05611],[38.75116,9.06427]],[[38.7503,9.05282],[38.75007,9.05261]],[[38.74965,9.0521],[38.74843,9.05068]],[[38.75007,9.05261],[38.74984,9.05239]],[[39.11107,9.78101],[39.15546,9.76869],[39.18642,9.76835],[39.19351,9.75977]],[[39.19351,9.75977],[39.19394,9.75385],[39.20246,9.75385]],[[37.43807,9.49748],[37.43829,9.49737]],[[38.399,7.06328],[38.39922,7.06361]],[[38.39922,7.06361],[38.41023,7.07599],[38.40789,7.09351]],[[36.93557,10.14363],[36.94718,10.12162],[36.98063,10.08706],[36.9819,10.07697],[36.98982,10.07168],[36.98809,10.05663],[36.9961,10.05914],[37.01252,10.03529],[37.02339,10.0313],[37.0202,10.00766],[37.02992,9.99354],[37.0282,9.96988],[37.04083,9.96585],[37.03657,9.94565],[37.0516,9.94116],[37.05697,9.92954]],[[37.05697,9.92954],[37.05697,9.9292]],[[36.34379,11.15916],[36.34359,11.15891]],[[36.34359,11.15891],[36.34392,11.15903]],[[36.33059,11.19208],[36.33875,11.19489]],[[36.33875,11.19489],[36.33894,11.19508]],[[36.35742,11.21745],[36.35743,11.21763]],[[36.35743,11.21763],[36.36637,11.2236],[36.36711,11.2308]],[[36.36711,11.2308],[36.36725,11.23109]],[[36.10908,9.75894],[36.1109,9.74912]],[[36.1109,9.74912],[36.11094,9.74898]],[[34.76496,10.34791],[34.76808,10.34807]],[[37.32482,11.60271],[37.32378,11.60368]],[[35.05358,10.19538],[35.05389,10.19587]],[[35.0447,10.18181],[35.05358,10.19538]],[[35.04408,10.18153],[35.0447,10.18181]],[[37.29704,11.69146],[37.31105,11.69158]],[[37.27597,11.62142],[37.27239,11.67843]],[[37.28629,12.2449],[37.29987,12.23793]],[[37.29987,12.23793],[37.28629,12.2449]],[[38.08167,4.89113],[38.08842,4.89974]],[[38.14072,4.88635],[38.11781,4.89153]],[[38.11781,4.89153],[38.1407,4.88627]],[[38.11781,4.89153],[38.08842,4.89974]],[[38.94159,8.29122],[38.94089,8.29279]],[[35.61275,10.63989],[35.61276,10.64011]],[[38.72171,9.07065],[38.72148,9.07067]],[[35.48546,10.74075],[35.51263,10.73635],[35.52314,10.71383],[35.53343,10.70872],[35.53327,10.69691],[35.53779,10.70104],[35.54572,10.6964],[35.54492,10.70445]],[[35.54492,10.70445],[35.54501,10.70471]],[[35.4853,10.74077],[35.48546,10.74075]],[[35.45306,10.78523],[35.44956,10.7558]],[[35.4531,10.78545],[35.45306,10.78523]],[[36.26766,10.95244],[36.27317,10.95447],[36.27272,10.96215]],[[36.26758,10.95235],[36.26766,10.95244]],[[33.29422,8.30562],[33.29386,8.30483]],[[42.10917,9.34407],[42.10987,9.35788]],[[42.10829,9.34262],[42.10846,9.34301]],[[39.2317,8.47921],[39.23148,8.47961]],[[39.2438,8.50871],[39.24216,8.50427]],[[39.24216,8.50427],[39.24206,8.50399]],[[39.24227,8.50432],[39.24416,8.50856]],[[39.23391,8.48312],[39.24216,8.50402]],[[39.22212,8.45113],[39.2317,8.47921]],[[39.63099,7.8612],[39.62735,7.85325]],[[39.62735,7.85325],[39.62732,7.85312]],[[39.51131,8.09616],[39.44663,8.10901],[39.43285,8.13279],[39.42381,8.13682],[39.40843,8.12723],[39.38353,8.13069],[39.36809,8.12241]],[[39.5114,8.09613],[39.51131,8.09616]],[[37.56845,6.61906],[37.569,6.62317]],[[40.20556,14.22742],[40.18379,14.24209]],[[38.69967,10.22317],[38.69967,10.22317]],[[38.59115,10.29836],[38.58501,10.29658],[38.61716,10.29788],[38.63767,10.30937],[38.64123,10.30755],[38.63494,10.30228],[38.64885,10.30498],[38.6615,10.29642],[38.6889,10.27282],[38.6994,10.22314]],[[38.92297,10.77401],[38.92212,10.76589]],[[38.92212,10.76589],[38.92255,10.76556]],[[38.8026,10.6114],[38.80264,10.61132]],[[38.58395,10.3819],[38.5848,10.37831]],[[38.5848,10.37831],[38.58403,10.36177],[38.57309,10.35045],[38.58728,10.34871],[38.59294,10.33328],[38.61891,10.3146],[38.61552,10.30728],[38.59115,10.29836]],[[38.37419,10.82365],[38.38041,10.82116]],[[38.37393,10.82366],[38.37419,10.82365]],[[38.28012,10.86384],[38.2839,10.8522]],[[38.2839,10.8522],[38.28405,10.852]],[[38.20773,10.88128],[38.21826,10.89161],[38.23464,10.88955]],[[38.20745,10.88156],[38.20773,10.88128]],[[38.18817,10.89393],[38.19411,10.87934],[38.20745,10.88156]],[[38.18808,10.89415],[38.18817,10.89393]],[[38.90336,10.96471],[38.89863,10.98178],[38.8858,10.99475],[38.87018,10.99191]],[[38.85038,10.98128],[38.85019,10.98131]],[[38.8558,10.98116],[38.85038,10.98128]],[[38.85598,10.98123],[38.8558,10.98116]],[[38.87011,10.99164],[38.85598,10.98123]],[[38.87018,10.99191],[38.87011,10.99164]],[[38.99834,10.81075],[39.00797,10.83045],[38.98906,10.88955],[38.97661,10.9047]],[[38.63416,11.13135],[38.6417,11.13248]],[[38.90841,11.45878],[38.90686,11.45824]],[[38.9085,11.45882],[38.90841,11.45878]],[[39.02506,11.52327],[39.01192,11.5194]],[[39.01192,11.5194],[39.01182,11.51938]],[[42.82034,9.34797],[42.80513,9.34775]],[[42.80457,9.34774],[42.80032,9.34759]],[[42.80032,9.34759],[42.80457,9.34765]],[[42.80513,9.34775],[42.80457,9.34774]],[[42.80457,9.34765],[42.80514,9.34767]],[[42.80514,9.34767],[42.82035,9.34789]],[[42.82017,9.35018],[42.82035,9.34789]],[[42.80005,9.33754],[42.80032,9.34083]],[[42.80036,9.35075],[42.80032,9.34083]],[[42.80032,9.34083],[42.80049,9.35073]],[[42.78925,9.3513],[42.78451,9.34059]],[[42.78442,9.34056],[42.78415,9.3403]],[[42.78451,9.34059],[42.78932,9.3513]],[[42.82359,9.35786],[42.82046,9.35009]],[[42.82055,9.35009],[42.82368,9.35783]],[[42.82188,9.35322],[42.80765,9.35467]],[[42.80048,9.35459],[42.80702,9.35459]],[[42.80702,9.35467],[42.80048,9.35465]],[[42.80765,9.35467],[42.80702,9.35467]],[[42.80702,9.35459],[42.80765,9.35459]],[[42.80765,9.35459],[42.82188,9.35322]],[[42.82188,9.35322],[42.82682,9.35106]],[[42.78032,9.35171],[42.77056,9.37394]],[[42.77322,9.36976],[42.78021,9.37326]],[[42.77056,9.37394],[42.78011,9.35171]],[[42.80191,9.36734],[42.80038,9.35103]],[[42.80052,9.35103],[42.80201,9.36729]],[[42.98009,9.61046],[42.97986,9.61057]],[[42.97996,9.61063],[42.97983,9.61077]],[[42.97986,9.61044],[42.97992,9.61013]],[[39.05375,12.01117],[39.05063,12.03103]],[[39.05063,12.03103],[39.05375,12.01117]],[[39.04715,12.03571],[39.05063,12.03103]],[[42.3261,8.32761],[42.34851,8.35453],[42.36857,8.4038],[42.36604,8.4635],[42.39461,8.5546],[42.39275,8.57064],[42.41392,8.67574],[42.40748,8.68754],[42.40779,8.73162],[42.41954,8.77252],[42.40951,8.82649],[42.41606,8.85388],[42.40694,8.87622],[42.41106,8.9137],[42.40303,8.95224],[42.39376,9.10698],[42.362,9.19914],[42.35232,9.21205]],[[38.97408,11.90077],[38.9769,11.91227]],[[38.9741,11.90038],[38.97408,11.90077]],[[38.93661,11.85437],[38.94054,11.86296]],[[38.93461,11.85013],[38.93655,11.85407]],[[38.93423,11.85009],[38.93461,11.85013]],[[38.92007,11.80942],[38.91609,11.81352],[38.9301,11.83543]],[[38.92299,11.80602],[38.92007,11.80942]],[[38.9232,11.80579],[38.92299,11.80602]],[[38.9239,11.68837],[38.92176,11.69893]],[[38.92176,11.69893],[38.92168,11.6991]],[[38.91446,11.71501],[38.93134,11.72655],[38.92669,11.72924]],[[38.91435,11.71496],[38.91446,11.71501]],[[39.05375,12.01117],[39.05093,12.00611],[39.05728,12.00445]],[[39.05989,11.99688],[39.05728,12.00445]],[[39.05728,12.00445],[39.05989,11.99688]],[[39.01864,12.04765],[39.00839,12.03577],[38.98737,12.03316],[38.99036,12.00971]],[[38.98617,11.98114],[38.98362,11.98391],[38.99612,11.99813]],[[38.99066,12.00937],[38.99612,11.99813]],[[38.99036,12.00971],[38.99066,12.00937]],[[38.99189,12.04834],[38.97805,12.05891]],[[38.97805,12.05891],[38.97796,12.05895]],[[38.95994,12.14418],[38.95389,12.17319]],[[38.95389,12.17319],[38.95392,12.17331]],[[38.95392,12.17331],[38.94203,12.19793]],[[38.94203,12.19793],[38.94194,12.19797]],[[38.94194,12.19797],[38.93664,12.20291]],[[38.93664,12.20291],[38.93654,12.20296]],[[38.90924,12.20562],[38.90121,12.20843],[38.88116,12.19558]],[[38.88116,12.19558],[38.88113,12.19571]],[[38.95557,12.12061],[38.95661,12.14211],[38.98027,12.15632]],[[38.98459,12.16833],[38.9826,12.16713]],[[38.9827,12.1671],[38.98433,12.17157]],[[38.9826,12.16713],[38.98168,12.16481]],[[38.98176,12.16482],[38.9827,12.1671]],[[38.98132,12.16222],[38.98176,12.16482]],[[38.98168,12.16481],[38.98125,12.16225]],[[38.98027,12.15632],[38.98132,12.16222]],[[38.98125,12.16225],[38.98027,12.15632]],[[42.97986,9.61057],[42.98009,9.61046]],[[37.00996,13.35816],[37.01784,13.36333]],[[37.00132,13.35994],[37.00996,13.35816]],[[37.00119,13.35994],[37.00132,13.35994]],[[38.28056,4.15976],[38.35877,4.20072],[38.37786,4.20309],[38.39926,4.19515],[38.41054,4.19865]],[[38.7529,8.99292],[38.75268,8.99216]],[[38.75301,8.99329],[38.7529,8.99292]],[[38.77688,8.94902],[38.77676,8.94904]],[[38.77732,8.94901],[38.77688,8.94902]],[[38.78466,8.94784],[38.7842,8.94788]],[[38.78513,8.94839],[38.78487,8.94798]],[[38.78513,8.94793],[38.78519,8.94823]],[[38.78471,8.94736],[38.78493,8.94728]],[[38.7846,8.94754],[38.78471,8.94736]],[[38.78466,8.94784],[38.7846,8.94754]],[[38.78487,8.94798],[38.78466,8.94784]],[[38.78513,8.94793],[38.78487,8.94798]],[[38.7853,8.9477],[38.78513,8.94793]],[[38.78524,8.94742],[38.7853,8.9477]],[[38.7853,8.94859],[38.78633,8.9519]],[[38.78617,8.95172],[38.78531,8.94904]],[[38.7701,8.94445],[38.77084,8.9428]],[[38.77094,8.94284],[38.7701,8.94465]],[[38.75322,9.01065],[38.75336,9.01061]],[[39.07837,12.51784],[39.07789,12.51974]],[[39.07781,12.51971],[39.07837,12.51784]],[[39.04387,12.61963],[39.03682,12.62109]],[[38.77527,8.97168],[38.77551,8.97164]],[[38.77593,8.97241],[38.77561,8.97265]],[[38.77551,8.97164],[38.77593,8.97241]],[[38.78538,8.9598],[38.78543,8.95989]],[[38.78559,8.9598],[38.78543,8.95989]],[[38.78643,8.95222],[38.78654,8.95257]],[[38.78633,8.9519],[38.78643,8.95222]],[[38.75408,8.99578],[38.75553,8.99852]],[[38.73703,9.02963],[38.73536,9.02943]],[[38.73328,9.02907],[38.73537,9.02936]],[[38.71313,9.03953],[38.71436,9.03478]],[[38.71446,9.03483],[38.71417,9.03723]],[[38.71246,9.05552],[38.7122,9.05478]],[[39.05356,12.55627],[39.05873,12.54242]],[[39.06081,12.54227],[39.05873,12.54242]],[[38.74921,9.06517],[38.7492,9.065]],[[38.74984,9.05239],[38.74993,9.05227]],[[38.75019,9.05249],[38.75007,9.05261]],[[38.74993,9.05227],[38.75019,9.05249]],[[38.74657,9.04842],[38.74993,9.05227]],[[38.75186,9.05533],[38.75159,9.05505]],[[38.72684,9.06405],[38.72689,9.06398]],[[38.72203,9.06527],[38.72473,9.0644]],[[38.72736,9.05886],[38.72741,9.05893]],[[38.75274,9.03529],[38.75264,9.03563]],[[38.72026,9.05295],[38.7202,9.05297]],[[38.72099,9.06558],[38.72014,9.06306]],[[38.73188,9.0357],[38.73192,9.03547]],[[38.73211,9.03423],[38.7321,9.03424]],[[38.80896,9.02098],[38.80888,9.02095]],[[38.74452,9.02852],[38.74418,9.02857]],[[38.74417,9.02849],[38.74454,9.02846]],[[38.77697,9.05711],[38.7768,9.05711]],[[38.77697,9.05702],[38.77719,9.05695]],[[38.77727,9.05709],[38.77697,9.05711]],[[38.79802,9.02876],[38.79812,9.02875]],[[38.79166,9.02853],[38.79802,9.02876]],[[38.79804,9.02881],[38.79166,9.02859]],[[38.81911,9.0357],[38.81862,9.03559]],[[38.81873,9.03555],[38.81913,9.03565]],[[38.723,9.02791],[38.72114,9.02584]],[[38.72463,9.0331],[38.72304,9.02808]],[[38.723,9.02791],[38.72304,9.02791]],[[38.74842,9.06511],[38.74978,9.06527]],[[38.73845,9.019],[38.73809,9.01641]],[[38.73818,9.01654],[38.73847,9.01896]],[[38.7249,9.03386],[38.7249,9.03393]],[[38.72217,9.03094],[38.72322,9.03401]],[[39.87646,5.21986],[39.89882,5.21646]],[[39.87632,5.21988],[39.87646,5.21986]],[[39.52616,5.39174],[39.53956,5.35779],[39.56415,5.34491],[39.5663,5.33878]],[[38.71191,9.05261],[38.71142,9.04964]],[[38.70925,9.05152],[38.70927,9.05156]],[[38.70915,9.05146],[38.70925,9.05152]],[[38.70907,9.05148],[38.70915,9.05146]],[[38.70898,9.05162],[38.70907,9.05148]],[[38.709,9.05167],[38.70898,9.05162]],[[38.70908,9.05174],[38.709,9.05167]],[[38.70916,9.05175],[38.70908,9.05174]],[[38.7122,9.05478],[38.71191,9.05261]],[[38.71336,9.03962],[38.71271,9.04144]],[[38.7164,9.03796],[38.71555,9.04033]],[[38.74716,9.03218],[38.74722,9.03208]],[[38.74716,9.03224],[38.74716,9.03218]],[[38.7472,9.0323],[38.74716,9.03224]],[[38.74723,9.03233],[38.7472,9.0323]],[[38.74731,9.03235],[38.74723,9.03233]],[[38.74736,9.03235],[38.74731,9.03235]],[[38.74746,9.03223],[38.74736,9.03235]],[[38.74746,9.0322],[38.74746,9.03223]],[[38.74741,9.03209],[38.74746,9.0322]],[[38.76065,9.06102],[38.76099,9.06134]],[[38.82796,9.03574],[38.82655,9.03853]],[[38.82813,9.03546],[38.82796,9.03574]],[[36.26961,5.05717],[36.26959,5.05772]],[[36.44917,4.98268],[36.44957,4.98242]],[[36.42274,4.9894],[36.44275,4.98743]],[[36.42274,4.9894],[36.42228,4.98923]],[[36.37125,5.01188],[36.37076,5.01211]],[[36.36586,5.02224],[36.36564,5.02242]],[[36.3645,5.02815],[36.36564,5.02242]],[[36.36586,5.02224],[36.37076,5.01211]],[[36.37125,5.01188],[36.38908,5.01097],[36.42228,4.98923]],[[36.41045,5.97376],[36.39187,5.98347]],[[36.39187,5.98347],[36.39158,5.98361]],[[36.39158,5.98361],[36.37239,5.98949],[36.34052,5.9825],[36.3116,5.99067],[36.27534,5.97468],[36.26249,5.97678]],[[36.26249,5.97678],[36.26182,5.97702]],[[38.5836,13.57411],[38.58489,13.57456]],[[38.7943,8.98873],[38.80356,8.98529]],[[38.77515,8.97255],[38.77504,8.97243]],[[38.77561,8.97265],[38.77515,8.97255]],[[38.77257,8.9781],[38.77198,8.97954]],[[38.78543,8.95989],[38.7873,8.96418]],[[38.78722,8.9642],[38.78529,8.95983]],[[38.71496,9.0421],[38.71495,9.04213]],[[38.72938,9.0169],[38.72967,9.0167]],[[38.7292,9.01703],[38.72938,9.0169]],[[38.72471,9.03337],[38.72463,9.0331]],[[38.75534,9.02895],[38.75735,9.02856]],[[38.7572,9.02697],[38.75499,9.02811]],[[38.75388,9.01839],[38.75365,9.01823]],[[38.75374,9.01814],[38.75397,9.01829]],[[38.75163,9.05495],[38.75274,9.05605]],[[38.75292,9.05621],[38.75272,9.05613]],[[38.75019,9.05249],[38.75163,9.05495]],[[38.75159,9.05505],[38.75151,9.05492]],[[38.75886,9.05152],[38.75899,9.05461]],[[38.73284,9.02907],[38.73273,9.02904]],[[38.73749,9.01126],[38.73772,9.01287]],[[38.73761,9.0128],[38.73738,9.0111]],[[38.72304,9.02808],[38.723,9.02791]],[[38.75418,9.03258],[38.75369,9.03347]],[[38.7379,9.04908],[38.73778,9.04931]],[[36.4874,4.96797],[36.48282,4.97803]],[[36.48282,4.97803],[36.48729,4.96796]],[[38.74978,9.06527],[38.75118,9.06511]],[[38.74345,9.04515],[38.7464,9.04821]],[[39.25657,13.86673],[39.22811,13.83313]],[[39.22811,13.83313],[39.22802,13.83314]],[[38.7464,9.04821],[38.74657,9.04842]],[[38.75202,9.05552],[38.75186,9.05533]],[[38.75151,9.05492],[38.75163,9.05495]],[[39.32767,14.03565],[39.32718,14.03576]],[[39.32766,14.03561],[39.32796,14.0356]],[[39.32718,14.03576],[39.32685,14.03582]],[[39.32796,14.0356],[39.33594,14.0301]],[[39.33594,14.0301],[39.33613,14.03004]],[[39.32796,14.0356],[39.32767,14.03565]],[[39.32685,14.03582],[39.32717,14.03572]],[[39.2763,14.17303],[39.27368,14.17724]],[[39.27635,14.17293],[39.2763,14.17303]],[[38.27491,14.17937],[38.2768,14.1718]],[[38.2768,14.1718],[38.27684,14.17167]],[[38.73755,9.02987],[38.73771,9.02997]],[[38.7888,9.06242],[38.78896,9.06244]],[[38.78819,9.06232],[38.78803,9.06227]],[[38.73703,9.02963],[38.73715,9.02968]],[[38.77541,9.02685],[38.77582,9.02644]],[[38.7759,9.02649],[38.7756,9.02692]],[[38.77007,9.01619],[38.7682,9.01651]],[[38.72115,9.06765],[38.72127,9.06697]],[[38.7006,9.05809],[38.69726,9.0595]],[[38.73279,9.05467],[38.73299,9.05452]],[[38.25835,13.25797],[38.2608,13.26062],[38.24632,13.26146],[38.24574,13.26531],[38.24214,13.26043],[38.23531,13.27132],[38.22236,13.24953],[38.22459,13.23642]],[[38.22459,13.23642],[38.22461,13.23635]],[[39.0322,11.52843],[39.02511,11.52328]],[[39.02511,11.52328],[39.02506,11.52327]],[[39.01132,11.55778],[39.01943,11.54999]],[[39.01128,11.55773],[39.01132,11.55778]],[[38.75215,8.99012],[38.75223,8.99011]],[[38.75211,8.98989],[38.75037,8.98494]],[[38.00822,11.98063],[38.00499,11.99086]],[[38.00822,11.98063],[38.00832,11.98027]],[[37.62243,11.67942],[37.63156,11.70746],[37.62163,11.73382]],[[37.62256,11.67911],[37.62243,11.67942]],[[37.8434,11.63612],[37.84012,11.63112],[37.8324,11.6332],[37.8278,11.62605],[37.80698,11.64321],[37.78955,11.62958],[37.7573,11.63053]],[[37.74662,11.6342],[37.74659,11.63442]],[[37.75696,11.63041],[37.74662,11.6342]],[[37.7573,11.63053],[37.75696,11.63041]],[[37.99182,12.03361],[37.98806,12.03759]],[[37.98806,12.03759],[37.98799,12.03763]],[[37.9418,12.08606],[37.94372,12.0855]],[[37.94169,12.08593],[37.9418,12.08606]],[[37.91724,12.10824],[37.92953,12.09042],[37.94169,12.08593]],[[37.91706,12.10829],[37.91724,12.10824]],[[37.78903,12.12387],[37.78678,12.12018],[37.81245,12.11568],[37.83987,12.11986]],[[37.83987,12.11986],[37.83995,12.11961]],[[39.53315,8.67811],[39.53257,8.6971]],[[39.53078,8.69664],[39.5322,8.69432]],[[40.42016,9.05794],[40.42552,9.05142]],[[40.41668,9.06359],[40.42005,9.05897]],[[40.42005,9.05897],[40.42016,9.05794]],[[38.01938,12.2339],[38.0229,12.23913]],[[38.0229,12.23913],[38.02293,12.2392]],[[39.79512,10.72572],[39.78869,10.70413]],[[39.7949,10.73349],[39.79483,10.73286]],[[37.95607,11.41187],[37.95754,11.41339]],[[37.95599,11.41189],[37.95607,11.41187]],[[37.94187,11.3856],[37.95316,11.39615],[37.95595,11.41178]],[[37.94156,11.38562],[37.94187,11.3856]],[[37.87903,11.37683],[37.87979,11.40022],[37.89105,11.3999]],[[37.89105,11.3999],[37.89134,11.39979]],[[37.87087,11.22111],[37.8685,11.22267]],[[37.87149,11.22262],[37.87092,11.22173]],[[37.87092,11.22173],[37.87087,11.22111]],[[37.95989,11.41484],[37.95754,11.41339]],[[37.96015,11.41497],[37.95989,11.41484]],[[37.87916,11.28481],[37.8847,11.30815],[37.87087,11.36547],[37.87903,11.37683]],[[37.87887,11.28477],[37.87916,11.28481]],[[37.85651,11.64352],[37.8558,11.63886],[37.84358,11.63616]],[[37.84358,11.63616],[37.8434,11.63612]],[[37.95607,11.41187],[37.95599,11.41189]],[[38.7681,9.04682],[38.76578,9.04714]],[[38.76578,9.04714],[38.76553,9.04859]],[[38.75336,9.01061],[38.7533,9.01096]],[[38.80356,8.98529],[38.81046,8.98798]],[[38.79446,8.98885],[38.79381,8.9896]],[[38.85821,8.98934],[38.8581,8.98938]],[[38.85817,8.98921],[38.85821,8.98934]],[[40.00585,13.83795],[40.00581,13.83783]],[[37.48558,11.26208],[37.48629,11.26173]],[[39.66126,13.72292],[39.67868,13.73],[39.68212,13.73748]],[[39.6612,13.72287],[39.66126,13.72292]],[[36.58176,5.77202],[36.58043,5.77791]],[[37.31105,11.69158],[37.29704,11.69146]],[[37.3674,11.59151],[37.36741,11.59134]],[[37.36642,9.55691],[37.36534,9.55576]],[[38.69727,9.05942],[38.70058,9.05801]],[[38.71417,9.03723],[38.71336,9.03962]],[[38.71651,9.03773],[38.7164,9.03796]],[[38.78519,8.94823],[38.7853,8.94859]],[[38.78531,8.94904],[38.78513,8.94839]],[[38.6945,9.05856],[38.69436,9.05853]],[[38.69436,9.05846],[38.69483,9.05855]],[[38.80428,8.89335],[38.81466,8.89924]],[[38.81457,8.8995],[38.80423,8.89355]],[[38.98433,12.17157],[38.98459,12.16833]],[[39.07787,12.51973],[39.07921,12.52161]],[[39.07921,12.52161],[39.07928,12.52162]],[[38.75118,9.06511],[38.75116,9.06427]],[[38.75278,9.03613],[38.75262,9.03604]],[[38.77773,9.05701],[38.77808,9.05716]],[[38.77759,9.05709],[38.77752,9.05708]],[[38.14715,9.0146],[38.14752,9.03036]],[[38.14715,9.0146],[38.14832,9.01356]],[[38.753,9.03799],[38.7528,9.03788]],[[38.7528,9.03788],[38.7524,9.03767]],[[38.76274,9.03771],[38.76264,9.03779]],[[39.69182,11.31849],[39.71582,11.30708],[39.7333,11.31651]],[[39.7333,11.31651],[39.73327,11.31668]],[[38.73809,9.0302],[38.73839,9.03039]],[[38.73806,9.03018],[38.73809,9.0302]],[[38.73793,9.0301],[38.73806,9.03018]],[[38.71238,9.04172],[38.71313,9.03953]],[[39.495,10.52294],[39.49624,10.52294]],[[39.49624,10.52294],[39.50076,10.53175]],[[39.48199,10.51352],[39.48875,10.52437],[39.495,10.52294]],[[39.47933,10.50404],[39.48118,10.5109]],[[39.47928,10.50394],[39.47933,10.50404]],[[39.4812,10.51098],[39.48183,10.51334]],[[39.48118,10.5109],[39.4812,10.51098]],[[39.48183,10.51334],[39.48199,10.51352]],[[39.50098,10.53194],[39.50877,10.5361]],[[39.50076,10.53175],[39.50098,10.53194]],[[39.50933,10.53754],[39.51369,10.53589]],[[39.50877,10.5361],[39.50884,10.53607]],[[39.50884,10.53607],[39.50911,10.53693]],[[39.50911,10.53693],[39.50904,10.53697]],[[39.51368,10.53579],[39.51251,10.53103]],[[39.51369,10.53589],[39.51368,10.53579]],[[39.50904,10.53697],[39.50925,10.53753]],[[39.50925,10.53753],[39.50933,10.53754]],[[39.51251,10.53077],[39.51439,10.52396]],[[39.51251,10.53103],[39.51251,10.53077]],[[39.51435,10.52372],[39.5114,10.52172],[39.5203,10.5254]],[[39.51439,10.52396],[39.51435,10.52372]],[[39.5203,10.5254],[39.5203,10.52548]],[[39.43527,10.59018],[39.43641,10.59024]],[[39.43659,10.59043],[39.43671,10.59042]],[[39.43641,10.59024],[39.43665,10.59026]],[[39.43667,10.59027],[39.43682,10.59025]],[[39.43682,10.59025],[39.43673,10.59036]],[[39.43656,10.59038],[39.43641,10.59024]],[[39.83124,10.76925],[39.8196,10.7676]],[[39.79483,10.73286],[39.79511,10.72592]],[[39.79511,10.72592],[39.79512,10.72572]],[[39.70726,10.65066],[39.70737,10.65069]],[[39.70726,10.65066],[39.72119,10.70021],[39.73104,10.6965],[39.73841,10.70529],[39.74561,10.7017],[39.74478,10.70734],[39.74843,10.7019],[39.7503,10.70892],[39.75912,10.71148],[39.75727,10.71561],[39.77189,10.70015]],[[39.70733,10.65042],[39.70737,10.65069]],[[39.43682,10.59025],[39.43952,10.56828]],[[39.43952,10.56828],[39.43957,10.56823]],[[39.77185,10.70003],[39.77241,10.6993]],[[39.77189,10.70015],[39.77185,10.70003]],[[39.78709,10.70151],[39.78376,10.69712]],[[39.80658,10.39601],[39.78972,10.40741],[39.78566,10.41755],[39.76775,10.40583],[39.69928,10.38642]],[[39.79465,10.43448],[39.79475,10.43444]],[[39.79475,10.43444],[39.80135,10.41827]],[[39.80135,10.41827],[39.8014,10.41818]],[[39.8014,10.41818],[39.80667,10.3961]],[[39.80667,10.3961],[39.80658,10.39601]],[[39.43671,10.59042],[39.43659,10.59043]],[[39.69928,10.38642],[39.68485,10.36979]],[[39.68485,10.36979],[39.68488,10.36971]],[[39.68488,10.36971],[39.68153,10.35946]],[[39.68153,10.35946],[39.68157,10.35938]],[[39.68157,10.35938],[39.67453,10.34571]],[[39.67453,10.34571],[39.6745,10.34561]],[[39.67689,10.31545],[39.69013,10.31478]],[[39.69013,10.31478],[39.69037,10.3147]],[[39.82986,10.36213],[39.82021,10.35786],[39.81949,10.33574],[39.81431,10.32862]],[[39.81431,10.32862],[39.81405,10.32877]],[[39.62869,9.99909],[39.63143,10.00222]],[[39.62875,9.99906],[39.62869,9.99909]],[[39.63143,10.00222],[39.6314,10.00285]],[[39.63634,10.02567],[39.63719,10.01227],[39.6314,10.00285]],[[39.63637,10.02574],[39.63634,10.02567]],[[39.62947,9.95973],[39.62501,9.97101],[39.62082,9.97288],[39.62374,9.96588],[39.61959,9.97059]],[[39.61959,9.97059],[39.61955,9.97063]],[[39.51099,11.2818],[39.5166,11.27652]],[[39.5166,11.27652],[39.5168,11.27646]],[[39.46828,11.34727],[39.47644,11.33579]],[[39.47644,11.33579],[39.47658,11.33563]],[[39.54711,11.27311],[39.55504,11.25429]],[[39.55504,11.25429],[39.55528,11.25421]],[[39.90772,10.2982],[39.89095,10.30246]],[[39.90786,10.2982],[39.90772,10.2982]],[[39.56208,9.66443],[39.55694,9.6783],[39.54542,9.68477]],[[39.54557,9.68487],[39.55734,9.67805],[39.56208,9.66443]],[[39.52408,9.66203],[39.52349,9.66154]],[[39.52408,9.66203],[39.52827,9.66443]],[[39.52827,9.66443],[39.53814,9.67291]],[[39.53814,9.67291],[39.52827,9.66443]],[[39.54562,9.67856],[39.54422,9.67942]],[[39.54422,9.67942],[39.54658,9.68432]],[[39.54422,9.67942],[39.54562,9.67856]],[[39.8081,10.32628],[39.79651,10.2983],[39.80212,10.29584]],[[39.01036,10.05055],[39.0221,10.05145],[39.02814,10.0602],[39.03742,10.06176]],[[39.4141,10.24028],[39.40776,10.24296],[39.40167,10.25765],[39.38488,10.26365]],[[39.38488,10.26365],[39.38475,10.26367]],[[39.42831,10.23246],[39.41411,10.24014]],[[39.41411,10.24014],[39.4141,10.24028]],[[39.4445,10.22611],[39.42831,10.23246]],[[36.74592,5.83885],[36.72516,5.85632],[36.72307,5.86677]],[[39.5373,10.3014],[39.52622,10.30535]],[[39.52622,10.30535],[39.52593,10.30535]],[[39.63322,10.03862],[39.63938,10.05987],[39.63646,10.07106],[39.65244,10.09233],[39.65468,10.10575]],[[37.92081,6.64812],[37.94982,6.64369]],[[38.26315,6.68851],[38.26235,6.69298]],[[38.12637,6.93198],[38.13084,6.93064]],[[37.76422,6.71048],[37.76773,6.70776]],[[37.77503,6.70285],[37.76781,6.70787]],[[39.67024,10.31481],[39.67689,10.31545]],[[39.67689,10.31545],[39.67021,10.31489]],[[39.65867,10.31215],[39.65338,10.31698]],[[39.65338,10.31698],[39.65304,10.31791]],[[39.65873,10.31197],[39.65874,10.31207]],[[37.82084,6.64725],[37.82697,6.64837]],[[37.76781,6.70787],[37.76422,6.71048]],[[38.13132,6.93057],[38.12354,6.93241]],[[37.79891,8.14597],[37.80096,8.16055],[37.81305,8.17924]],[[37.79915,8.14551],[37.79891,8.14597]],[[39.92123,12.84342],[39.92302,12.85173]],[[39.923,12.85743],[39.92277,12.85785]],[[39.92313,12.85206],[39.923,12.85743]],[[39.92302,12.85173],[39.92313,12.85206]],[[39.99391,11.73959],[39.99767,11.73189]],[[39.99374,11.73972],[39.99391,11.73959]],[[40.06672,12.10389],[40.0711,12.08393],[40.06817,12.05553],[40.0313,11.99012],[40.02531,11.94734],[39.99389,11.92239]],[[39.99389,11.92239],[39.99392,11.92214]],[[39.92112,12.87366],[39.91802,12.87691]],[[39.92109,12.87335],[39.92112,12.87366]],[[39.8007,13.15211],[39.8061,13.16998]],[[39.80061,13.15197],[39.8007,13.15211]],[[36.56811,5.78918],[36.55563,5.80166]],[[36.57735,5.77745],[36.56831,5.78903]],[[36.56817,5.78884],[36.57735,5.77745]],[[36.55563,5.80166],[36.56796,5.78901]],[[38.13084,6.93064],[38.13132,6.93057]],[[37.76037,6.86795],[37.75919,6.87691]],[[38.12172,6.93108],[38.12354,6.93241]],[[37.64925,6.92251],[37.6522,6.92671]],[[37.64919,6.92237],[37.64925,6.92251]],[[37.80334,8.09657],[37.80445,8.11341],[37.79546,8.13325],[37.79915,8.14551]],[[37.80333,8.09635],[37.80334,8.09657]],[[39.10298,10.43679],[39.11529,10.44307],[39.11032,10.44019],[39.11252,10.41868],[39.12048,10.42119],[39.11774,10.42513],[39.12888,10.44049],[39.14658,10.44949],[39.16656,10.45038],[39.1745,10.43564],[39.18117,10.4343],[39.2211,10.45801],[39.22847,10.44727],[39.24167,10.44195],[39.24861,10.42841]],[[39.1022,10.43669],[39.10298,10.43679]],[[39.2189,11.04043],[39.20191,11.05028],[39.19437,11.04644]],[[39.19437,11.04644],[39.19426,11.04661]],[[37.83732,6.65692],[37.82764,6.655],[37.82697,6.64837]],[[36.58043,5.77791],[36.58014,5.77781]],[[36.58014,5.77781],[36.57735,5.77745]],[[39.43772,13.47985],[39.44847,13.48663]],[[39.47503,13.49083],[39.47601,13.48985]],[[37.406,11.5877],[37.40273,11.58771]],[[37.40273,11.58752],[37.40602,11.5875]],[[37.40602,11.5875],[37.40947,11.58753]],[[37.40946,11.58772],[37.406,11.5877]],[[37.40947,11.58753],[37.41794,11.58767]],[[37.41795,11.58784],[37.40946,11.58772]],[[42.19487,7.67937],[42.18658,7.68752]],[[42.19517,7.67918],[42.19487,7.67937]],[[42.24235,7.63997],[42.24241,7.6404]],[[42.24194,7.63724],[42.24235,7.63997]],[[42.24241,7.6404],[42.19517,7.67918]],[[42.18658,7.68752],[42.18614,7.69651]],[[42.33295,7.38989],[42.32269,7.38488],[42.32823,7.40124],[42.32281,7.40426],[42.31978,7.42658],[42.29928,7.45671],[42.26925,7.53616],[42.25326,7.5547],[42.24194,7.63724]],[[42.30218,8.13432],[42.29292,8.13768],[42.29779,8.15209],[42.31543,8.15716],[42.32447,8.17487],[42.32564,8.19161],[42.31823,8.20742],[42.32524,8.26887],[42.31696,8.30672],[42.3261,8.32761]],[[42.18614,7.69651],[42.17997,7.73182],[42.19572,7.84171]],[[42.90256,6.20284],[42.90312,6.20258]],[[42.90312,6.20258],[42.94732,6.18982]],[[42.34115,6.4059],[42.41045,6.36858],[42.43947,6.36764],[42.4794,6.35643],[42.51156,6.36297],[42.53229,6.34179],[42.56667,6.34485],[42.6003,6.32421]],[[42.33983,6.40651],[42.34115,6.4059]],[[41.42398,11.59287],[41.42692,11.58805]],[[41.427,11.58808],[41.42398,11.59287]],[[38.99388,10.06009],[38.99515,10.05707]],[[35.58164,6.17724],[35.58516,6.17409]],[[35.84562,6.6863],[35.84583,6.68643]],[[35.8171,6.66579],[35.83425,6.66859],[35.84562,6.6863]],[[38.99546,13.428],[39.00081,13.43402]],[[37.09952,9.56725],[37.08886,9.56404],[37.08168,9.56899]],[[37.09963,9.56707],[37.09963,9.56707]],[[37.11366,9.42721],[37.11417,9.38753]],[[37.11368,9.42749],[37.11366,9.42721]],[[37.11414,9.38717],[37.11407,9.38562]],[[37.11417,9.38753],[37.11414,9.38717]],[[37.11814,9.37312],[37.11827,9.36769]],[[37.11835,9.36764],[37.11814,9.37312]],[[37.11821,9.36749],[37.11821,9.36749]],[[37.11816,9.36761],[37.10942,9.36522]],[[37.10942,9.36522],[37.11827,9.36748]],[[37.05385,9.13203],[37.0539,9.13207]],[[37.0594,9.12265],[37.05933,9.12263]],[[37.06118,9.11937],[37.04714,9.1406]],[[37.04714,9.1406],[37.06101,9.11927]],[[38.78678,8.87671],[38.78654,8.87659]],[[36.81013,6.28794],[36.8095,6.28605]],[[36.87729,6.29922],[36.87105,6.29037],[36.86386,6.29704],[36.86018,6.29359],[36.83093,6.30114],[36.83237,6.29442],[36.82332,6.29343],[36.81933,6.29848],[36.81262,6.28849]],[[38.0358,6.68686],[38.0357,6.68547]],[[38.03511,6.67455],[38.03249,6.67153]],[[38.03249,6.67153],[38.03146,6.67091]],[[38.03536,6.67504],[38.03511,6.67455]],[[37.56892,6.62373],[37.56909,6.62537]],[[38.85155,9.04127],[38.84686,9.04881]],[[38.85066,9.03905],[38.85155,9.04127]],[[38.85153,9.0412],[38.85059,9.03905]],[[36.57959,5.89576],[36.57706,5.90254]],[[36.57973,5.91598],[36.58476,5.93207]],[[36.57997,5.98111],[36.58005,5.9806]],[[36.55097,5.97093],[36.55094,5.97053]],[[36.4896,5.97611],[36.5017,5.97785],[36.50532,5.97],[36.50758,5.97992],[36.52114,5.98906],[36.52317,5.97883],[36.52808,5.97979]],[[36.57973,5.91598],[36.57725,5.89059]],[[36.57706,5.90254],[36.57973,5.91598]],[[36.57725,5.89059],[36.57959,5.89576]],[[38.39197,6.49631],[38.39152,6.49561]],[[38.39199,6.49641],[38.39197,6.49631]],[[41.64798,11.51309],[41.65246,11.49638],[41.65607,11.49409],[41.65637,11.50011],[41.67481,11.47686],[41.68623,11.47284],[41.70251,11.45649],[41.70813,11.45769],[41.72079,11.44327],[41.75062,11.42882],[41.80719,11.38522]],[[41.63194,11.51259],[41.63225,11.51252]],[[38.31766,6.41977],[38.31773,6.41988]],[[38.31282,6.41375],[38.31766,6.41977]],[[36.26229,6.32118],[36.26242,6.32136]],[[36.24883,7.25676],[36.24668,7.26323]],[[36.24664,7.26319],[36.24883,7.25676]],[[36.24668,7.26323],[36.24611,7.26445]],[[42.80465,9.37575],[42.80211,9.36772]],[[42.80211,9.36772],[42.80191,9.36734]],[[42.80223,9.36768],[42.80474,9.37573]],[[42.80201,9.36729],[42.80223,9.36768]],[[42.80571,9.37552],[42.8074,9.37515]],[[38.80696,9.04476],[38.80621,9.05076]],[[38.8102,9.0327],[38.8102,9.0327]],[[38.81044,9.03207],[38.81013,9.03265]],[[38.80966,9.03243],[38.81005,9.0317]],[[38.98391,8.74887],[38.9837,8.74884]],[[38.81063,8.9882],[38.81723,8.98714]],[[38.81046,8.98798],[38.81063,8.9882]],[[38.81738,8.98734],[38.81275,8.98957]],[[38.82857,8.98437],[38.82388,8.98503]],[[38.81723,8.98714],[38.82304,8.9847]],[[38.82895,8.98428],[38.82857,8.98437]],[[38.81283,8.99004],[38.81275,8.98957]],[[38.81382,8.99475],[38.81397,8.99334]],[[38.81397,8.99334],[38.81283,8.99004]],[[38.90026,8.79413],[38.89591,8.7899],[38.89643,8.77341]],[[38.89643,8.77341],[38.90032,8.7941]],[[37.225,12.333],[37.2236,12.32338]],[[37.225,12.333],[37.22519,12.33458]],[[37.2236,12.32338],[37.225,12.333]],[[36.09147,5.17935],[36.09361,5.18798]],[[36.09283,5.20646],[36.09361,5.18798]],[[36.09361,5.18798],[36.09283,5.20646]],[[37.74738,6.8516],[37.74802,6.85207]],[[37.74802,6.85207],[37.74731,6.85171]],[[35.59893,6.20336],[35.61762,6.21493],[35.63506,6.21794],[35.645,6.20856],[35.65613,6.21374],[35.65161,6.20303],[35.66161,6.2092],[35.66016,6.20286]],[[39.81028,4.74918],[39.81067,4.7494]],[[39.81067,4.7494],[39.82893,4.76764],[39.85129,4.76037],[39.85411,4.79031],[39.86669,4.8162],[39.85164,4.81407],[39.83977,4.85927],[39.83984,4.88168],[39.86836,4.89931],[39.87354,4.90822],[39.87786,4.97709],[39.88345,4.97677],[39.90593,5.01702],[39.89603,5.04121],[39.89812,5.05895],[39.92869,5.09251],[39.92278,5.1319],[39.9284,5.14628],[39.91628,5.21495]],[[39.72226,4.66656],[39.73575,4.69322],[39.76469,4.72124],[39.77645,4.74085],[39.79538,4.74738],[39.80639,4.74474],[39.80872,4.74935]],[[39.80885,4.74934],[39.81028,4.74918]],[[39.80872,4.74935],[39.80885,4.74934]],[[38.7542,9.01377],[38.75478,9.01358]],[[38.754,9.01383],[38.7542,9.01377]],[[38.75478,9.01358],[38.754,9.01383]],[[38.77897,9.03819],[38.77915,9.03816]],[[39.04784,10.4175],[39.07607,10.4141],[39.08385,10.42305],[39.09938,10.42775],[39.1022,10.43669]],[[39.04771,10.41725],[39.04784,10.4175]],[[42.97983,9.61077],[42.97985,9.61053]],[[39.51395,13.54912],[39.51363,13.5494]],[[38.98383,8.74871],[38.98391,8.74887]],[[37.0466,11.82481],[37.04656,11.82496]],[[37.04663,11.8246],[37.0466,11.82481]],[[37.04529,11.82945],[37.04526,11.82953]],[[37.04656,11.82496],[37.04529,11.82945]],[[35.75687,8.83849],[35.74332,8.8386],[35.72257,8.84823],[35.65278,8.8461]],[[35.65141,8.84673],[35.65278,8.8461]],[[35.65087,8.84941],[35.65373,8.85365]],[[35.65373,8.85365],[35.65608,8.8546]],[[35.65141,8.84673],[35.65087,8.84941]],[[38.80149,9.02176],[38.80405,9.02819]],[[38.80395,9.02827],[38.80062,9.02349]],[[38.80062,9.02349],[38.80135,9.0218]],[[47.45401,8.00369],[47.49553,8.00319]],[[47.26156,8.00278],[47.27513,8.00653],[47.36722,8.00368]],[[47.26156,8.00278],[47.24033,8.00284]],[[47.10506,8.0023],[47.07461,8.00251]],[[45.76315,8.43197],[45.76294,8.4205]],[[45.763,8.41979],[45.76294,8.4205]],[[45.76451,8.41561],[45.763,8.41979]],[[45.91779,8.36753],[45.91541,8.36823]],[[45.64829,8.45437],[45.62278,8.463]],[[45.52818,8.49436],[45.46131,8.51569]],[[45.32671,8.56169],[45.37625,8.54525]],[[45.32671,8.56169],[45.32596,8.56195]],[[45.24363,8.58939],[45.23985,8.59042]],[[45.23985,8.59042],[45.23657,8.59169]],[[45.14743,8.62155],[45.14589,8.62212]],[[44.92442,8.69543],[44.92557,8.69511]],[[44.64724,8.78686],[44.64629,8.78712]],[[43.22373,9.8632],[43.22366,9.87016]],[[47.56274,8.00536],[47.56284,8.0052]],[[38.80411,9.02851],[38.80395,9.02827]],[[38.80405,9.02819],[38.80428,9.02851]],[[38.80444,9.02898],[38.80411,9.02851]],[[38.79812,9.02875],[38.80411,9.02851]],[[38.80444,9.02898],[38.79804,9.02881]],[[37.11261,8.71289],[37.10487,8.7186],[37.10499,8.72879],[37.14399,8.71253]],[[37.11263,8.7128],[37.11261,8.71289]],[[37.75752,6.85794],[37.74802,6.85207]],[[38.76732,9.02873],[38.77525,9.02696]],[[38.7606,9.01838],[38.76031,9.02217]],[[38.76028,9.02209],[38.76052,9.01842]],[[37.42417,8.5298],[37.41666,8.50001],[37.42085,8.48021],[37.41475,8.47359],[37.4171,8.44442]],[[37.42435,8.5299],[37.42417,8.5298]],[[33.77018,8.32752],[33.78914,8.35284]],[[33.77015,8.32746],[33.77018,8.32752]],[[36.15765,7.77],[36.163,7.7652],[36.17016,7.76736],[36.17755,7.75534],[36.19882,7.74181]],[[36.15757,7.77005],[36.15765,7.77]],[[36.13419,7.79557],[36.14263,7.7727],[36.15757,7.77005]],[[36.13405,7.79573],[36.13419,7.79557]],[[36.3449,8.04092],[36.33334,8.04061]],[[36.77606,8.78802],[36.79574,8.8068]],[[36.77596,8.78784],[36.77606,8.78802]],[[36.34154,8.58036],[36.31793,8.60813],[36.31472,8.62929],[36.3074,8.63327],[36.30098,8.65629],[36.29011,8.66545],[36.29887,8.69387],[36.28233,8.68826],[36.27778,8.69874]],[[36.27778,8.69874],[36.27773,8.69878]],[[36.20081,8.84409],[36.18133,8.86403],[36.18042,8.87626],[36.16832,8.88815],[36.16101,8.90556]],[[36.20075,8.84404],[36.20081,8.84409]],[[36.19861,8.84167],[36.20075,8.84404]],[[36.19866,8.84155],[36.19861,8.84167]],[[37.33904,11.58105],[37.33933,11.59719]],[[37.33919,11.59718],[37.33892,11.58105]],[[36.82679,7.67361],[36.82578,7.67288]],[[36.83004,7.66956],[36.83964,7.6684]],[[36.83961,7.66847],[36.83004,7.66956]],[[37.73505,10.3298],[37.73504,10.32893]],[[37.73401,10.33147],[37.73505,10.3298]],[[37.73514,10.32978],[37.73401,10.33147]],[[37.7351,10.32893],[37.73514,10.32978]],[[40.30897,10.62538],[40.31011,10.62577]],[[40.18541,10.73944],[40.18545,10.73941]],[[40.18109,10.80975],[40.17155,10.79642],[40.17264,10.76716],[40.16754,10.75813],[40.18541,10.73944]],[[38.81018,8.98795],[38.80354,8.98553]],[[38.81036,8.98825],[38.81018,8.98795]],[[38.82308,8.98499],[38.82178,8.98486]],[[38.82388,8.98503],[38.82308,8.98499]],[[38.82384,8.98475],[38.82893,8.98408]],[[38.82304,8.9847],[38.82384,8.98475]],[[38.82178,8.98486],[38.81738,8.98734]],[[38.81723,8.98714],[38.81738,8.98734]],[[38.75212,9.02696],[38.75189,9.02701]],[[38.75182,9.0269],[38.75212,9.02686]],[[38.75111,9.02723],[38.75144,9.02703]],[[38.75147,9.02719],[38.75117,9.02731]],[[37.74405,9.00314],[37.74592,9.01102],[37.73207,9.01955],[37.7324,9.02674],[37.67592,9.05027],[37.6755,9.06882],[37.67119,9.07019]],[[39.5766,9.13336],[39.57695,9.13335]],[[39.57695,9.13335],[39.58823,9.13629]],[[39.58823,9.13629],[39.58856,9.13637]],[[39.58856,9.13637],[39.59535,9.14696],[39.59163,9.15926],[39.59601,9.15466],[39.61111,9.15929],[39.62365,9.15575],[39.62757,9.14873]],[[39.62757,9.14873],[39.62798,9.14905]],[[39.71525,9.19105],[39.71187,9.19791],[39.69699,9.19499]],[[39.65555,9.16003],[39.66318,9.16993],[39.66398,9.18203],[39.67044,9.18543],[39.67001,9.19393],[39.69699,9.19499]],[[39.69699,9.19499],[39.71196,9.19781],[39.71525,9.19056]],[[39.62798,9.14905],[39.63089,9.15486],[39.64186,9.15305],[39.65499,9.15978]],[[39.65499,9.15978],[39.65555,9.16003]],[[39.71525,9.19056],[39.72718,9.18174],[39.72018,9.16552],[39.72313,9.15085]],[[39.72313,9.15085],[39.72398,9.15046]],[[42.77279,9.35233],[42.76207,9.36761]],[[39.8218,8.50008],[39.82125,8.51986],[39.80309,8.56256]],[[39.80309,8.56256],[39.80306,8.5627]],[[37.61355,9.07822],[37.63956,9.06736],[37.66389,9.08153]],[[37.66441,9.08148],[37.66566,9.06802],[37.66685,9.07182]],[[37.66389,9.08153],[37.66441,9.08148]],[[37.60245,9.08587],[37.6133,9.07814]],[[37.6133,9.07814],[37.61355,9.07822]],[[37.60383,9.09437],[37.61252,9.09007]],[[37.61645,9.08708],[37.63762,9.08412],[37.63512,9.09271],[37.64851,9.11243]],[[37.59322,9.0948],[37.59946,9.09598]],[[37.51422,9.15134],[37.51943,9.12958]],[[37.51412,9.1514],[37.51422,9.15134]],[[37.38284,9.20308],[37.37265,9.18797],[37.39231,9.15853]],[[37.39251,9.15865],[37.39636,9.16873],[37.40718,9.1717],[37.41127,9.1793],[37.42393,9.17781]],[[37.39231,9.15853],[37.39251,9.15865]],[[37.42393,9.17781],[37.42408,9.17772]],[[37.42408,9.17772],[37.43257,9.18394],[37.45688,9.17918]],[[37.45688,9.17918],[37.45705,9.17917]],[[37.75606,8.98266],[37.75609,8.98288]],[[37.75609,8.98288],[37.7491,8.99468]],[[37.7491,8.99468],[37.74891,8.99489]],[[37.74891,8.99489],[37.74413,9.00281]],[[37.74413,9.00281],[37.74405,9.00314]],[[37.3631,9.22626],[37.37348,9.22045],[37.38275,9.20324]],[[37.38275,9.20324],[37.38284,9.20308]],[[37.41903,9.79244],[37.40622,9.79371],[37.3874,9.78522],[37.36258,9.78723]],[[37.36258,9.78723],[37.36244,9.78742]],[[37.83516,8.98213],[37.84723,8.96712]],[[37.84728,8.96719],[37.8353,8.98207]],[[37.85182,8.98391],[37.85167,8.98499]],[[41.63225,11.51252],[41.64714,11.51319]],[[41.64714,11.51319],[41.64798,11.51309]],[[38.80974,9.0346],[38.80956,9.03373]],[[38.80972,9.03375],[38.80974,9.0346]],[[42.80116,9.33783],[42.80032,9.33767]],[[42.8003,9.33759],[42.80112,9.33775]],[[42.80571,9.37552],[42.80465,9.37575]],[[42.80463,9.37561],[42.80571,9.37552]],[[41.87473,9.54824],[41.85821,9.54896],[41.85447,9.53999],[41.84196,9.5353],[41.82762,9.54078]],[[41.82762,9.54078],[41.82686,9.54079]],[[38.77139,9.04972],[38.77025,9.05005]],[[39.23148,8.47961],[39.23391,8.48312]],[[37.86407,8.9764],[37.85182,8.976]],[[37.85182,8.97592],[37.86407,8.9764]],[[37.86444,8.9764],[37.86502,8.97642]],[[37.86502,8.97642],[37.86643,8.97804]],[[37.86444,8.9764],[37.86407,8.9764]],[[37.86643,8.97804],[37.86646,8.98212]],[[37.86646,8.98212],[37.86643,8.97804]],[[37.85184,8.98206],[37.84636,8.96402]],[[37.84636,8.96402],[37.85198,8.98207]],[[37.85198,8.98207],[37.85184,8.98206]],[[38.84676,9.04936],[38.84929,9.05778],[38.83127,9.07371],[38.82102,9.06922]],[[38.78203,9.10867],[38.77938,9.11183]],[[38.81578,9.08267],[38.82068,9.09989],[38.81636,9.10763],[38.78203,9.10867]],[[38.78203,9.10867],[38.81617,9.10763],[38.82056,9.09987],[38.81529,9.09407],[38.81578,9.08267]],[[38.81578,9.08267],[38.82102,9.06922]],[[38.82102,9.06922],[38.8311,9.0737],[38.84912,9.05784],[38.84676,9.04946]],[[38.84676,9.04946],[38.84689,9.04865]],[[38.93545,8.62377],[38.93187,8.62776]],[[38.80887,9.03341],[38.80977,9.03222]],[[38.81026,9.03241],[38.80887,9.03341]],[[38.80954,9.03227],[38.81033,9.03272]],[[42.11726,9.4207],[42.13471,9.41121],[42.14065,9.38673],[42.14652,9.38174]],[[39.58528,5.33535],[39.59146,5.32499]],[[39.59146,5.32499],[39.5854,5.33537]],[[39.5663,5.33878],[39.58519,5.33542]],[[39.58517,5.33548],[39.5663,5.33878]],[[39.58545,5.33542],[39.58547,5.33548]],[[39.58547,5.33548],[39.58545,5.33542]],[[38.75431,9.03243],[38.75418,9.03258]],[[38.80356,8.98529],[38.80354,8.98553]],[[38.81275,8.98957],[38.81036,8.98825]],[[38.81275,8.98957],[38.81279,8.98934]],[[38.78063,9.02345],[38.78033,9.02333]],[[38.78063,9.02345],[38.78066,9.02333]],[[38.78056,9.02373],[38.78063,9.02345]],[[38.78353,9.0278],[38.78456,9.02831]],[[38.78336,9.0276],[38.78353,9.0278]],[[38.78351,9.02788],[38.78336,9.02769]],[[38.78454,9.02836],[38.78351,9.02788]],[[38.7712,9.01551],[38.77016,9.01616]],[[38.77148,9.0152],[38.7712,9.01551]],[[38.72266,9.05105],[38.72274,9.05101]],[[38.72158,9.05168],[38.72266,9.05105]],[[38.72269,9.05125],[38.72169,9.05183]],[[38.72281,9.05118],[38.72269,9.05125]],[[36.44275,4.98743],[36.44623,4.98646]],[[36.44623,4.98646],[36.44732,4.98492]],[[36.44732,4.98492],[36.44917,4.98268]],[[36.44957,4.98242],[36.45788,4.98347]],[[38.81511,9.03435],[38.81638,9.03493]],[[38.81636,9.03499],[38.81508,9.03441]],[[38.81508,9.03441],[38.81474,9.03426]],[[38.81477,9.03421],[38.81511,9.03435]],[[36.8095,6.28605],[36.80896,6.28284]],[[36.80896,6.28284],[36.81054,6.2818]],[[36.81054,6.28186],[36.80896,6.28284]],[[36.81054,6.28186],[36.8107,6.28184]],[[36.81067,6.28176],[36.81262,6.28849]],[[36.8107,6.28184],[36.81054,6.28186]],[[36.81262,6.28849],[36.8107,6.28184]],[[38.76321,9.02972],[38.76365,9.0297]],[[38.76352,9.02973],[38.7632,9.0298]],[[38.7549,9.03407],[38.75527,9.03132]],[[37.91367,6.75419],[37.94053,6.75668],[37.94446,6.73841],[37.95612,6.73383]],[[37.95612,6.73383],[37.97749,6.71079]],[[42.97992,9.61013],[42.98004,9.61039]],[[37.86258,6.70447],[37.8609,6.70832]],[[37.86094,6.70477],[37.86258,6.70447]],[[37.85692,6.71359],[37.85839,6.71064]],[[37.85985,6.71371],[37.85717,6.71377]],[[37.85839,6.71064],[37.8609,6.70832]],[[37.85985,6.71371],[37.85839,6.71064]],[[37.91367,6.75419],[37.91411,6.73073],[37.92268,6.73031]],[[37.8609,6.70832],[37.86094,6.70477]],[[36.79112,7.16771],[36.7911,7.16773]],[[38.08165,4.89106],[38.08167,4.89113]],[[38.23932,5.62886],[38.23938,5.62886]],[[38.23184,5.6323],[38.23213,5.63488]],[[38.75584,9.05676],[38.75915,9.05545]],[[38.75751,9.02859],[38.75735,9.02856]],[[38.75782,9.0286],[38.75751,9.02859]],[[38.75763,9.0286],[38.75765,9.0285]],[[38.75735,9.02856],[38.75751,9.02851]],[[39.01092,11.96003],[39.01099,11.96004]],[[39.04692,12.03567],[39.04697,12.03588]],[[38.75274,9.05605],[38.75282,9.05611]],[[38.75272,9.05613],[38.75274,9.05605]],[[38.75282,9.05611],[38.75292,9.05621]],[[39.04697,12.03588],[39.04692,12.03567]],[[42.13191,9.31129],[42.13199,9.31128]],[[42.13199,9.31128],[42.132,9.31128]],[[38.48753,7.08311],[38.46983,7.05418]]]}}]}