{"type":"FeatureCollection","source":"OpenStreetMap via Geofabrik","sourceDate":"2026-07-31T20:21:56Z","features":[{"type":"Feature","properties":{"highway":"motorway"},"geometry":{"type":"MultiLineString","coordinates":[[[38.82376,8.86278],[38.84946,8.85385],[38.85922,8.84396],[38.89867,8.82914]],[[39.24394,8.50925],[39.24357,8.5094]],[[39.24388,8.5091],[39.24443,8.50888]],[[39.2449,8.50885],[39.24453,8.50901]],[[39.24443,8.50888],[39.24484,8.50871]],[[39.24453,8.50901],[39.24394,8.50925]],[[39.24353,8.50924],[39.24388,8.5091]],[[39.24357,8.5094],[39.22107,8.51679],[39.21431,8.52517],[39.21226,8.54031],[39.20087,8.55242]],[[39.24484,8.50871],[39.25974,8.50369],[39.2767,8.50191],[39.28297,8.50333]],[[39.15995,8.58702],[39.15927,8.58722]],[[39.15927,8.58707],[39.15992,8.58688]],[[39.15992,8.58688],[39.17299,8.57948],[39.19134,8.55858],[39.20484,8.54912]],[[39.05772,8.70174],[39.03614,8.72844],[39.01737,8.74702],[39.00937,8.77775],[38.99854,8.79355],[38.99114,8.79878],[38.96837,8.80592],[38.95196,8.81405]],[[38.90464,8.82388],[38.89947,8.82879]],[[38.90451,8.82382],[38.90521,8.8231]],[[38.89867,8.82914],[38.89939,8.82869]],[[38.89947,8.82879],[38.8987,8.82929]],[[38.89939,8.82869],[38.90451,8.82382]],[[39.05776,8.70152],[39.06761,8.69112],[39.07874,8.67336],[39.09785,8.65664],[39.10841,8.6365],[39.11741,8.63026]],[[38.8987,8.82929],[38.85913,8.84419],[38.84997,8.85375],[38.82457,8.86293]],[[38.90529,8.82318],[38.90464,8.82388]],[[39.30361,8.53496],[39.30013,8.53068],[39.29823,8.51858],[39.29406,8.51074],[39.28432,8.50409]],[[38.95158,8.81417],[38.94099,8.8165]],[[38.93872,8.8168],[38.9391,8.81672]],[[38.95196,8.81405],[38.95158,8.81417]],[[38.93915,8.81685],[38.93875,8.81693]],[[38.95158,8.81403],[38.95195,8.81391]],[[38.90521,8.8231],[38.91364,8.81645],[38.92745,8.81856],[38.93785,8.81695]],[[38.93875,8.81693],[38.92765,8.8187],[38.91408,8.81649],[38.90529,8.82318]],[[38.9391,8.81672],[38.95158,8.81403]],[[38.82167,8.8631],[38.81912,8.86124]],[[38.82241,8.86318],[38.82167,8.8631]],[[39.28432,8.50409],[39.28388,8.50389]],[[39.28291,8.50345],[39.27671,8.50204],[39.25957,8.50385],[39.2449,8.50885]],[[39.28438,8.50396],[39.29418,8.51068],[39.29844,8.51858],[39.30024,8.53053],[39.30371,8.53487]],[[38.95195,8.81391],[38.96874,8.80563],[38.99077,8.79879],[38.99855,8.79334],[39.00913,8.77792],[39.01725,8.74695],[39.03628,8.72806],[39.0456,8.7147]],[[39.11824,8.63005],[39.11747,8.6304]],[[39.11741,8.63026],[39.1182,8.62989]],[[39.1182,8.62989],[39.13217,8.61949],[39.14609,8.5933],[39.15927,8.58707]],[[39.15927,8.58722],[39.14669,8.59285],[39.13233,8.61952],[39.11824,8.63005]],[[39.28297,8.50333],[39.28329,8.50347]],[[39.02559,8.43064],[39.02852,8.44876],[39.04881,8.47735]],[[38.81313,8.16655],[38.73621,8.07632]],[[39.05787,8.70161],[39.05772,8.70174]],[[39.11747,8.6304],[39.1088,8.63633],[39.09809,8.65657],[39.07868,8.67365],[39.06795,8.69088],[39.05787,8.70161]],[[39.05765,8.70164],[39.05776,8.70152]],[[39.0456,8.7147],[39.05765,8.70164]],[[38.81912,8.86124],[38.81792,8.86071]],[[38.818,8.86056],[38.81942,8.86096]],[[39.14655,8.5687],[39.15542,8.56478],[39.16096,8.56515],[39.17208,8.57781]],[[39.17185,8.57764],[39.16028,8.56514],[39.1466,8.56887]],[[39.01221,8.40223],[39.00816,8.38788],[38.98283,8.35099],[38.94653,8.3115],[38.92027,8.28763],[38.90047,8.26166],[38.83048,8.18561]],[[39.20593,8.54798],[39.2131,8.5383],[39.21415,8.5251],[39.22096,8.5167],[39.24353,8.50924]],[[39.19926,8.55329],[39.19153,8.5586],[39.17717,8.57609],[39.15995,8.58702]],[[38.81361,8.16684],[38.85762,8.21576]],[[38.81328,8.16643],[38.81361,8.16684]],[[38.73636,8.0762],[38.81328,8.16643]],[[38.81345,8.16696],[38.81313,8.16655]],[[38.83048,8.18561],[38.81345,8.16696]],[[39.02331,8.42652],[39.02315,8.42626]],[[39.02518,8.43007],[39.02331,8.42652]],[[39.02346,8.42643],[39.02535,8.42999]],[[39.0233,8.42617],[39.02346,8.42643]],[[39.0122,8.40705],[39.01218,8.4033]],[[39.01236,8.40331],[39.01239,8.40699]],[[39.02315,8.42626],[39.0122,8.40705]],[[39.01239,8.40699],[39.0233,8.42617]],[[38.85762,8.21576],[38.9006,8.26155],[38.92039,8.28752],[38.94665,8.31138],[38.98296,8.35088],[39.00908,8.38915],[39.0124,8.40224]],[[39.02541,8.43077],[39.02518,8.43007]],[[39.04864,8.47743],[39.02793,8.44795],[39.02541,8.43077]],[[39.02535,8.42999],[39.02559,8.43064]],[[39.04881,8.47735],[39.05095,8.48171]],[[39.05081,8.48188],[39.04864,8.47743]],[[39.05126,8.48288],[39.05081,8.48188]],[[39.05095,8.48171],[39.05141,8.48279]],[[39.05429,8.48967],[39.05126,8.48288]],[[39.05141,8.48279],[39.05407,8.48869]],[[39.05495,8.49103],[39.05429,8.48967]],[[39.05407,8.48869],[39.05508,8.49091]],[[39.06039,8.49887],[39.05495,8.49103]],[[39.05508,8.49091],[39.06061,8.49884]],[[39.06683,8.50544],[39.06621,8.50507]],[[39.06612,8.50481],[39.06658,8.50509]],[[39.06146,8.49992],[39.06612,8.50481]],[[39.06621,8.50507],[39.06132,8.50004]],[[39.06061,8.49884],[39.06146,8.49992]],[[39.06132,8.50004],[39.06039,8.49887]],[[39.06658,8.50509],[39.07434,8.50737]],[[39.07427,8.50756],[39.06683,8.50544]],[[39.0763,8.50803],[39.07427,8.50756]],[[39.07434,8.50737],[39.07632,8.50783]],[[39.07632,8.50783],[39.08732,8.51438],[39.10323,8.54577]],[[39.10318,8.54601],[39.08716,8.51452],[39.0763,8.50803]],[[39.12035,8.56627],[39.10318,8.54601]],[[39.10323,8.54577],[39.12048,8.56616]],[[39.141,8.57004],[39.14158,8.56992]],[[39.14162,8.57009],[39.14102,8.57021]],[[39.12048,8.56616],[39.12684,8.57109],[39.13534,8.57116]],[[39.13538,8.57134],[39.12718,8.57141],[39.12035,8.56627]],[[38.73025,8.06942],[38.71888,8.05341],[38.68876,7.93712]],[[38.68895,7.93709],[38.71895,8.05298],[38.73039,8.06931]],[[39.14158,8.56992],[39.14603,8.56885]],[[39.14603,8.56885],[39.14655,8.5687]],[[39.14608,8.56903],[39.14162,8.57009]],[[39.1466,8.56887],[39.14608,8.56903]],[[38.73039,8.06931],[38.73054,8.06948]],[[38.73054,8.06948],[38.73636,8.0762]],[[38.73038,8.06956],[38.73025,8.06942]],[[38.73621,8.07632],[38.73038,8.06956]],[[38.68849,7.93679],[38.68793,7.93507]],[[39.30984,8.54297],[39.30361,8.53496]],[[39.30371,8.53487],[39.30939,8.54185]],[[39.20484,8.54912],[39.20593,8.54798]],[[39.20087,8.55242],[39.19926,8.55329]],[[39.14102,8.57021],[39.13538,8.57134]],[[39.13534,8.57116],[39.141,8.57004]],[[39.0124,8.40224],[39.01236,8.40331]],[[39.01218,8.4033],[39.01221,8.40223]],[[38.68876,7.93712],[38.68849,7.93679]],[[38.68849,7.93679],[38.68895,7.93709]],[[38.82457,8.86293],[38.82241,8.86318]],[[38.94099,8.8165],[38.93915,8.81685]],[[38.93785,8.81695],[38.93872,8.8168]],[[38.81942,8.86096],[38.82376,8.86278]],[[39.28329,8.50347],[39.28394,8.50377]],[[39.28324,8.5036],[39.28291,8.50345]],[[39.28394,8.50377],[39.28438,8.50396]],[[39.28388,8.50389],[39.28324,8.5036]]]}},{"type":"Feature","properties":{"highway":"trunk"},"geometry":{"type":"MultiLineString","coordinates":[[[38.7271,9.06602],[38.71874,9.06972],[38.71463,9.06282]],[[38.69592,8.9825],[38.68595,8.9798]],[[39.65683,11.15828],[39.65792,11.16278],[39.66712,11.16856],[39.67995,11.16124]],[[39.68639,11.1786],[39.68723,11.19416],[39.68474,11.20035],[39.69144,11.22003],[39.68522,11.23633],[39.6831,11.25658]],[[39.67995,11.16124],[39.68017,11.16944],[39.68454,11.17185],[39.68639,11.1786]],[[39.67703,11.30073],[39.67451,11.30625],[39.67721,11.31281]],[[39.61166,11.50183],[39.61478,11.50121],[39.61054,11.50722],[39.61601,11.50224],[39.61563,11.50489],[39.61077,11.51463],[39.6051,11.51736],[39.61395,11.52058],[39.60562,11.52743]],[[39.58174,11.77668],[39.58836,11.7874],[39.59846,11.78707],[39.60829,11.80223],[39.61254,11.81621]],[[39.61798,11.74796],[39.601,11.75836]],[[37.3879,11.58776],[37.38242,11.58777]],[[38.82266,8.15092],[38.82243,8.15082]],[[38.75695,8.93077],[38.7574,8.93081]],[[38.75579,8.93078],[38.73599,8.93747]],[[38.75739,8.93095],[38.75694,8.93092]],[[38.75838,8.93091],[38.76819,8.93578]],[[38.80124,9.02123],[38.8014,9.02075]],[[38.76954,8.94363],[38.76934,8.94435]],[[38.77599,8.98133],[38.77479,8.98087]],[[38.78438,9.37192],[38.80091,9.37845],[38.80672,9.38373],[38.80798,9.38936],[38.81961,9.39854],[38.82538,9.399],[38.83848,9.39229]],[[38.66462,9.03253],[38.65391,9.02566],[38.62824,9.03668],[38.61016,9.05761]],[[38.7898,8.98609],[38.79468,8.99142]],[[38.78883,8.98581],[38.77841,8.98227]],[[38.79381,8.98995],[38.78978,8.98617]],[[38.79522,8.99284],[38.79803,8.99925]],[[38.76754,8.95711],[38.76715,8.9624]],[[38.7654,8.97445],[38.76635,8.96527]],[[38.7664,8.97615],[38.76553,8.97478]],[[38.76694,8.97669],[38.77263,8.9799]],[[38.76564,8.97472],[38.76648,8.97609]],[[38.77814,8.98208],[38.78801,8.98549]],[[38.77484,8.98078],[38.77617,8.98129]],[[38.80181,9.01858],[38.80287,9.0156]],[[38.8019,9.0186],[38.80148,9.02075]],[[38.79803,8.99925],[38.7981,8.99938]],[[38.7981,8.99938],[38.79943,9.0015]],[[38.87622,9.0217],[38.87852,9.05613]],[[39.77604,10.96201],[39.772,10.96588],[39.77252,10.97306],[39.76886,10.97438],[39.77157,10.97837],[39.76829,10.9877],[39.75974,10.98983]],[[39.85467,10.71673],[39.84985,10.71458],[39.84592,10.71789],[39.82822,10.74964],[39.83508,10.77236],[39.83508,10.7951]],[[39.90333,10.00489],[39.92759,10.02171],[39.94896,10.05605],[39.95718,10.06121]],[[38.90752,9.08177],[38.88054,9.05981]],[[37.34083,7.78616],[37.34066,7.76846],[37.32869,7.74963],[37.31587,7.74822],[37.29964,7.72829],[37.27714,7.73349]],[[38.8753,9.4555],[38.88059,9.4619],[38.88018,9.46856]],[[38.1907,10.07692],[38.18624,10.08855],[38.18884,10.09403],[38.18547,10.09493],[38.18232,10.09117],[38.18217,10.09484],[38.17362,10.0966],[38.17196,10.10445],[38.16424,10.10273],[38.16365,10.10808],[38.1585,10.1063],[38.15975,10.11456],[38.15096,10.11062],[38.1595,10.13285],[38.16938,10.13748],[38.16364,10.13713],[38.16331,10.14059],[38.16604,10.14122],[38.15876,10.14367],[38.14027,10.1903]],[[37.38014,10.66461],[37.37191,10.67884],[37.33674,10.67246]],[[37.03774,11.36731],[37.04249,11.37361]],[[37.38811,11.59473],[37.39358,11.59481]],[[37.38794,11.59469],[37.38795,11.58779]],[[37.38787,11.58767],[37.38787,11.58767]],[[37.38806,11.5878],[37.38809,11.59471]],[[38.68889,8.99196],[38.67764,9.00103]],[[38.1907,10.07692],[38.19217,10.07473]],[[38.56909,9.8176],[38.55984,9.81062],[38.55576,9.81409],[38.54877,9.8107],[38.54918,9.80295],[38.5378,9.79207],[38.52695,9.78747],[38.52856,9.78026],[38.51623,9.77555],[38.50696,9.77605],[38.49365,9.7689],[38.48971,9.77354],[38.47722,9.77463],[38.46783,9.77037],[38.45076,9.77975],[38.4349,9.79071],[38.43213,9.8001],[38.41624,9.8074],[38.38099,9.83979],[38.37768,9.86327],[38.35518,9.89897],[38.32722,9.92595],[38.29456,9.96678],[38.26342,9.9968],[38.25171,9.99942],[38.24445,10.01084],[38.24725,10.01992],[38.24554,10.02518],[38.24312,10.02328],[38.24427,10.02954],[38.23959,10.03388],[38.24232,10.03948],[38.23779,10.03613],[38.23455,10.04127],[38.24181,10.04443],[38.23037,10.04453],[38.23779,10.04817],[38.23634,10.05093],[38.24807,10.05002],[38.24966,10.05718],[38.22939,10.06446],[38.22558,10.06354],[38.22429,10.05839],[38.20938,10.06534],[38.19977,10.06383],[38.19151,10.06974],[38.19767,10.0767],[38.19217,10.07473]],[[41.8334,11.72076],[41.8354,11.73162]],[[42.06544,12.18392],[42.06932,12.18376],[42.07474,12.20112],[42.0886,12.21744],[42.08367,12.23857],[42.08925,12.24685],[42.09339,12.28837]],[[42.77359,9.35224],[42.78008,9.35151]],[[43.66762,7.87947],[43.66841,7.87005],[43.67245,7.86808],[43.67186,7.85879],[43.69424,7.83398],[43.69999,7.82112],[43.69868,7.81394],[43.70763,7.80155]],[[43.97534,7.35042],[43.9873,7.34292],[43.99827,7.32587],[44.00115,7.3145],[44.00861,7.31274],[44.02261,7.30289]],[[44.02261,7.30289],[44.02413,7.28985],[44.03359,7.27799]],[[44.03359,7.27799],[44.04377,7.26645],[44.06345,7.27013],[44.0711,7.26734],[44.07676,7.24529],[44.10078,7.23086],[44.13297,7.23471],[44.14236,7.23],[44.15364,7.23739]],[[44.27637,6.7501],[44.27603,6.74391]],[[43.3324,9.60022],[43.29565,9.60408],[43.14866,9.47091],[43.09543,9.43844],[42.94928,9.39015],[42.90455,9.38095],[42.8329,9.35362]],[[36.7989,7.25356],[36.80422,7.26477],[36.80887,7.26795],[36.80865,7.27205],[36.81617,7.27731],[36.83175,7.27812],[36.83303,7.28269],[36.84817,7.2934],[36.84759,7.29652],[36.85834,7.30159],[36.86209,7.31787],[36.86006,7.32963],[36.87015,7.33583],[36.87668,7.33495],[36.87317,7.33987],[36.87873,7.34341],[36.87423,7.35336],[36.8708,7.35341],[36.87532,7.35571],[36.87074,7.35869],[36.87037,7.37694],[36.86207,7.38958],[36.86421,7.39316],[36.87308,7.39569],[36.86468,7.4036],[36.86196,7.41474],[36.87287,7.42152],[36.87198,7.42726],[36.87342,7.43065],[36.87639,7.43015],[36.86885,7.44093],[36.87651,7.43854],[36.88007,7.44416],[36.87987,7.44743],[36.87208,7.45156],[36.87254,7.46131],[36.86998,7.46209]],[[37.44672,6.45816],[37.43217,6.44867],[37.41803,6.44609],[37.39846,6.45051],[37.39842,6.44725],[37.37913,6.4286],[37.35625,6.42069],[37.32775,6.42723],[37.31019,6.42455],[37.28067,6.43538],[37.26608,6.4338],[37.26209,6.42763],[37.23993,6.42331],[37.20504,6.42849]],[[36.89141,6.30428],[36.9063,6.30714],[36.92845,6.33474],[36.9504,6.35175],[36.9679,6.36086],[36.98691,6.36243],[37.00289,6.37988]],[[40.7565,9.23307],[40.75653,9.23283]],[[40.75653,9.23283],[40.75717,9.22961],[40.76449,9.22619]],[[37.71013,11.95033],[37.72345,11.95502],[37.74305,11.94902]],[[38.883,14.18805],[38.87881,14.17818]],[[38.78144,14.13558],[38.75466,14.12325]],[[37.46374,12.61294],[37.46676,12.61456],[37.46961,12.61196]],[[37.40981,10.62756],[37.39632,10.63159],[37.38795,10.65005]],[[37.41004,10.62723],[37.40981,10.62756]],[[37.38795,10.65005],[37.38698,10.65069]],[[40.80003,9.17048],[40.80094,9.1485],[40.80654,9.14336],[40.82688,9.15004],[40.82453,9.13523],[40.83521,9.13196],[40.84667,9.11674],[40.85185,9.11456],[40.86468,9.09536]],[[37.78613,11.93619],[37.7975,11.9318],[37.82919,11.93322],[37.86028,11.92191],[37.8739,11.92077]],[[39.10861,11.81303],[39.07943,11.78876],[39.05982,11.79148],[39.04703,11.78331],[39.03437,11.77996],[39.00089,11.73514],[38.97966,11.7277],[38.90788,11.67917],[38.88908,11.67806],[38.84505,11.66337],[38.82913,11.66727],[38.80411,11.67978],[38.78551,11.68312]],[[38.05837,13.43899],[38.05381,13.43405],[38.04503,13.43257],[38.04256,13.42384],[38.03879,13.42094],[38.03518,13.42291],[38.03744,13.42075],[38.03469,13.41848]],[[37.46422,5.29116],[37.47499,5.26432]],[[38.69892,8.98317],[38.70799,8.98664]],[[37.78977,13.02748],[37.80343,13.03922],[37.80644,13.04887],[37.82137,13.05139],[37.82261,13.06316],[37.83183,13.07608],[37.83319,13.08366],[37.84942,13.09873]],[[38.87881,14.17818],[38.87836,14.17711]],[[39.54482,12.88735],[39.54565,12.88689]],[[39.60425,12.27164],[39.61039,12.2558],[39.60872,12.23995]],[[38.8753,9.02112],[38.86731,9.00752]],[[40.86558,9.0803],[40.86468,9.09536]],[[38.73757,9.07136],[38.73335,9.06364]],[[38.71755,8.99366],[38.71909,9.00687]],[[38.82243,8.15082],[38.73023,8.05017],[38.7076,7.86094],[38.64422,7.75989],[38.64536,7.72376],[38.64759,7.72148]],[[38.73135,8.96469],[38.7226,8.96859]],[[38.73288,8.9639],[38.73294,8.96281]],[[38.73295,8.96449],[38.73295,8.96452]],[[39.52022,12.91883],[39.50152,12.92336],[39.49335,12.92845],[39.49149,12.92296],[39.48554,12.92122],[39.49284,12.90745],[39.5006,12.90584],[39.51529,12.89538],[39.52228,12.90016],[39.54468,12.8874]],[[40.90578,11.61133],[40.91671,11.59962],[40.91907,11.60944],[40.91713,11.61344],[40.92082,11.62154],[40.93077,11.62375],[40.92797,11.63573],[40.93565,11.66724],[40.9325,11.67466],[40.93579,11.67598],[40.94015,11.67186],[40.94316,11.68226],[40.93555,11.70535],[40.94797,11.69568],[40.94854,11.69891],[40.95428,11.7012]],[[40.87881,11.60959],[40.90516,11.61161]],[[39.80817,11.10107],[39.81842,11.10159],[39.8224,11.10839],[39.82774,11.11081]],[[38.87786,9.05568],[38.87751,9.02502]],[[38.8753,9.02112],[38.87579,9.02083]],[[45.11666,5.11518],[45.08469,5.17975],[45.05686,5.21681],[45.05145,5.23213],[45.05609,5.24375],[45.05395,5.26158],[45.04886,5.26486],[45.04924,5.28103],[45.04497,5.28794]],[[38.71604,8.99276],[38.70973,8.98863]],[[38.71728,8.99284],[38.71701,8.99295]],[[38.71455,9.0326],[38.71524,9.02271],[38.71927,9.01579]],[[38.67008,8.95083],[38.66996,8.95014]],[[38.67686,9.00626],[38.67697,9.00189]],[[38.61201,8.90626],[38.60367,8.90689],[38.58625,8.89735]],[[38.67006,8.94945],[38.66904,8.93865],[38.66396,8.93394]],[[38.85207,9.00133],[38.85211,9.00163]],[[38.85159,9.00165],[38.84991,9.00185]],[[38.85376,9.00148],[38.85211,9.00163]],[[38.84986,9.00154],[38.85162,9.00133]],[[38.71735,8.97172],[38.69805,8.98172]],[[36.23198,4.42352],[36.2309,4.45166]],[[36.48776,4.96787],[36.48749,4.96791]],[[36.56508,5.77911],[36.56551,5.78615]],[[38.63866,14.11372],[38.62839,14.1177],[38.62316,14.12342],[38.61351,14.12066],[38.60874,14.11289],[38.6027,14.11308],[38.58904,14.12564],[38.57796,14.12608],[38.57163,14.12313],[38.56936,14.11773],[38.56008,14.12232],[38.54168,14.12302],[38.52149,14.1187],[38.51642,14.1213],[38.50488,14.11623],[38.5025,14.11791],[38.5037,14.11529],[38.5016,14.11538]],[[38.65265,8.92299],[38.64718,8.92257],[38.63984,8.91493],[38.63441,8.91609],[38.62654,8.91253]],[[38.19581,13.98543],[38.21117,14.00623],[38.21384,14.01708],[38.21957,14.02196],[38.22885,14.05669],[38.22986,14.074],[38.23747,14.0835],[38.25541,14.08347],[38.26709,14.09197]],[[42.67786,9.37144],[42.68535,9.36474],[42.69392,9.36251],[42.72084,9.36712],[42.77131,9.35254]],[[42.67774,9.37154],[42.67786,9.37144]],[[38.72263,8.96843],[38.73138,8.9646]],[[38.69799,8.98163],[38.71733,8.97165]],[[37.5386,6.00743],[37.53845,6.00133]],[[37.55251,6.02383],[37.54803,6.01727],[37.53899,6.01242]],[[37.53879,6.01221],[37.53867,6.00766]],[[37.53845,6.00133],[37.5388,6.0074]],[[37.55741,6.03503],[37.55741,6.03503]],[[37.53852,5.99255],[37.54193,5.9821],[37.53806,5.94547],[37.51607,5.9311],[37.50671,5.91426]],[[37.53885,6.00746],[37.53885,6.00746]],[[37.53878,6.00765],[37.53901,6.01218]],[[37.53903,6.01219],[37.54823,6.01728],[37.55255,6.02369]],[[42.13193,9.30321],[42.13755,9.29454],[42.14166,9.2942]],[[41.70545,11.88059],[41.732,11.87806],[41.73937,11.87374],[41.75257,11.81902]],[[42.82756,9.34894],[42.82454,9.34974]],[[42.83144,9.34804],[42.87441,9.33495],[42.89036,9.31873],[42.99546,9.26096],[43.05077,9.2259]],[[37.78918,8.3335],[37.77616,8.30361],[37.78173,8.29248],[37.7795,8.28286],[37.76319,8.2789]],[[37.81726,6.90355],[37.81979,6.90538],[37.81848,6.91143],[37.84741,6.94555]],[[36.15163,12.95805],[36.15196,12.95791]],[[38.7981,8.99952],[38.79803,8.99941]],[[38.79803,8.99941],[38.7951,8.9928]],[[37.38813,11.59477],[37.38813,11.59477]],[[37.40334,11.60395],[37.39887,11.60397],[37.39354,11.59501]],[[42.11843,9.31249],[42.12184,9.31227]],[[42.12184,9.31227],[42.12186,9.31248]],[[42.11843,9.31249],[42.1079,9.31229]],[[37.4075,11.60469],[37.40929,11.60498]],[[38.70536,8.98532],[38.70064,8.98367]],[[38.70867,8.98717],[38.709,8.98765]],[[38.70867,8.98717],[38.70853,8.98733]],[[38.71981,9.00842],[38.72084,9.01238]],[[38.71906,9.00708],[38.71746,8.99372]],[[38.71474,9.06278],[38.71916,9.06971],[38.72704,9.06594]],[[38.72073,9.01401],[38.71972,9.00845]],[[38.7193,9.0159],[38.71529,9.02287],[38.71468,9.03259]],[[38.71446,9.03483],[38.71236,9.05468]],[[38.71216,9.05437],[38.71436,9.03478]],[[37.55684,6.0404],[37.55718,6.03544]],[[37.76207,6.86487],[37.75777,6.85811]],[[37.5574,6.03546],[37.55696,6.04038]],[[39.55143,9.69067],[39.57844,9.70453],[39.59542,9.70302],[39.60287,9.69663],[39.60898,9.69802],[39.61332,9.69413],[39.63065,9.69623]],[[39.91269,10.66177],[39.89304,10.69709],[39.85965,10.71959]],[[39.82701,10.81438],[39.81583,10.82958],[39.8073,10.83103],[39.80437,10.83484],[39.81599,10.8486],[39.81554,10.85512]],[[40.05441,11.20847],[40.06591,11.21442]],[[39.74315,11.08106],[39.73979,11.08582]],[[40.12614,11.22091],[40.16699,11.23366],[40.1764,11.24057],[40.19457,11.24684],[40.2027,11.24586],[40.21751,11.2525],[40.23493,11.25168]],[[39.98988,10.31246],[39.99125,10.31765]],[[40.03399,11.20359],[40.03676,11.20693],[40.04332,11.20638]],[[39.81399,9.87906],[39.82693,9.88254],[39.82641,9.88501],[39.83642,9.89213],[39.83586,9.91205],[39.84147,9.91307],[39.84677,9.9268],[39.85202,9.92252],[39.85224,9.91652]],[[39.75974,10.98983],[39.7529,11.01778],[39.75246,11.04011],[39.74737,11.04843]],[[39.95718,10.06121],[39.9614,10.06582]],[[39.85479,9.94899],[39.86555,9.96683],[39.87239,9.96992]],[[40.28314,11.24836],[40.28815,11.24553],[40.2927,11.25119],[40.30125,11.25461],[40.32047,11.25721],[40.33002,11.25467],[40.34475,11.26102]],[[40.87003,11.56762],[40.86071,11.55516]],[[40.61443,11.33094],[40.62721,11.33379]],[[42.27746,12.64319],[42.27863,12.63737]],[[42.03257,12.13834],[42.03302,12.14476],[42.05135,12.13814]],[[39.54566,12.99176],[39.54152,12.99037],[39.54711,12.98895],[39.5378,12.98828],[39.53695,12.98335],[39.53672,12.98762],[39.53469,12.9788],[39.53678,12.97904],[39.53159,12.97857],[39.53514,12.97595],[39.52944,12.97626],[39.52871,12.96746],[39.52596,12.97076],[39.52778,12.96559],[39.53188,12.96673],[39.52499,12.96287],[39.52656,12.95942],[39.52161,12.95211],[39.5228,12.94843],[39.51714,12.94251],[39.51621,12.93591],[39.52016,12.93285]],[[39.62142,12.11697],[39.61692,12.10892]],[[39.60393,11.8331],[39.59811,11.82909]],[[39.56397,14.17952],[39.5641,14.18608]],[[39.52998,13.37071],[39.53283,13.36455],[39.52871,13.35085],[39.52695,13.32252],[39.52124,13.31597],[39.51559,13.29662],[39.51416,13.22945]],[[39.65319,11.72389],[39.65515,11.72479],[39.64764,11.73429],[39.64494,11.73257],[39.64429,11.73951],[39.63028,11.74148],[39.62527,11.74988],[39.61798,11.74796]],[[39.62213,11.40931],[39.61282,11.41977],[39.61164,11.43265],[39.61643,11.43853]],[[39.595,13.75453],[39.59563,13.76069]],[[39.49617,13.0935],[39.49282,13.07498],[39.49791,13.0645]],[[39.57125,13.59515],[39.56848,13.58382]],[[38.42608,14.08632],[38.4282,14.08163],[38.41732,14.08058],[38.41622,14.07548],[38.40477,14.07243],[38.39481,14.07163],[38.36742,14.08336],[38.33946,14.07604],[38.3191,14.09286],[38.32776,14.10114],[38.32251,14.1171],[38.31725,14.11873],[38.3055,14.11268]],[[37.98085,13.38067],[37.98329,13.37906],[37.9842,13.38253],[37.98525,13.38037],[37.99093,13.39029],[37.99908,13.39456],[37.99832,13.40066]],[[37.68174,12.78901],[37.64373,12.77618],[37.63912,12.77785],[37.62786,12.76712],[37.61853,12.76817],[37.6059,12.76298],[37.58904,12.76485],[37.58254,12.76979],[37.57411,12.76582],[37.56871,12.75899],[37.55109,12.75707],[37.54643,12.75194],[37.53633,12.75354],[37.5266,12.74533],[37.51454,12.7418],[37.51717,12.73141],[37.51004,12.72428],[37.4893,12.72525],[37.49749,12.71194],[37.49712,12.70453]],[[37.89194,13.33765],[37.89423,13.33611],[37.89968,13.34126],[37.89868,13.3392],[37.91797,13.34518],[37.92743,13.35561],[37.92472,13.35987],[37.94093,13.36333],[37.94152,13.36716],[37.94868,13.36501],[37.95141,13.37096],[37.9663,13.37363],[37.97317,13.38215],[37.97866,13.38324],[37.98034,13.3809]],[[37.41039,11.60512],[37.42818,11.60088]],[[37.74385,12.92515],[37.74293,12.90531],[37.73786,12.90227],[37.73298,12.89235],[37.73896,12.87616],[37.73732,12.8645],[37.73103,12.85957],[37.73186,12.85039],[37.71516,12.84149],[37.70264,12.82093],[37.70002,12.81431],[37.70238,12.81022],[37.69744,12.80886],[37.68739,12.7925],[37.68174,12.78901]],[[37.4345,8.02089],[37.4348,8.01685],[37.4422,8.01346]],[[37.7623,8.2787],[37.75149,8.27611],[37.74607,8.26974],[37.72851,8.26331],[37.71291,8.28052],[37.68699,8.28095],[37.67916,8.27484],[37.66254,8.27348],[37.65241,8.26341],[37.63925,8.2566],[37.62759,8.25701],[37.62367,8.25192],[37.61198,8.25379],[37.61217,8.26616],[37.59064,8.25585],[37.57738,8.25554]],[[37.56598,8.17447],[37.55581,8.1761],[37.55138,8.17017],[37.53314,8.1618],[37.52998,8.15587],[37.5249,8.15456],[37.5231,8.14798],[37.51838,8.1497],[37.5184,8.1449],[37.51163,8.13568],[37.50755,8.13302],[37.50479,8.13529],[37.50401,8.13096],[37.49954,8.12881],[37.49086,8.12978],[37.48501,8.11528],[37.48019,8.11211]],[[37.57738,8.25554],[37.57282,8.25621],[37.57557,8.25091],[37.57214,8.24361],[37.57507,8.24226],[37.57815,8.23049]],[[37.08647,7.71439],[37.06996,7.70625],[37.04266,7.71105],[37.03193,7.70764],[37.02146,7.71254],[37.01683,7.71976],[37.00741,7.71249],[36.99936,7.71399],[36.97164,7.70928],[36.96655,7.71266]],[[38.28042,8.7344],[38.19284,8.63719],[38.1717,8.63663],[38.14477,8.64578]],[[37.37398,7.87057],[37.37085,7.86818],[37.3705,7.84972],[37.3664,7.84067],[37.35193,7.83553],[37.3454,7.82602],[37.34083,7.78616]],[[38.42541,8.84726],[38.41057,8.84864]],[[37.96866,8.50666],[37.95535,8.47374],[37.94671,8.46855],[37.94383,8.46069],[37.92351,8.44056],[37.89282,8.42027],[37.88153,8.40482],[37.86912,8.40143],[37.8635,8.38822],[37.84773,8.37505],[37.83096,8.37178],[37.81312,8.35419]],[[37.48001,8.11203],[37.46705,8.10601],[37.47008,8.09968]],[[37.22226,7.75679],[37.19112,7.7574]],[[36.96655,7.71266],[36.94915,7.6959],[36.92461,7.69857],[36.91567,7.6951],[36.90762,7.6836],[36.89289,7.67315],[36.88891,7.66352],[36.882,7.65908],[36.87337,7.66364],[36.86992,7.66911],[36.85671,7.67032],[36.85337,7.67449]],[[38.00519,8.57966],[37.99025,8.56569],[37.96985,8.5361],[37.96866,8.50666]],[[37.27471,7.73281],[37.2591,7.7251],[37.25224,7.71303],[37.25063,7.69712],[37.23707,7.68372],[37.22796,7.69258],[37.22128,7.71056],[37.22766,7.72743],[37.2258,7.7387],[37.22916,7.76124],[37.22226,7.75679]],[[38.14477,8.64578],[38.11509,8.64313],[38.10404,8.63906],[38.06068,8.64301],[38.05083,8.64046],[38.02168,8.60666],[38.00519,8.57966]],[[38.35208,9.02298],[38.36067,9.02034],[38.36952,9.02534],[38.38428,9.04808],[38.38904,9.04746]],[[38.46988,9.05854],[38.48164,9.0652],[38.48606,9.06439],[38.4898,9.06762],[38.49373,9.0648],[38.49795,9.06757]],[[37.8516,8.98204],[37.83546,8.98201],[37.8174,8.99445],[37.81236,8.99111],[37.8047,8.99201]],[[38.41083,9.0465],[38.45388,9.05817],[38.46043,9.05503],[38.46988,9.05854]],[[36.48837,9.03234],[36.48944,9.04005],[36.51672,9.07812]],[[35.5834,8.29599],[35.58181,8.30205],[35.58462,8.30959],[35.59306,8.30962],[35.59427,8.30536],[35.59812,8.31134]],[[37.85451,8.98206],[37.8516,8.98204]],[[44.37128,6.60121],[44.47407,6.61536],[44.55485,6.59968],[44.56127,6.60218],[44.59697,6.58538],[44.60703,6.56675],[44.6211,6.55253],[44.62843,6.54941],[44.64481,6.5249],[44.65227,6.50471],[44.69482,6.45866],[44.69731,6.44129],[44.70876,6.42253],[44.71142,6.35262],[44.7178,6.30358],[44.73009,6.28546],[44.73713,6.28022],[44.75021,6.24443],[44.74848,6.23305],[44.7552,6.22244],[44.75774,6.14928],[44.76595,6.13541],[44.75968,6.11339],[44.76383,6.09153],[44.76952,6.08551]],[[43.05094,9.2258],[43.13243,9.15533],[43.1506,9.14288],[43.16002,9.1131],[43.17477,9.1034],[43.18301,9.09146],[43.19847,9.07768],[43.22357,9.0264],[43.27398,8.94253]],[[41.87494,9.46016],[41.8938,9.46326],[41.90023,9.46202],[41.89859,9.45802],[41.90535,9.45582],[41.91906,9.45657]],[[41.26399,9.32863],[41.28903,9.33158],[41.29574,9.33987],[41.29439,9.34457],[41.29815,9.34959],[41.31281,9.35535],[41.31327,9.36122],[41.31992,9.36711],[41.34544,9.37051],[41.35578,9.37777]],[[41.15306,9.27791],[41.16313,9.27781],[41.1687,9.28181],[41.18494,9.27981],[41.18945,9.28251],[41.20709,9.27946],[41.24201,9.3046],[41.25397,9.31944],[41.25046,9.32161],[41.25112,9.32777],[41.25803,9.33149],[41.26399,9.32863]],[[43.27398,8.94253],[43.30038,8.83574],[43.35024,8.76014],[43.39437,8.7413]],[[43.88511,7.43349],[43.91939,7.40859]],[[43.55962,8.24757],[43.55828,8.22401]],[[43.73075,7.7554],[43.75888,7.73266],[43.76586,7.71762],[43.76873,7.67816]],[[43.66181,7.90663],[43.66216,7.90181],[43.6551,7.88935],[43.66762,7.87947]],[[44.31439,6.67532],[44.33168,6.6323],[44.35593,6.60683],[44.36196,6.60436]],[[42.08073,9.33346],[42.05732,9.35556],[42.04325,9.36028],[42.03362,9.36779],[42.03079,9.37624],[42.02045,9.38311],[42.01011,9.39607],[41.95765,9.41074],[41.95037,9.4197],[41.94309,9.4232],[41.9306,9.44788],[41.92027,9.45657]],[[40.39156,9.03693],[40.4024,9.05342],[40.41441,9.0609],[40.42775,9.07692],[40.43257,9.08689],[40.43591,9.10829],[40.44755,9.11891],[40.50062,9.13464],[40.51932,9.14285],[40.52673,9.15041],[40.55409,9.15871],[40.60696,9.18781],[40.62051,9.18483],[40.64138,9.19168],[40.65507,9.19077],[40.69615,9.20636]],[[43.49171,8.59106],[43.54417,8.5307],[43.55576,8.44317],[43.54887,8.4238]],[[41.03409,9.16616],[41.04648,9.17082],[41.05523,9.17901],[41.0586,9.17862],[41.05627,9.17228],[41.06987,9.16862],[41.0736,9.16949],[41.07266,9.17147],[41.10326,9.17545],[41.10713,9.18779],[41.10502,9.19954]],[[41.35578,9.37777],[41.37028,9.37318],[41.39354,9.38492],[41.40742,9.3812],[41.41844,9.38221],[41.42009,9.37961],[41.43212,9.38692],[41.43648,9.38363],[41.43944,9.39178],[41.44265,9.39048],[41.4437,9.39418],[41.44816,9.39522],[41.45161,9.39113],[41.45634,9.39152],[41.45482,9.38736],[41.45847,9.3849],[41.45868,9.37803],[41.46428,9.38286],[41.47447,9.37683],[41.49132,9.37947],[41.49649,9.37719],[41.50665,9.3827]],[[41.76924,9.44043],[41.79548,9.43787],[41.81781,9.44828],[41.82629,9.44818],[41.82926,9.4449],[41.84087,9.45001],[41.85582,9.44684],[41.87494,9.46016]],[[41.09992,9.21607],[41.11427,9.22756],[41.11494,9.2365],[41.12244,9.25303],[41.13415,9.25508],[41.13589,9.2453],[41.14194,9.2421],[41.14019,9.25261],[41.14571,9.25834],[41.13803,9.26405],[41.13801,9.27307],[41.15306,9.27791]],[[39.52279,8.69898],[39.53201,8.6968],[39.54863,8.70836],[39.56437,8.72958],[39.61444,8.77033],[39.65907,8.78751],[39.67988,8.8069],[39.70061,8.81211],[39.71061,8.818],[39.71137,8.83655],[39.72247,8.838],[39.72665,8.84542],[39.73262,8.84193],[39.75055,8.86229],[39.7722,8.87791],[39.78815,8.88392],[39.7921,8.89159],[39.80711,8.89414],[39.81795,8.89959],[39.82515,8.90836]],[[43.39437,8.7413],[43.40917,8.71928],[43.41472,8.68349],[43.44306,8.61203],[43.45442,8.60247],[43.49171,8.59106]],[[40.9114,9.05881],[40.91111,9.05372],[40.91517,9.06378],[40.92482,9.07087],[40.95767,9.11045],[40.96335,9.10795],[40.97421,9.11364],[40.98735,9.13407],[40.99643,9.13624],[40.99859,9.14078],[41.00446,9.14053]],[[43.77682,7.59852],[43.77874,7.59662],[43.77454,7.55434],[43.77663,7.54328],[43.78683,7.5173],[43.81759,7.48433]],[[41.57108,9.39416],[41.58571,9.40053],[41.59766,9.41014],[41.61596,9.41414],[41.6192,9.42003],[41.62944,9.42284],[41.64105,9.43131],[41.66613,9.42679]],[[41.66613,9.42679],[41.66894,9.42258],[41.69085,9.4274],[41.69376,9.43248],[41.71815,9.44369],[41.73825,9.44539],[41.75329,9.43581],[41.76924,9.44043]],[[38.21259,7.28638],[38.25287,7.28183],[38.30286,7.28864],[38.34731,7.30021],[38.40397,7.28791],[38.43644,7.28616],[38.51586,7.24315],[38.53653,7.23503],[38.54734,7.2268],[38.55943,7.22326]],[[37.64702,6.13509],[37.63588,6.13148],[37.63429,6.12493],[37.62935,6.12228],[37.62019,6.12524],[37.61202,6.11519],[37.57639,6.11828]],[[37.61904,5.13131],[37.65635,5.1195],[37.68171,5.10164],[37.69447,5.07729],[37.69831,5.054],[37.70621,5.04358],[37.71617,5.03746]],[[37.41295,5.55406],[37.41589,5.54929]],[[37.97469,4.96326],[37.99931,4.95712],[38.02965,4.93172],[38.05239,4.92088],[38.05388,4.91627],[38.06274,4.91097],[38.06616,4.89908],[38.07763,4.89218]],[[37.52664,5.23429],[37.54699,5.23615],[37.56011,5.22677],[37.57205,5.20832],[37.58506,5.19815],[37.58633,5.18789],[37.59359,5.17407]],[[37.44825,5.79285],[37.4417,5.76556],[37.43125,5.74595]],[[38.14038,4.88508],[38.13159,4.88413],[38.09136,4.89284],[38.07959,4.89165]],[[37.73018,6.23135],[37.71778,6.22211],[37.71752,6.21314],[37.70595,6.18847],[37.66454,6.16162],[37.6637,6.15815]],[[38.88061,9.05968],[38.90829,9.08221]],[[39.51124,9.64773],[39.51335,9.66132],[39.51917,9.66701]],[[39.53295,9.67817],[39.52924,9.67209],[39.51953,9.66737]],[[39.54682,9.68602],[39.53306,9.67832]],[[39.53315,9.67824],[39.54682,9.68602]],[[37.72851,10.33593],[37.72705,10.34346],[37.7201,10.34504],[37.71504,10.35275],[37.70366,10.35022],[37.69697,10.35929],[37.66977,10.34597],[37.66211,10.35421]],[[37.72865,10.33586],[37.72865,10.33586]],[[38.76647,8.9653],[38.76554,8.97452]],[[38.76704,8.96238],[38.76907,8.94626]],[[38.76916,8.94626],[38.76754,8.95711]],[[38.84265,9.0021],[38.83746,9.00023]],[[38.83034,8.99174],[38.83404,8.99759]],[[38.86748,9.00718],[38.87579,9.02083]],[[38.85995,9.0033],[38.85376,9.00148]],[[38.86176,9.00438],[38.86065,9.00373]],[[38.86063,9.00326],[38.86181,9.00394]],[[37.39368,11.59498],[37.39869,11.60363],[37.40334,11.60395]],[[37.39357,11.59502],[37.39357,11.59502]],[[37.3935,11.59497],[37.38809,11.5949]],[[38.735,8.94037],[38.73402,8.9474]],[[38.73834,8.937],[38.7558,8.93066]],[[38.73505,8.93663],[38.73522,8.93762]],[[44.00091,9.00121],[44.01286,9.11273],[44.01261,9.15165],[44.02269,9.18188],[44.02502,9.25042],[44.04278,9.29456]],[[44.20701,9.02758],[44.21296,8.99583],[44.21364,8.9631],[44.22189,8.92726]],[[43.3324,9.60022],[43.33799,9.62138],[43.46819,9.66914],[43.47758,9.68099]],[[39.14877,9.19242],[39.12459,9.16486],[39.09528,9.1656],[39.08408,9.17024],[39.07196,9.16614]],[[44.95861,5.57292],[44.96736,5.55989],[44.96396,5.55179],[44.96906,5.54744],[44.96692,5.5449]],[[34.55315,10.05706],[34.57253,10.02896],[34.5926,10.02063],[34.62,10.0014],[34.63324,9.97841],[34.6538,9.95613]],[[36.82965,6.00148],[36.83679,6.00368],[36.83975,6.01259],[36.85978,6.03279],[36.86689,6.04573],[36.88096,6.05546]],[[36.88966,6.06279],[36.89242,6.06474]],[[36.57042,5.7919],[36.58196,5.79104],[36.60405,5.79633],[36.62115,5.79263],[36.62751,5.79957],[36.63564,5.79983],[36.63406,5.80447],[36.6373,5.8031],[36.63982,5.80597],[36.64483,5.82163],[36.66723,5.83388]],[[44.99761,5.36897],[44.99163,5.36348]],[[36.75074,5.91457],[36.76995,5.92703],[36.77975,5.9432]],[[34.54584,10.05959],[34.54584,10.05959]],[[34.53943,10.06552],[34.53943,10.06552]],[[34.54571,10.05972],[34.53941,10.06547]],[[34.53932,10.06544],[34.54571,10.05962]],[[34.54043,10.06884],[34.53936,10.06573]],[[34.53945,10.06569],[34.54043,10.06884]],[[34.55315,10.05706],[34.55088,10.06038],[34.54583,10.05975]],[[34.54588,10.05965],[34.55074,10.06032],[34.55315,10.05706]],[[43.60579,8.07822],[43.60754,8.07497],[43.60142,8.03608],[43.62255,7.98962],[43.63918,7.97449],[43.64718,7.95039],[43.6471,7.92764]],[[37.95547,7.14416],[37.95547,7.14416]],[[37.9572,7.1536],[37.95884,7.1643],[37.95362,7.19524],[37.95537,7.2006],[37.99512,7.21578],[38.01689,7.21466],[38.03277,7.22707],[38.04784,7.2339],[38.05566,7.24206],[38.06699,7.27095]],[[38.55674,8.88107],[38.53404,8.86769],[38.52939,8.85796],[38.50532,8.84695],[38.4992,8.84896],[38.49049,8.84536],[38.43988,8.84682]],[[38.66168,8.92463],[38.66116,8.91624],[38.64796,8.90193],[38.64621,8.89234],[38.65761,8.88622],[38.66166,8.85945],[38.65666,8.85103],[38.6488,8.81837],[38.64072,8.80542],[38.64376,8.79134],[38.65293,8.77463],[38.65374,8.7634],[38.65035,8.75672],[38.65285,8.7502],[38.64987,8.73837],[38.64364,8.7294],[38.60785,8.70429]],[[39.74904,9.84918],[39.7516,9.85708],[39.75865,9.85999],[39.75267,9.85645],[39.74807,9.83875],[39.75896,9.85339],[39.7597,9.84646],[39.77092,9.84469],[39.7843,9.85123],[39.78366,9.85345],[39.78947,9.85064],[39.80213,9.85433],[39.80817,9.86129],[39.80934,9.8747],[39.81385,9.87894]],[[39.45659,9.53502],[39.45679,9.53538]],[[39.45679,9.53538],[39.4621,9.54253],[39.47367,9.54873],[39.47351,9.55856],[39.47875,9.56191],[39.48794,9.57757]],[[38.76844,8.93603],[38.76212,8.93263]],[[38.76946,8.94359],[38.77117,8.94067]],[[38.77117,8.94067],[38.76873,8.93617]],[[38.76876,8.93605],[38.77126,8.9407]],[[38.71909,9.00687],[38.71981,9.00842]],[[38.80309,9.01496],[38.80355,9.0085]],[[38.80294,9.01561],[38.8019,9.0186]],[[38.7325,8.95332],[38.7325,8.95372]],[[38.73238,8.95364],[38.73237,8.95328]],[[38.73237,8.95328],[38.73242,8.9524]],[[38.73305,8.96285],[38.73295,8.96449]],[[39.07332,8.50284],[39.06068,8.47606],[39.03302,8.44152]],[[35.73199,9.20181],[35.71773,9.21275],[35.71897,9.22642],[35.71178,9.23193],[35.69788,9.23361],[35.69496,9.24116],[35.6975,9.26207],[35.69063,9.2663],[35.68973,9.27306],[35.68483,9.27461],[35.67863,9.26866],[35.67862,9.27174],[35.66101,9.27115]],[[34.63226,10.31374],[34.63669,10.32202],[34.62318,10.33318],[34.62556,10.34113],[34.61913,10.3581],[34.61265,10.36523],[34.61203,10.37252],[34.58517,10.38681],[34.5685,10.40704],[34.56693,10.4134],[34.55742,10.41913],[34.54645,10.44088],[34.54724,10.45183],[34.53563,10.46316],[34.52268,10.46743],[34.517,10.47514],[34.51494,10.48635],[34.51803,10.4952],[34.51042,10.51648],[34.51044,10.53482]],[[35.73216,9.20181],[35.73353,9.20517],[35.74023,9.20185],[35.76195,9.20133],[35.76582,9.19453],[35.78597,9.1912],[35.78882,9.19432],[35.79357,9.19029],[35.8029,9.19277],[35.81024,9.18825],[35.83028,9.18918],[35.83456,9.16921]],[[37.43358,9.03497],[37.42793,9.04083],[37.42148,9.04121],[37.41707,9.03369],[37.42339,9.03044],[37.42392,9.02688],[37.41668,9.02633],[37.408,9.02066],[37.39991,9.00246]],[[44.94952,5.57028],[44.95744,5.57325]],[[37.85494,8.98205],[37.85451,8.98206]],[[37.88624,7.00178],[37.89636,7.01614],[37.92318,7.03614],[37.92847,7.05005],[37.941,7.06376],[37.95292,7.12835]],[[38.82113,8.86471],[38.81792,8.86071]],[[37.26028,10.67991],[37.26028,10.67991]],[[37.17388,10.69786],[37.15032,10.69972],[37.13679,10.69742],[37.11776,10.70887],[37.11101,10.70196],[37.09395,10.71184],[37.07472,10.70915],[37.06677,10.7128]],[[37.53475,6.55601],[37.53526,6.55656]],[[37.57046,6.63197],[37.5711,6.65403],[37.57705,6.66472],[37.56695,6.6869],[37.5715,6.70758],[37.57786,6.71182],[37.60601,6.70647],[37.66654,6.7527],[37.66807,6.76378],[37.67835,6.77769],[37.68153,6.78844],[37.71505,6.82472],[37.71568,6.82994],[37.73043,6.84677]],[[37.54307,6.55828],[37.55325,6.57222],[37.55178,6.59694],[37.56936,6.62291]],[[37.45236,6.46241],[37.47303,6.48764],[37.47809,6.48895],[37.48868,6.5004],[37.51141,6.51165],[37.52794,6.53238],[37.52902,6.5465],[37.53475,6.55601]],[[37.46976,12.61201],[37.46976,12.61201]],[[40.32034,9.01357],[40.32067,9.01358]],[[40.32067,9.01358],[40.33517,9.01496]],[[38.72947,9.06412],[38.7271,9.06602]],[[38.72704,9.06594],[38.7294,9.06406]],[[38.83363,8.99774],[38.83002,8.99183]],[[38.83767,8.9999],[38.84921,9.00157]],[[38.83546,8.99903],[38.83409,8.99813]],[[38.83404,8.99759],[38.83527,8.99846]],[[39.38716,14.53134],[39.38241,14.51929]],[[39.38154,14.51654],[39.38716,14.53134]],[[39.38716,14.53134],[39.38783,14.53622]],[[39.38888,14.54249],[39.39407,14.573],[39.37813,14.58353],[39.37613,14.60918]],[[39.37498,14.40429],[39.37479,14.40461]],[[39.37858,14.4827],[39.37999,14.48482],[39.39008,14.48221],[39.39436,14.49695]],[[39.37479,14.40461],[39.36948,14.41019],[39.35986,14.45095],[39.36113,14.46335],[39.37642,14.47504],[39.37858,14.4827]],[[36.57042,5.7919],[36.56842,5.78937]],[[38.75466,14.12325],[38.74282,14.1151],[38.73567,14.11437]],[[37.19114,7.75798],[37.1881,7.75946],[37.17887,7.74773],[37.16303,7.74919],[37.16083,7.74261],[37.14891,7.73249],[37.12804,7.72601],[37.1152,7.72985],[37.0993,7.71498],[37.0869,7.71459]],[[37.19112,7.7574],[37.19114,7.75798]],[[37.27692,7.73342],[37.27471,7.73281]],[[37.27714,7.73349],[37.27692,7.73342]],[[36.15533,9.03013],[36.16368,9.02229],[36.16447,9.01673],[36.17495,9.01664],[36.18509,9.02386],[36.21995,9.02843],[36.22877,9.03569],[36.23545,9.03556]],[[36.15439,9.03043],[36.15533,9.03013]],[[36.47429,8.04481],[36.47378,8.04437]],[[36.58491,7.85646],[36.59351,7.85318],[36.60774,7.85516],[36.61551,7.85259],[36.65173,7.86189],[36.65955,7.84342],[36.66605,7.83821],[36.6778,7.83616],[36.67861,7.82538],[36.68612,7.81175],[36.69404,7.80702],[36.70304,7.81694],[36.71507,7.79944],[36.7276,7.78944],[36.72818,7.76614],[36.73179,7.76829],[36.73392,7.76008],[36.72968,7.74381],[36.74612,7.74142],[36.75517,7.73134],[36.77197,7.7326],[36.80366,7.72379],[36.80708,7.71174],[36.80586,7.70315],[36.8314,7.68629],[36.8343,7.67671]],[[36.41275,12.76978],[36.43048,12.75317],[36.43312,12.74302],[36.43934,12.74111],[36.44222,12.74379]],[[36.40482,12.78066],[36.40482,12.78066]],[[37.74865,6.81547],[37.75057,6.79238],[37.76749,6.77753],[37.77495,6.74014],[37.77224,6.72921],[37.77568,6.71008],[37.77449,6.69342],[37.7831,6.67556],[37.81855,6.64948]],[[37.75807,6.85793],[37.75807,6.85793]],[[37.7567,6.84112],[37.7567,6.84112]],[[37.76245,6.86486],[37.76245,6.86486]],[[37.75807,6.85793],[37.76223,6.86473]],[[37.76245,6.86486],[37.76398,6.86503]],[[37.75669,6.84135],[37.75961,6.85143],[37.75791,6.85767]],[[37.75766,6.85775],[37.75952,6.85145],[37.75652,6.84136]],[[37.75411,6.83047],[37.75727,6.83734]],[[37.75717,6.83768],[37.75663,6.84108]],[[37.75648,6.84111],[37.75708,6.83757]],[[37.7571,6.83743],[37.75411,6.83047]],[[37.75717,6.83768],[37.75717,6.83768]],[[37.17642,7.14624],[37.17391,7.15297]],[[37.47037,12.61821],[37.47037,12.61821]],[[38.77531,14.47346],[38.77502,14.4729]],[[38.78556,14.45776],[38.78553,14.46829],[38.77561,14.47025]],[[38.59196,7.19277],[38.59914,7.19748],[38.60223,7.20656],[38.61358,7.20971]],[[37.78415,6.27945],[37.73018,6.23135]],[[37.78418,6.27979],[37.78415,6.27945]],[[38.73329,9.06391],[38.73743,9.07109]],[[38.73867,9.06291],[38.7306,9.06331]],[[38.73057,9.0632],[38.73867,9.06281]],[[38.70976,8.98849],[38.71617,8.99266]],[[38.70973,8.98863],[38.70943,8.98829]],[[38.70945,8.98813],[38.70976,8.98849]],[[38.70943,8.98829],[38.70894,8.98772]],[[37.39501,12.54098],[37.39543,12.54113]],[[37.39543,12.54113],[37.4243,12.55123]],[[37.01934,6.38103],[37.01911,6.38075]],[[37.20504,6.42849],[37.20453,6.42858]],[[37.20453,6.42858],[37.15736,6.41005],[37.1435,6.41073],[37.13047,6.40254],[37.10217,6.39446],[37.09531,6.39889],[37.0675,6.39098],[37.05129,6.39021]],[[37.01911,6.38075],[37.01177,6.37905],[37.00636,6.38182]],[[39.60406,11.83313],[39.60406,11.83313]],[[35.59801,9.41821],[35.59338,9.42912],[35.57234,9.43671],[35.56897,9.44736],[35.56211,9.45364],[35.55748,9.45612],[35.55001,9.45415],[35.53135,9.46885],[35.52159,9.49421],[35.51262,9.49628],[35.50856,9.50304],[35.49482,9.51122]],[[39.56793,13.58225],[39.56813,13.58215]],[[38.40971,8.84818],[38.38494,8.84441],[38.36801,8.82876]],[[38.41057,8.84864],[38.40971,8.84818]],[[36.79267,9.05623],[36.78807,9.05357],[36.77834,9.05605],[36.76642,9.04356],[36.7447,9.0494],[36.74299,9.04498],[36.73728,9.04489],[36.72962,9.04891]],[[37.48195,12.64525],[37.48163,12.64486]],[[37.47068,12.61862],[37.46965,12.6285]],[[39.46166,14.27734],[39.46166,14.27734]],[[39.45982,14.29763],[39.46135,14.27735]],[[39.46157,14.27755],[39.46134,14.28263]],[[37.4475,12.48727],[37.44784,12.48725]],[[37.43297,7.9281],[37.42832,7.92961],[37.40989,7.92331],[37.40807,7.91842],[37.40439,7.92138],[37.4039,7.91569],[37.39447,7.91079],[37.38818,7.89973],[37.38739,7.89332],[37.39069,7.88892],[37.38211,7.88365],[37.37398,7.87057]],[[37.43508,7.93124],[37.43549,7.93099]],[[37.43286,7.92841],[37.43297,7.9281]],[[37.43549,7.93099],[37.42916,7.93281],[37.43286,7.92841]],[[37.4387,7.96028],[37.43555,7.95777],[37.43976,7.9534]],[[37.4389,7.96036],[37.4387,7.96028]],[[37.4396,7.9529],[37.43023,7.95014],[37.42657,7.95218],[37.42448,7.94815],[37.43632,7.93547],[37.43508,7.93124]],[[37.44175,8.01281],[37.43968,8.00879]],[[37.43976,7.9534],[37.4396,7.9529]],[[37.4422,8.01346],[37.44175,8.01281]],[[37.75493,6.86874],[37.75493,6.86874]],[[37.76051,6.86784],[37.75511,6.86856]],[[37.81855,6.64948],[37.81888,6.64916]],[[37.81888,6.64916],[37.84104,6.60715],[37.83992,6.59614],[37.83091,6.57936],[37.82325,6.57189]],[[37.45036,8.04699],[37.44918,8.04173]],[[37.45038,8.04717],[37.45036,8.04699]],[[37.46168,8.07548],[37.4617,8.07494]],[[37.45391,8.06306],[37.4537,8.06275]],[[37.4537,8.06275],[37.45011,8.06073],[37.45038,8.04717]],[[37.4617,8.07494],[37.45571,8.07071],[37.45391,8.06306]],[[37.44918,8.04173],[37.44892,8.04136]],[[37.44892,8.04136],[37.43186,8.03594],[37.43056,8.02854],[37.4345,8.02089]],[[37.48019,8.11211],[37.48001,8.11203]],[[37.47008,8.09968],[37.47008,8.09957]],[[37.47008,8.09957],[37.46521,8.09692],[37.4589,8.08284],[37.4548,8.08075],[37.46168,8.07548]],[[37.43942,8.00863],[37.43697,8.00976],[37.43521,8.00083],[37.43973,7.99911],[37.43406,7.98562],[37.44049,7.96241],[37.44309,7.9616],[37.4389,7.96036]],[[37.43968,8.00879],[37.43942,8.00863]],[[40.24078,9.02017],[40.24137,9.02016]],[[40.24137,9.02016],[40.28109,9.00904],[40.32034,9.01357]],[[40.18549,9.02952],[40.18773,9.03517],[40.19905,9.03655]],[[39.67733,11.31284],[39.67733,11.31284]],[[39.63281,11.11726],[39.63281,11.11726]],[[39.6327,11.11771],[39.63293,11.11833]],[[39.67721,11.31292],[39.6748,11.33241],[39.67866,11.33766],[39.67813,11.34354],[39.66088,11.35657],[39.65808,11.36596],[39.65048,11.36968],[39.64272,11.38126]],[[40.8702,11.56812],[40.87003,11.56762]],[[40.87853,11.60955],[40.87881,11.60959]],[[40.8702,11.56812],[40.87178,11.6041],[40.87853,11.60955]],[[40.75909,11.41484],[40.75934,11.41381]],[[41.8334,11.72076],[41.83579,11.7176]],[[41.83772,11.71685],[41.83579,11.7176]],[[41.83579,11.7176],[41.83772,11.71685]],[[38.67102,7.36125],[38.67101,7.3611]],[[38.58525,7.1891],[38.52257,7.16054],[38.49133,7.11054]],[[37.85745,6.95484],[37.85745,6.95484]],[[37.85743,6.95489],[37.85723,6.95467]],[[37.71701,5.037],[37.73611,5.03025],[37.74246,5.02155],[37.7653,5.00901],[37.80857,4.99639],[37.81961,4.99008],[37.85874,4.98191],[37.89596,4.96255]],[[37.71617,5.03746],[37.71701,5.037]],[[38.60075,8.6387],[38.60634,8.62288],[38.60777,8.60364]],[[38.51222,8.26934],[38.51196,8.26921]],[[38.60785,8.70429],[38.60731,8.70346]],[[38.60062,8.63901],[38.60075,8.6387]],[[38.60777,8.60364],[38.60789,8.60353]],[[38.6378,8.58525],[38.64472,8.58417],[38.63973,8.57692],[38.63875,8.56551],[38.62026,8.54055],[38.62505,8.53382],[38.63848,8.52628],[38.63945,8.52196],[38.63326,8.49497],[38.61586,8.4625],[38.61449,8.44691],[38.60747,8.43417],[38.60979,8.42865],[38.62662,8.4184],[38.62755,8.41424],[38.61928,8.40595],[38.61081,8.40337],[38.59723,8.38063],[38.56884,8.35666],[38.52763,8.2802],[38.51222,8.26934]],[[38.60731,8.70346],[38.59562,8.68116],[38.59359,8.65704],[38.60062,8.63901]],[[38.51196,8.26921],[38.4882,8.25021],[38.48339,8.23911]],[[37.71074,7.06045],[37.70472,7.07226]],[[37.73871,6.94704],[37.74551,6.98243],[37.72528,7.01631],[37.71074,7.06045]],[[37.70472,7.07226],[37.71074,7.06045]],[[37.74889,6.40033],[37.7489,6.37287],[37.75484,6.36553],[37.75354,6.34755],[37.76778,6.31269],[37.76759,6.29227],[37.78309,6.28399],[37.78418,6.27979]],[[37.74573,6.45997],[37.74408,6.45343],[37.74834,6.4465]],[[37.74834,6.4465],[37.74858,6.4463]],[[37.82325,6.57189],[37.82272,6.57137]],[[37.74594,6.46063],[37.74573,6.45997]],[[37.82272,6.57137],[37.81321,6.54375],[37.78293,6.52237],[37.75417,6.46888],[37.74594,6.46063]],[[36.35543,8.45324],[36.36282,8.44047],[36.35956,8.42939],[36.37039,8.41506],[36.3716,8.40299],[36.39436,8.3971],[36.41217,8.36552],[36.41631,8.35222],[36.41327,8.34401],[36.41567,8.33652],[36.43064,8.32626],[36.43215,8.32165],[36.43744,8.31887],[36.44139,8.30711],[36.44885,8.30256],[36.45005,8.2936],[36.44099,8.28214],[36.44942,8.26189],[36.44534,8.24011],[36.45175,8.22901],[36.44451,8.21759],[36.44521,8.21109],[36.43934,8.20448],[36.44406,8.19053],[36.47505,8.16068],[36.47395,8.15611],[36.46028,8.15067],[36.45856,8.14129],[36.45124,8.13794],[36.45635,8.13072],[36.45415,8.12246],[36.4636,8.12201],[36.45644,8.09848],[36.46232,8.08239],[36.45809,8.07548],[36.45115,8.07267],[36.45858,8.06421],[36.47085,8.05824],[36.46672,8.0526],[36.47798,8.04971],[36.47429,8.04481]],[[36.34721,8.45383],[36.35227,8.4559]],[[36.35214,8.45599],[36.34721,8.45383]],[[36.35238,8.45606],[36.35238,8.45606]],[[38.03125,13.41908],[38.03218,13.41915]],[[38.67229,9.02851],[38.67291,9.02814]],[[38.67291,9.02814],[38.67229,9.02851]],[[39.64777,11.85041],[39.64632,11.85041]],[[39.64632,11.85041],[39.64448,11.85049]],[[39.73353,11.0872],[39.7327,11.08733]],[[39.7327,11.08733],[39.71013,11.09081]],[[37.78588,11.93626],[37.78613,11.93619]],[[38.63883,14.11349],[38.63866,14.11372]],[[38.28372,14.1015],[38.28372,14.1015]],[[38.28345,14.10161],[38.27632,14.09775]],[[37.27602,7.01593],[37.2809,7.01877],[37.2785,7.0149]],[[37.27191,7.01024],[37.27602,7.01593]],[[38.79962,14.37135],[38.7998,14.371]],[[38.81008,14.31043],[38.80989,14.31017]],[[38.80647,14.33258],[38.80591,14.32748],[38.80855,14.3261]],[[42.10784,9.31225],[42.10784,9.31225]],[[37.57815,8.23049],[37.57761,8.22949]],[[37.57526,8.22525],[37.57034,8.21998],[37.56652,8.2221],[37.5647,8.2183],[37.55723,8.21589],[37.56124,8.20658],[37.55979,8.19704],[37.56355,8.19648],[37.56779,8.185],[37.57069,8.18675],[37.56893,8.18382],[37.57208,8.18615],[37.57233,8.18075],[37.57894,8.17325],[37.58384,8.17274],[37.56598,8.17447]],[[39.6809,11.89765],[39.68672,11.88866],[39.68504,11.87759]],[[39.68053,11.89861],[39.6809,11.89765]],[[39.68043,11.90049],[39.68037,11.90025]],[[39.68504,11.87759],[39.68503,11.87734]],[[39.68037,11.90025],[39.68053,11.89861]],[[39.68503,11.87734],[39.68422,11.87637]],[[39.45705,11.89473],[39.45134,11.89436],[39.44749,11.89874]],[[39.73886,11.08598],[39.73908,11.08581]],[[39.45814,11.89555],[39.45705,11.89473]],[[39.49775,11.89054],[39.49759,11.89094]],[[39.56059,11.8336],[39.55923,11.83479]],[[39.73939,11.08578],[39.73939,11.08578]],[[39.73939,11.08578],[39.73976,11.08575]],[[39.49759,11.89094],[39.49247,11.89318]],[[39.55923,11.83479],[39.55919,11.83881],[39.54624,11.84903],[39.54116,11.87061],[39.53108,11.87646]],[[39.73916,11.08597],[39.73886,11.08598]],[[39.73979,11.08582],[39.73933,11.08596]],[[39.73886,11.08598],[39.73353,11.0872]],[[38.27623,14.09759],[38.28353,14.1014]],[[38.28371,14.10146],[38.3055,14.11268]],[[38.3055,14.11268],[38.28365,14.10167]],[[39.45982,14.29763],[39.44872,14.316]],[[37.48304,10.5684],[37.44607,10.57593],[37.44196,10.58373],[37.41963,10.60134],[37.42309,10.60977],[37.41857,10.6115],[37.41524,10.61884],[37.41817,10.62343],[37.41004,10.62723]],[[37.49683,10.56047],[37.49658,10.56065]],[[37.50892,10.53449],[37.50908,10.53526]],[[37.50908,10.53526],[37.51416,10.53757],[37.51131,10.54054]],[[37.03767,11.36728],[37.03702,11.36678]],[[38.32541,6.49011],[38.32506,6.48974]],[[38.32506,6.48974],[38.32684,6.48581]],[[40.33517,9.01496],[40.33562,9.01505]],[[40.39151,9.03648],[40.39156,9.03693]],[[40.33562,9.01505],[40.34424,9.01774]],[[39.74349,11.05978],[39.74349,11.05978]],[[39.74336,11.05993],[39.74372,11.08089]],[[39.74361,11.08103],[39.74361,11.08103]],[[36.56508,5.77911],[36.56514,5.77829]],[[36.69493,5.59235],[36.69526,5.57962],[36.70281,5.57009],[36.71099,5.5622],[36.72328,5.55949],[36.72367,5.55131],[36.72955,5.54245],[36.72896,5.52746],[36.7344,5.52278]],[[36.56551,5.78615],[36.56551,5.78615]],[[42.8006,9.35084],[42.80545,9.35066]],[[42.7803,9.35147],[42.79786,9.35093]],[[42.8003,9.35081],[42.8003,9.35081]],[[42.7978,9.35102],[42.78033,9.35169]],[[42.78009,9.35169],[42.77359,9.35224]],[[37.44293,5.33944],[37.44775,5.33862],[37.44907,5.34317],[37.45434,5.34006]],[[37.44159,5.33931],[37.43362,5.33163],[37.42773,5.33346],[37.41651,5.33044],[37.41166,5.33346],[37.40456,5.32981],[37.40198,5.33361],[37.39924,5.33263],[37.3875,5.34637],[37.38771,5.35384],[37.37254,5.38199],[37.36587,5.38708],[37.35292,5.38861],[37.31882,5.41831],[37.31125,5.40777],[37.30495,5.40705],[37.29837,5.39911],[37.29268,5.3957],[37.28562,5.3974],[37.27944,5.38985],[37.27145,5.38655]],[[40.20239,9.03571],[40.21559,9.01866],[40.24078,9.02017]],[[38.87517,9.45512],[38.8753,9.4555]],[[37.40334,11.60395],[37.4075,11.60469]],[[36.8344,7.6761],[36.8344,7.6761]],[[36.83437,7.67629],[36.8343,7.67671]],[[36.8343,7.67671],[36.83418,7.67631]],[[36.84916,7.66884],[36.85296,7.67456]],[[44.1771,7.09347],[44.16609,7.08524],[44.16633,7.05889],[44.16925,7.05033],[44.18867,7.03093],[44.18745,7.0056],[44.19979,6.98649],[44.19476,6.97833],[44.19979,6.97315],[44.19894,6.96545],[44.20402,6.9549],[44.21207,6.95356],[44.21832,6.94792],[44.21689,6.94061],[44.20953,6.93626],[44.21054,6.93091],[44.21754,6.92339],[44.21822,6.91385],[44.22379,6.91346],[44.22809,6.90347],[44.23455,6.90047],[44.23178,6.89132],[44.24159,6.88165],[44.2456,6.86434],[44.25329,6.85321],[44.2724,6.76247]],[[37.66211,10.35421],[37.66185,10.35429]],[[37.57014,10.45942],[37.57207,10.4715],[37.56609,10.47479],[37.56415,10.47996],[37.5543,10.48308],[37.54961,10.4915],[37.53897,10.49471],[37.53476,10.51359],[37.52463,10.51966],[37.5158,10.53042]],[[39.54649,12.43402],[39.55214,12.42847]],[[39.58895,12.33775],[39.58909,12.33738]],[[39.58909,12.33738],[39.59171,12.33077]],[[39.57409,12.37507],[39.57418,12.37482]],[[39.61822,12.20754],[39.61823,12.20718]],[[39.60264,12.28013],[39.60416,12.2721]],[[39.60251,12.28079],[39.60264,12.28013]],[[39.59171,12.33077],[39.59205,12.3299]],[[39.60416,12.2721],[39.60425,12.27164]],[[39.54672,12.43431],[39.54649,12.43402]],[[39.61823,12.20718],[39.62163,12.18988]],[[39.57418,12.37482],[39.58895,12.33775]],[[39.59205,12.3299],[39.59669,12.32096]],[[44.27664,6.75071],[44.27637,6.7501]],[[37.05129,6.39021],[37.05093,6.39005]],[[37.05093,6.39005],[37.03022,6.39266],[37.01934,6.38103]],[[40.34459,9.01789],[40.38341,9.02421]],[[40.38341,9.02421],[40.38358,9.02447]],[[40.34424,9.01774],[40.34459,9.01789]],[[40.38358,9.02447],[40.39151,9.03648]],[[40.74154,11.37938],[40.74287,11.38094]],[[40.72613,11.36022],[40.72623,11.36037]],[[40.74154,11.37938],[40.73923,11.37672]],[[40.73923,11.37672],[40.74154,11.37938]],[[40.72623,11.36037],[40.73296,11.36939]],[[40.5289,11.30341],[40.52958,11.30364]],[[40.52025,11.30059],[40.52066,11.30073]],[[40.52066,11.30073],[40.5289,11.30341]],[[40.78357,11.4701],[40.78339,11.46959]],[[40.78339,11.46959],[40.7798,11.46387]],[[40.79369,11.48177],[40.7934,11.48136]],[[40.80723,11.50093],[40.80693,11.50061]],[[40.8344,11.52863],[40.83409,11.5283]],[[40.8463,11.54055],[40.84592,11.54017]],[[40.84592,11.54017],[40.8344,11.52863]],[[40.78562,11.47374],[40.78379,11.47071]],[[40.80693,11.50061],[40.79369,11.48177]],[[40.83015,11.52474],[40.80723,11.50093]],[[40.86071,11.55516],[40.86046,11.55491]],[[40.86046,11.55491],[40.8463,11.54055]],[[40.98597,11.73059],[40.96214,11.71693],[40.9584,11.71114]],[[40.95428,11.7012],[40.95448,11.70166]],[[40.98671,11.73247],[40.98697,11.73339]],[[41.00529,11.77721],[41.01021,11.79509]],[[40.90516,11.61161],[40.90578,11.61133]],[[41.01021,11.79509],[41.01735,11.80643]],[[41.30294,11.95805],[41.30121,11.9578]],[[41.30121,11.9578],[41.30295,11.95797]],[[41.67593,11.85015],[41.66839,11.85385],[41.63699,11.88538],[41.63221,11.88259],[41.62301,11.88902]],[[41.6766,11.84904],[41.67593,11.85015]],[[40.50765,11.29649],[40.50823,11.29668]],[[40.50823,11.29668],[40.52025,11.30059]],[[40.26348,11.24437],[40.26377,11.24434]],[[40.26564,11.24464],[40.26614,11.24473]],[[40.26377,11.24434],[40.26564,11.24464]],[[40.23493,11.25168],[40.23514,11.25169]],[[40.23514,11.25169],[40.25134,11.25816],[40.25484,11.2521]],[[39.62305,12.01436],[39.62601,12.00957],[39.63336,12.0081],[39.64245,11.98343]],[[39.62228,12.01479],[39.62305,12.01436]],[[39.64258,11.98289],[39.64966,11.97877],[39.6521,11.97203]],[[39.65238,11.97184],[39.65595,11.97108],[39.66001,11.96323],[39.6636,11.94948],[39.66828,11.94757],[39.66634,11.92315],[39.67495,11.91807],[39.68043,11.90049]],[[39.64245,11.98343],[39.64258,11.98289]],[[39.6521,11.97203],[39.65238,11.97184]],[[39.56706,14.13196],[39.56693,14.13212]],[[39.56693,14.13212],[39.5606,14.13985],[39.56014,14.16775],[39.56397,14.1724],[39.56397,14.17952]],[[36.44254,12.74433],[36.44418,12.74612],[36.45244,12.74288],[36.46279,12.73013]],[[36.44222,12.74379],[36.44254,12.74433]],[[38.73543,14.11436],[38.72726,14.11442]],[[38.72724,14.11434],[38.73551,14.11428]],[[38.72713,14.11437],[38.72724,14.11434]],[[38.72726,14.11442],[38.72716,14.11445]],[[38.73567,14.11437],[38.73543,14.11436]],[[38.73551,14.11428],[38.73572,14.1143]],[[38.6991,14.1233],[38.71334,14.12174]],[[38.71339,14.12181],[38.6991,14.1233]],[[38.73572,14.1143],[38.74287,14.11504],[38.75466,14.12325]],[[38.6991,14.1233],[38.67791,14.10583],[38.66915,14.10466],[38.65244,14.11274],[38.63883,14.11349]],[[38.88302,14.18808],[38.88302,14.18808]],[[38.83825,14.1576],[38.83364,14.15136],[38.82063,14.15379],[38.80568,14.1431],[38.78144,14.13558]],[[38.88317,14.18807],[38.8814,14.19083]],[[38.8814,14.19083],[38.88302,14.18808]],[[38.87836,14.17711],[38.8783,14.17694]],[[38.83867,14.15757],[38.83825,14.1576]],[[38.85737,14.1574],[38.85714,14.15725]],[[38.87881,14.17818],[38.88305,14.18792]],[[38.85714,14.15725],[38.84789,14.15201],[38.83867,14.15757]],[[38.8783,14.17694],[38.86834,14.15993],[38.85737,14.1574]],[[39.46742,14.27075],[39.46754,14.27061]],[[39.46146,14.27725],[39.46565,14.27577],[39.46742,14.27075]],[[39.43777,14.34087],[39.43742,14.34138]],[[39.44872,14.316],[39.44863,14.31621]],[[39.44863,14.31621],[39.43777,14.34087]],[[39.43742,14.34138],[39.42627,14.34966],[39.43137,14.35458],[39.40285,14.36844],[39.3987,14.38336],[39.40186,14.39033],[39.39579,14.39461]],[[39.56393,14.18597],[39.56397,14.17952]],[[39.5641,14.18608],[39.5641,14.18608]],[[39.56787,14.0855],[39.56778,14.086]],[[39.57119,14.06569],[39.57154,14.06636]],[[39.57705,14.05637],[39.57704,14.05607]],[[39.55612,14.19662],[39.54553,14.19393],[39.54817,14.1966],[39.546,14.19974],[39.54924,14.20176],[39.54683,14.20895],[39.5399,14.20922],[39.53821,14.20549],[39.52895,14.20798],[39.49096,14.23615],[39.48484,14.24302],[39.47637,14.26464]],[[39.57154,14.06636],[39.56787,14.0855]],[[39.56407,14.18618],[39.55985,14.19596],[39.55612,14.19662]],[[39.55612,14.19662],[39.55992,14.19574],[39.56386,14.18615]],[[39.57091,14.06339],[39.57705,14.05637]],[[39.56778,14.086],[39.56514,14.09648],[39.5761,14.10602],[39.57747,14.11154],[39.56706,14.13196]],[[39.60099,13.79842],[39.60474,13.81778],[39.60254,13.82966],[39.60721,13.83882],[39.60143,13.84547],[39.60741,13.85086],[39.60249,13.85874],[39.60395,13.8686],[39.59795,13.87865],[39.60195,13.89292],[39.59497,13.90367],[39.59507,13.93094],[39.5983,13.94515],[39.59778,13.96987],[39.59422,13.98269]],[[39.60359,13.79277],[39.60106,13.79825]],[[39.60373,13.79224],[39.60373,13.79224]],[[39.60106,13.79825],[39.60099,13.79842]],[[39.60382,13.79224],[39.60359,13.79277]],[[39.60359,13.79277],[39.60371,13.79222]],[[39.6037,13.79213],[39.60367,13.79168]],[[39.59138,13.74134],[39.595,13.75453]],[[39.59563,13.76069],[39.59565,13.76077]],[[39.5812,13.68916],[39.58141,13.68948]],[[39.59135,13.74125],[39.59138,13.74134]],[[39.59726,13.76765],[39.60367,13.79168]],[[39.58141,13.68948],[39.58813,13.69954],[39.58632,13.72633],[39.59135,13.74125]],[[39.56848,13.58382],[39.56839,13.58351]],[[39.55455,13.52772],[39.55343,13.52098],[39.5614,13.51234],[39.5589,13.51224]],[[39.56813,13.58215],[39.56806,13.58239]],[[39.56839,13.58351],[39.56793,13.58225]],[[39.57125,13.59515],[39.57122,13.59528]],[[39.57122,13.59528],[39.56909,13.60778],[39.57237,13.61028],[39.57015,13.61463],[39.57405,13.61671],[39.56712,13.63027],[39.56974,13.63806],[39.57887,13.64034],[39.56876,13.65552],[39.56935,13.66585],[39.5659,13.66958],[39.57298,13.67812],[39.58031,13.68103],[39.5812,13.68916]],[[39.50621,13.15826],[39.50093,13.14713]],[[39.51434,13.22858],[39.5156,13.21422]],[[39.49791,13.0645],[39.49804,13.06426]],[[39.49607,13.09381],[39.49617,13.0935]],[[39.49725,13.12963],[39.49728,13.12906]],[[39.50637,13.1586],[39.50621,13.15826]],[[39.5156,13.21422],[39.51561,13.21413]],[[39.50093,13.14713],[39.50088,13.14707]],[[39.51417,13.22939],[39.51432,13.22869]],[[39.55632,13.45568],[39.55105,13.44593],[39.55305,13.42129]],[[39.51432,13.22869],[39.51434,13.22858]],[[39.51416,13.22945],[39.51417,13.22939]],[[39.49728,13.12906],[39.49607,13.09381]],[[39.49804,13.06426],[39.49831,13.05643]],[[39.50088,13.14707],[39.49535,13.13865],[39.49725,13.12963]],[[39.51561,13.21413],[39.52044,13.20011],[39.51819,13.18221],[39.51222,13.1803],[39.51439,13.1737],[39.50916,13.17077],[39.50637,13.1586]],[[39.52016,12.93285],[39.52051,12.9328]],[[39.53,13.01721],[39.53046,13.00998],[39.54567,12.992]],[[39.52013,12.91902],[39.52022,12.91883]],[[39.54567,12.992],[39.54566,12.99176]],[[39.52051,12.9328],[39.52353,12.92969],[39.52013,12.91902]],[[39.54737,12.79073],[39.52996,12.77363],[39.52625,12.7513]],[[39.5503,12.79655],[39.54757,12.79094]],[[39.557,12.87308],[39.56414,12.87206],[39.56163,12.87035],[39.56743,12.86039],[39.56497,12.8508]],[[39.54565,12.88689],[39.54584,12.88668]],[[39.55687,12.87349],[39.557,12.87308]],[[39.55089,12.79702],[39.5503,12.79655]],[[39.5475,12.88462],[39.54768,12.88448]],[[39.54757,12.79094],[39.54737,12.79073]],[[39.54468,12.8874],[39.54482,12.88735]],[[39.54768,12.88448],[39.55687,12.87349]],[[39.56497,12.8508],[39.56496,12.85058]],[[39.56496,12.85058],[39.56809,12.84715],[39.56127,12.83761],[39.55632,12.84094],[39.5434,12.83218],[39.54825,12.82737],[39.54677,12.81305],[39.55089,12.79702]],[[39.54584,12.88668],[39.5475,12.88462]],[[39.52327,12.74753],[39.52307,12.74727]],[[39.53025,12.67032],[39.53001,12.66986]],[[39.51275,12.52251],[39.5154,12.51271]],[[39.51212,12.52391],[39.51219,12.52377]],[[39.51219,12.52377],[39.51267,12.52269]],[[39.51267,12.52269],[39.51275,12.52251]],[[39.5154,12.51271],[39.51546,12.51259]],[[39.52003,12.46924],[39.52,12.46901]],[[39.55992,12.41017],[39.573,12.37779]],[[39.55214,12.42847],[39.55226,12.42833]],[[39.5598,12.41044],[39.55992,12.41017]],[[39.55286,12.42748],[39.55909,12.41222]],[[39.573,12.37779],[39.5731,12.37753]],[[39.59669,12.32096],[39.59712,12.3204]],[[39.5731,12.37753],[39.57409,12.37507]],[[39.59712,12.3204],[39.59806,12.31019]],[[39.60877,12.23986],[39.61535,12.22448]],[[39.62173,12.18974],[39.63311,12.16444]],[[39.59803,12.29852],[39.60251,12.28079]],[[39.61535,12.22448],[39.61547,12.22416]],[[39.60872,12.23995],[39.60877,12.23986]],[[39.59804,12.2994],[39.59803,12.29852]],[[39.63311,12.16444],[39.63323,12.1641]],[[39.62163,12.18988],[39.62173,12.18974]],[[39.63323,12.1641],[39.62837,12.1513],[39.62782,12.13006]],[[39.61547,12.22416],[39.61822,12.20754]],[[39.61686,12.10886],[39.61756,12.10115]],[[39.62153,12.01693],[39.62228,12.01479]],[[39.62782,12.12987],[39.62738,12.12168],[39.62157,12.11743]],[[39.62782,12.13006],[39.62782,12.12987]],[[39.61692,12.10892],[39.61686,12.10886]],[[39.62163,12.01706],[39.62153,12.01693]],[[39.61756,12.10115],[39.61759,12.10102]],[[39.62157,12.11743],[39.62142,12.11697]],[[39.6314,12.04689],[39.63137,12.04632]],[[39.62235,12.06811],[39.62225,12.06713]],[[39.61759,12.10102],[39.62235,12.06811]],[[39.63137,12.04632],[39.62917,12.02566],[39.62163,12.01706]],[[39.62225,12.06713],[39.6314,12.04689]],[[39.67157,11.86205],[39.6664,11.85853]],[[39.68398,11.87629],[39.67524,11.8701],[39.67163,11.86216]],[[39.6664,11.85853],[39.66613,11.85858]],[[39.64448,11.85049],[39.64439,11.85052]],[[39.67163,11.86216],[39.67157,11.86205]],[[39.65424,11.84475],[39.65408,11.84482]],[[39.6601,11.84923],[39.65983,11.84903]],[[39.68422,11.87637],[39.68398,11.87629]],[[39.66613,11.85858],[39.6601,11.84923]],[[39.60585,11.83366],[39.60406,11.83313]],[[39.60413,11.83302],[39.60585,11.83366]],[[39.65408,11.84482],[39.6506,11.85076],[39.64777,11.85041]],[[39.65983,11.84903],[39.65424,11.84475]],[[39.64439,11.85052],[39.63321,11.84646]],[[39.59811,11.82909],[39.60392,11.83301]],[[39.59792,11.82897],[39.5977,11.8288]],[[39.59759,11.82872],[39.59092,11.82482]],[[39.60287,11.83209],[39.60404,11.83293]],[[39.60394,11.83297],[39.60287,11.83209]],[[39.58067,11.82547],[39.5866,11.82548]],[[39.5866,11.82555],[39.58067,11.82547]],[[39.59038,11.82497],[39.59017,11.82504]],[[39.58067,11.82547],[39.56856,11.82782],[39.56235,11.82209],[39.55537,11.82056],[39.55475,11.82582],[39.56059,11.8336]],[[39.59092,11.82482],[39.59759,11.82872]],[[39.61254,11.81621],[39.61256,11.81646]],[[39.61256,11.81646],[39.60287,11.83209]],[[39.49229,11.89315],[39.48245,11.89496]],[[39.53108,11.87646],[39.53093,11.87663]],[[39.43228,11.92481],[39.43221,11.92505]],[[39.48245,11.89496],[39.48203,11.89488]],[[39.44441,11.901],[39.44435,11.90111]],[[39.52449,11.88244],[39.52441,11.88251]],[[39.49247,11.89318],[39.49229,11.89315]],[[39.44079,11.90868],[39.44075,11.90903]],[[39.44749,11.89874],[39.44738,11.89895]],[[39.43221,11.92505],[39.43111,11.93262]],[[39.44075,11.90903],[39.44017,11.9121],[39.43639,11.91256],[39.43228,11.92481]],[[39.52441,11.88251],[39.51869,11.8864],[39.49775,11.89054]],[[39.48203,11.89488],[39.45814,11.89555]],[[39.44435,11.90111],[39.44079,11.90868]],[[39.53093,11.87663],[39.52449,11.88244]],[[39.44738,11.89895],[39.44441,11.901]],[[39.42622,11.94336],[39.42926,11.94319],[39.43207,11.95241],[39.42732,11.95759]],[[39.42637,11.97312],[39.42639,11.97317]],[[39.42732,11.95759],[39.42729,11.95763]],[[39.42337,11.96815],[39.42339,11.96822]],[[39.42618,11.9433],[39.42622,11.94336]],[[39.42521,11.97071],[39.42525,11.97078]],[[39.43111,11.93262],[39.4311,11.93293]],[[39.42525,11.97078],[39.42637,11.97312]],[[39.42639,11.97317],[39.42871,11.97886],[39.4218,11.97064],[39.41848,11.97061],[39.4214,11.96437],[39.41915,11.95868],[39.4149,11.95589],[39.41084,11.95779],[39.40813,11.95201],[39.40505,11.95356],[39.39707,11.94465],[39.38408,11.93993],[39.37427,11.93069],[39.35854,11.92255],[39.34621,11.90586],[39.33816,11.90235],[39.33813,11.89772],[39.30975,11.87726],[39.28895,11.87294],[39.26606,11.87701],[39.24311,11.86963],[39.22301,11.87017],[39.198,11.8606],[39.17913,11.84778],[39.14524,11.84037],[39.1089,11.81328]],[[39.42339,11.96822],[39.42521,11.97071]],[[39.4311,11.93293],[39.43128,11.93856],[39.42652,11.93422],[39.42618,11.9433]],[[39.42729,11.95763],[39.42605,11.96206],[39.42495,11.95605],[39.42337,11.96815]],[[39.1089,11.81328],[39.10861,11.81303]],[[38.47289,11.74683],[38.4727,11.73953],[38.46671,11.72771]],[[38.46671,11.72771],[38.47278,11.73949],[38.47289,11.74683]],[[38.40637,11.7577],[38.38251,11.74801],[38.3751,11.73128],[38.36112,11.72241],[38.34621,11.72933],[38.3238,11.75269],[38.29475,11.73963],[38.28006,11.74383],[38.27249,11.75134],[38.27803,11.7633],[38.27636,11.76884],[38.26955,11.77412],[38.27237,11.78724],[38.26561,11.78994],[38.24978,11.78201]],[[38.00853,11.8562],[38.00853,11.8562]],[[38.19405,11.80183],[38.20189,11.81032],[38.20802,11.80381],[38.21141,11.80714],[38.22612,11.80952],[38.23389,11.80426],[38.24237,11.78601]],[[37.9952,11.86346],[38.00832,11.85607]],[[38.00842,11.85624],[37.9952,11.86346]],[[38.01152,11.85405],[38.01713,11.8515],[38.02262,11.85532],[38.03174,11.85095]],[[38.03174,11.85095],[38.02261,11.85545],[38.01624,11.8517],[38.00855,11.85613]],[[37.70996,11.98253],[37.71019,11.98516]],[[37.71088,11.99322],[37.71093,11.99372]],[[37.71055,11.98933],[37.71088,11.99322]],[[37.7159,12.01057],[37.71598,12.01074]],[[37.71323,12.00437],[37.7159,12.01057]],[[37.70922,11.97391],[37.70995,11.98237]],[[37.70814,11.95544],[37.70808,11.9556]],[[37.71093,11.99372],[37.71131,11.99827]],[[37.70995,11.98237],[37.70996,11.98253]],[[37.70919,11.97366],[37.70922,11.97391]],[[37.71038,11.98731],[37.71054,11.98917]],[[37.71131,11.99827],[37.71132,11.99843]],[[37.71831,12.01606],[37.71837,12.01618]],[[37.71315,12.0042],[37.71323,12.00437]],[[37.71019,11.98516],[37.71021,11.98543]],[[37.71054,11.98917],[37.71055,11.98933]],[[37.71036,11.98708],[37.71038,11.98731]],[[37.71021,11.98543],[37.71036,11.98708]],[[37.71598,12.01074],[37.71831,12.01606]],[[37.70808,11.9556],[37.70919,11.97366]],[[37.71837,12.01618],[37.73488,12.05975],[37.77702,12.12496],[37.77192,12.12475],[37.76951,12.13593],[37.76351,12.13458],[37.76581,12.14028],[37.76235,12.14601],[37.75808,12.14227],[37.75693,12.14539],[37.75389,12.14216],[37.74597,12.14211],[37.74071,12.14878],[37.74501,12.14936],[37.74329,12.15198],[37.7463,12.15283],[37.74575,12.15575],[37.7403,12.16022],[37.73495,12.15861],[37.73264,12.16323],[37.72922,12.16274],[37.73007,12.16652],[37.71854,12.17102]],[[37.71132,11.99843],[37.71315,12.0042]],[[37.76726,11.94047],[37.78588,11.93626]],[[37.74311,11.94901],[37.76718,11.9405]],[[37.96161,11.90364],[37.96679,11.90413],[37.96907,11.89237],[37.97661,11.8955],[37.98018,11.89127],[37.98369,11.89254],[37.9793,11.88636],[37.98189,11.88704],[37.9952,11.86346]],[[37.915,11.91972],[37.93523,11.92006],[37.94656,11.92587],[37.9517,11.91794],[37.95089,11.91296],[37.95884,11.90873],[37.96145,11.90376]],[[37.74305,11.94902],[37.74311,11.94901]],[[37.91479,11.91958],[37.915,11.91972]],[[37.96145,11.90376],[37.96161,11.90364]],[[37.76718,11.9405],[37.76726,11.94047]],[[37.8739,11.92077],[37.87411,11.92076]],[[37.89557,11.91839],[37.89579,11.9184]],[[37.89579,11.9184],[37.91,11.91685],[37.91479,11.91958]],[[37.87411,11.92076],[37.88429,11.91319],[37.88984,11.91334],[37.89557,11.91839]],[[37.71854,12.17102],[37.71856,12.17127]],[[37.67384,12.18604],[37.66902,12.19904],[37.63762,12.20962],[37.63353,12.21646],[37.6359,12.22095],[37.62664,12.23253],[37.62838,12.23638]],[[37.57917,12.3418],[37.56846,12.35322]],[[37.56844,12.35351],[37.55595,12.37573]],[[37.57927,12.34161],[37.57917,12.3418]],[[37.55668,12.39052],[37.55692,12.39081]],[[37.56846,12.35322],[37.56844,12.35351]],[[37.55595,12.37573],[37.5559,12.37599]],[[37.55644,12.38692],[37.55643,12.3871]],[[37.55692,12.39081],[37.53974,12.39755],[37.53464,12.40803],[37.5209,12.41],[37.51607,12.42822],[37.50577,12.44139],[37.50558,12.44926]],[[37.5559,12.37599],[37.55256,12.38507],[37.55644,12.38692]],[[37.55643,12.3871],[37.55668,12.39052]],[[37.42508,12.55187],[37.42455,12.55109]],[[37.43428,12.58521],[37.43404,12.58495]],[[37.42536,12.55228],[37.42508,12.55187]],[[37.42455,12.55109],[37.42424,12.55009]],[[37.42424,12.55009],[37.42664,12.54519],[37.43564,12.54493],[37.4387,12.54176],[37.43679,12.51779],[37.4413,12.50218],[37.4398,12.4936],[37.4475,12.48727]],[[37.42536,12.55228],[37.42911,12.55433],[37.43414,12.56687],[37.43189,12.57284],[37.43404,12.58495]],[[37.44614,12.60258],[37.44612,12.60241]],[[37.44941,12.61201],[37.44929,12.61183]],[[37.44941,12.61201],[37.45099,12.61736],[37.45488,12.61884]],[[37.44929,12.61183],[37.44614,12.60258]],[[37.46351,12.61317],[37.46154,12.61978],[37.45586,12.61892]],[[37.44612,12.60241],[37.44409,12.59195],[37.43428,12.58521]],[[37.38241,11.58766],[37.38788,11.58764]],[[37.38242,11.58777],[37.35102,11.58476]],[[37.62554,11.83352],[37.63465,11.83845]],[[37.68061,11.89783],[37.68779,11.90592],[37.6913,11.91688]],[[37.70803,11.93587],[37.71252,11.94287],[37.71013,11.95033]],[[37.64704,11.85171],[37.64711,11.85177]],[[37.62538,11.83349],[37.62554,11.83352]],[[37.63746,11.84214],[37.63759,11.84232]],[[37.6913,11.91688],[37.69137,11.91708]],[[37.60732,11.8245],[37.6105,11.82861]],[[37.63495,11.83884],[37.63586,11.84003]],[[37.6107,11.82888],[37.61116,11.82948]],[[37.63922,11.84443],[37.63937,11.84463]],[[37.6105,11.82861],[37.6107,11.82888]],[[37.68052,11.89773],[37.68061,11.89783]],[[37.63808,11.84294],[37.63822,11.84313]],[[37.63586,11.84003],[37.63601,11.84023]],[[37.63465,11.83845],[37.63495,11.83884]],[[37.61116,11.82948],[37.61129,11.82967]],[[37.63639,11.84074],[37.63654,11.84094]],[[37.63822,11.84313],[37.63922,11.84443]],[[37.63601,11.84023],[37.63639,11.84074]],[[37.70795,11.93575],[37.70803,11.93587]],[[37.60691,11.82397],[37.607,11.82409]],[[37.63759,11.84232],[37.63808,11.84294]],[[37.63654,11.84094],[37.63746,11.84214]],[[37.60726,11.82442],[37.60732,11.8245]],[[37.607,11.82409],[37.60726,11.82442]],[[37.64711,11.85177],[37.66202,11.86505],[37.66699,11.8903],[37.68052,11.89773]],[[37.69137,11.91708],[37.69662,11.92684],[37.70296,11.92924],[37.70795,11.93575]],[[37.63937,11.84463],[37.64704,11.85171]],[[37.61129,11.82967],[37.62538,11.83349]],[[37.45989,11.67569],[37.45998,11.67599]],[[37.44555,11.59869],[37.44583,11.59907]],[[37.47094,11.69225],[37.47102,11.69235]],[[37.50447,11.72452],[37.50448,11.72509]],[[37.47102,11.69235],[37.47577,11.69701],[37.49276,11.70102],[37.5037,11.71638],[37.50447,11.72452]],[[37.44583,11.59907],[37.46312,11.63022],[37.45948,11.64537],[37.46566,11.65603],[37.45989,11.67569]],[[37.45998,11.67599],[37.47094,11.69225]],[[37.53092,11.74787],[37.55647,11.77537],[37.57097,11.80237],[37.58642,11.80925],[37.5901,11.81562],[37.60114,11.81774],[37.60691,11.82397]],[[37.04249,11.37361],[37.04256,11.37375]],[[37.04256,11.37375],[37.05922,11.37853],[37.07169,11.39012],[37.12797,11.41395],[37.15587,11.41392],[37.16555,11.42266],[37.18489,11.42907],[37.19512,11.42875],[37.23125,11.44793],[37.27417,11.45974],[37.28961,11.47577],[37.30053,11.49628],[37.30075,11.50513],[37.30889,11.52041],[37.31327,11.54064]],[[37.35102,11.58476],[37.3304,11.5689],[37.32861,11.56003],[37.31802,11.5499],[37.31327,11.54064]],[[36.93461,10.95517],[36.93363,10.96275],[36.92111,10.98648],[36.91884,11.01543],[36.91026,11.02514],[36.90736,11.03911],[36.89759,11.05241],[36.89746,11.06316],[36.88871,11.0692],[36.87893,11.11082],[36.8662,11.13001],[36.86363,11.14455],[36.86877,11.16155],[36.86474,11.18314],[36.86085,11.18916]],[[36.90916,11.29576],[36.90931,11.29588]],[[36.86085,11.18916],[36.86074,11.18932]],[[36.91941,11.31122],[36.91945,11.31128]],[[36.91945,11.31128],[36.9265,11.32269],[36.92946,11.33906],[36.96015,11.3598],[36.97253,11.36345],[37.00126,11.35776],[37.03699,11.36672]],[[36.90931,11.29588],[36.91941,11.31122]],[[36.86074,11.18932],[36.85747,11.19494],[36.86043,11.21993],[36.84866,11.2475],[36.84816,11.26113],[36.86616,11.2787],[36.87665,11.28077],[36.8867,11.27757],[36.90916,11.29576]],[[36.93469,10.95508],[36.93469,10.95508]],[[37.01968,10.85413],[36.97189,10.89525],[36.93464,10.95501]],[[37.02533,10.84656],[37.02512,10.84664]],[[37.01987,10.85402],[37.01968,10.85413]],[[37.02512,10.84664],[37.01987,10.85402]],[[37.06677,10.7128],[37.06252,10.7222],[37.06189,10.73641],[37.04754,10.75622],[37.0599,10.78653],[37.04971,10.80307],[37.05382,10.81896],[37.04827,10.83718],[37.02533,10.84656]],[[39.14877,9.19242],[39.14885,9.19259]],[[39.15414,9.19722],[39.15929,9.20673],[39.16626,9.21114]],[[37.27145,5.38655],[37.27034,5.38645]],[[37.15344,5.35392],[37.14675,5.35404],[37.14173,5.34484],[37.13394,5.35037],[37.12396,5.35039],[37.09584,5.34145],[37.05614,5.336],[37.04156,5.35288],[37.03235,5.35353]],[[36.17433,4.74819],[36.1852,4.74175],[36.19712,4.74176],[36.24052,4.75196],[36.24971,4.76168],[36.27377,4.75735],[36.3005,4.75796],[36.32063,4.75086],[36.33422,4.75241],[36.34565,4.74572],[36.35542,4.74605],[36.37668,4.75896],[36.39475,4.76283],[36.40262,4.77641],[36.41807,4.78658],[36.42955,4.81679],[36.43861,4.8261]],[[39.20605,8.54761],[39.20651,8.54769]],[[39.20651,8.54769],[39.21107,8.547],[39.22462,8.5334]],[[39.36983,8.60547],[39.42509,8.65595],[39.44576,8.66983],[39.45976,8.67645],[39.47119,8.67479],[39.47734,8.67711],[39.48484,8.66836]],[[38.80962,8.8583],[38.818,8.86056]],[[38.82138,8.86259],[38.8215,8.86465]],[[38.81792,8.86071],[38.81002,8.859]],[[34.63501,10.14785],[34.6454,10.16262],[34.64925,10.18108],[34.65511,10.18661],[34.65924,10.19834],[34.64841,10.21759],[34.62607,10.23701],[34.62494,10.24536],[34.62808,10.25474],[34.62441,10.26515],[34.6224,10.29193]],[[40.86558,9.0803],[40.86468,9.06852],[40.87674,9.05934],[40.88949,9.05579],[40.89305,9.0509],[40.89549,9.05443],[40.90404,9.05094],[40.9114,9.05881]],[[42.12186,9.31248],[42.11843,9.31249]],[[38.80146,9.02087],[38.80146,9.02125]],[[38.8014,9.02075],[38.80181,9.01858]],[[40.7196,11.35463],[40.72613,11.36022]],[[37.71013,11.95033],[37.70814,11.95544]],[[38.82642,9.68753],[38.82137,9.69991],[38.82314,9.71162],[38.81966,9.7157],[38.82319,9.72087],[38.81861,9.71972],[38.82062,9.72475],[38.81693,9.726],[38.81711,9.73004]],[[38.88018,9.46856],[38.88038,9.46906]],[[38.23846,9.00512],[38.23872,9.00485]],[[38.23872,9.00485],[38.24369,9.00134],[38.26838,9.00366],[38.30928,9.01388]],[[37.79959,8.98997],[37.79918,8.98998]],[[37.8047,8.99201],[37.80439,8.9919]],[[37.65152,8.97816],[37.64003,8.98159],[37.63879,8.98495],[37.62848,8.97709],[37.62804,8.98606],[37.62364,8.99364],[37.61716,8.99431],[37.60744,8.9873],[37.60166,8.97833],[37.59351,8.98169],[37.58573,8.97579],[37.58253,8.96903],[37.57599,8.96604],[37.55985,8.97731],[37.55636,8.9734],[37.55271,8.97529],[37.54975,8.97153],[37.53444,8.97008],[37.53128,8.96565],[37.52335,8.96582],[37.51123,8.97195],[37.49489,8.96571],[37.49079,8.97212],[37.48203,8.97088],[37.4791,8.98003],[37.46973,8.97772],[37.46479,8.9821],[37.46747,9.00124],[37.46375,9.00232],[37.46365,9.00706],[37.45073,9.00718],[37.44931,9.01377]],[[37.80439,8.9919],[37.79959,8.98997]],[[37.04815,9.12683],[37.04776,9.12715]],[[37.04776,9.12715],[37.04127,9.1233],[37.0351,9.12643],[37.02663,9.1204],[37.01409,9.11971],[37.00543,9.11021],[36.99647,9.10623],[36.9829,9.10775],[36.97551,9.10329]],[[36.9115,9.06289],[36.91081,9.0576],[36.89722,9.0543],[36.89483,9.04826],[36.88644,9.04301]],[[36.92813,9.08314],[36.92789,9.0829]],[[36.93208,9.08674],[36.93177,9.08664]],[[36.93177,9.08664],[36.92813,9.08314]],[[36.8364,9.04555],[36.82713,9.0424]],[[36.83686,9.0454],[36.8364,9.04555]],[[36.6405,9.02905],[36.62757,9.02867],[36.61355,9.03482]],[[36.69836,9.04697],[36.69793,9.04709]],[[36.04466,9.03743],[36.05146,9.03875],[36.05879,9.045],[36.06558,9.04341],[36.072,9.04945],[36.08065,9.04926]],[[36.04423,9.03755],[36.04466,9.03743]],[[36.03516,9.03762],[36.03535,9.03724]],[[36.03535,9.03724],[36.04423,9.03755]],[[35.86126,9.1423],[35.86735,9.13994],[35.87961,9.14171],[35.88575,9.13012],[35.88214,9.11844],[35.8847,9.10999],[35.89881,9.10379],[35.90132,9.09465],[35.89926,9.09105],[35.9046,9.08788],[35.90494,9.07942],[35.91818,9.05983],[35.92889,9.05307],[35.94008,9.04798],[35.94976,9.04796],[35.95851,9.03653],[35.96676,9.03573],[35.97082,9.02912],[35.97735,9.0313],[35.99425,9.02035],[36.0041,9.02449],[35.99969,9.02527],[35.99798,9.03],[36.01394,9.02779],[36.0261,9.03686],[36.03516,9.03762]],[[36.2892,8.40751],[36.2895,8.40767]],[[36.2895,8.40767],[36.29389,8.40899],[36.2957,8.42064],[36.30896,8.43209],[36.31464,8.43325],[36.31939,8.43009],[36.33821,8.4429],[36.34178,8.4507],[36.34721,8.45383]],[[36.04151,8.36107],[36.04436,8.36009],[36.04439,8.36387],[36.05282,8.3581],[36.0566,8.36394],[36.06159,8.35859],[36.06052,8.35552],[36.06807,8.35119],[36.06957,8.34509],[36.0746,8.34336],[36.08149,8.34669],[36.10635,8.34617],[36.12561,8.36555],[36.1355,8.36772],[36.14536,8.36532],[36.16438,8.37559],[36.17206,8.37573],[36.1769,8.38051],[36.1917,8.37575],[36.19671,8.37107],[36.20508,8.37549],[36.20875,8.37443],[36.21166,8.36871],[36.22066,8.36504],[36.22254,8.35723],[36.23384,8.35898],[36.23894,8.36729],[36.25908,8.37343]],[[36.04041,8.36145],[36.04151,8.36107]],[[34.80882,9.76444],[34.80975,9.76412]],[[34.80975,9.76412],[34.82191,9.75623],[34.82768,9.75883],[34.83262,9.75513],[34.83961,9.75667],[34.85169,9.76911],[34.86118,9.77409],[34.88658,9.77443],[34.89992,9.77933],[34.91734,9.77782],[34.92258,9.78283],[34.93504,9.78614],[34.9489,9.77995],[34.95543,9.78026],[34.96045,9.79121],[34.97415,9.80268],[34.99718,9.80301],[35.00552,9.79957],[35.01478,9.80181],[35.01944,9.80805],[35.0185,9.81788],[35.02196,9.82467],[35.04614,9.83762],[35.07427,9.83075],[35.08426,9.81848],[35.08887,9.81755],[35.08887,9.8086],[35.10252,9.80328],[35.10422,9.7886]],[[34.65393,9.95598],[34.6625,9.94816],[34.66437,9.9056],[34.682,9.88332],[34.68763,9.86561],[34.69179,9.83371],[34.69824,9.8201],[34.71044,9.80665],[34.71758,9.77633],[34.7233,9.76586],[34.73129,9.75292],[34.74167,9.74653]],[[34.6538,9.95613],[34.65393,9.95598]],[[37.19298,12.52965],[37.21969,12.52548],[37.24116,12.53035],[37.2717,12.52653],[37.28309,12.5322],[37.28925,12.53012],[37.30489,12.53398],[37.31844,12.52812],[37.32577,12.53019],[37.33783,12.52347],[37.34351,12.52975]],[[37.1925,12.52989],[37.19298,12.52965]],[[43.76887,7.67757],[43.77634,7.59875]],[[43.6471,7.92764],[43.64754,7.92733]],[[43.91952,7.40849],[43.93305,7.39903],[43.95809,7.37051],[43.96237,7.36176],[43.97534,7.35042]],[[43.77634,7.59875],[43.77682,7.59852]],[[43.64754,7.92733],[43.66181,7.90663]],[[43.76873,7.67816],[43.76887,7.67757]],[[37.53891,6.01244],[37.53891,6.01244]],[[37.55066,6.04591],[37.55341,6.04977]],[[37.55044,6.04316],[37.55659,6.0418]],[[37.54972,6.04457],[37.54964,6.04405]],[[42.32682,12.70294],[42.30229,12.70678],[42.28929,12.69594],[42.28432,12.67677],[42.27625,12.66126],[42.27746,12.64319]],[[38.7816,8.85668],[38.77337,8.86481]],[[38.73467,8.92081],[38.73773,8.91151],[38.74446,8.90484]],[[38.74462,8.90538],[38.74032,8.9084],[38.73538,8.9199]],[[38.74727,8.90383],[38.75116,8.89935],[38.75199,8.887],[38.76102,8.87806]],[[38.76131,8.87829],[38.75229,8.88732],[38.75142,8.90017],[38.74745,8.90436]],[[43.54891,8.42292],[43.5508,8.37071],[43.56254,8.29792]],[[43.55832,8.21112],[43.56804,8.16355],[43.56742,8.15248],[43.5838,8.10322],[43.60579,8.07822]],[[43.55832,8.21112],[43.55826,8.21197]],[[42.61884,9.25389],[42.6192,9.25392]],[[42.6192,9.25392],[42.62172,9.24923],[42.62612,9.25982],[42.62537,9.27974],[42.63356,9.28131],[42.64236,9.28904],[42.64726,9.31701],[42.64538,9.34303],[42.64895,9.35106],[42.65856,9.36293],[42.6692,9.36406],[42.67451,9.37215],[42.67774,9.37154]],[[42.60405,9.24373],[42.61884,9.25389]],[[42.6033,9.24332],[42.60405,9.24373]],[[44.96692,5.5449],[44.96823,5.54014],[44.96527,5.53562],[44.96985,5.5226],[44.99012,5.50457],[44.98684,5.49819],[44.99372,5.49472],[44.99567,5.48392],[45.00829,5.47889],[44.99866,5.47605],[45.00306,5.47093],[45.00184,5.46599],[44.99357,5.46625],[44.98841,5.45798],[44.99079,5.45524],[44.99586,5.4597],[44.99955,5.45555],[44.99813,5.45131],[45.00419,5.45025],[44.99839,5.44356],[44.99727,5.43652]],[[39.93009,10.6345],[39.92992,10.63451]],[[39.92992,10.63451],[39.92703,10.63213],[39.92342,10.63382],[39.91269,10.66177]],[[36.23198,4.42352],[36.22881,4.40638],[36.22126,4.39748]],[[38.19838,13.73731],[38.19766,13.7362]],[[36.23012,4.45673],[36.2309,4.45166]],[[42.82454,9.34974],[42.80592,9.35074]],[[42.82531,9.35041],[42.82443,9.34966]],[[42.82452,9.34964],[42.82756,9.34894]],[[42.82452,9.34964],[42.82531,9.35041]],[[37.98034,13.3809],[37.98085,13.38067]],[[37.87945,13.34163],[37.88718,13.33869]],[[37.87882,13.3409],[37.87945,13.34163]],[[40.07696,11.21845],[40.09583,11.22601],[40.11314,11.21963],[40.12572,11.22072]],[[40.06591,11.21442],[40.06603,11.21477]],[[36.78191,12.5874],[36.78151,12.58734]],[[36.40482,12.78066],[36.40682,12.78708],[36.40365,12.78881]],[[36.3927,12.79251],[36.39316,12.79236]],[[36.92627,12.54648],[36.92936,12.54094],[36.94381,12.54268],[36.95429,12.53377],[36.95478,12.5385],[36.96122,12.53667],[36.96141,12.52624],[36.96844,12.52443],[36.99103,12.50693],[37.0188,12.50871],[37.02633,12.51924],[37.03079,12.51811],[37.03626,12.50809],[37.05003,12.50984],[37.06079,12.52353],[37.05884,12.53864],[37.06102,12.54381]],[[37.89182,13.33789],[37.89194,13.33765]],[[38.21289,13.77244],[38.21937,13.7601],[38.2141,13.75544],[38.21587,13.75761],[38.21114,13.75855],[38.21248,13.75186],[38.2152,13.75121],[38.21048,13.74896],[38.20984,13.75138]],[[39.51913,9.66707],[39.51327,9.66132],[39.51124,9.64773]],[[39.83507,10.79524],[39.83334,10.80978],[39.82701,10.81438]],[[39.95459,10.52098],[39.94883,10.52134],[39.94567,10.52653],[39.94526,10.53339],[39.94954,10.53899],[39.94732,10.54492],[39.93077,10.55573],[39.93107,10.56378],[39.91316,10.58422],[39.92156,10.59155],[39.91933,10.61516],[39.93009,10.6345]],[[39.97738,10.09772],[39.97373,10.10209],[39.96665,10.14258],[39.97399,10.16803],[39.97949,10.17432],[39.97914,10.19315],[40.0039,10.24696],[40.00174,10.25129],[39.99038,10.25651],[39.98216,10.26909],[39.98307,10.27301]],[[39.81437,10.86342],[39.81433,10.8638]],[[39.83508,10.7951],[39.83507,10.79524]],[[39.99125,10.31765],[39.99135,10.31791]],[[39.81547,10.8556],[39.81437,10.86342]],[[39.51917,9.66701],[39.51958,9.66732]],[[39.81554,10.85512],[39.81547,10.8556]],[[39.95484,10.52079],[39.95459,10.52098]],[[39.51953,9.66737],[39.51913,9.66707]],[[39.51958,9.66732],[39.52929,9.67198],[39.53302,9.67811]],[[38.91082,9.08431],[38.91069,9.08422]],[[39.97612,10.33973],[39.97629,10.34002]],[[39.97738,10.09723],[39.97738,10.09772]],[[38.91069,9.08422],[38.9097,9.08342]],[[39.93991,10.48153],[39.94353,10.49389],[39.94179,10.49926],[39.94748,10.50802],[39.946,10.51307],[39.95484,10.52079]],[[39.81433,10.8638],[39.80694,10.89563],[39.79162,10.9031],[39.78717,10.92003]],[[39.99135,10.31791],[39.98056,10.33369],[39.97574,10.33488],[39.97612,10.33973]],[[38.43207,8.16583],[38.43184,8.16561]],[[38.31847,8.00089],[38.27943,7.96486],[38.27888,7.95776],[38.27424,7.95295],[38.25345,7.94208],[38.24239,7.93231],[38.23321,7.90549],[38.1954,7.86627],[38.18677,7.8528],[38.18609,7.83938],[38.17101,7.82609],[38.16812,7.81737],[38.13888,7.78123],[38.13926,7.77258],[38.1241,7.74357]],[[38.66363,7.68104],[38.66382,7.68082]],[[38.66382,7.68082],[38.67604,7.66325],[38.66789,7.53243],[38.67766,7.50498],[38.67457,7.44358],[38.67689,7.4265],[38.67362,7.41668],[38.67102,7.36125]],[[38.06699,7.27095],[38.06706,7.2711]],[[38.06706,7.2711],[38.06533,7.27825],[38.07266,7.28577]],[[37.56103,6.11257],[37.56134,6.1128]],[[37.56134,6.1128],[37.57639,6.11828]],[[36.73462,5.52209],[36.72679,5.5105],[36.74666,5.50419]],[[36.73497,5.52253],[36.73497,5.52253]],[[36.21953,12.89777],[36.16081,12.94702]],[[39.91739,8.90538],[39.91763,8.90348]],[[39.91133,8.9098],[39.9053,8.91386],[39.89574,8.90874],[39.8893,8.91618],[39.87637,8.91956],[39.86221,8.91632]],[[37.5744,10.39902],[37.57409,10.39909]],[[36.04979,4.81218],[36.04802,4.81283]],[[37.44144,5.41214],[37.44626,5.40446],[37.44557,5.38903]],[[37.41349,5.7135],[37.41484,5.71089],[37.40047,5.69079],[37.36946,5.67057],[37.36938,5.65965],[37.36675,5.6619],[37.36631,5.65804],[37.36937,5.64989]],[[38.77502,14.4729],[38.77468,14.47227]],[[38.77468,14.47227],[38.77452,14.47195]],[[38.74446,8.90484],[38.74727,8.90383]],[[38.74745,8.90436],[38.74462,8.90538]],[[36.8352,7.67588],[36.83732,7.67529]],[[36.2309,4.45166],[36.23012,4.45673]],[[42.27863,12.63737],[42.27843,12.62046],[42.26208,12.58671]],[[34.36071,10.57173],[34.36763,10.56902],[34.37802,10.57559],[34.39726,10.5742],[34.41747,10.56051],[34.43516,10.56046],[34.43887,10.55279],[34.46751,10.53965],[34.48153,10.54233],[34.49363,10.55128],[34.49895,10.55039],[34.51044,10.53482]],[[42.49657,9.22661],[42.49703,9.22667]],[[42.49703,9.22667],[42.53257,9.23123]],[[39.38834,14.51139],[39.38152,14.51621]],[[38.82014,8.87417],[38.82026,8.87449]],[[38.7812,8.8565],[38.78378,8.85477]],[[38.78399,8.8551],[38.7816,8.85668]],[[38.7958,8.85264],[38.78399,8.8551]],[[38.78378,8.85477],[38.79613,8.85226]],[[39.65807,11.59445],[39.66252,11.6002],[39.6686,11.59996],[39.67517,11.60422],[39.67057,11.6086],[39.66954,11.61479],[39.6764,11.62693],[39.67307,11.63404],[39.67615,11.64641]],[[37.66185,10.35429],[37.63627,10.3664],[37.61397,10.36293],[37.60498,10.37331]],[[37.66346,6.14394],[37.66158,6.13962],[37.64702,6.13509]],[[37.66356,6.14449],[37.66346,6.14394]],[[37.66461,6.15566],[37.66356,6.14449]],[[37.6645,6.15593],[37.66461,6.15566]],[[37.66383,6.15779],[37.6645,6.15593]],[[37.6637,6.15815],[37.66383,6.15779]],[[39.17777,9.23132],[39.18161,9.22953],[39.1881,9.23777],[39.19466,9.23958]],[[39.16626,9.21114],[39.16638,9.21119]],[[38.8783,9.05712],[38.8782,9.05663]],[[38.73407,8.92399],[38.73469,8.92398]],[[40.76478,9.22602],[40.76684,9.22487]],[[40.76449,9.22619],[40.76478,9.22602]],[[40.71599,9.21831],[40.71645,9.21847]],[[40.71645,9.21847],[40.72887,9.22235]],[[40.74815,9.23074],[40.7497,9.23238]],[[40.74797,9.23056],[40.74815,9.23074]],[[40.7498,9.23249],[40.75398,9.2332]],[[40.7497,9.23238],[40.7498,9.23249]],[[40.75412,9.23319],[40.7565,9.23307]],[[40.75398,9.2332],[40.75412,9.23319]],[[40.76709,9.22473],[40.77305,9.22077],[40.78209,9.19805],[40.80003,9.17048]],[[40.76684,9.22487],[40.76709,9.22473]],[[38.32684,6.48581],[38.32643,6.48531]],[[38.32643,6.48531],[38.32055,6.47607],[38.32292,6.47172],[38.31872,6.46749],[38.321,6.46077],[38.3101,6.44921],[38.31375,6.44187],[38.30888,6.43713],[38.29598,6.43424],[38.29587,6.43054]],[[38.07266,7.28577],[38.07278,7.28591]],[[38.07278,7.28591],[38.07495,7.29319],[38.09688,7.31042]],[[38.77225,8.86548],[38.77307,8.8646]],[[38.77307,8.8646],[38.7812,8.8565]],[[38.77337,8.86481],[38.77255,8.86567]],[[42.06771,12.15215],[42.07083,12.16592],[42.06112,12.17511],[42.06504,12.18392]],[[42.06764,12.15179],[42.06771,12.15215]],[[40.72906,9.2225],[40.73555,9.22763],[40.74797,9.23056]],[[40.72887,9.22235],[40.72906,9.2225]],[[38.7755,14.47384],[38.76951,14.49621]],[[38.77531,14.47346],[38.7755,14.47384]],[[38.76951,14.49621],[38.76956,14.49634]],[[38.76956,14.49634],[38.76875,14.51056],[38.77191,14.51212]],[[38.78911,14.43188],[38.78911,14.43148]],[[38.78664,14.44234],[38.78674,14.44192]],[[38.78748,14.44102],[38.7876,14.44091]],[[38.78674,14.44192],[38.78748,14.44102]],[[38.79094,14.40167],[38.78395,14.41245],[38.78519,14.42238]],[[38.7876,14.44091],[38.78911,14.43188]],[[38.81005,14.31268],[38.8101,14.31242]],[[38.80855,14.3261],[38.80832,14.32533]],[[38.80882,14.3211],[38.80903,14.31935]],[[38.80078,14.38402],[38.8009,14.38382]],[[38.80832,14.32533],[38.8083,14.32506]],[[38.80903,14.31935],[38.81005,14.31268]],[[38.8101,14.31242],[38.81008,14.31043]],[[38.8009,14.38382],[38.79962,14.37135]],[[37.4774,12.64273],[37.47334,12.64135],[37.47276,12.63288],[37.46892,12.63096],[37.47175,12.62604],[37.47052,12.61902]],[[37.47075,12.61817],[37.47068,12.61862]],[[36.79059,5.95601],[36.78431,5.9495]],[[37.56727,6.07159],[37.56848,6.07516],[37.56385,6.07896],[37.56515,6.10363],[37.56103,6.11257]],[[39.6327,11.11771],[39.63265,11.11745]],[[39.63278,11.1174],[39.6327,11.11771]],[[39.63459,11.1269],[39.63322,11.13231]],[[39.63293,11.11833],[39.63411,11.12185]],[[39.63411,11.12185],[39.63293,11.11833]],[[39.63411,11.12185],[39.63412,11.12192]],[[39.63417,11.12236],[39.63459,11.1269]],[[39.63459,11.1269],[39.63417,11.12236]],[[39.63322,11.13231],[39.63255,11.13497]],[[39.63245,11.13494],[39.63322,11.13231]],[[39.63255,11.13497],[39.63227,11.13644]],[[39.63227,11.13644],[39.63488,11.1452]],[[39.63489,11.14531],[39.63216,11.13644]],[[39.63746,11.1447],[39.63905,11.14431]],[[39.63907,11.14449],[39.63746,11.14478]],[[39.64954,11.14588],[39.65683,11.15828]],[[39.63925,11.14425],[39.64531,11.14606],[39.64829,11.14219],[39.64954,11.14588]],[[39.64954,11.14588],[39.64816,11.14229],[39.64539,11.14614],[39.63932,11.14444]],[[37.89876,13.16385],[37.90029,13.17015],[37.89592,13.17336],[37.89614,13.18377],[37.89124,13.1927],[37.8857,13.18876],[37.88652,13.19698],[37.88276,13.19003],[37.88721,13.2066],[37.88947,13.20682],[37.88654,13.20752],[37.88989,13.20754],[37.88603,13.20907],[37.88911,13.20989],[37.88348,13.21969],[37.88691,13.2315],[37.89184,13.23698],[37.88647,13.25082],[37.89024,13.2594],[37.88286,13.25667],[37.87983,13.2605],[37.88166,13.26644],[37.87735,13.28005],[37.87457,13.27708],[37.8603,13.28283],[37.85578,13.29301],[37.85641,13.30423]],[[37.89345,13.14073],[37.89831,13.15802]],[[37.89824,13.158],[37.89345,13.14073]],[[38.14048,4.88574],[38.14042,4.88511]],[[38.28094,4.12542],[38.28674,4.11925],[38.28847,4.10527],[38.3194,4.07581],[38.32202,4.06686],[38.31981,4.06173],[38.32956,4.04389],[38.36508,4.01962],[38.43567,3.93774],[38.48613,3.89496],[38.60292,3.89258],[38.72683,3.85685],[38.7773,3.79886],[38.78956,3.77098],[38.83672,3.72548],[38.83748,3.71875],[38.86065,3.70657],[38.8685,3.69596],[38.90608,3.6821],[38.98793,3.64132],[39.04408,3.57492],[39.04577,3.55511]],[[38.14047,4.88484],[38.14047,4.88484]],[[38.14038,4.88489],[38.14046,4.88463]],[[38.14053,4.88511],[38.14284,4.88962]],[[38.14046,4.88463],[38.14057,4.88488]],[[38.14064,4.88335],[38.14071,4.88316]],[[38.14046,4.88463],[38.14064,4.88335]],[[36.55641,9.08955],[36.54716,9.08806]],[[36.54717,9.08791],[36.55658,9.08945]],[[36.54702,9.08788],[36.54702,9.08788]],[[38.67101,7.3611],[38.67001,7.34198],[38.65869,7.32824],[38.64858,7.30506],[38.65718,7.26055],[38.65021,7.24342],[38.64108,7.23924],[38.61487,7.21004]],[[38.58647,7.18927],[38.58614,7.18951]],[[38.58634,7.18942],[38.5865,7.18955]],[[38.58615,7.18939],[38.58634,7.18942]],[[38.58525,7.1891],[38.58615,7.18939]],[[38.61314,7.20866],[38.61404,7.20956]],[[38.60874,7.20364],[38.60894,7.20379]],[[38.60919,7.20418],[38.60892,7.204]],[[38.60874,7.20364],[38.60162,7.19015],[38.58686,7.18872]],[[38.61314,7.20866],[38.60919,7.20418]],[[38.61408,7.20972],[38.61314,7.20866]],[[38.60904,7.2039],[38.60919,7.20418]],[[38.60901,7.20381],[38.60901,7.20381]],[[38.60883,7.20389],[38.60874,7.20364]],[[38.61408,7.20972],[38.61358,7.20971]],[[38.61358,7.20971],[38.61404,7.20956]],[[37.55276,6.02374],[37.55861,6.03002]],[[37.55265,6.02366],[37.55265,6.02366]],[[37.55848,6.02999],[37.55272,6.02389]],[[37.56727,6.07159],[37.56132,6.05913]],[[37.55341,6.04977],[37.56132,6.05913]],[[37.56132,6.05913],[37.56727,6.07159]],[[37.74983,6.4448],[37.74992,6.4444]],[[37.74858,6.4463],[37.74983,6.4448]],[[37.85235,7.55012],[37.85204,7.54421],[37.86156,7.53097]],[[37.86156,7.53097],[37.85207,7.5443],[37.85255,7.54998]],[[37.85729,6.95461],[37.85758,6.95478]],[[39.1429,8.58905],[39.13008,8.59186],[39.12463,8.58705]],[[39.12475,8.58697],[39.13005,8.59176],[39.14298,8.58894]],[[42.80568,10.39385],[42.81027,10.38097],[42.80883,10.37493],[42.81628,10.36645],[42.81666,10.35554],[42.83127,10.34161]],[[38.73455,8.92502],[38.73413,8.93118]],[[38.73436,8.9346],[38.73486,8.93933]],[[38.73473,8.93935],[38.73423,8.93461]],[[38.7339,8.93216],[38.73412,8.92542]],[[38.83497,8.9559],[38.83601,8.95949]],[[38.83708,8.96594],[38.83719,8.96651]],[[38.83678,8.96656],[38.83669,8.96604]],[[38.83669,8.96604],[38.8356,8.96021]],[[38.83439,8.95562],[38.8214,8.93952]],[[38.83464,8.95629],[38.83439,8.95562]],[[38.8347,8.95524],[38.83497,8.9559]],[[38.81851,8.87807],[38.81338,8.88944],[38.81503,8.89908]],[[38.83606,8.96014],[38.83708,8.96594]],[[38.83549,8.95953],[38.83464,8.95629]],[[38.83719,8.96651],[38.83736,8.973],[38.82922,8.98099],[38.83009,8.99106]],[[39.91763,8.90348],[40.02251,8.90978],[40.03073,8.9176],[40.08739,8.94083],[40.15672,8.97992],[40.17771,9.00612],[40.17818,9.0212],[40.18237,9.02619]],[[40.18237,9.02619],[40.1835,9.02736]],[[40.1835,9.02736],[40.18549,9.02952]],[[37.47837,12.64305],[37.4774,12.64273]],[[38.67716,9.00677],[38.67749,9.01455]],[[39.63903,11.14435],[39.63903,11.14435]],[[38.81711,9.73004],[38.80974,9.72747]],[[38.88038,9.46906],[38.87508,9.49181],[38.8726,9.54925],[38.86759,9.56379]],[[38.73912,9.77128],[38.71363,9.78443],[38.6865,9.78984],[38.68218,9.7956],[38.67428,9.79828],[38.67281,9.8039],[38.64568,9.81184],[38.60604,9.80914],[38.58579,9.82395],[38.56909,9.8176]],[[37.62838,12.23638],[37.62823,12.23671]],[[37.62764,12.25035],[37.62976,12.25495],[37.61964,12.26372],[37.61711,12.27363],[37.60479,12.29371],[37.60563,12.29932],[37.60266,12.30179],[37.60506,12.30263],[37.6028,12.30507],[37.60466,12.31245],[37.60151,12.31514],[37.60234,12.31915],[37.59795,12.32003],[37.60159,12.323],[37.58738,12.32944],[37.57927,12.34161]],[[37.87189,7.51742],[37.83964,7.46083],[37.83543,7.448],[37.79469,7.40353],[37.79275,7.39163],[37.78892,7.38753],[37.79169,7.37627],[37.78757,7.37191],[37.78824,7.3662],[37.78304,7.36271],[37.78562,7.3451],[37.7817,7.34062],[37.77805,7.32134],[37.78852,7.31542],[37.78665,7.3013],[37.77656,7.30258],[37.76563,7.29023],[37.75853,7.29345],[37.74834,7.28321],[37.74331,7.26267],[37.73635,7.26105],[37.73361,7.25681],[37.72963,7.25796],[37.73073,7.24857],[37.7267,7.24246],[37.7303,7.24135],[37.72772,7.236],[37.73019,7.22973],[37.72616,7.209],[37.71825,7.20646],[37.71474,7.20125],[37.71398,7.18575],[37.69983,7.16013],[37.70557,7.13453]],[[37.8524,7.55001],[37.8524,7.55001]],[[37.85263,7.55004],[37.86955,7.55798]],[[37.86955,7.55798],[37.85263,7.55021]],[[37.87388,7.55798],[37.87351,7.55795]],[[37.87351,7.55795],[37.86955,7.55798]],[[37.76191,6.86526],[37.76208,6.86499]],[[38.56763,9.05483],[38.59329,9.07149],[38.60362,9.06716],[38.60669,9.0602]],[[38.50991,9.07317],[38.51021,9.07316]],[[38.72084,9.01238],[38.72082,9.01402]],[[38.67718,9.00186],[38.6771,9.00623]],[[38.67729,9.02048],[38.6773,9.01501]],[[39.55736,13.49823],[39.55729,13.49788]],[[39.54546,13.47699],[39.55729,13.49788]],[[39.52984,13.37094],[39.52998,13.37071]],[[39.55305,13.42129],[39.55272,13.41753],[39.54148,13.41308],[39.53248,13.40196],[39.52984,13.37094]],[[38.7294,9.06406],[38.73057,9.0632]],[[38.64786,7.72127],[38.66363,7.68104]],[[38.64759,7.72148],[38.64786,7.72127]],[[38.78455,14.44939],[38.78618,14.44609]],[[38.78611,14.4523],[38.78578,14.45178]],[[39.01834,9.14963],[38.98975,9.11717]],[[39.03301,9.15936],[39.03281,9.15933]],[[39.71139,9.8154],[39.70802,9.82379],[39.73333,9.81946],[39.7344,9.83107]],[[39.63481,9.7005],[39.63461,9.70065]],[[38.79112,14.40138],[38.79337,14.3974]],[[38.79101,14.40157],[38.79112,14.40138]],[[38.79342,14.39731],[38.80078,14.38402]],[[38.79337,14.3974],[38.79342,14.39731]],[[38.80815,14.35566],[38.80823,14.3555]],[[38.7998,14.371],[38.80815,14.35566]],[[37.95552,7.14411],[37.95292,7.12835]],[[37.89113,13.12991],[37.89345,13.14073]],[[37.8908,13.12941],[37.89113,13.12991]],[[37.44125,5.41297],[37.44144,5.41214]],[[37.44292,5.43872],[37.44125,5.41297]],[[37.44303,5.43931],[37.44292,5.43872]],[[37.43445,5.46006],[37.44303,5.43931]],[[37.43428,5.46042],[37.43445,5.46006]],[[37.41589,5.54929],[37.42854,5.52982],[37.43493,5.4913]],[[38.3517,9.0229],[38.35208,9.02298]],[[38.30928,9.01388],[38.32337,9.02181],[38.33966,9.01658],[38.3517,9.0229]],[[37.89627,4.96246],[37.90377,4.9609]],[[37.89596,4.96255],[37.89627,4.96246]],[[37.41332,5.55472],[37.41295,5.55406]],[[38.28908,5.28556],[38.29537,5.24971],[38.2943,5.2185],[38.31761,5.16282],[38.31491,5.14484],[38.30216,5.13999],[38.292,5.12522],[38.27713,5.11569],[38.24878,5.06884],[38.2292,5.05351],[38.21495,5.02693],[38.21413,5.0082],[38.20366,4.96749],[38.14284,4.88962]],[[38.28919,5.28591],[38.28908,5.28556]],[[38.37651,6.75282],[38.37715,6.74653],[38.35379,6.69078],[38.35256,6.65032],[38.35551,6.64179],[38.35097,6.6411],[38.35463,6.63775],[38.35215,6.62734],[38.3555,6.61638],[38.32657,6.57408]],[[38.37622,6.75352],[38.37613,6.75388]],[[39.02097,8.40717],[39.00184,8.37331],[38.99432,8.34764],[38.9616,8.3092],[38.92021,8.27215]],[[39.0212,8.40795],[39.02097,8.40717]],[[41.3041,11.95799],[41.30399,11.95799]],[[41.30452,11.95799],[41.3041,11.95799]],[[37.27008,7.00815],[37.26491,7.00365],[37.25018,7.00574],[37.24872,7.00174],[37.24465,7.00747],[37.23856,7.0085],[37.23384,7.02048],[37.22274,7.03168],[37.21293,7.02762],[37.20426,7.03759],[37.19813,7.04011],[37.19284,7.05732],[37.18437,7.06179],[37.18763,7.06922],[37.18488,7.07079],[37.18736,7.07187],[37.18416,7.0791],[37.19564,7.08721],[37.19307,7.09614],[37.19514,7.10322],[37.18404,7.12394],[37.18354,7.13129],[37.18741,7.13652],[37.18446,7.14011],[37.17676,7.1411]],[[37.45441,6.83127],[37.45646,6.84637],[37.46523,6.85425],[37.46941,6.86354],[37.48628,6.87282],[37.49809,6.88468],[37.50102,6.89026],[37.50198,6.90981],[37.50465,6.91145]],[[39.66346,11.65488],[39.66321,11.65508]],[[39.66321,11.65508],[39.65934,11.65763],[39.65524,11.67597]],[[36.9344,7.17347],[36.92922,7.17009],[36.93065,7.17351],[36.92537,7.17056],[36.91838,7.17194],[36.9187,7.17768],[36.9155,7.17407],[36.91641,7.17686],[36.90849,7.17999],[36.90866,7.18508],[36.89242,7.19058],[36.88341,7.1845],[36.87673,7.18588],[36.87026,7.17869],[36.8645,7.17841],[36.86071,7.1836],[36.84992,7.18185],[36.84372,7.17741],[36.81731,7.17292],[36.81081,7.16657],[36.80737,7.16992],[36.79302,7.16623],[36.79117,7.17087]],[[37.50368,12.45009],[37.48356,12.47417],[37.47511,12.47994]],[[37.50558,12.44926],[37.50453,12.44988]],[[45.03085,5.29997],[45.03037,5.30039]],[[44.99163,5.36348],[44.99157,5.36313]],[[44.99157,5.36313],[44.99254,5.35639]],[[38.41661,6.88403],[38.45319,6.92033],[38.47093,6.93021],[38.47782,6.95791],[38.48637,6.96404],[38.50337,7.01491]],[[38.48197,7.09157],[38.48234,7.09144]],[[41.92979,12.06125],[41.94784,12.07767],[41.9529,12.07466],[41.96198,12.07551],[41.97991,12.09384],[41.98755,12.09698]],[[38.50147,14.1154],[38.4672,14.11319],[38.46475,14.10685]],[[38.5016,14.11538],[38.50147,14.1154]],[[38.12199,13.51342],[38.12213,13.51288]],[[38.18591,13.73139],[38.17912,13.72729],[38.18628,13.72879],[38.18742,13.7254],[38.1851,13.72768],[38.17834,13.71952],[38.17317,13.7185],[38.17728,13.71641],[38.17393,13.71329],[38.17517,13.70177]],[[38.20181,13.73792],[38.19838,13.73731]],[[38.20198,13.7378],[38.20181,13.73792]],[[38.14618,13.61646],[38.14359,13.61173],[38.14568,13.60171]],[[38.14615,13.61675],[38.14618,13.61646]],[[38.12996,13.55476],[38.12435,13.54327],[38.1196,13.54457],[38.12248,13.53544],[38.11696,13.52621]],[[38.14568,13.60171],[38.14567,13.60115]],[[38.1921,13.73494],[38.19191,13.7348]],[[38.19766,13.7362],[38.1921,13.73494]],[[38.20966,13.75124],[38.20662,13.74993],[38.20681,13.7426]],[[38.20984,13.75138],[38.20966,13.75124]],[[38.07249,13.45715],[38.07224,13.45705]],[[38.07338,13.45833],[38.07249,13.45715]],[[38.07312,13.45869],[38.07338,13.45833]],[[38.12213,13.51288],[38.1253,13.49819],[38.12108,13.49522],[38.12568,13.49324],[38.10929,13.4904],[38.10657,13.49317],[38.10311,13.48658],[38.09853,13.49161],[38.08968,13.48955],[38.08581,13.48216],[38.08058,13.48188],[38.08377,13.47856],[38.07969,13.47695],[38.07607,13.46324],[38.06956,13.46021],[38.07312,13.45869]],[[36.79897,7.25303],[36.7989,7.25356]],[[36.79117,7.17087],[36.7958,7.18268],[36.79243,7.18574],[36.7933,7.19554],[36.78812,7.21023],[36.80309,7.22893],[36.80348,7.2397],[36.80829,7.24573],[36.80442,7.25249],[36.79897,7.25303]],[[36.89127,6.30089],[36.90423,6.29532],[36.91312,6.29566]],[[36.93738,6.28945],[36.95415,6.27712],[36.96,6.27634],[36.96306,6.27929],[36.96345,6.27552],[36.97236,6.2783],[36.97381,6.26788],[36.98548,6.27182],[36.97298,6.26611],[36.97415,6.26112],[36.96627,6.25155],[36.96771,6.23486]],[[36.88119,6.301],[36.88245,6.29542],[36.89127,6.30089]],[[38.67747,9.00153],[38.67744,9.00159]],[[38.67732,9.0065],[38.67674,9.0066]],[[38.67793,9.00039],[38.68877,8.99181]],[[38.68924,8.99147],[38.69616,8.98383]],[[38.68888,8.99149],[38.68924,8.99147]],[[38.69625,8.9839],[38.68936,8.99164]],[[35.78124,8.33163],[35.78439,8.33072],[35.78783,8.33669],[35.79217,8.33352],[35.79307,8.33944],[35.80345,8.34344],[35.83632,8.3454],[35.85525,8.35408],[35.86353,8.35082],[35.87697,8.36665],[35.88195,8.36658],[35.88607,8.36182],[35.8856,8.37055],[35.89302,8.37165],[35.89749,8.36938],[35.89702,8.36566],[35.90943,8.36469],[35.92834,8.37369],[35.93937,8.37281],[35.95962,8.38252],[35.96902,8.38162],[35.98252,8.38804],[35.99538,8.38592],[36.00875,8.37592],[36.01982,8.37899],[36.02651,8.37667],[36.03459,8.36352],[36.04041,8.36145]],[[38.46582,8.21465],[38.46107,8.20829],[38.45794,8.19469],[38.43207,8.16583]],[[38.46617,8.21504],[38.46582,8.21465]],[[36.89299,6.06509],[36.95004,6.11811],[36.95888,6.14532],[36.95885,6.15459],[36.94924,6.17426],[36.94928,6.18346],[36.95331,6.18695]],[[36.89242,6.06474],[36.89299,6.06509]],[[37.1494,9.08736],[37.14054,9.08974]],[[37.1523,9.08215],[37.1494,9.08736]],[[38.82111,8.86215],[38.82138,8.86259]],[[38.818,8.86056],[38.82111,8.86215]],[[38.79779,8.85264],[38.80056,8.8538]],[[38.69601,8.98252],[38.6971,8.9827]],[[38.697,8.98283],[38.6966,8.9827]],[[38.6724,9.02807],[38.67428,9.02199]],[[38.67443,9.02212],[38.67265,9.028]],[[38.67801,9.02126],[38.67689,9.02122]],[[37.13511,12.55317],[37.14952,12.54175],[37.15182,12.52901],[37.1574,12.52372],[37.16589,12.53446],[37.18629,12.54194],[37.19163,12.53859],[37.1925,12.52989]],[[37.12946,12.5559],[37.13006,12.5559]],[[36.2685,12.86652],[36.26878,12.8661]],[[36.46279,12.73013],[36.46289,12.72989]],[[36.6758,12.62107],[36.70235,12.62084],[36.72449,12.61487],[36.73113,12.60747],[36.73641,12.58903],[36.74819,12.57976]],[[39.35748,9.42811],[39.35751,9.42824]],[[39.35751,9.42824],[39.35991,9.43474],[39.39239,9.46293],[39.39373,9.4725],[39.40351,9.47496]],[[37.5368,6.91984],[37.52675,6.91821]],[[37.52679,6.91811],[37.53686,6.91971]],[[37.54768,6.91663],[37.55718,6.91],[37.56198,6.91606],[37.56771,6.91586],[37.57948,6.90938],[37.58344,6.90355],[37.59822,6.9053],[37.60652,6.89961],[37.613,6.90814],[37.61829,6.90869],[37.62205,6.90192],[37.61842,6.89406],[37.62274,6.88992],[37.62206,6.89334],[37.6283,6.89572],[37.63097,6.91367],[37.64419,6.92114]],[[39.05272,3.52643],[39.0531,3.52414]],[[39.05272,3.52643],[39.0531,3.52414]],[[36.83732,7.67529],[36.83961,7.66847]],[[39.53294,9.6782],[39.53294,9.6782]],[[39.89846,9.99791],[39.89821,9.99842]],[[39.74737,11.04843],[39.74347,11.05974]],[[39.74333,11.05969],[39.74737,11.04843]],[[39.69714,11.08559],[39.68926,11.08861],[39.68735,11.09515],[39.67293,11.09904],[39.66797,11.10341],[39.66309,11.10004],[39.66261,11.09505],[39.65867,11.09929],[39.6541,11.0975],[39.65478,11.10215],[39.65221,11.10094]],[[39.69733,11.08573],[39.69714,11.08559]],[[39.62394,11.54416],[39.6241,11.54425]],[[39.6241,11.54425],[39.63221,11.54596],[39.64274,11.5545],[39.65359,11.55651],[39.66248,11.56549]],[[39.65522,11.67645],[39.65192,11.68934]],[[39.65524,11.67597],[39.65522,11.67645]],[[39.65192,11.68934],[39.65215,11.68971]],[[39.65215,11.68971],[39.65286,11.69238]],[[39.65286,11.69238],[39.65337,11.69281]],[[42.24771,9.2426],[42.24816,9.24244]],[[42.24816,9.24244],[42.25435,9.24043]],[[42.26478,9.23399],[42.27944,9.22088],[42.28931,9.21638],[42.29165,9.22095],[42.3008,9.22017],[42.30368,9.22433],[42.31175,9.21855],[42.31845,9.22309],[42.33365,9.22591],[42.35372,9.21104],[42.36302,9.21276],[42.39311,9.18118],[42.40149,9.18224],[42.40416,9.18926]],[[42.40425,9.18955],[42.41003,9.19299],[42.43473,9.18593],[42.45004,9.20309],[42.45882,9.20505],[42.46096,9.21256]],[[42.40416,9.18926],[42.40425,9.18955]],[[42.46096,9.21256],[42.46112,9.21285]],[[42.46112,9.21285],[42.46838,9.22325],[42.49657,9.22661]],[[42.53257,9.23123],[42.53277,9.2311]],[[42.53277,9.2311],[42.58199,9.23172],[42.6033,9.24332]],[[40.76352,11.42893],[40.75909,11.41484]],[[40.77395,11.45554],[40.77387,11.45544]],[[40.77493,11.45694],[40.77395,11.45554]],[[40.775,11.45705],[40.77493,11.45694]],[[40.75894,11.41167],[40.74353,11.38209]],[[40.74287,11.38094],[40.74297,11.38108]],[[40.75901,11.41175],[40.75894,11.41167]],[[40.75934,11.41381],[40.75901,11.41175]],[[40.68883,11.35038],[40.70376,11.35492],[40.71186,11.35188],[40.71765,11.35367]],[[39.88008,11.13181],[39.88499,11.13151],[39.8974,11.14675]],[[39.86528,11.13295],[39.86561,11.13328]],[[40.73296,11.36939],[40.73307,11.36951]],[[40.73307,11.36951],[40.73923,11.37672]],[[40.45702,11.27959],[40.45714,11.27982]],[[40.45714,11.27982],[40.50765,11.29649]],[[40.391,11.26717],[40.41717,11.28235],[40.44229,11.27818],[40.45702,11.27959]],[[40.39031,11.26676],[40.391,11.26717]],[[40.37465,11.25801],[40.37526,11.25827]],[[40.37526,11.25827],[40.39031,11.26676]],[[37.46737,5.84925],[37.45553,5.83131],[37.45847,5.80699],[37.44825,5.79285]],[[37.50264,5.90149],[37.50234,5.9011]],[[42.19382,9.2619],[42.19414,9.26205]],[[42.19414,9.26205],[42.20238,9.25855],[42.22086,9.24138],[42.22962,9.24815],[42.24771,9.2426]],[[42.80592,9.35065],[42.82452,9.34964]],[[42.80545,9.35066],[42.80592,9.35065]],[[42.80545,9.35075],[42.8006,9.35094]],[[42.80592,9.35074],[42.80545,9.35075]],[[44.28463,6.72508],[44.28912,6.70274],[44.31439,6.67532]],[[44.28463,6.72531],[44.28271,6.73473],[44.27617,6.74379]],[[44.2761,6.74374],[44.28253,6.7349],[44.28455,6.7253]],[[36.37691,9.06388],[36.40116,9.04605],[36.40441,9.03516],[36.41345,9.03155],[36.42751,9.02843],[36.43576,9.03422],[36.4487,9.03077],[36.45539,9.02507],[36.46766,9.02694],[36.47377,9.02303],[36.48898,9.02657],[36.48837,9.03234]],[[36.35357,9.07109],[36.36595,9.07357],[36.37369,9.06977],[36.37691,9.06388]],[[36.30469,9.06339],[36.30978,9.06642],[36.32603,9.06413],[36.3346,9.0686],[36.35357,9.07109]],[[36.30443,9.06321],[36.30469,9.06339]],[[36.23589,9.03539],[36.24187,9.03406],[36.25913,9.04593],[36.26928,9.04668],[36.28029,9.05224],[36.29263,9.05054],[36.30443,9.06321]],[[36.23545,9.03556],[36.23589,9.03539]],[[36.11545,9.06625],[36.11588,9.06634]],[[36.11588,9.06634],[36.13054,9.05707],[36.13748,9.05669],[36.14527,9.04597],[36.14608,9.03349],[36.15439,9.03043]],[[36.08102,9.04923],[36.08524,9.04935],[36.09718,9.05941],[36.10067,9.06606],[36.11545,9.06625]],[[36.08065,9.04926],[36.08102,9.04923]],[[35.73214,9.20173],[35.73214,9.20173]],[[35.66101,9.27115],[35.66073,9.27115]],[[35.66073,9.27115],[35.65591,9.27166],[35.65556,9.28813],[35.65168,9.29344],[35.63911,9.29091],[35.62587,9.29264],[35.62125,9.30831],[35.62339,9.31434],[35.6282,9.316],[35.62543,9.31787]],[[35.49416,9.51245],[35.49482,9.51122]],[[35.49394,9.51332],[35.49416,9.51245]],[[35.49193,9.5152],[35.49394,9.51332]],[[35.49148,9.51538],[35.49193,9.5152]],[[35.45674,9.53428],[35.45683,9.53417]],[[35.45683,9.53417],[35.4763,9.53613],[35.48116,9.54294],[35.48578,9.54152],[35.48479,9.52077],[35.49148,9.51538]],[[35.39669,9.57447],[35.39702,9.57451]],[[35.4036,9.57114],[35.41349,9.56435],[35.43308,9.55923],[35.44334,9.54874],[35.44539,9.54225],[35.45674,9.53428]],[[35.39205,9.57475],[35.39669,9.57447]],[[35.39177,9.57536],[35.39205,9.57475]],[[35.32052,9.64295],[35.3203,9.64263]],[[35.3203,9.64263],[35.31818,9.62214],[35.3223,9.61682],[35.33424,9.61837],[35.3475,9.61495],[35.36044,9.60206],[35.37126,9.6004],[35.3854,9.59004],[35.38493,9.5822],[35.39177,9.57536]],[[35.31236,9.66171],[35.32181,9.65114],[35.32052,9.64295]],[[35.2107,9.70051],[35.21121,9.70066]],[[35.21121,9.70066],[35.21916,9.70741],[35.22503,9.69374],[35.23725,9.68556],[35.23803,9.6805],[35.24585,9.67722],[35.25454,9.67939],[35.26098,9.69084],[35.273,9.69203],[35.28458,9.67964],[35.29093,9.68176],[35.30596,9.67409],[35.31236,9.66171]],[[35.62543,9.31787],[35.62527,9.31789]],[[35.62527,9.31789],[35.61199,9.33082],[35.61288,9.33596],[35.60892,9.34085],[35.61296,9.34444],[35.6128,9.34999],[35.59727,9.3604],[35.59474,9.36623],[35.59734,9.3766],[35.59473,9.40909],[35.59801,9.41821]],[[38.01398,8.972],[38.01794,8.97761],[38.12511,9.02332],[38.12813,9.02807],[38.14752,9.03036]],[[38.01351,8.97172],[38.01398,8.972]],[[37.99728,8.97462],[38.0042,8.97597],[38.01351,8.97172]],[[37.99703,8.97456],[37.99728,8.97462]],[[37.98802,8.97255],[37.98829,8.97263]],[[37.98829,8.97263],[37.99703,8.97456]],[[37.96172,8.98115],[37.96186,8.98108]],[[37.96186,8.98108],[37.98802,8.97255]],[[37.92316,8.96873],[37.92497,8.97503],[37.93791,8.96968],[37.95063,8.97237],[37.96172,8.98115]],[[37.9231,8.96847],[37.92316,8.96873]],[[38.92691,9.08756],[38.91843,9.08979],[38.91082,9.08431]],[[38.98975,9.11717],[38.98965,9.11705]],[[39.05022,9.1596],[39.03301,9.15936]],[[39.05036,9.15963],[39.05022,9.1596]],[[39.07196,9.16614],[39.07166,9.16604]],[[39.06417,9.16197],[39.05036,9.15963]],[[39.21463,9.25496],[39.21466,9.25507]],[[39.29347,9.32969],[39.3069,9.34755],[39.3151,9.35328],[39.32768,9.37313],[39.33581,9.37624],[39.33561,9.39153],[39.3479,9.39993],[39.35297,9.42133],[39.35748,9.42811]],[[38.08253,10.24694],[38.08203,10.24683]],[[38.08203,10.24683],[38.03239,10.22978]],[[37.82795,10.27384],[37.81236,10.28117],[37.80662,10.27764],[37.8061,10.28299],[37.79841,10.29075]],[[38.03239,10.22978],[38.03199,10.22966]],[[37.60498,10.37331],[37.60452,10.37352]],[[37.60452,10.37352],[37.58126,10.38592],[37.5744,10.39902]],[[37.26562,10.67996],[37.26059,10.67998]],[[37.14027,9.08978],[37.12266,9.08795],[37.11751,9.09355],[37.10201,9.09767],[37.09693,9.10544]],[[37.14054,9.08974],[37.14027,9.08978]],[[38.2961,6.42966],[38.29621,6.42928]],[[38.31236,6.40614],[38.30821,6.38244]],[[38.29925,6.36497],[38.2989,6.36462]],[[38.2989,6.36462],[38.2801,6.34895]],[[38.27997,6.34874],[38.27203,6.33995],[38.26745,6.34391],[38.26466,6.34216],[38.26667,6.33157],[38.25582,6.31587],[38.23388,6.30903],[38.22657,6.30337],[38.22459,6.31008],[38.2193,6.30586],[38.21735,6.28682],[38.20776,6.26394],[38.21167,6.2383],[38.2113,6.2111],[38.2076,6.19833]],[[38.2801,6.34895],[38.27997,6.34874]],[[38.20757,6.19796],[38.20033,6.1714]],[[38.2076,6.19833],[38.20757,6.19796]],[[38.19997,6.16537],[38.19998,6.16576]],[[38.20004,6.15921],[38.19997,6.16537]],[[38.20292,6.14173],[38.20014,6.13799],[38.20425,6.12213],[38.20204,6.1045]],[[38.20334,6.15157],[38.20328,6.15183]],[[38.20328,6.15183],[38.2001,6.15907]],[[38.2001,6.15907],[38.20004,6.15921]],[[38.26394,6.02627],[38.25638,6.0024],[38.25805,5.98397],[38.26223,5.97834],[38.26097,5.96486],[38.24906,5.93859],[38.24825,5.91815],[38.25832,5.88847],[38.25858,5.87716],[38.25378,5.86885],[38.26347,5.854],[38.2584,5.83146],[38.27052,5.81091],[38.26755,5.80508],[38.26913,5.78924]],[[37.90377,4.9609],[37.90394,4.96092]],[[37.90394,4.96092],[37.9741,4.96325]],[[37.9741,4.96325],[37.97469,4.96326]],[[44.99792,5.41951],[45.0041,5.40951],[44.98953,5.39002],[44.99722,5.38814],[44.99983,5.38122],[45.00885,5.37881],[44.99905,5.375],[44.99761,5.36897]],[[44.99727,5.43652],[44.99729,5.43611]],[[38.87751,9.02502],[38.87578,9.02191]],[[38.85207,9.00133],[38.85839,9.00196]],[[38.80058,9.00338],[38.8042,9.01018],[38.80297,9.01555]],[[38.79934,9.00154],[38.7981,8.99952]],[[38.73376,8.94835],[38.73344,8.94936]],[[38.73352,8.94861],[38.73359,8.94836]],[[36.79059,5.95601],[36.80577,5.96961],[36.8139,5.98486]],[[38.8005,8.85391],[38.7976,8.85297]],[[38.80056,8.8538],[38.8057,8.85597]],[[38.8057,8.85597],[38.80962,8.8583]],[[38.80566,8.8561],[38.8005,8.85391]],[[38.82088,8.93714],[38.82174,8.93935]],[[38.82174,8.93935],[38.8347,8.95524]],[[38.8214,8.93952],[38.82055,8.93732]],[[38.82973,8.99098],[38.82881,8.98101],[38.83702,8.97284],[38.83678,8.96656]],[[38.73503,8.92091],[38.73469,8.92398]],[[38.67015,8.94946],[38.67043,8.95006]],[[38.67054,8.95077],[38.67053,8.95196]],[[38.67053,8.95196],[38.67008,8.95083]],[[38.81469,8.89921],[38.81306,8.8892],[38.81804,8.87821]],[[38.8356,8.96021],[38.83549,8.95953]],[[38.67771,8.9765],[38.67575,8.96756],[38.6721,8.96635]],[[38.68377,8.97812],[38.68366,8.97796]],[[37.34351,12.52975],[37.34383,12.52972]],[[37.34383,12.52972],[37.36426,12.5331],[37.37011,12.5436],[37.38429,12.53773],[37.39501,12.54098]],[[37.03177,5.35359],[37.02186,5.35639],[36.99586,5.37209]],[[37.03235,5.35353],[37.03177,5.35359]],[[37.29541,6.83544],[37.29434,6.83596]],[[37.4044,6.81825],[37.40616,6.81968],[37.39867,6.80826],[37.39282,6.81499],[37.38324,6.80178],[37.37562,6.80312],[37.37411,6.80907],[37.37031,6.80937],[37.35461,6.80124],[37.35043,6.80681],[37.34638,6.80213],[37.33639,6.80783],[37.3338,6.82539],[37.32907,6.82637],[37.33016,6.82877],[37.32255,6.83377],[37.31978,6.83498],[37.32055,6.83147],[37.31708,6.83046],[37.30838,6.83064],[37.30989,6.82836],[37.30643,6.82473],[37.30154,6.82895],[37.30431,6.82498],[37.3005,6.82446],[37.29249,6.83128],[37.29541,6.83544]],[[38.83848,9.39229],[38.83856,9.39229]],[[38.85337,9.42403],[38.85743,9.42538],[38.85699,9.42978],[38.86048,9.42972],[38.86872,9.44856],[38.87517,9.45512]],[[40.69615,9.20636],[40.69635,9.20644]],[[40.69635,9.20644],[40.71599,9.21831]],[[37.07415,9.11866],[37.07377,9.11874]],[[37.07377,9.11874],[37.06332,9.12439],[37.0602,9.11917],[37.04815,9.12683]],[[38.80949,9.7271],[38.80512,9.72684],[38.80687,9.73048],[38.797,9.73128],[38.77091,9.75689],[38.74597,9.76576],[38.73912,9.77128]],[[38.80974,9.72747],[38.80949,9.7271]],[[36.7502,5.91387],[36.75074,5.91457]],[[36.72307,5.86677],[36.73707,5.90344],[36.7502,5.91387]],[[38.77259,8.97998],[38.76681,8.97669]],[[37.22281,5.39166],[37.21662,5.39638],[37.20726,5.39696],[37.20327,5.40114]],[[37.27034,5.38645],[37.25391,5.38511],[37.24882,5.3816],[37.24524,5.38454],[37.24609,5.38938],[37.22488,5.39404],[37.22281,5.39166]],[[37.47498,5.26414],[37.48278,5.25248],[37.49459,5.24434]],[[37.47499,5.26432],[37.47498,5.26414]],[[38.67087,8.96367],[38.67053,8.95196]],[[36.73482,5.52268],[36.7344,5.52278]],[[36.7344,5.52278],[36.73472,5.52252]],[[36.73462,5.52209],[36.73488,5.52243]],[[36.73472,5.5225],[36.73462,5.52209]],[[36.74759,5.50236],[36.74666,5.50419]],[[36.74762,5.50225],[36.74759,5.50236]],[[39.05465,3.52116],[39.05465,3.52116]],[[39.05462,3.52111],[39.05304,3.52371]],[[36.14247,12.96211],[36.15163,12.95805]],[[36.15501,12.95439],[36.16063,12.94718]],[[36.16069,12.94722],[36.15508,12.95444]],[[36.15492,12.95456],[36.15196,12.95791]],[[37.42818,11.60088],[37.41039,11.60512]],[[37.42818,11.60088],[37.44555,11.59869]],[[37.40929,11.60498],[37.41039,11.60512]],[[44.2724,6.76247],[44.27244,6.76233]],[[44.27244,6.76233],[44.27664,6.75071]],[[38.07959,4.89165],[38.09124,4.89278],[38.13128,4.88411],[38.14037,4.88489]],[[38.07763,4.89218],[38.07804,4.89207]],[[38.76673,8.96358],[38.76704,8.96238]],[[38.76715,8.9624],[38.76683,8.9638]],[[38.92021,8.27215],[38.89347,8.24816],[38.87611,8.21577],[38.83164,8.15564],[38.82266,8.15092]],[[37.54964,6.04405],[37.55044,6.04316]],[[37.55673,6.04196],[37.54978,6.04404]],[[37.55683,6.04049],[37.55684,6.0404]],[[37.55675,6.04157],[37.55683,6.04049]],[[37.55696,6.04047],[37.55689,6.04156]],[[37.55696,6.04038],[37.55696,6.04047]],[[36.84507,7.64937],[36.84539,7.64955]],[[36.84539,7.64955],[36.83964,7.6684]],[[36.83433,7.67604],[36.8352,7.67588]],[[36.83964,7.6684],[36.84408,7.66789]],[[36.84408,7.66789],[36.83961,7.66847]],[[37.86156,7.53097],[37.8702,7.52535],[37.87189,7.51742]],[[39.59759,11.82872],[39.5977,11.8288]],[[39.59811,11.82909],[39.59792,11.82897]],[[39.59092,11.82482],[39.59038,11.82497]],[[39.58971,11.82517],[39.59017,11.82504]],[[38.5865,7.18955],[38.58657,7.1897]],[[38.58614,7.18951],[38.58525,7.1891]],[[38.58686,7.18872],[38.58647,7.18927]],[[38.58657,7.1897],[38.58637,7.18923]],[[37.55861,6.03002],[37.55749,6.03509]],[[37.55715,6.03507],[37.55848,6.02999]],[[38.59197,7.19306],[38.59196,7.19277]],[[38.59212,7.19288],[38.59197,7.19306]],[[36.54704,9.08808],[36.54674,9.08803]],[[36.83732,7.67529],[36.83439,7.67627]],[[38.71396,9.05783],[38.71462,9.06156]],[[38.71451,9.06157],[38.71392,9.05791]],[[38.71236,9.05468],[38.71355,9.05716]],[[38.71349,9.0572],[38.71228,9.05471]],[[38.71392,9.05791],[38.71349,9.0572]],[[38.71355,9.05716],[38.71396,9.05783]],[[38.7306,9.06331],[38.72947,9.06412]],[[37.76222,6.86511],[37.76191,6.86526]],[[39.12451,8.58676],[39.12469,8.58689]],[[39.12463,8.58705],[39.12456,8.58697]],[[38.71463,9.06282],[38.71451,9.06157]],[[38.71462,9.06156],[38.71474,9.06278]],[[39.55639,13.45579],[39.55632,13.45568]],[[39.63488,11.1452],[39.63529,11.14513]],[[39.63532,11.14523],[39.63489,11.14531]],[[39.63284,11.11703],[39.63279,11.11722]],[[39.63272,11.11717],[39.63284,11.11703]],[[37.54985,6.04455],[37.55066,6.04591]],[[37.54978,6.04404],[37.54985,6.04455]],[[37.55066,6.04591],[37.54972,6.04457]],[[37.5566,6.04177],[37.5566,6.04177]],[[37.55669,6.04166],[37.55675,6.04157]],[[37.55689,6.04156],[37.55689,6.04172]],[[38.79468,8.99142],[38.79498,8.99223]],[[38.79491,8.99224],[38.7942,8.99056]],[[39.63716,11.14476],[39.63746,11.1447]],[[39.63746,11.14478],[39.63719,11.14485]],[[39.63719,11.14485],[39.63532,11.14523]],[[39.63529,11.14513],[39.63716,11.14476]],[[36.63674,5.6764],[36.63711,5.67619]],[[36.63711,5.67619],[36.6435,5.66706]],[[36.6435,5.66706],[36.64373,5.66702]],[[36.56514,5.77829],[36.58292,5.77104],[36.58685,5.75245],[36.61759,5.72931]],[[38.38486,8.13088],[38.38467,8.13059]],[[38.43184,8.16561],[38.39143,8.14611],[38.38486,8.13088]],[[37.46754,5.84947],[37.46737,5.84925]],[[37.50234,5.9011],[37.46754,5.84947]],[[38.58575,8.89736],[38.58625,8.89735]],[[38.58492,8.8966],[38.58575,8.89736]],[[38.58492,8.8966],[38.55674,8.88107]],[[36.78431,5.9495],[36.77975,5.9432]],[[36.61778,5.72913],[36.62374,5.72597],[36.63015,5.71415],[36.63164,5.68639],[36.63674,5.6764]],[[36.61759,5.72931],[36.61778,5.72913]],[[36.6949,5.59256],[36.69493,5.59235]],[[36.64373,5.66702],[36.64908,5.66609],[36.65701,5.65139],[36.66773,5.64523],[36.67464,5.6297],[36.68375,5.62201],[36.68609,5.61501],[36.69564,5.61107],[36.69301,5.60497],[36.6949,5.59256]],[[38.81503,8.89908],[38.81543,8.89947]],[[38.81669,8.90565],[38.81496,8.89992]],[[38.8153,8.8998],[38.81705,8.90559]],[[38.81705,8.90559],[38.81709,8.90576]],[[38.81709,8.90576],[38.81895,8.92108]],[[38.81673,8.90581],[38.81669,8.90565]],[[38.81857,8.9209],[38.81673,8.90581]],[[38.8804,9.05958],[38.88061,9.05968]],[[38.8791,9.05687],[38.8804,9.05958]],[[38.88054,9.05981],[38.88033,9.0597]],[[38.88033,9.0597],[38.87863,9.05735]],[[37.48163,12.64486],[37.47882,12.64312]],[[37.47813,12.64291],[37.47882,12.64312]],[[38.66166,8.9257],[38.66168,8.92463]],[[38.66157,8.93072],[38.66166,8.9257]],[[38.81863,8.87784],[38.81851,8.87807]],[[38.81972,8.87538],[38.81863,8.87784]],[[38.81804,8.87821],[38.81817,8.87795]],[[38.81817,8.87795],[38.81938,8.87519]],[[38.8194,8.92935],[38.81989,8.92931]],[[38.82055,8.93732],[38.81955,8.93007]],[[38.81991,8.93002],[38.82088,8.93714]],[[38.81895,8.92108],[38.81896,8.92119]],[[38.81896,8.92119],[38.81989,8.92931]],[[38.81858,8.92102],[38.81857,8.9209]],[[38.8194,8.92935],[38.81858,8.92102]],[[39.5866,11.82548],[39.587,11.82547]],[[39.587,11.82547],[39.58971,11.82517]],[[39.58698,11.82555],[39.5866,11.82555]],[[39.58971,11.82517],[39.58698,11.82555]],[[38.92918,9.09116],[38.92898,9.09114]],[[38.98965,9.11705],[38.98362,9.10443],[38.94153,9.0919],[38.92918,9.09116]],[[39.63216,11.13644],[39.63245,11.13494]],[[36.9685,5.3497],[36.96854,5.34972]],[[36.96854,5.34972],[36.97906,5.35656],[36.98862,5.36912]],[[36.98862,5.36912],[36.98869,5.36921]],[[36.98869,5.36921],[36.99226,5.37393]],[[39.12456,8.58697],[39.12451,8.58676]],[[39.12469,8.58689],[39.12475,8.58697]],[[37.75927,8.96915],[37.75865,8.96916]],[[37.79918,8.98998],[37.79368,8.99209],[37.78115,8.98868],[37.76709,8.97859]],[[39.27321,8.58399],[39.26242,8.57277]],[[39.23274,8.53041],[39.24335,8.5385],[39.25332,8.55406]],[[37.85194,7.54475],[37.852,7.54475]],[[39.26242,8.57277],[39.24333,8.53873],[39.23258,8.53047]],[[39.26257,8.5727],[39.27333,8.58377]],[[38.79651,8.85275],[38.7958,8.85264]],[[38.7976,8.85297],[38.79651,8.85275]],[[38.79682,8.85239],[38.79779,8.85264]],[[38.79613,8.85226],[38.79682,8.85239]],[[39.46747,14.27079],[39.46578,14.27576],[39.46167,14.2774]],[[39.46761,14.27065],[39.46747,14.27079]],[[39.47637,14.26464],[39.46761,14.27065]],[[39.46754,14.27061],[39.47637,14.26464]],[[36.04802,4.81283],[36.03724,4.81249],[36.01175,4.79587],[35.99713,4.74309],[35.96371,4.68124],[35.95269,4.67218],[35.94692,4.66099],[35.94545,4.64367],[35.94844,4.63333]],[[36.04979,4.81218],[36.05051,4.81194]],[[38.18616,13.7314],[38.18591,13.73139]],[[38.19191,13.7348],[38.18803,13.73325],[38.18897,13.73066],[38.18616,13.7314]],[[38.20658,13.74201],[38.20198,13.7378]],[[38.20681,13.7426],[38.20671,13.74243]],[[38.21318,13.77284],[38.21289,13.77244]],[[38.20675,13.79612],[38.20766,13.78076],[38.21318,13.77284]],[[38.19366,13.97741],[38.19566,13.98512]],[[38.19358,13.97715],[38.19366,13.97741]],[[38.19566,13.98512],[38.19581,13.98543]],[[38.18953,13.95841],[38.19037,13.97197],[38.19358,13.97715]],[[38.42625,14.08683],[38.42608,14.08632]],[[38.46461,14.10675],[38.44227,14.1021],[38.42625,14.08683]],[[38.46475,14.10685],[38.46461,14.10675]],[[38.18371,13.93704],[38.18205,13.94543],[38.18707,13.95453]],[[38.18705,13.95465],[38.18197,13.94547],[38.18371,13.93704]],[[36.73676,4.84395],[36.74586,4.85698],[36.75106,4.90377],[36.74195,4.95204],[36.73739,4.9623],[36.74361,5.00167],[36.75644,5.0132],[36.79882,5.02695],[36.85083,4.99304]],[[38.88523,14.22021],[38.88815,14.21256],[38.88054,14.19532],[38.8814,14.19083]],[[38.88553,14.22061],[38.88523,14.22021]],[[38.80656,14.33272],[38.80647,14.33258]],[[38.80823,14.3555],[38.81068,14.34436],[38.80656,14.33272]],[[38.80833,14.32482],[38.80882,14.3211]],[[38.8083,14.32506],[38.80833,14.32482]],[[38.82751,14.29272],[38.82785,14.29247]],[[38.80989,14.31017],[38.81231,14.30414],[38.81908,14.30347],[38.82305,14.29929]],[[38.88089,14.23996],[38.88553,14.22061]],[[38.88078,14.24009],[38.88089,14.23996]],[[38.78531,14.45702],[38.78611,14.4523]],[[38.78538,14.45726],[38.78531,14.45702]],[[39.55909,12.41222],[39.55286,12.42748]],[[39.55226,12.42833],[39.55286,12.42748]],[[39.55909,12.41222],[39.5598,12.41044]],[[39.52238,12.49659],[39.52008,12.4803],[39.5254,12.47074],[39.52003,12.46924]],[[39.52,12.46901],[39.52362,12.46618],[39.52299,12.4602],[39.52968,12.45611],[39.5279,12.45457],[39.5451,12.44428],[39.54324,12.4427],[39.54582,12.43971],[39.54054,12.4408],[39.54672,12.43431]],[[39.53001,12.66986],[39.5388,12.66991],[39.53121,12.65352],[39.5346,12.65076],[39.53124,12.64711],[39.53288,12.63363],[39.52834,12.62092],[39.51953,12.61528],[39.51597,12.609],[39.52056,12.59879],[39.53395,12.59506],[39.53562,12.58788],[39.52637,12.5686],[39.52326,12.5699],[39.52432,12.56458],[39.5171,12.55041],[39.51212,12.52391]],[[39.54043,12.68737],[39.53025,12.67032]],[[39.54062,12.68759],[39.54043,12.68737]],[[39.53983,12.7145],[39.54548,12.70588],[39.54062,12.68759]],[[39.55324,13.42151],[39.55294,13.4217]],[[39.55334,13.42121],[39.55334,13.42121]],[[39.74335,11.08143],[39.74345,11.08115]],[[39.74354,11.08117],[39.74342,11.08147]],[[39.7434,11.08108],[39.74315,11.08106]],[[39.74316,11.08099],[39.74343,11.08099]],[[39.74372,11.08089],[39.74361,11.08103]],[[39.74354,11.08097],[39.74364,11.08084]],[[39.59414,14.01117],[39.59418,14.01145]],[[39.59385,14.00624],[39.59414,14.01117]],[[39.59418,14.01145],[39.59257,14.04153],[39.58753,14.0493]],[[39.5939,14.00605],[39.59385,14.00624]],[[39.57713,14.05608],[39.57714,14.05636]],[[39.58753,14.0493],[39.57831,14.05132],[39.57713,14.05608]],[[39.57714,14.05636],[39.57091,14.06339]],[[39.57091,14.06339],[39.57119,14.06569]],[[39.57704,14.05607],[39.57828,14.05126],[39.58753,14.0493]],[[38.6773,9.01467],[38.6769,9.00678]],[[38.6773,9.01501],[38.6773,9.01467]],[[38.6775,9.01489],[38.67761,9.02048]],[[38.67749,9.01455],[38.6775,9.01489]],[[39.46134,14.28263],[39.45982,14.29763]],[[39.38672,14.39794],[39.37679,14.40216]],[[39.39579,14.39461],[39.39559,14.39464]],[[39.38241,14.51929],[39.38154,14.51654]],[[39.38152,14.51621],[39.38154,14.51654]],[[39.39448,14.49719],[39.38834,14.51139]],[[39.39436,14.49695],[39.39448,14.49719]],[[40.75916,11.41486],[40.76352,11.42893]],[[40.75943,11.41381],[40.75916,11.41486]],[[40.75906,11.4117],[40.75943,11.41381]],[[40.75898,11.41162],[40.75906,11.4117]],[[40.74353,11.38209],[40.75898,11.41162]],[[40.74297,11.38108],[40.74353,11.38209]],[[40.77387,11.45544],[40.76737,11.44071]],[[40.9584,11.71114],[40.96219,11.71686],[40.98597,11.73059]],[[40.95448,11.70166],[40.9584,11.71114]],[[40.98597,11.73059],[40.98671,11.73247]],[[40.71765,11.35367],[40.7184,11.35388]],[[40.71836,11.35403],[40.71765,11.35367]],[[40.71864,11.35398],[40.7196,11.35463]],[[40.7196,11.35463],[40.71858,11.35411]],[[40.71857,11.35386],[40.71857,11.35386]],[[40.20239,9.03571],[40.20072,9.03642]],[[40.20072,9.03642],[40.19905,9.03655]],[[40.2007,9.03635],[40.20239,9.03571]],[[40.19905,9.03655],[40.2007,9.03635]],[[40.57439,11.31763],[40.57474,11.31775]],[[40.52958,11.30364],[40.57439,11.31763]],[[40.34492,11.26077],[40.34734,11.25708],[40.35724,11.25415],[40.37465,11.25801]],[[40.34475,11.26102],[40.34492,11.26077]],[[40.28285,11.2485],[40.28314,11.24836]],[[40.28188,11.24919],[40.28285,11.2485]],[[40.28157,11.24946],[40.28188,11.24919]],[[40.28076,11.25092],[40.28157,11.24946]],[[40.28076,11.25117],[40.28076,11.25092]],[[40.27884,11.25164],[40.28076,11.25117]],[[40.27861,11.2515],[40.27884,11.25164]],[[40.27529,11.24772],[40.27861,11.2515]],[[40.27513,11.24757],[40.27529,11.24772]],[[40.27392,11.24644],[40.27513,11.24757]],[[40.27372,11.24625],[40.27392,11.24644]],[[40.27093,11.24559],[40.27372,11.24625]],[[40.27042,11.24547],[40.27093,11.24559]],[[40.26614,11.24473],[40.27042,11.24547]],[[40.25631,11.24882],[40.26348,11.24437]],[[40.25615,11.24904],[40.25631,11.24882]],[[40.12572,11.22072],[40.12614,11.22091]],[[40.83032,11.52489],[40.83015,11.52474]],[[40.83409,11.5283],[40.83032,11.52489]],[[40.78576,11.47386],[40.78562,11.47374]],[[40.7934,11.48136],[40.78576,11.47386]],[[40.78373,11.47055],[40.78357,11.4701]],[[40.78379,11.47071],[40.78373,11.47055]],[[40.77971,11.46375],[40.775,11.45705]],[[40.7798,11.46387],[40.77971,11.46375]],[[40.76727,11.44038],[40.76352,11.42893]],[[40.76737,11.44071],[40.76727,11.44038]],[[40.68821,11.35018],[40.68883,11.35038]],[[40.68698,11.3498],[40.68821,11.35018]],[[40.68661,11.34969],[40.68698,11.3498]],[[40.6667,11.34357],[40.68661,11.34969]],[[40.66617,11.3434],[40.6667,11.34357]],[[40.66501,11.34304],[40.66617,11.3434]],[[40.66465,11.34293],[40.66501,11.34304]],[[40.63192,11.33446],[40.66465,11.34293]],[[40.62752,11.33383],[40.63192,11.33446]],[[40.62721,11.33379],[40.62752,11.33383]],[[40.61401,11.33079],[40.61443,11.33094]],[[40.60266,11.32699],[40.61401,11.33079]],[[40.602,11.32677],[40.60266,11.32699]],[[40.58048,11.31955],[40.602,11.32677]],[[40.58033,11.3195],[40.58048,11.31955]],[[40.57905,11.31907],[40.58033,11.3195]],[[40.57884,11.319],[40.57905,11.31907]],[[40.57474,11.31775],[40.57884,11.319]],[[41.56306,11.91823],[41.47458,11.92979]],[[41.56358,11.91817],[41.56306,11.91823]],[[41.47435,11.92987],[41.47168,11.93073]],[[41.47458,11.92979],[41.47435,11.92987]],[[41.47131,11.93084],[41.44507,11.94106],[41.43615,11.94105],[41.39767,11.96526],[41.38644,11.96642],[41.37656,11.95876],[41.37192,11.95881]],[[41.47168,11.93073],[41.47131,11.93084]],[[41.37163,11.95883],[41.36399,11.95717],[41.35496,11.95969]],[[41.37192,11.95881],[41.37163,11.95883]],[[41.35479,11.95959],[41.32795,11.95686],[41.3172,11.95916]],[[41.35496,11.95969],[41.35479,11.95959]],[[41.31692,11.959],[41.31128,11.95608],[41.30452,11.95799]],[[41.3172,11.95916],[41.31692,11.959]],[[41.18504,11.91562],[41.18492,11.9155]],[[41.30121,11.9578],[41.18504,11.91562]],[[41.70774,11.84049],[41.70502,11.84263]],[[41.70797,11.84031],[41.70774,11.84049]],[[41.70476,11.84284],[41.68847,11.84873],[41.6766,11.84904]],[[41.70502,11.84263],[41.70476,11.84284]],[[41.99355,12.10185],[41.99377,12.1021]],[[41.98755,12.09698],[41.99355,12.10185]],[[42.2619,12.58607],[42.2637,12.58064],[42.26071,12.57138],[42.25352,12.56408],[42.25039,12.5492],[42.22966,12.51017],[42.22718,12.49722],[42.21118,12.48322],[42.20851,12.4754],[42.19096,12.46856],[42.18593,12.45076],[42.19285,12.43915],[42.19483,12.42594]],[[42.26208,12.58671],[42.2619,12.58607]],[[42.18027,12.406],[42.18149,12.41257],[42.19483,12.42594]],[[42.18021,12.40556],[42.18027,12.406]],[[42.15218,12.35466],[42.15241,12.35522]],[[42.14628,12.3498],[42.15218,12.35466]],[[42.14613,12.34942],[42.14628,12.3498]],[[42.1268,12.3237],[42.13494,12.34141],[42.14613,12.34942]],[[42.12669,12.3236],[42.1268,12.3237]],[[42.11801,12.3147],[42.12669,12.3236]],[[42.11788,12.31439],[42.11801,12.3147]],[[42.10538,12.30855],[42.11788,12.31439]],[[42.10526,12.30831],[42.10538,12.30855]],[[42.0935,12.2885],[42.09672,12.29167],[42.09439,12.29904],[42.10526,12.30831]],[[42.15241,12.35522],[42.17275,12.39517],[42.17927,12.39799],[42.18021,12.40556]],[[42.09339,12.28837],[42.0935,12.2885]],[[42.06504,12.18392],[42.06544,12.18392]],[[42.06318,12.15039],[42.06764,12.15179]],[[42.06289,12.15044],[42.06318,12.15039]],[[42.05173,12.13814],[42.05607,12.14355],[42.05191,12.14969],[42.06289,12.15044]],[[42.05135,12.13814],[42.05173,12.13814]],[[37.79128,8.35256],[37.79107,8.35225]],[[37.81312,8.35419],[37.80276,8.35544],[37.79128,8.35256]],[[37.84751,6.9457],[37.84741,6.94555]],[[37.84741,6.94555],[37.84757,6.94565]],[[37.85723,6.95467],[37.84751,6.9457]],[[37.84757,6.94565],[37.85729,6.95461]],[[37.87016,6.96844],[37.85762,6.95506]],[[37.85769,6.95499],[37.87016,6.96844]],[[37.43632,6.8177],[37.43672,6.81787]],[[37.4044,6.81825],[37.40603,6.82387],[37.40895,6.82117],[37.41119,6.8245],[37.42132,6.82717],[37.43632,6.8177]],[[37.45404,6.83143],[37.45441,6.83127]],[[37.43672,6.81787],[37.44344,6.82204],[37.44038,6.82665],[37.44176,6.83036],[37.45404,6.83143]],[[37.50465,6.91145],[37.50457,6.91176]],[[37.50457,6.91176],[37.50251,6.92015],[37.51639,6.91893]],[[37.54768,6.91663],[37.53698,6.9199]],[[37.53701,6.91975],[37.54768,6.91663]],[[37.12479,7.1452],[37.12452,7.14531]],[[37.12452,7.14531],[37.11614,7.15234],[37.07957,7.15843]],[[37.3013,6.92634],[37.30152,6.92655]],[[37.29434,6.83596],[37.28555,6.83923],[37.28158,6.8388],[37.28124,6.83605],[37.27816,6.8397],[37.27637,6.83821],[37.27598,6.8475],[37.27156,6.85188],[37.27023,6.84856],[37.262,6.86318],[37.26877,6.86971],[37.26806,6.88006],[37.2759,6.88848],[37.27992,6.88663],[37.28436,6.88896],[37.28464,6.89362],[37.29229,6.90317],[37.28977,6.90856],[37.29343,6.92131],[37.29887,6.92044],[37.3013,6.92634]],[[37.44179,5.33967],[37.44179,5.33967]],[[37.46166,5.31574],[37.46172,5.31566]],[[37.45434,5.34006],[37.4515,5.33649],[37.45902,5.32256],[37.45727,5.31906],[37.46166,5.31574]],[[37.36944,5.64975],[37.37453,5.64514],[37.38717,5.64184],[37.38495,5.63717],[37.39232,5.63959],[37.39427,5.63039],[37.39922,5.62934],[37.39899,5.62417],[37.39838,5.62705],[37.39685,5.6244],[37.4006,5.6132],[37.39728,5.58171],[37.40175,5.57104],[37.41633,5.55921]],[[37.41377,5.71377],[37.41349,5.7135]],[[37.43125,5.74595],[37.42537,5.73515]],[[39.37679,14.40216],[39.38672,14.39794]],[[39.37679,14.40216],[39.37498,14.40429]],[[39.39559,14.39464],[39.38672,14.39794]],[[39.59409,13.98294],[39.59093,13.99181],[39.5939,14.00605]],[[39.59422,13.98269],[39.59409,13.98294]],[[37.43493,5.4913],[37.43486,5.49029]],[[37.43486,5.49029],[37.43428,5.46042]],[[37.7892,8.33368],[37.78918,8.3335]],[[37.79107,8.35225],[37.7892,8.33368]],[[37.95292,7.12835],[37.95562,7.1441]],[[37.95567,7.14428],[37.9572,7.1536]],[[37.9572,7.1536],[37.95553,7.14432]],[[34.62692,10.30849],[34.63226,10.31374]],[[34.62689,10.30843],[34.62692,10.30849]],[[34.6349,10.14764],[34.63501,10.14785]],[[34.54043,10.06884],[34.54959,10.08083],[34.57693,10.09193],[34.58592,10.10161],[34.5941,10.10538],[34.60181,10.11698],[34.60577,10.13025],[34.63011,10.14145],[34.6349,10.14764]],[[43.05077,9.2259],[43.05094,9.2258]],[[34.29255,10.55743],[34.29291,10.55725]],[[43.55963,8.24774],[43.55962,8.24757]],[[43.56254,8.29792],[43.55963,8.24774]],[[43.54887,8.4238],[43.54891,8.42292]],[[43.71599,7.77483],[43.71609,7.77456]],[[43.71609,7.77456],[43.73075,7.7554]],[[43.70763,7.80155],[43.7081,7.80114]],[[43.7081,7.80114],[43.71599,7.77483]],[[44.17712,7.09374],[44.1771,7.09347]],[[44.18233,7.14699],[44.17712,7.09374]],[[44.18235,7.14781],[44.18233,7.14699]],[[44.15364,7.23739],[44.15823,7.23963],[44.16864,7.22239],[44.17852,7.21919],[44.17983,7.21313],[44.18596,7.20775],[44.17679,7.18957],[44.18574,7.17905],[44.18235,7.14781]],[[43.91939,7.40859],[43.91952,7.40849]],[[43.81759,7.48433],[43.81776,7.48416]],[[43.81776,7.48416],[43.8283,7.4734],[43.84722,7.46728],[43.87286,7.43622],[43.88511,7.43349]],[[44.36196,6.60436],[44.36305,6.60398]],[[44.36305,6.60398],[44.37128,6.60121]],[[44.28455,6.7253],[44.28463,6.72508]],[[44.28463,6.72508],[44.28463,6.72531]],[[44.27603,6.74391],[44.2761,6.74374]],[[44.27617,6.74379],[44.27603,6.74391]],[[44.9925,5.35599],[44.99254,5.35639]],[[45.03037,5.30039],[45.01856,5.3059],[45.01013,5.32645],[45.00175,5.32788],[45.00164,5.32387],[44.99772,5.32174],[44.99513,5.32866],[44.99137,5.32952],[44.99674,5.33882],[44.99526,5.34378],[44.98787,5.34858],[44.9925,5.35599]],[[36.9349,7.1735],[36.9344,7.17347]],[[37.07957,7.15843],[37.07102,7.15713],[37.05289,7.16669],[37.04189,7.16689],[37.03225,7.172],[37.02294,7.16913],[37.01676,7.18029],[37.01514,7.17394],[37.01142,7.17889],[36.99777,7.17293],[36.99254,7.17466],[36.98429,7.17222],[36.97886,7.17501],[36.97655,7.16949],[36.97211,7.17579],[36.963,7.17911],[36.96341,7.17592],[36.95984,7.17445],[36.95518,7.1776],[36.94785,7.1728],[36.93944,7.17761],[36.9349,7.1735]],[[44.99807,5.41987],[44.99792,5.41951]],[[44.99729,5.43611],[44.99807,5.41987]],[[39.74067,9.84794],[39.74594,9.84659]],[[41.92027,9.45657],[41.91937,9.45683]],[[41.91935,9.45678],[41.92027,9.45657]],[[41.91937,9.45683],[41.91922,9.45658]],[[41.91922,9.45658],[41.91949,9.4568]],[[42.09334,9.32134],[42.09364,9.32121]],[[42.0938,9.32128],[42.09341,9.32148]],[[42.08663,9.32929],[42.08638,9.32941]],[[42.08638,9.32941],[42.08654,9.32919]],[[42.08654,9.32919],[42.09334,9.32134]],[[42.09341,9.32148],[42.08663,9.32929]],[[42.10778,9.3124],[42.0938,9.32128]],[[37.26059,10.67998],[37.26027,10.68008]],[[37.26028,10.67991],[37.26059,10.67998]],[[37.25993,10.68009],[37.25961,10.67998]],[[37.25961,10.67998],[37.2599,10.67991]],[[38.14022,10.19049],[38.13367,10.22496],[38.12154,10.24372],[38.08253,10.24694]],[[38.14027,10.1903],[38.14022,10.19049]],[[37.90808,10.26279],[37.90761,10.26282]],[[38.03199,10.22966],[37.9849,10.22281],[37.97208,10.23968],[37.96216,10.2408],[37.95478,10.24703],[37.93205,10.25607],[37.92347,10.23859],[37.90808,10.26279]],[[37.88125,10.24048],[37.88102,10.24074]],[[37.90761,10.26282],[37.89152,10.23899],[37.88361,10.23438],[37.88125,10.24048]],[[37.51122,10.54081],[37.50757,10.55257],[37.49683,10.56047]],[[37.51131,10.54054],[37.51122,10.54081]],[[37.51554,10.53056],[37.50892,10.53449]],[[37.5158,10.53042],[37.51554,10.53056]],[[37.57014,10.45919],[37.57014,10.45942]],[[37.17412,10.69799],[37.17388,10.69786]],[[37.24813,10.67999],[37.24177,10.67422],[37.19525,10.69971],[37.17412,10.69799]],[[37.24824,10.68024],[37.24813,10.67999]],[[37.25961,10.67998],[37.24824,10.68024]],[[37.30949,10.68235],[37.28682,10.68345],[37.26918,10.67994]],[[37.30964,10.68249],[37.30949,10.68235]],[[37.53078,11.74768],[37.53092,11.74787]],[[37.50448,11.72509],[37.50895,11.73279],[37.52485,11.74116],[37.53078,11.74768]],[[37.67384,12.18575],[37.67384,12.18604]],[[37.71856,12.17127],[37.71527,12.17519],[37.70877,12.17592],[37.69915,12.17293],[37.67384,12.18575]],[[37.4972,12.70434],[37.49746,12.68261],[37.50589,12.67992],[37.50222,12.67549],[37.50644,12.67288],[37.50088,12.66376],[37.49635,12.66591],[37.4935,12.65997],[37.48567,12.65732],[37.48584,12.65097],[37.48195,12.64525]],[[37.49712,12.70453],[37.4972,12.70434]],[[37.74388,12.92559],[37.74385,12.92515]],[[37.75653,12.97896],[37.744,12.94009],[37.74388,12.92559]],[[37.86086,13.10785],[37.86119,13.10809]],[[37.84963,13.09897],[37.86086,13.10785]],[[37.86119,13.10809],[37.87227,13.11703],[37.88086,13.11886],[37.8908,13.12941]],[[37.84942,13.09873],[37.84963,13.09897]],[[37.75715,12.97936],[37.75653,12.97896]],[[37.76705,12.98412],[37.75766,12.97967]],[[37.85612,13.30677],[37.85305,13.31954],[37.86281,13.32327]],[[37.85611,13.30659],[37.85612,13.30677]],[[37.87077,13.33436],[37.87882,13.3409]],[[37.86966,13.33268],[37.86993,13.33293]],[[37.86612,13.32799],[37.86966,13.33268]],[[37.86281,13.32327],[37.86302,13.32336]],[[37.99855,13.40084],[38.00588,13.40102],[38.01396,13.41103],[38.02135,13.41331],[38.02267,13.41017],[38.0276,13.41866],[38.02927,13.41437],[38.02937,13.41854]],[[37.99832,13.40066],[37.99855,13.40084]],[[38.07224,13.45705],[38.06054,13.45227],[38.05824,13.43946]],[[38.05824,13.43946],[38.05837,13.43899]],[[38.03354,13.41839],[38.03218,13.41915]],[[38.03469,13.41848],[38.03354,13.41839]],[[38.02992,13.41881],[38.03125,13.41908]],[[38.02937,13.41854],[38.02992,13.41881]],[[38.24939,11.78216],[38.24266,11.78583]],[[38.24978,11.78201],[38.24939,11.78216]],[[38.24266,11.78583],[38.24237,11.78601]],[[38.14715,11.80189],[38.14745,11.80215]],[[38.13873,11.79411],[38.14385,11.79589],[38.14715,11.80189]],[[38.13844,11.79415],[38.13873,11.79411]],[[38.12345,11.8067],[38.13844,11.79415]],[[38.12326,11.80685],[38.12345,11.8067]],[[38.09835,11.82423],[38.11346,11.81636],[38.12326,11.80685]],[[38.09813,11.82431],[38.09835,11.82423]],[[38.03174,11.85095],[38.05952,11.84408],[38.07866,11.83156],[38.08691,11.83215],[38.09084,11.8382],[38.09813,11.82431]],[[38.56459,11.80143],[38.55524,11.8017],[38.54547,11.79341],[38.53844,11.79278],[38.5262,11.77757]],[[38.56493,11.80148],[38.56459,11.80143]],[[38.52598,11.77718],[38.52097,11.77451],[38.51755,11.76271],[38.51043,11.76148],[38.50427,11.75462],[38.4887,11.75434],[38.47557,11.76188],[38.47289,11.74683]],[[38.5262,11.77757],[38.52598,11.77718]],[[39.48834,9.57781],[39.50029,9.59954],[39.49548,9.61032],[39.50206,9.623],[39.5057,9.64037],[39.51124,9.64773]],[[39.48794,9.57757],[39.48834,9.57781]],[[39.40372,9.47506],[39.41041,9.47915],[39.42031,9.49637],[39.42893,9.50078],[39.43363,9.51756],[39.45659,9.53502]],[[39.40351,9.47496],[39.40372,9.47506]],[[39.64904,9.71489],[39.64914,9.7157]],[[39.63461,9.70065],[39.63616,9.71137],[39.64904,9.71489]],[[39.63082,9.69645],[39.63481,9.7005]],[[39.63065,9.69623],[39.63082,9.69645]],[[39.55108,9.6904],[39.55143,9.69067]],[[39.54682,9.68602],[39.55108,9.6904]],[[39.67287,9.77149],[39.67307,9.77222]],[[39.66202,9.7561],[39.66103,9.76765],[39.67287,9.77149]],[[39.66201,9.75593],[39.66202,9.7561]],[[39.66165,9.75048],[39.66201,9.75593]],[[39.66171,9.75029],[39.66165,9.75048]],[[39.66169,9.74976],[39.66171,9.75029]],[[39.6616,9.74958],[39.66169,9.74976]],[[39.66222,9.74596],[39.6616,9.74958]],[[39.66218,9.74582],[39.66222,9.74596]],[[39.66068,9.74106],[39.65826,9.74436],[39.66218,9.74582]],[[39.66055,9.74047],[39.66068,9.74106]],[[39.65484,9.7345],[39.66055,9.74047]],[[39.65497,9.73423],[39.65484,9.7345]],[[39.64914,9.7157],[39.64951,9.72113],[39.64557,9.72661],[39.65497,9.73423]],[[39.73437,9.83153],[39.74198,9.83736],[39.73229,9.84923],[39.74067,9.84794]],[[39.7344,9.83107],[39.73437,9.83153]],[[39.71126,9.81506],[39.71139,9.8154]],[[39.70978,9.80838],[39.70352,9.81566],[39.71126,9.81506]],[[39.7093,9.80801],[39.70978,9.80838]],[[39.69389,9.80265],[39.68739,9.81039],[39.7093,9.80801]],[[39.69323,9.8021],[39.69389,9.80265]],[[39.68397,9.79097],[39.67935,9.80181],[39.69323,9.8021]],[[39.68368,9.79061],[39.68397,9.79097]],[[39.67418,9.78851],[39.67475,9.79292],[39.68368,9.79061]],[[39.67381,9.78827],[39.67418,9.78851]],[[39.67307,9.77222],[39.66408,9.78106],[39.66917,9.7897],[39.67381,9.78827]],[[39.81385,9.87894],[39.81399,9.87906]],[[39.74894,9.84855],[39.74904,9.84918]],[[39.74594,9.84659],[39.74894,9.84855]],[[39.88163,9.97529],[39.88181,9.97566]],[[39.87284,9.96992],[39.88163,9.97529]],[[39.88181,9.97566],[39.89846,9.99791]],[[39.87239,9.96992],[39.87284,9.96992]],[[39.85458,9.94885],[39.85479,9.94899]],[[39.85224,9.91652],[39.85633,9.9246],[39.85247,9.93982],[39.85458,9.94885]],[[39.98307,10.27324],[39.98194,10.28147],[39.98649,10.29171]],[[39.98307,10.27301],[39.98307,10.27324]],[[39.93466,10.43495],[39.93469,10.43557]],[[39.9343,10.40655],[39.93456,10.41072],[39.93732,10.40865],[39.93364,10.41983],[39.93466,10.43495]],[[39.93441,10.40641],[39.9343,10.40655]],[[39.97629,10.34002],[39.96552,10.33707],[39.95396,10.35108],[39.93334,10.35077],[39.93355,10.38936],[39.9369,10.4004],[39.93441,10.40641]],[[39.98694,10.2925],[39.98988,10.31246]],[[39.98649,10.29171],[39.98694,10.2925]],[[39.77612,10.96179],[39.77604,10.96201]],[[39.78519,10.92496],[39.77962,10.9389],[39.78052,10.94893],[39.77612,10.96179]],[[39.78708,10.9203],[39.78519,10.92496]],[[39.78717,10.92003],[39.78708,10.9203]],[[39.85935,10.7195],[39.85467,10.71673]],[[39.85965,10.71959],[39.85935,10.7195]],[[39.93946,10.48117],[39.93991,10.48153]],[[39.93902,10.48047],[39.93946,10.48117]],[[39.93861,10.48041],[39.93902,10.48047]],[[39.93636,10.47902],[39.93861,10.48041]],[[39.93624,10.47879],[39.93636,10.47902]],[[39.93469,10.43557],[39.93913,10.45022],[39.93866,10.46417],[39.9315,10.47092],[39.93624,10.47879]],[[39.74364,11.08822],[39.74335,11.08143]],[[39.74342,11.08147],[39.74364,11.08822]],[[39.74364,11.08084],[39.74328,11.0599]],[[39.73976,11.08575],[39.74316,11.08099]],[[39.79835,11.09755],[39.79851,11.09763]],[[39.79815,11.09747],[39.79835,11.09755]],[[39.79769,11.09727],[39.79815,11.09747]],[[39.79419,11.09816],[39.79769,11.09727]],[[39.79393,11.09806],[39.79419,11.09816]],[[39.79226,11.09637],[39.79393,11.09806]],[[39.79196,11.09611],[39.79226,11.09637]],[[39.78945,11.09406],[39.79196,11.09611]],[[39.78905,11.09406],[39.78945,11.09406]],[[39.78772,11.0939],[39.78905,11.09406]],[[39.7876,11.09371],[39.78772,11.0939]],[[39.78568,11.09192],[39.7876,11.09371]],[[39.78535,11.09183],[39.78568,11.09192]],[[39.78445,11.09159],[39.78535,11.09183]],[[39.78413,11.09152],[39.78445,11.09159]],[[39.77468,11.09067],[39.78413,11.09152]],[[39.77434,11.09057],[39.77468,11.09067]],[[39.74364,11.08822],[39.7458,11.09138],[39.77434,11.09057]],[[39.83676,11.11521],[39.83713,11.11526]],[[39.83429,11.11522],[39.83676,11.11521]],[[39.83389,11.11446],[39.83429,11.11522]],[[39.82962,11.11271],[39.83389,11.11446]],[[39.82949,11.11256],[39.82962,11.11271]],[[39.82926,11.11236],[39.82949,11.11256]],[[39.8289,11.11203],[39.82926,11.11236]],[[39.82805,11.1113],[39.8289,11.11203]],[[39.83713,11.11526],[39.85208,11.11678],[39.86219,11.12516],[39.86528,11.13295]],[[39.82774,11.11081],[39.82805,11.1113]],[[39.80792,11.10074],[39.80817,11.10107]],[[39.79851,11.09763],[39.80792,11.10074]],[[39.90916,11.15537],[39.90948,11.15559]],[[39.90817,11.15326],[39.90916,11.15537]],[[39.89776,11.14716],[39.90268,11.14756],[39.90817,11.15326]],[[39.8974,11.14675],[39.89776,11.14716]],[[39.87968,11.13182],[39.88008,11.13181]],[[39.86561,11.13328],[39.87968,11.13182]],[[40.00095,11.19097],[40.00145,11.19116]],[[39.98187,11.18519],[39.98987,11.18441],[40.00095,11.19097]],[[39.98152,11.18497],[39.98187,11.18519]],[[39.95538,11.17303],[39.96631,11.1779],[39.9801,11.17608],[39.98152,11.18497]],[[39.95523,11.17331],[39.95538,11.17303]],[[39.95475,11.17347],[39.95523,11.17331]],[[39.95429,11.17319],[39.95475,11.17347]],[[39.9521,11.17288],[39.95429,11.17319]],[[39.95184,11.1727],[39.9521,11.17288]],[[39.94632,11.17306],[39.95184,11.1727]],[[39.94618,11.17294],[39.94632,11.17306]],[[39.93829,11.16806],[39.94618,11.17294]],[[39.93797,11.1679],[39.93829,11.16806]],[[39.93282,11.15896],[39.93797,11.1679]],[[39.93266,11.15886],[39.93282,11.15896]],[[39.92773,11.15767],[39.93266,11.15886]],[[39.92735,11.1574],[39.92773,11.15767]],[[39.90948,11.15559],[39.92735,11.1574]],[[40.01444,11.19327],[40.00911,11.19388],[40.00783,11.19047]],[[40.00145,11.19116],[40.00783,11.19047]],[[40.00783,11.19047],[40.00919,11.19381],[40.01442,11.19318]],[[40.01457,11.19312],[40.01457,11.19312]],[[40.02195,11.1922],[40.01462,11.19323]],[[40.0146,11.19314],[40.02195,11.1922]],[[40.05422,11.20834],[40.05441,11.20847]],[[40.05195,11.20944],[40.05422,11.20834]],[[40.05173,11.20922],[40.05195,11.20944]],[[40.04366,11.20642],[40.05173,11.20922]],[[40.04332,11.20638],[40.04366,11.20642]],[[40.03359,11.20402],[40.03399,11.20359]],[[40.0265,11.20026],[40.03359,11.20402]],[[40.02672,11.1999],[40.0265,11.20026]],[[40.02195,11.1922],[40.02453,11.19547],[40.03204,11.19403],[40.02672,11.1999]],[[40.07648,11.21813],[40.07696,11.21845]],[[40.06603,11.21477],[40.07053,11.21373],[40.07648,11.21813]],[[39.65188,11.10079],[39.64381,11.09552],[39.63723,11.09572],[39.64204,11.09883],[39.64224,11.10569],[39.63928,11.11342],[39.63284,11.11703]],[[39.65221,11.10094],[39.65188,11.10079]],[[39.63415,11.12215],[39.63417,11.12236]],[[39.63412,11.12192],[39.63415,11.12215]],[[39.68264,11.26868],[39.68111,11.28976]],[[39.6831,11.25658],[39.68309,11.25665]],[[39.62017,11.47015],[39.62178,11.48464]],[[39.6201,11.46947],[39.62017,11.47015]],[[39.61674,11.43891],[39.61843,11.45513]],[[39.61643,11.43853],[39.61674,11.43891]],[[39.62235,11.40923],[39.62213,11.40931]],[[39.62685,11.40323],[39.62235,11.40923]],[[39.62712,11.4032],[39.62685,11.40323]],[[39.63056,11.3991],[39.62712,11.4032]],[[39.63058,11.39886],[39.63056,11.3991]],[[39.65355,11.72361],[39.65319,11.72389]],[[39.65903,11.7052],[39.66161,11.70804],[39.65428,11.71147],[39.65054,11.71796],[39.65355,11.72361]],[[39.65857,11.70511],[39.65903,11.7052]],[[39.65337,11.69281],[39.65594,11.69463],[39.65269,11.7006],[39.65857,11.70511]],[[39.67608,11.6469],[39.66346,11.65488]],[[39.67615,11.64641],[39.67608,11.6469]],[[39.65807,11.59398],[39.65807,11.59445]],[[39.66034,11.58493],[39.65807,11.59398]],[[39.66045,11.58454],[39.66034,11.58493]],[[39.66266,11.56569],[39.66919,11.57332],[39.66045,11.58454]],[[39.66248,11.56549],[39.66266,11.56569]],[[39.60924,11.53909],[39.60937,11.53926]],[[39.6056,11.52776],[39.60924,11.53909]],[[39.62394,11.54416],[39.61875,11.54131],[39.61964,11.54598]],[[39.60562,11.52743],[39.6056,11.52776]],[[39.60056,11.75865],[39.58144,11.77142]],[[39.601,11.75836],[39.60056,11.75865]],[[39.58171,11.77647],[39.58174,11.77668]],[[39.58083,11.77184],[39.58171,11.77647]],[[37.4243,12.55123],[37.42455,12.55109]],[[38.78427,9.3719],[38.78438,9.37192]],[[38.7611,9.33578],[38.77569,9.35662]],[[38.76109,9.33562],[38.7611,9.33578]],[[38.76162,9.25088],[38.76408,9.26692],[38.75523,9.27921],[38.75271,9.3065]],[[38.76159,9.25069],[38.76162,9.25088]],[[38.76083,9.24661],[38.76159,9.25069]],[[38.76081,9.24649],[38.76083,9.24661]],[[38.7549,9.21429],[38.75401,9.2316],[38.76081,9.24649]],[[38.75491,9.21415],[38.7549,9.21429]],[[38.75972,9.20057],[38.75491,9.21415]],[[38.75978,9.20041],[38.75972,9.20057]],[[38.73784,9.07474],[38.73767,9.07615]],[[38.7382,9.07398],[38.73813,9.07382]],[[38.73821,9.0738],[38.7382,9.07398]],[[36.92633,12.54709],[36.92627,12.54648]],[[36.92633,12.54709],[36.92462,12.55448],[36.92069,12.54923],[36.91816,12.55158],[36.9179,12.54858],[36.9119,12.54914],[36.90516,12.5536],[36.90518,12.55945],[36.89819,12.55694],[36.89038,12.56774],[36.88792,12.56337],[36.88181,12.57072],[36.87712,12.56675],[36.87598,12.57178],[36.86643,12.57629],[36.86001,12.57548],[36.84679,12.58347],[36.81167,12.58215],[36.7921,12.5844],[36.78467,12.58918],[36.78191,12.5874]],[[42.26442,9.23428],[42.26478,9.23399]],[[42.25435,9.24043],[42.26442,9.23428]],[[36.39316,12.79236],[36.40365,12.78881]],[[36.41275,12.76978],[36.40486,12.78052]],[[36.51494,12.68579],[36.51543,12.68585]],[[36.46289,12.72989],[36.47891,12.71307],[36.49233,12.70554],[36.51494,12.68579]],[[36.65621,12.62685],[36.65173,12.6293],[36.62597,12.62683],[36.60152,12.63337],[36.58816,12.64091],[36.57421,12.64076]],[[36.57421,12.64076],[36.57393,12.64057]],[[36.65643,12.62657],[36.65621,12.62685]],[[36.57393,12.64057],[36.55189,12.64264],[36.53851,12.65572],[36.53902,12.6611],[36.51543,12.68585]],[[36.78151,12.58734],[36.76672,12.57729],[36.74858,12.57985]],[[36.74819,12.57976],[36.74858,12.57985]],[[36.40365,12.78881],[36.40669,12.78716],[36.40474,12.78069]],[[36.40479,12.78045],[36.41275,12.76978]],[[35.16412,9.73804],[35.1642,9.73779]],[[35.1642,9.73779],[35.17664,9.72444],[35.18775,9.72274],[35.19486,9.71259],[35.20123,9.71387],[35.2107,9.70051]],[[35.40331,9.57116],[35.4036,9.57114]],[[35.39702,9.57451],[35.40331,9.57116]],[[34.62235,10.295],[34.62226,10.30165],[34.62689,10.30843]],[[36.64087,9.02908],[36.6405,9.02905]],[[36.65719,9.03555],[36.65741,9.03565]],[[36.91168,9.06327],[36.9115,9.06289]],[[36.92789,9.0829],[36.915,9.07172],[36.91168,9.06327]],[[36.72962,9.04891],[36.72939,9.0488]],[[36.72939,9.0488],[36.71105,9.04692]],[[36.71105,9.04692],[36.71059,9.04696]],[[36.71059,9.04696],[36.70168,9.04191],[36.69836,9.04697]],[[37.43378,9.03465],[37.43358,9.03497]],[[37.44931,9.01377],[37.44337,9.02401],[37.43836,9.02506],[37.43979,9.03008],[37.43378,9.03465]],[[37.38323,8.99861],[37.38297,8.99852]],[[37.35023,8.99539],[37.32116,9.00127]],[[37.3201,9.00219],[37.31987,9.00248]],[[37.31987,9.00248],[37.30421,9.00953],[37.2838,9.0116]],[[37.2838,9.0116],[37.28354,9.01167]],[[37.28354,9.01167],[37.25515,9.02139]],[[37.25515,9.02139],[37.25444,9.02146]],[[37.25444,9.02146],[37.22062,9.02368],[37.21402,9.03318],[37.19005,9.04609],[37.17891,9.06866],[37.16476,9.07983],[37.15562,9.07815],[37.1531,9.08063]],[[37.15288,9.08103],[37.1523,9.08215]],[[37.1531,9.08063],[37.15288,9.08103]],[[37.71719,8.98516],[37.71676,8.98518]],[[37.71676,8.98518],[37.7125,8.99161],[37.69766,8.98632],[37.69253,8.98082],[37.67984,8.97764],[37.67793,8.96893],[37.67005,8.96413],[37.66058,8.97463],[37.65199,8.9781]],[[37.65199,8.9781],[37.65152,8.97816]],[[37.75865,8.96916],[37.75508,8.96679],[37.75268,8.97939],[37.74842,8.97106],[37.73946,8.98289],[37.72883,8.98935],[37.7288,8.98425],[37.7244,8.98512],[37.72441,8.98174],[37.72032,8.98672],[37.71719,8.98516]],[[37.91549,8.96591],[37.91563,8.96594]],[[37.91563,8.96594],[37.9231,8.96847]],[[37.85495,8.98197],[37.87135,8.9819],[37.89179,8.96964],[37.90053,8.96796]],[[38.82644,9.68739],[38.82642,9.68753]],[[38.83181,9.63273],[38.82274,9.64192],[38.81824,9.65262],[38.82736,9.68017],[38.82644,9.68739]],[[38.86759,9.56379],[38.86751,9.56413]],[[38.86751,9.56413],[38.86019,9.58981],[38.83181,9.63273]],[[38.85317,9.42391],[38.85337,9.42403]],[[38.83856,9.39229],[38.84538,9.39804],[38.8457,9.41956],[38.85317,9.42391]],[[39.17734,9.23117],[39.17777,9.23132]],[[39.16638,9.21119],[39.17734,9.23117]],[[38.72198,8.969],[38.72184,8.96908]],[[38.72177,8.96896],[38.72191,8.96888]],[[37.7365,10.30426],[37.73041,10.31327],[37.72861,10.3358]],[[37.72853,10.33579],[37.73032,10.31328],[37.7365,10.30426]],[[35.59812,8.31134],[35.59857,8.31164]],[[35.781,8.33139],[35.78124,8.33163]],[[35.59857,8.31164],[35.60493,8.31073],[35.60322,8.31667],[35.61031,8.32462],[35.61851,8.32268],[35.62402,8.32503],[35.6326,8.32182],[35.64036,8.32985],[35.64098,8.33666],[35.64787,8.34371],[35.64874,8.34895],[35.65815,8.35662],[35.66599,8.34897],[35.67024,8.34905],[35.67127,8.3439],[35.69226,8.33549],[35.69658,8.34075],[35.70906,8.34077],[35.71554,8.34504],[35.7243,8.33574],[35.73607,8.33738],[35.73888,8.33422],[35.74197,8.3405],[35.74625,8.3332],[35.7517,8.33568],[35.75874,8.3268],[35.76833,8.33262],[35.7725,8.32759],[35.781,8.33139]],[[35.5834,8.29599],[35.5834,8.29575]],[[35.58354,8.29575],[35.5834,8.29599]],[[35.5836,8.29562],[35.5836,8.29562]],[[38.78551,11.68312],[38.77906,11.68661],[38.76723,11.70431],[38.76891,11.71653],[38.75532,11.73474],[38.75147,11.76071],[38.7456,11.76799],[38.73617,11.76733],[38.73453,11.77395],[38.72355,11.7847],[38.72214,11.80212],[38.70751,11.81737],[38.65429,11.81545],[38.63995,11.82258],[38.63249,11.8226],[38.6187,11.81688],[38.60829,11.81778],[38.58236,11.81221],[38.5734,11.81392],[38.57925,11.8101],[38.58148,11.80326],[38.57806,11.80244],[38.57809,11.80746],[38.5735,11.80991],[38.56493,11.80148]],[[39.64179,11.38134],[39.63714,11.38402],[39.63612,11.38211],[39.63058,11.39886]],[[39.64272,11.38126],[39.64179,11.38134]],[[39.61133,11.50168],[39.61166,11.50183]],[[39.62178,11.48464],[39.62279,11.48994],[39.61241,11.49316],[39.61133,11.50168]],[[37.33657,10.6726],[37.30964,10.68249]],[[37.33674,10.67246],[37.33657,10.6726]],[[37.82823,10.27372],[37.82795,10.27384]],[[37.88102,10.24074],[37.86586,10.24814],[37.85881,10.24473],[37.85937,10.25584]],[[37.76873,12.985],[37.76841,12.98483]],[[37.77179,12.98993],[37.76873,12.985]],[[38.44005,11.7211],[38.4399,11.7213]],[[38.46671,11.72771],[38.45939,11.71932],[38.45145,11.71613],[38.44005,11.7211]],[[38.40674,11.75778],[38.40637,11.7577]],[[38.4399,11.7213],[38.43724,11.7279],[38.43261,11.73137],[38.42675,11.73007],[38.41879,11.73839],[38.41707,11.75454],[38.41116,11.75859],[38.40674,11.75778]],[[37.03771,11.36724],[37.03774,11.36731]],[[37.03699,11.36672],[37.03705,11.36675]],[[37.03774,11.36731],[37.03767,11.36728]],[[37.03702,11.36678],[37.03699,11.36672]],[[37.03705,11.36675],[37.03771,11.36724]],[[37.06102,12.54381],[37.06611,12.55494]],[[37.06611,12.55494],[37.06102,12.54381]],[[37.06611,12.55494],[37.06992,12.56388],[37.07858,12.57085],[37.09357,12.5648],[37.09949,12.55732],[37.10352,12.56503],[37.11448,12.56331],[37.12323,12.55619],[37.12946,12.5559]],[[37.39991,9.00246],[37.39971,9.00212]],[[37.39971,9.00212],[37.39497,8.99891],[37.38323,8.99861]],[[37.35054,8.9953],[37.35023,8.99539]],[[37.38297,8.99852],[37.36196,8.99268],[37.35054,8.9953]],[[37.09693,9.10544],[37.09678,9.10574]],[[37.09678,9.10574],[37.07966,9.11219],[37.07415,9.11866]],[[36.97551,9.10329],[36.97535,9.1031]],[[36.97535,9.1031],[36.97211,9.09703],[36.95,9.08749],[36.94587,9.08933],[36.9426,9.08585],[36.93208,9.08674]],[[39.82515,8.90836],[39.82528,8.90847]],[[39.82528,8.90847],[39.83495,8.9167],[39.85249,8.92156],[39.86221,8.91632]],[[38.76683,8.9638],[38.7668,8.96389]],[[38.76666,8.96384],[38.7667,8.96374]],[[42.16588,11.34486],[42.15884,11.36137],[42.16458,11.38042],[42.16046,11.39396],[42.14662,11.41044],[42.1298,11.42169],[42.12116,11.44194],[42.12228,11.45442],[42.11569,11.46552],[42.10155,11.51313],[42.06584,11.51759],[42.04215,11.52663],[42.03132,11.53428],[42.01511,11.55914],[41.97614,11.58789],[41.96703,11.61222],[41.93598,11.6356],[41.91408,11.66099],[41.89897,11.67352],[41.87044,11.68522],[41.85631,11.70111],[41.84838,11.70469],[41.84474,11.71376],[41.83772,11.71685]],[[34.19036,10.77429],[34.20046,10.75193],[34.20349,10.72074],[34.22202,10.69313],[34.22327,10.68362],[34.22014,10.67142],[34.23677,10.58895],[34.2369,10.57448],[34.24867,10.56367],[34.26986,10.55651],[34.28246,10.55484],[34.28611,10.55954],[34.29255,10.55743]],[[38.72305,9.08431],[38.70938,9.10485],[38.7351,9.12093],[38.74198,9.13075],[38.75115,9.13212],[38.75524,9.13925]],[[38.7382,9.07398],[38.73784,9.07474]],[[38.73767,9.07615],[38.73754,9.07627]],[[38.73754,9.07627],[38.73423,9.07883],[38.7315,9.07638],[38.7325,9.08044],[38.72305,9.08431]],[[38.14284,4.88962],[38.14048,4.88574]],[[39.05322,3.5238],[39.0531,3.52414]],[[39.05322,3.5238],[39.0548,3.52122]],[[37.85937,10.25584],[37.85923,10.25596]],[[37.85923,10.25596],[37.84047,10.25203],[37.84486,10.26624],[37.83265,10.27195]],[[40.25484,11.2521],[40.25615,11.24904]],[[38.8215,8.86465],[38.82114,8.86726]],[[36.25302,12.87935],[36.26394,12.87328],[36.2685,12.86652]],[[36.21981,12.89756],[36.25302,12.87935]],[[37.53865,5.99273],[37.53852,5.99255]],[[37.53845,6.00133],[37.53812,5.99487],[37.54148,5.99391],[37.53865,5.99273]],[[39.70853,11.09123],[39.70818,11.09122]],[[39.70818,11.09122],[39.70806,11.09119]],[[41.83145,11.73694],[41.82878,11.74046],[41.84086,11.73922]],[[38.73393,8.94737],[38.73489,8.94036]],[[38.73402,8.9474],[38.73388,8.94796]],[[38.73254,8.95246],[38.7325,8.95332]],[[38.73332,8.94936],[38.73349,8.94871]],[[37.30152,6.92655],[37.30464,6.9255],[37.32381,6.93523],[37.32671,6.94034],[37.34396,6.95197]],[[37.33884,6.95666],[37.34396,6.95197]],[[42.09364,9.32121],[42.10774,9.31231]],[[39.63301,11.84647],[39.62734,11.84498],[39.62049,11.83593],[39.60585,11.83366]],[[38.77569,9.35662],[38.77889,9.3604],[38.77995,9.37107],[38.78427,9.3719]],[[39.63321,11.84646],[39.63301,11.84647]],[[44.76952,6.08551],[44.7727,6.05161],[44.77736,6.03805],[44.77442,6.01461],[44.80669,5.98988],[44.80816,5.98148],[44.79871,5.97787],[44.79285,5.96698],[44.78509,5.96312],[44.78119,5.92949],[44.77705,5.92246],[44.77848,5.91496],[44.76144,5.87754],[44.76293,5.85846],[44.8294,5.79229],[44.85304,5.72196],[44.87085,5.67996],[44.94633,5.57368]],[[41.75257,11.81902],[41.72222,11.84152],[41.7124,11.83817],[41.70797,11.84031]],[[41.62301,11.88902],[41.61123,11.90214],[41.59444,11.91274],[41.58719,11.91542],[41.57636,11.91329],[41.56358,11.91817]],[[39.9614,10.06582],[39.96158,10.066]],[[39.96158,10.066],[39.9671,10.07229],[39.97738,10.09723]],[[38.87578,9.02191],[38.87535,9.02171]],[[38.87626,9.02111],[38.87628,9.02159]],[[38.87535,9.02171],[38.87525,9.02125]],[[38.90829,9.08221],[38.9097,9.08342]],[[38.87622,9.0217],[38.87578,9.02191]],[[38.87628,9.02159],[38.87622,9.0217]],[[38.87878,9.05638],[38.8791,9.05687]],[[38.87821,9.0566],[38.87878,9.05638]],[[38.8791,9.05687],[38.87863,9.05735]],[[38.9097,9.08342],[38.90752,9.08177]],[[38.87852,9.05613],[38.87878,9.05638]],[[38.87814,9.05639],[38.87786,9.05568]],[[38.67729,9.00113],[38.67793,9.00039]],[[38.68877,8.99181],[38.68888,8.99149]],[[38.68889,8.99196],[38.68877,8.99181]],[[38.6891,8.99202],[38.68889,8.99196]],[[38.68928,8.99193],[38.6891,8.99202]],[[38.68936,8.99164],[38.68928,8.99193]],[[38.68924,8.99147],[38.68936,8.99164]],[[38.67764,9.00103],[38.67748,9.00133]],[[38.73255,8.95459],[38.73305,8.96285]],[[38.7325,8.95372],[38.73255,8.95459]],[[38.73331,8.94977],[38.73254,8.95246]],[[38.73382,8.9482],[38.73376,8.94835]],[[38.73486,8.93933],[38.735,8.94037]],[[38.73489,8.94036],[38.73473,8.93935]],[[38.73281,8.96458],[38.7328,8.96447]],[[38.73281,8.96458],[38.73271,8.96458]],[[38.73294,8.96459],[38.73281,8.96458]],[[38.73294,8.96455],[38.73294,8.96459]],[[38.73295,8.96452],[38.73294,8.96455]],[[38.7328,8.96447],[38.73295,8.96449]],[[38.73276,8.96448],[38.7328,8.96447]],[[38.73271,8.96448],[38.73276,8.96448]],[[38.73266,8.96448],[38.73271,8.96448]],[[38.73294,8.96281],[38.73245,8.95462]],[[38.73245,8.95462],[38.73238,8.95364]],[[38.73242,8.9524],[38.73321,8.94975]],[[38.73349,8.94871],[38.73352,8.94861]],[[38.73388,8.94796],[38.73382,8.9482]],[[38.73364,8.94821],[38.73381,8.94774]],[[38.73359,8.94836],[38.73364,8.94821]],[[38.73381,8.94774],[38.73393,8.94737]],[[38.71701,8.99295],[38.71697,8.99292]],[[38.71729,8.99273],[38.71728,8.99284]],[[38.71718,8.9926],[38.71729,8.99273]],[[38.71692,8.99269],[38.71718,8.9926]],[[38.71697,8.99292],[38.71692,8.99269]],[[38.68185,8.97573],[38.68173,8.97563]],[[38.68239,8.97636],[38.68185,8.97573]],[[38.69823,8.9831],[38.69718,8.98292]],[[38.70799,8.98676],[38.70596,8.98563]],[[38.70849,8.98733],[38.7084,8.98726]],[[38.70853,8.98733],[38.70849,8.98733]],[[38.70866,8.98712],[38.70867,8.98717]],[[38.70858,8.98705],[38.70866,8.98712]],[[38.70852,8.98704],[38.70858,8.98705]],[[38.70838,8.98717],[38.70852,8.98704]],[[38.7084,8.98726],[38.70838,8.98717]],[[38.68366,8.97796],[38.68239,8.97636]],[[38.70818,8.9868],[38.70852,8.98704]],[[38.70838,8.98717],[38.70799,8.98676]],[[38.71617,8.99266],[38.71692,8.99269]],[[38.71697,8.99292],[38.71604,8.99276]],[[38.71746,8.99372],[38.71741,8.9936]],[[38.71728,8.99284],[38.71755,8.99366]],[[38.71741,8.9936],[38.71701,8.99295]],[[38.71972,9.00845],[38.71906,9.00708]],[[38.80297,9.01555],[38.80294,9.01561]],[[38.80287,9.0156],[38.80309,9.01496]],[[38.73743,9.07109],[38.73821,9.0738]],[[38.73335,9.06364],[38.7338,9.06311]],[[38.73813,9.07382],[38.73771,9.07161]],[[38.6971,8.9827],[38.69892,8.98317]],[[38.70868,8.98747],[38.70853,8.98733]],[[38.81991,8.93002],[38.81955,8.93007]],[[38.82009,8.92975],[38.81991,8.93002]],[[38.82007,8.92951],[38.82009,8.92975]],[[38.81989,8.92931],[38.82007,8.92951]],[[38.81927,8.92955],[38.8194,8.92935]],[[38.81932,8.92989],[38.81927,8.92955]],[[38.81955,8.93007],[38.81932,8.92989]],[[38.8153,8.8998],[38.81496,8.89992]],[[38.81533,8.89977],[38.8153,8.8998]],[[38.81543,8.89947],[38.81533,8.89977]],[[38.81469,8.89921],[38.81503,8.89908]],[[38.81466,8.89924],[38.81469,8.89921]],[[38.81457,8.8995],[38.81466,8.89924]],[[38.8146,8.89965],[38.81457,8.8995]],[[38.81477,8.89986],[38.8146,8.89965]],[[38.81496,8.89992],[38.81477,8.89986]],[[38.83606,8.96014],[38.8356,8.96021]],[[38.83619,8.95992],[38.83606,8.96014]],[[38.83619,8.95974],[38.83619,8.95992]],[[38.83601,8.95949],[38.83619,8.95974]],[[38.83549,8.95953],[38.83601,8.95949]],[[38.86065,9.00373],[38.85995,9.0033]],[[38.86016,9.00298],[38.86063,9.00326]],[[38.85848,9.00201],[38.86016,9.00298]],[[38.85839,9.00196],[38.85848,9.00201]],[[38.85159,9.00165],[38.85162,9.00133]],[[38.85173,9.00178],[38.85159,9.00165]],[[38.852,9.00176],[38.85173,9.00178]],[[38.85211,9.00163],[38.852,9.00176]],[[38.85197,9.00126],[38.85207,9.00133]],[[38.85169,9.00127],[38.85197,9.00126]],[[38.85162,9.00133],[38.85169,9.00127]],[[38.61016,9.05761],[38.6082,9.05908]],[[38.69805,8.98172],[38.6977,8.98215]],[[38.72148,8.96928],[38.72104,8.96958]],[[38.72184,8.96908],[38.72148,8.96928]],[[38.72226,8.9688],[38.72198,8.969]],[[38.7226,8.96859],[38.72226,8.9688]],[[38.73211,8.96463],[38.73135,8.96469]],[[38.76212,8.93263],[38.75835,8.93102]],[[38.76873,8.93617],[38.76844,8.93603]],[[38.6977,8.98215],[38.69728,8.98277]],[[38.73567,8.93754],[38.73522,8.93762]],[[38.75694,8.93092],[38.75579,8.93078]],[[38.76921,8.94443],[38.76946,8.94359]],[[38.76917,8.94488],[38.76921,8.94443]],[[38.7574,8.93081],[38.75838,8.93091]],[[38.7558,8.93066],[38.75695,8.93077]],[[38.73505,8.93663],[38.73709,8.93699]],[[38.73499,8.93659],[38.73505,8.93663]],[[38.73401,8.9367],[38.73499,8.93659]],[[38.73382,8.93705],[38.73401,8.9367]],[[38.7338,8.93722],[38.73382,8.93705]],[[38.73391,8.93761],[38.7338,8.93722]],[[38.73436,8.93796],[38.73425,8.93792]],[[38.7348,8.93795],[38.73436,8.93796]],[[38.73484,8.93794],[38.7348,8.93795]],[[38.73507,8.9378],[38.73484,8.93794]],[[38.73522,8.93762],[38.73507,8.9378]],[[38.73138,8.9646],[38.7321,8.96452]],[[38.72191,8.96888],[38.72263,8.96843]],[[38.69763,8.98206],[38.69799,8.98163]],[[38.6971,8.9827],[38.69763,8.98206]],[[38.73413,8.93118],[38.73436,8.9346]],[[38.7353,8.92015],[38.73503,8.92091]],[[38.73471,8.924],[38.7348,8.9243]],[[38.73469,8.92398],[38.73471,8.924]],[[38.73405,8.92402],[38.73407,8.92399]],[[38.73397,8.92432],[38.73405,8.92402]],[[38.73403,8.92448],[38.73397,8.92432]],[[38.73468,8.92456],[38.73403,8.92448]],[[38.7348,8.9243],[38.73468,8.92456]],[[38.73423,8.93461],[38.7339,8.93216]],[[38.73407,8.92399],[38.73467,8.92081]],[[38.66538,9.03265],[38.66462,9.03253]],[[38.67229,9.02851],[38.66538,9.03265]],[[38.7691,8.94561],[38.76916,8.94498]],[[38.7667,8.96374],[38.76673,8.96358]],[[38.76661,8.96405],[38.76666,8.96384]],[[38.76635,8.96527],[38.76661,8.96405]],[[38.76553,8.97478],[38.7654,8.97445]],[[38.76681,8.97669],[38.7664,8.97615]],[[38.77479,8.98087],[38.77259,8.97998]],[[38.79986,9.00238],[38.79934,9.00154]],[[38.79991,9.00246],[38.79986,9.00238]],[[38.79994,9.00251],[38.79991,9.00246]],[[38.80148,9.02075],[38.80146,9.02087]],[[38.8,9.0024],[38.80058,9.00338]],[[38.79996,9.00234],[38.8,9.0024]],[[38.79992,9.00227],[38.79996,9.00234]],[[38.79943,9.0015],[38.7998,9.00209]],[[38.77617,8.98129],[38.77765,8.98188]],[[38.77263,8.9799],[38.77484,8.98078]],[[38.76648,8.97609],[38.76694,8.97669]],[[38.76554,8.97452],[38.76564,8.97472]],[[38.7668,8.96389],[38.76647,8.9653]],[[38.76928,8.94501],[38.76922,8.94562]],[[38.77126,8.9407],[38.76954,8.94363]],[[38.76819,8.93578],[38.76876,8.93605]],[[38.71459,9.0336],[38.71456,9.03379]],[[38.71445,9.03378],[38.71446,9.03359]],[[38.71461,9.03345],[38.71459,9.0336]],[[38.71448,9.03346],[38.71455,9.0326]],[[38.71468,9.03259],[38.71461,9.03345]],[[38.71927,9.01579],[38.72073,9.01401]],[[38.72082,9.01402],[38.7193,9.0159]],[[38.71436,9.03478],[38.71445,9.03378]],[[38.71456,9.03379],[38.71446,9.03483]],[[38.71228,9.05471],[38.71216,9.05437]],[[38.81983,8.87361],[38.82062,8.86915]],[[38.82026,8.87449],[38.82022,8.87466]],[[38.81975,8.87402],[38.82014,8.87417]],[[38.8194,8.87422],[38.81975,8.87402]],[[38.81932,8.87444],[38.8194,8.87422]],[[38.8195,8.87486],[38.81932,8.87444]],[[38.8199,8.87494],[38.8195,8.87486]],[[38.82016,8.87478],[38.8199,8.87494]],[[38.82022,8.87466],[38.82016,8.87478]],[[38.81002,8.859],[38.80566,8.8561]],[[38.82086,8.86926],[38.82039,8.87287]],[[44.94633,5.57368],[44.94952,5.57028]],[[37.50671,5.91426],[37.50264,5.90149]],[[42.14166,9.2942],[42.14181,9.29358]],[[42.14245,9.29321],[42.15069,9.29079],[42.14842,9.28776],[42.15165,9.28173],[42.1644,9.28224],[42.16837,9.27956],[42.16857,9.27343],[42.17649,9.26647],[42.19382,9.2619]],[[42.14245,9.29321],[42.14204,9.29355]],[[38.26868,5.4144],[38.27865,5.39095]],[[38.27865,5.39095],[38.26868,5.4144]],[[38.27865,5.39095],[38.28735,5.38006],[38.29659,5.37766],[38.29944,5.36148],[38.28605,5.31759]],[[38.28943,5.28664],[38.28919,5.28591]],[[38.28605,5.31759],[38.28943,5.28664]],[[36.70692,5.84574],[36.70862,5.84829],[36.71075,5.84671],[36.71326,5.85242],[36.71707,5.85154],[36.72307,5.86677]],[[36.72507,4.82979],[36.73108,4.83354],[36.73664,4.84328]],[[36.51659,4.97728],[36.51756,4.97708]],[[36.51756,4.97708],[36.54014,4.97106],[36.56986,4.92836],[36.58715,4.90958],[36.6074,4.89828],[36.6186,4.89679],[36.63789,4.88133]],[[36.63789,4.88133],[36.6382,4.88088]],[[36.6382,4.88088],[36.64752,4.87233],[36.65382,4.85799],[36.68818,4.83171],[36.70461,4.82528],[36.71989,4.82864]],[[36.71989,4.82864],[36.72507,4.82979]],[[36.85083,4.99304],[36.83906,5.02658],[36.85499,5.11218],[36.87886,5.15281],[36.90404,5.23022]],[[36.49484,4.96959],[36.49524,4.96985]],[[36.49524,4.96985],[36.51659,4.97728]],[[36.99236,5.37413],[36.98958,5.37578]],[[36.99586,5.37209],[36.99236,5.37413]],[[36.98958,5.37578],[36.98349,5.38713],[36.923,5.441],[36.85679,5.46244],[36.82746,5.45736],[36.8057,5.47298],[36.78836,5.47265],[36.77067,5.46789],[36.75534,5.473],[36.74703,5.4834],[36.74762,5.50225]],[[37.44557,5.38903],[37.43628,5.35266],[37.43763,5.34148],[37.4415,5.34002]],[[37.42537,5.73515],[37.4164,5.71879]],[[39.56738,13.57222],[39.56323,13.5411],[39.55455,13.52772]],[[39.5589,13.51224],[39.55718,13.50052]],[[41.91037,12.04419],[41.92608,12.05428]],[[36.61355,9.03482],[36.60713,9.04345]],[[36.64087,9.02908],[36.6541,9.03117],[36.65719,9.03555]],[[36.65741,9.03565],[36.66299,9.03129],[36.67005,9.03664],[36.68099,9.02875],[36.68753,9.03856],[36.69088,9.03524],[36.69793,9.04709]],[[36.55661,9.08946],[36.56834,9.09246],[36.57893,9.08935]],[[36.57893,9.08935],[36.56836,9.09253],[36.55654,9.0897]],[[36.05051,4.81194],[36.07487,4.81568],[36.11957,4.80714],[36.15119,4.78149],[36.15726,4.76714],[36.17052,4.75592],[36.17433,4.74819]],[[37.35102,11.58476],[37.38241,11.58766]],[[39.05244,3.52612],[39.05243,3.52868]],[[39.05279,3.52859],[39.05217,3.532]],[[39.05303,3.52913],[39.05277,3.52737]],[[39.05251,3.52702],[39.05243,3.52868]],[[39.05279,3.52859],[39.05262,3.52863]],[[39.05251,3.52866],[39.05243,3.52868]],[[39.05262,3.52863],[39.05251,3.52866]],[[39.05208,3.532],[39.05272,3.52643]],[[37.73672,10.30417],[37.7365,10.30426]],[[38.36785,8.82862],[38.28042,8.7344]],[[37.76287,8.27872],[37.76287,8.27872]],[[36.74284,7.6086],[36.75092,7.60663],[36.76059,7.61892],[36.76031,7.62471],[36.76672,7.62635],[36.77477,7.63892],[36.79391,7.65109],[36.80221,7.64623],[36.81971,7.65399],[36.84194,7.64384],[36.84507,7.64937]],[[36.83451,7.6137],[36.83506,7.6208],[36.82919,7.62937],[36.84355,7.64467]],[[36.83473,7.61341],[36.83451,7.6137]],[[38.60789,8.60353],[38.61546,8.59582],[38.61588,8.58419],[38.6283,8.58842],[38.63761,8.58522]],[[38.63761,8.58522],[38.6378,8.58525]],[[36.47378,8.04437],[36.46287,8.0413],[36.46188,8.03005],[36.46639,8.0199],[36.47449,8.00994],[36.49685,8.00082],[36.50497,7.99196],[36.51056,7.99018],[36.50678,7.9782],[36.50918,7.96854],[36.5064,7.95136]],[[36.5064,7.95136],[36.50642,7.95127]],[[36.90404,5.23022],[36.93005,5.31099],[36.92767,5.32394],[36.95818,5.34337]],[[37.0869,7.71459],[37.08647,7.71439]],[[37.16302,7.14504],[37.1543,7.14193],[37.12479,7.1452]],[[37.16316,7.14516],[37.16302,7.14504]],[[36.95818,5.34337],[36.9685,5.3497]],[[38.20671,13.74243],[38.20658,13.7421]],[[38.20658,13.7421],[38.20658,13.74201]],[[37.13006,12.5559],[37.13511,12.55317]],[[37.57761,8.22949],[37.57564,8.22567]],[[37.57564,8.22567],[37.57526,8.22525]],[[39.38848,14.54156],[39.38888,14.54249]],[[39.38789,14.537],[39.38848,14.54156]],[[38.38467,8.13059],[38.37492,8.11372],[38.38003,8.09736],[38.37352,8.08193],[38.36276,8.06723],[38.34626,8.05821],[38.34055,8.04784]],[[38.34054,8.04772],[38.33927,8.0403]],[[38.34055,8.04784],[38.34054,8.04772]],[[34.29291,10.55725],[34.30878,10.56379],[34.33995,10.56761],[34.35161,10.57296],[34.36053,10.57185]],[[34.36053,10.57185],[34.36071,10.57173]],[[36.26878,12.8661],[36.27325,12.86497],[36.30549,12.82789],[36.32998,12.81929],[36.34451,12.8088],[36.3927,12.79251]],[[36.21953,12.89777],[36.21981,12.89756]],[[37.88735,13.33865],[37.89182,13.33789]],[[37.88718,13.33869],[37.88735,13.33865]],[[37.86993,13.33293],[37.87072,13.33427]],[[37.87072,13.33427],[37.87077,13.33436]],[[37.86302,13.32336],[37.86609,13.32791]],[[37.86609,13.32791],[37.86612,13.32799]],[[37.85646,13.30445],[37.85611,13.30659]],[[37.85641,13.30423],[37.85646,13.30445]],[[39.0752,8.50798],[39.07497,8.50734]],[[39.12451,8.58676],[39.08365,8.52959],[39.07603,8.51036]],[[37.7623,8.2787],[37.76268,8.27869]],[[37.76265,8.27882],[37.7623,8.2787]],[[37.76287,8.27872],[37.76319,8.2789]],[[37.76319,8.2789],[37.76285,8.27886]],[[39.25332,8.55406],[39.25309,8.55885],[39.26257,8.5727]],[[37.57409,10.39909],[37.56608,10.40103],[37.56795,10.41372],[37.56313,10.42588],[37.57014,10.45919]],[[38.48266,7.09132],[38.48234,7.09144]],[[38.48266,7.09132],[38.4861,7.08941],[38.49569,7.04764]],[[38.49578,7.04776],[38.48625,7.08931],[38.48266,7.09132]],[[37.62823,12.23671],[37.62771,12.25024]],[[37.62771,12.25024],[37.62764,12.25035]],[[38.75897,9.18249],[38.75978,9.20041]],[[38.75524,9.13925],[38.75439,9.15993]],[[38.75439,9.15993],[38.75439,9.16001]],[[35.10422,9.7886],[35.10954,9.78039],[35.12721,9.77627],[35.13026,9.76573],[35.14591,9.76076],[35.16056,9.74538],[35.16529,9.74407],[35.16412,9.73804]],[[34.74185,9.7464],[34.75064,9.74404],[34.7648,9.74702],[34.78846,9.76344],[34.80882,9.76444]],[[34.74167,9.74653],[34.74185,9.7464]],[[39.61866,11.54631],[39.60937,11.53926]],[[39.61872,11.54636],[39.61866,11.54631]],[[39.61966,11.54609],[39.61872,11.54636]],[[39.61964,11.54598],[39.61966,11.54609]],[[39.55639,13.45579],[39.55503,13.46662],[39.54589,13.4698],[39.54546,13.47699]],[[39.55718,13.50052],[39.55736,13.49823]],[[39.56813,13.58215],[39.57023,13.57967],[39.56379,13.57476],[39.56738,13.57222]],[[39.56738,13.57222],[39.57324,13.57447]],[[38.82785,14.29247],[38.82977,14.28936]],[[38.82977,14.28936],[38.83001,14.28921]],[[38.82314,14.29921],[38.82267,14.29376],[38.82751,14.29272]],[[38.82305,14.29929],[38.82314,14.29921]],[[38.78578,14.45178],[38.78454,14.44952]],[[38.78454,14.44952],[38.78455,14.44939]],[[38.78551,14.45764],[38.78538,14.45726]],[[38.78556,14.45776],[38.78551,14.45764]],[[37.32116,9.00127],[37.3201,9.00219]],[[38.24313,5.61526],[38.23978,5.6057],[38.24511,5.60124],[38.24403,5.5877],[38.23905,5.58144],[38.23354,5.56263],[38.23903,5.55253],[38.25317,5.54604],[38.25982,5.52836],[38.25761,5.50792],[38.26369,5.47534],[38.26038,5.46154],[38.26608,5.44709],[38.26868,5.4144]],[[39.57324,13.57447],[39.57312,13.57448]],[[39.028,8.42999],[39.0212,8.40795]],[[39.02814,8.43042],[39.028,8.42999]],[[39.59565,13.76077],[39.59726,13.76765]],[[39.60367,13.79168],[39.60384,13.79211]],[[38.77561,14.47025],[38.77452,14.47195]],[[39.03302,8.44152],[39.02814,8.43042]],[[42.03257,12.13834],[42.03249,12.13794]],[[42.03249,12.13794],[42.03257,12.13834]],[[41.99377,12.1021],[42.00561,12.11159],[42.01914,12.11412],[42.03249,12.13794]],[[38.14567,13.60115],[38.14569,13.59685]],[[38.14569,13.59685],[38.1427,13.58498]],[[38.14278,13.5849],[38.14278,13.5849]],[[38.14265,13.58489],[38.13109,13.55958]],[[38.12996,13.55476],[38.1312,13.55954]],[[38.13109,13.55953],[38.12996,13.55476]],[[38.13109,13.55956],[38.13109,13.55956]],[[38.1312,13.55959],[38.14273,13.58485]],[[38.14278,13.58494],[38.14569,13.59685]],[[38.18727,13.95494],[38.18705,13.95465]],[[38.18953,13.95841],[38.18727,13.95494]],[[38.18732,13.95485],[38.18953,13.95841]],[[38.18707,13.95453],[38.18732,13.95485]],[[38.83112,14.28841],[38.83076,14.28088],[38.83754,14.27787],[38.83921,14.27228]],[[38.85311,14.26232],[38.87566,14.24985],[38.88078,14.24009]],[[38.29643,6.41863],[38.31285,6.41374],[38.3127,6.40669]],[[38.31275,6.4064],[38.31275,6.4064]],[[38.3127,6.40669],[38.31258,6.40646]],[[38.31273,6.40644],[38.3127,6.40669]],[[38.31252,6.40637],[38.31236,6.40614]],[[38.31236,6.40614],[38.31264,6.40624]],[[38.30816,6.38223],[38.29925,6.36497]],[[38.30821,6.38244],[38.30816,6.38223]],[[39.38783,14.53622],[39.38789,14.537]],[[41.83737,11.90917],[41.83096,11.92753],[41.81602,11.94427],[41.81747,11.951],[41.82351,11.94804],[41.82453,11.95632],[41.83246,11.96581]],[[41.92702,12.05662],[41.92979,12.06125]],[[41.92608,12.05428],[41.92676,12.056]],[[41.92676,12.056],[41.92702,12.05662]],[[38.20204,6.1045],[38.20409,6.09371],[38.20683,6.09336],[38.20153,6.08954],[38.20133,6.07811],[38.21175,6.0678],[38.21519,6.05997],[38.23045,6.08325],[38.23868,6.08429],[38.24482,6.07102],[38.24368,6.05836],[38.24706,6.04689],[38.25582,6.03616],[38.26149,6.03384],[38.26394,6.02627]],[[41.84213,11.98182],[41.88439,11.99914],[41.89746,12.0086],[41.90813,12.02845],[41.91037,12.04419]],[[41.92608,12.05428],[41.91037,12.04419]],[[38.18371,13.93704],[38.17705,13.90202],[38.17969,13.89709],[38.17845,13.86309],[38.19044,13.8529],[38.20908,13.82808],[38.20997,13.80684]],[[38.17517,13.70177],[38.17048,13.68834]],[[38.17048,13.68834],[38.16577,13.67778],[38.15891,13.67355],[38.15702,13.63571],[38.14922,13.62946],[38.14615,13.61675]],[[38.20997,13.80684],[38.20675,13.79612]],[[38.78519,14.42238],[38.78387,14.41243],[38.79094,14.40167]],[[38.79094,14.40167],[38.79101,14.40157]],[[38.78628,14.44587],[38.78664,14.44234]],[[38.78618,14.44609],[38.78628,14.44587]],[[38.78911,14.43148],[38.78519,14.42238]],[[37.26739,10.68013],[37.26562,10.67996]],[[39.51546,12.51259],[39.52265,12.50564],[39.52238,12.49659]],[[39.59806,12.31019],[39.59804,12.2994]],[[41.75859,11.8043],[41.75257,11.81902]],[[41.75927,11.80403],[41.75897,11.80414]],[[41.76064,11.80353],[41.75927,11.80403]],[[41.76075,11.80349],[41.76064,11.80353]],[[41.88589,11.82671],[41.88859,11.83219],[41.88436,11.83911],[41.85608,11.86878]],[[41.88552,11.82629],[41.88589,11.82671]],[[41.88497,11.82568],[41.88552,11.82629]],[[41.88446,11.82512],[41.88497,11.82568]],[[41.86311,11.80905],[41.86673,11.81767],[41.87458,11.81446],[41.88446,11.82512]],[[41.86279,11.80884],[41.86311,11.80905]],[[41.85586,11.80143],[41.86279,11.80884]],[[41.85576,11.80133],[41.85586,11.80143]],[[41.84622,11.77666],[41.85331,11.7826],[41.85013,11.79523],[41.85576,11.80133]],[[41.84571,11.77636],[41.84622,11.77666]],[[41.82439,11.7717],[41.84571,11.77636]],[[41.83738,11.90902],[41.83737,11.90917]],[[41.83995,11.89979],[41.83738,11.90902]],[[41.84065,11.89915],[41.83995,11.89979]],[[41.85572,11.86927],[41.84065,11.89915]],[[41.85608,11.86878],[41.85572,11.86927]],[[41.82439,11.7717],[41.76075,11.80349]],[[41.84208,11.98174],[41.84213,11.98182]],[[41.84141,11.98073],[41.84208,11.98174]],[[41.84135,11.98062],[41.84141,11.98073]],[[41.83683,11.97385],[41.84135,11.98062]],[[41.83679,11.97379],[41.83683,11.97385]],[[41.83252,11.96594],[41.83679,11.97379]],[[41.83246,11.96581],[41.83252,11.96594]],[[44.95744,5.57325],[44.95853,5.57295]],[[44.95853,5.57295],[44.95861,5.57292]],[[39.52237,13.02533],[39.53,13.01721]],[[39.49831,13.05643],[39.50436,13.04949],[39.51029,13.03394],[39.52237,13.02533]],[[37.77656,12.9949],[37.78918,13.0181],[37.78977,13.02748]],[[37.76841,12.98483],[37.7672,12.9842]],[[37.7672,12.9842],[37.76705,12.98412]],[[37.75766,12.97967],[37.76707,12.98407]],[[37.76875,12.98497],[37.77179,12.98993]],[[37.77656,12.9949],[37.77179,12.98993]],[[37.75766,12.97967],[37.75715,12.97936]],[[37.76707,12.98407],[37.76843,12.9848]],[[39.52602,12.75102],[39.52327,12.74753]],[[39.52625,12.7513],[39.52602,12.75102]],[[39.5397,12.71474],[39.53983,12.7145]],[[39.52307,12.74727],[39.52182,12.74213],[39.52584,12.73202],[39.5397,12.71474]],[[38.24313,5.61526],[38.23938,5.62886]],[[38.26913,5.78924],[38.27073,5.77437],[38.26182,5.71628],[38.2643,5.7097],[38.25882,5.69219],[38.2517,5.68841],[38.24317,5.66349]],[[38.23932,5.62886],[38.24313,5.61526]],[[38.23892,5.63036],[38.23929,5.62892]],[[36.66821,12.62327],[36.6758,12.62107]],[[36.66821,12.62327],[36.65643,12.62657]],[[36.15508,12.95444],[36.15492,12.95456]],[[36.15492,12.95456],[36.15501,12.95439]],[[36.16081,12.94702],[36.16069,12.94722]],[[36.16063,12.94718],[36.16081,12.94702]],[[37.4164,5.71879],[37.41377,5.71377]],[[36.89127,6.30089],[36.88245,6.2955],[36.88126,6.301]],[[37.52661,6.91818],[37.51639,6.91893]],[[37.51639,6.91893],[37.52664,6.91805]],[[37.442,5.33958],[37.44293,5.33944]],[[37.45434,5.34006],[37.44907,5.34326],[37.44754,5.33858],[37.44267,5.33957]],[[37.46172,5.31566],[37.46517,5.31301],[37.46634,5.3057],[37.46298,5.30139],[37.4644,5.29155]],[[37.4644,5.29155],[37.46422,5.29116]],[[37.49505,5.24435],[37.50602,5.23637],[37.5215,5.23708]],[[37.49459,5.24434],[37.49505,5.24435]],[[37.76843,12.9848],[37.76875,12.98497]],[[36.96771,6.23486],[36.96772,6.23451]],[[36.93164,6.29103],[36.93242,6.29069]],[[36.93242,6.29069],[36.93717,6.28928]],[[36.93717,6.28928],[36.93738,6.28945]],[[36.91331,6.2957],[36.91957,6.29641],[36.93164,6.29103]],[[36.91312,6.29566],[36.91331,6.2957]],[[36.88119,6.301],[36.8868,6.30289]],[[36.8868,6.30289],[36.89141,6.30428]],[[36.99183,6.22196],[36.99179,6.22221]],[[38.11688,13.5261],[38.11819,13.51628],[38.12199,13.51342]],[[38.11696,13.52621],[38.11688,13.5261]],[[36.95355,6.18709],[36.96266,6.19158],[36.97232,6.20167],[36.98223,6.2203],[36.99205,6.22208]],[[36.95331,6.18695],[36.95355,6.18709]],[[36.88096,6.05546],[36.8814,6.0556]],[[36.81393,5.98494],[36.82927,6.00142]],[[36.82927,6.00142],[36.82965,6.00148]],[[36.88171,6.05573],[36.88376,6.05698]],[[36.8837,6.05703],[36.88171,6.05573]],[[36.88966,6.06279],[36.88376,6.05711]],[[36.88383,6.05705],[36.88966,6.06279]],[[37.56919,6.62368],[37.56936,6.62291]],[[37.56919,6.62368],[37.57046,6.63197]],[[41.75878,11.80421],[41.75859,11.8043]],[[41.75897,11.80414],[41.75878,11.80421]],[[41.83156,11.73678],[41.83145,11.73694]],[[41.8354,11.73162],[41.83156,11.73678]],[[41.84085,11.73931],[41.8332,11.74967],[41.833,11.75473],[41.83805,11.75719],[41.82439,11.7717]],[[41.84086,11.73922],[41.84085,11.73931]],[[37.44672,6.45816],[37.45236,6.46241]],[[36.88372,6.05709],[36.88372,6.05709]],[[36.87687,7.51183],[36.87414,7.51384],[36.87798,7.51685],[36.87529,7.54513],[36.86267,7.54997],[36.85705,7.58833],[36.83473,7.61341]],[[36.88029,7.47954],[36.88005,7.47972]],[[36.88005,7.47972],[36.87597,7.48561],[36.88027,7.48673],[36.88198,7.50607],[36.87687,7.51183]],[[36.86998,7.46209],[36.87673,7.4666],[36.87542,7.46903],[36.87982,7.4748],[36.87646,7.47644],[36.88029,7.47954]],[[36.50642,7.95127],[36.5174,7.92198],[36.54715,7.92298],[36.55442,7.90693],[36.55828,7.88487],[36.56462,7.87348],[36.58491,7.85646]],[[37.36944,5.64975],[37.36944,5.64975]],[[37.44267,5.33957],[37.44209,5.33972]],[[37.38698,10.65069],[37.38014,10.66461]],[[37.26768,10.68012],[37.26739,10.68013]],[[37.26918,10.67994],[37.26768,10.68012]],[[38.00848,11.85601],[38.01152,11.85405]],[[36.54674,9.08803],[36.54699,9.0879]],[[36.55647,9.08946],[36.55647,9.08946]],[[36.51672,9.07812],[36.52515,9.0861],[36.54674,9.08803]],[[36.59643,9.07662],[36.59615,9.07672]],[[36.60713,9.04345],[36.60283,9.05934],[36.60505,9.07358],[36.60206,9.07805],[36.59643,9.07662]],[[36.59615,9.07672],[36.59503,9.07965],[36.58863,9.07809]],[[36.58863,9.07809],[36.58451,9.07917],[36.57893,9.08935]],[[42.82756,9.34894],[42.83144,9.34804]],[[37.42476,12.55122],[37.42519,12.55185]],[[37.42545,12.55223],[37.42916,12.55416],[37.43429,12.56696],[37.432,12.57278],[37.43413,12.58485]],[[37.42519,12.55185],[37.42545,12.55223]],[[37.45176,12.61794],[37.45492,12.61873]],[[37.42605,12.5459],[37.42476,12.55122]],[[37.43428,12.58502],[37.44374,12.59165]],[[37.45523,12.61876],[37.45893,12.61997]],[[37.45492,12.61873],[37.45523,12.61876]],[[37.47052,12.61902],[37.47044,12.61825]],[[36.84499,7.66798],[36.84916,7.66884]],[[39.07603,8.51036],[39.0752,8.50798]],[[39.07497,8.50734],[39.07332,8.50284]],[[35.83456,9.16921],[35.84196,9.16781],[35.84895,9.16167],[35.85012,9.1537],[35.86126,9.1423]],[[38.29621,6.42928],[38.29574,6.41893]],[[38.29604,6.41868],[38.29604,6.41868]],[[38.29596,6.41899],[38.29632,6.42928]],[[38.29587,6.43054],[38.2961,6.42966]],[[38.2962,6.4297],[38.29587,6.43054]],[[38.29632,6.42928],[38.2962,6.4297]],[[38.29643,6.41863],[38.29608,6.41886]],[[38.29604,6.41868],[38.29643,6.41863]],[[37.4774,12.64273],[37.47813,12.64291]],[[37.46965,12.6285],[37.46952,12.6318]],[[37.46351,12.61317],[37.46365,12.613]],[[37.46374,12.61294],[37.46374,12.61294]],[[43.55826,8.21197],[43.55828,8.22401]],[[36.35543,8.45324],[36.35236,8.4561]],[[36.35236,8.45595],[36.35543,8.45324]],[[36.84468,7.66792],[36.84499,7.66798]],[[36.84408,7.66789],[36.84468,7.66792]],[[38.57496,7.21889],[38.58959,7.20522],[38.59197,7.19306]],[[38.55943,7.22326],[38.56004,7.22309]],[[37.46961,12.61196],[37.46976,12.61196]],[[42.12883,9.30446],[42.12437,9.3063],[42.12184,9.31227]],[[34.62231,10.29198],[34.62235,10.295]],[[34.6224,10.29193],[34.62231,10.29198]],[[39.05493,3.52095],[39.05435,3.50628]],[[39.05435,3.50628],[39.05474,3.52087]],[[38.7341,9.06328],[38.73329,9.06391]],[[42.14198,9.29368],[42.14166,9.2942]],[[42.14188,9.29345],[42.14245,9.29321]],[[42.14204,9.29355],[42.14198,9.29368]],[[42.14181,9.29358],[42.14188,9.29345]],[[37.53526,6.55656],[37.54307,6.55828]],[[41.50665,9.3827],[41.50832,9.38757],[41.51638,9.39252],[41.53298,9.38972],[41.55057,9.40011],[41.56409,9.39216],[41.57093,9.39409]],[[41.57093,9.39409],[41.57108,9.39416]],[[41.10502,9.19954],[41.09718,9.20906],[41.09667,9.21389],[41.09976,9.21597]],[[41.09976,9.21597],[41.09992,9.21607]],[[42.78036,9.35161],[42.78005,9.3516]],[[38.32657,6.57408],[38.32081,6.56541],[38.32426,6.5497],[38.32065,6.53466],[38.32379,6.53256],[38.32874,6.53483],[38.33847,6.52556],[38.32806,6.51155],[38.32541,6.49011]],[[42.78005,9.3516],[42.78036,9.35161]],[[38.43961,8.84683],[38.42541,8.84726]],[[38.43988,8.84682],[38.43961,8.84683]],[[38.48325,8.23868],[38.46617,8.21504]],[[38.48339,8.23911],[38.48325,8.23868]],[[41.01013,11.79514],[41.00529,11.77721]],[[41.01735,11.80643],[41.01013,11.79514]],[[41.18492,11.9155],[41.0865,11.8208],[41.02253,11.81001],[41.0216,11.80614],[41.01735,11.80643]],[[40.98697,11.73339],[41.00703,11.77048],[41.00529,11.77721]],[[38.28247,4.30862],[38.28247,4.3085]],[[38.14071,4.88316],[38.16532,4.87531],[38.18314,4.85068],[38.1927,4.83014],[38.19843,4.7683],[38.19215,4.73871],[38.19669,4.71604],[38.22462,4.68856],[38.23562,4.66817],[38.24222,4.6378],[38.23993,4.60375],[38.24832,4.56561],[38.27211,4.5226],[38.27473,4.46203],[38.27335,4.3922],[38.28297,4.35277],[38.28247,4.30862]],[[38.87863,9.05735],[38.8783,9.05712]],[[38.8782,9.05663],[38.87821,9.0566]],[[38.69627,8.98373],[38.69681,8.98311]],[[38.69635,8.9838],[38.69625,8.9839]],[[38.69675,8.9834],[38.69635,8.9838]],[[38.69728,8.98277],[38.69718,8.98292]],[[38.28247,4.3085],[38.28061,4.16011],[38.27349,4.14547],[38.28094,4.12542]],[[38.75835,8.93102],[38.75739,8.93095]],[[38.76921,8.94576],[38.76918,8.94608]],[[38.76922,8.94562],[38.76921,8.94576]],[[38.76909,8.94578],[38.7691,8.94561]],[[38.76907,8.94626],[38.76909,8.94578]],[[38.73456,8.92494],[38.73455,8.92502]],[[38.73468,8.92456],[38.73456,8.92494]],[[38.81975,8.87402],[38.81979,8.87378]],[[38.82018,8.87388],[38.82014,8.87417]],[[38.73418,8.9251],[38.73403,8.92448]],[[38.73412,8.92542],[38.73418,8.9251]],[[38.79509,8.99277],[38.79491,8.99224]],[[38.7951,8.9928],[38.79509,8.99277]],[[38.79498,8.99223],[38.79522,8.99284]],[[38.77763,8.98196],[38.77599,8.98133]],[[38.77841,8.98227],[38.77824,8.9822]],[[38.79391,8.99008],[38.79381,8.98995]],[[38.7942,8.99056],[38.79391,8.99008]],[[38.80355,9.0085],[38.80047,9.0034]],[[38.79984,9.00216],[38.79992,9.00227]],[[38.7998,9.00209],[38.79984,9.00216]],[[38.8199,8.87494],[38.81972,8.87538]],[[38.73538,8.9199],[38.7353,8.92015]],[[38.76285,8.87655],[38.76255,8.87688]],[[38.76423,8.875],[38.76285,8.87655]],[[38.76394,8.87479],[38.77225,8.86548]],[[38.76255,8.87688],[38.76222,8.87727]],[[38.77255,8.86567],[38.76423,8.875]],[[38.67067,8.95059],[38.67054,8.95077]],[[38.67043,8.95006],[38.67067,8.95059]],[[38.66401,8.93386],[38.66906,8.93857],[38.67015,8.94946]],[[38.66996,8.95014],[38.67006,8.94945]],[[38.66391,8.93387],[38.66157,8.93072]],[[38.66157,8.93072],[38.66397,8.93381]],[[38.72097,8.96948],[38.72177,8.96896]],[[38.73344,8.94936],[38.73331,8.94977]],[[38.73321,8.94975],[38.73332,8.94936]],[[38.67686,9.00626],[38.6771,9.00623]],[[38.6773,9.00641],[38.67732,9.0065]],[[38.6771,9.00623],[38.6773,9.00641]],[[38.67724,9.00172],[38.67718,9.00186]],[[38.67697,9.00189],[38.67701,9.00168]],[[38.73271,8.96458],[38.73211,8.96463]],[[38.7321,8.96452],[38.73266,8.96448]],[[38.70064,8.98367],[38.69823,8.9831]],[[38.71446,9.03359],[38.71448,9.03346]],[[38.70894,8.98772],[38.70868,8.98747]],[[38.70799,8.98664],[38.70818,8.9868]],[[38.709,8.98765],[38.70945,8.98813]],[[38.70596,8.98563],[38.70536,8.98532]],[[38.86181,9.00394],[38.86748,9.00718]],[[38.86731,9.00752],[38.86176,9.00438]],[[38.83002,8.99183],[38.82979,8.99121]],[[38.83009,8.99106],[38.83034,8.99174]],[[38.87525,9.02125],[38.8753,9.02112]],[[38.87579,9.02083],[38.87626,9.02111]],[[38.67748,9.00133],[38.67747,9.00153]],[[38.67687,9.00136],[38.67712,9.00111]],[[38.67701,9.00168],[38.67687,9.00136]],[[38.67724,9.00172],[38.67701,9.00168]],[[38.67744,9.00159],[38.67724,9.00172]],[[38.67729,9.00113],[38.67748,9.00133]],[[38.67712,9.00111],[38.67729,9.00113]],[[36.48746,4.96769],[36.48743,4.96767]],[[38.76934,8.94435],[38.76928,8.94501]],[[38.85311,14.26232],[38.85063,14.26782],[38.84861,14.26635],[38.83921,14.27228]],[[38.83112,14.28841],[38.83001,14.28921]],[[38.68595,8.9798],[38.68377,8.97812]],[[38.68173,8.97563],[38.68139,8.97549]],[[38.6721,8.96635],[38.67087,8.96367]],[[38.66996,8.95014],[38.67043,8.95006]],[[38.67054,8.95077],[38.67008,8.95083]],[[38.66397,8.93381],[38.66401,8.93386]],[[38.66396,8.93394],[38.66391,8.93387]],[[38.69718,8.98292],[38.69702,8.9831]],[[38.69718,8.98292],[38.697,8.98283]],[[38.68139,8.97549],[38.68069,8.97545]],[[38.65296,8.9232],[38.65265,8.92299]],[[38.66157,8.93072],[38.65296,8.9232]],[[38.6966,8.9827],[38.69592,8.9825]],[[38.69681,8.98311],[38.6971,8.9827]],[[38.69702,8.9831],[38.69675,8.9834]],[[38.69592,8.9825],[38.69601,8.98252]],[[38.67428,9.02199],[38.67687,9.02093]],[[38.67729,9.02048],[38.67761,9.02048]],[[38.67687,9.02093],[38.67729,9.02048]],[[38.67689,9.02122],[38.67687,9.02093]],[[38.67803,9.02089],[38.67801,9.02126]],[[38.67761,9.02048],[38.67803,9.02089]],[[38.67689,9.02122],[38.67443,9.02212]],[[38.81979,8.87378],[38.81983,8.87361]],[[38.73771,9.07161],[38.73757,9.07136]],[[38.62212,8.91142],[38.61201,8.90626]],[[39.14885,9.19259],[39.15414,9.19722]],[[38.14745,11.80215],[38.15207,11.80451],[38.17032,11.80011],[38.18111,11.80831],[38.19391,11.80181]],[[38.19391,11.80181],[38.19405,11.80183]],[[38.75439,9.16001],[38.75897,9.18249]],[[39.48498,8.66834],[39.49483,8.67418],[39.5037,8.68648],[39.50494,8.69331],[39.51357,8.69897],[39.52279,8.69898]],[[39.48484,8.66836],[39.48498,8.66834]],[[39.31113,8.55075],[39.32024,8.5643],[39.36959,8.60527]],[[39.36959,8.60527],[39.36983,8.60547]],[[38.76102,8.87806],[38.76394,8.87479]],[[38.76222,8.87727],[38.76131,8.87829]],[[38.82114,8.86726],[38.82086,8.86926]],[[38.82062,8.86915],[38.82113,8.86471]],[[37.50439,12.44993],[37.50368,12.45009]],[[37.50453,12.44988],[37.50439,12.44993]],[[37.475,12.48003],[37.46865,12.48549],[37.46199,12.48505],[37.4576,12.48874],[37.44784,12.48725]],[[37.47511,12.47994],[37.475,12.48003]],[[38.78978,8.98617],[38.78883,8.98581]],[[39.58129,11.77151],[39.58083,11.77184]],[[39.58144,11.77142],[39.58129,11.77151]],[[37.76067,6.8677],[37.76051,6.86784]],[[37.76191,6.86526],[37.76067,6.8677]],[[38.56736,9.05465],[38.56763,9.05483]],[[38.60669,9.0602],[38.60677,9.06013]],[[38.51021,9.07316],[38.54321,9.06282],[38.55529,9.05528],[38.56736,9.05465]],[[38.82029,8.87338],[38.82018,8.87388]],[[38.82039,8.87287],[38.82029,8.87338]],[[38.60743,9.05963],[38.60677,9.06013]],[[38.6082,9.05908],[38.60743,9.05963]],[[38.78801,8.98549],[38.7898,8.98609]],[[38.73709,8.93699],[38.73834,8.937]],[[38.73599,8.93747],[38.73567,8.93754]],[[39.02449,9.15216],[39.01834,9.14963]],[[39.03281,9.15933],[39.02449,9.15216]],[[38.62654,8.91253],[38.62212,8.91142]],[[38.68069,8.97545],[38.67771,8.9765]],[[38.87821,9.0566],[38.87814,9.05639]],[[38.69616,8.98383],[38.69627,8.98373]],[[38.81938,8.87519],[38.8195,8.87486]],[[38.14752,9.03036],[38.16228,9.02449],[38.17687,9.02476],[38.21566,9.01688]],[[38.92898,9.09114],[38.92691,9.08756]],[[39.61846,11.45533],[39.6201,11.46947]],[[39.61843,11.45513],[39.61846,11.45533]],[[38.7341,8.93783],[38.73391,8.93761]],[[38.67672,9.00644],[38.67686,9.00626]],[[38.67674,9.0066],[38.67672,9.00644]],[[39.68111,11.28976],[39.67708,11.30046]],[[39.67708,11.30046],[39.67703,11.30073]],[[38.38904,9.04746],[38.38987,9.04728]],[[38.38987,9.04728],[38.41083,9.0465]],[[38.49795,9.06757],[38.50109,9.07426],[38.50991,9.07317]],[[38.36801,8.82876],[38.36785,8.82862]],[[37.16434,7.14781],[37.16413,7.14757]],[[37.16434,7.14781],[37.17395,7.15284]],[[37.17391,7.15297],[37.16434,7.14781]],[[37.17648,7.14597],[37.17648,7.14597]],[[37.17729,7.14344],[37.17651,7.14601]],[[37.17381,7.15295],[37.1763,7.1462]],[[37.27183,7.01025],[37.27008,7.00815]],[[37.27008,7.00815],[37.27191,7.01024]],[[37.33884,6.95666],[37.3318,6.95825],[37.33026,6.9689],[37.31151,6.97261],[37.30449,6.97819],[37.30358,6.97622],[37.29198,6.99438],[37.28473,6.99584],[37.28103,7.00771],[37.28256,7.01448],[37.2785,7.0149]],[[37.27602,7.01593],[37.27183,7.01025]],[[37.17676,7.1411],[37.17725,7.14324]],[[37.17716,7.14328],[37.17676,7.1411]],[[37.17639,7.14595],[37.17719,7.14344]],[[37.17719,7.14344],[37.17719,7.14344]],[[39.89821,9.99842],[39.90298,10.0046]],[[39.90298,10.0046],[39.90333,10.00489]],[[39.68309,11.25665],[39.68263,11.26863]],[[39.68263,11.26863],[39.68264,11.26868]],[[38.71757,8.97157],[38.72097,8.96948]],[[38.71733,8.97165],[38.71757,8.97157]],[[38.72104,8.96958],[38.71759,8.97165]],[[38.71759,8.97165],[38.71735,8.97172]],[[38.37628,6.7549],[38.38253,6.79894],[38.38126,6.83061],[38.3906,6.85988],[38.41661,6.88403]],[[36.96772,6.23451],[36.97268,6.22386],[36.99179,6.22221]],[[36.99179,6.22221],[36.99205,6.22208]],[[37.52666,6.91804],[37.52666,6.91804]],[[37.53694,6.91992],[37.53698,6.9199]],[[36.56811,5.78918],[36.56814,5.78918]],[[36.56788,5.78869],[36.56566,5.78631]],[[36.56796,5.78896],[36.56788,5.78869]],[[36.5683,5.78906],[36.56842,5.78937]],[[39.05217,3.532],[39.04577,3.55511]],[[39.04577,3.55511],[39.05208,3.532]],[[37.64419,6.92114],[37.65944,6.92257]],[[37.69058,6.90841],[37.66822,6.92361],[37.65944,6.92257]],[[37.65944,6.92257],[37.64419,6.92114]],[[37.76442,6.86518],[37.77325,6.87388]],[[37.77325,6.87388],[37.77341,6.87394]],[[38.75271,9.3065],[38.75961,9.31028],[38.76206,9.3162],[38.76109,9.33562]],[[38.77824,8.9822],[38.77763,8.98196]],[[38.77765,8.98188],[38.77814,8.98208]],[[37.75411,6.83047],[37.74865,6.81547]],[[37.77341,6.87394],[37.77773,6.87296],[37.78561,6.87806]],[[37.78561,6.87806],[37.7859,6.87822]],[[45.04489,5.28801],[45.03085,5.29997]],[[45.04497,5.28794],[45.04489,5.28801]],[[39.22462,8.5334],[39.23274,8.53041]],[[39.20394,8.54735],[39.20605,8.54761]],[[37.75498,6.86906],[37.75544,6.8792],[37.75095,6.88163]],[[38.56004,7.22309],[38.57496,7.21889]],[[38.23938,5.62886],[38.23892,5.63036]],[[38.23929,5.62892],[38.23932,5.62886]],[[38.58615,7.18939],[38.58686,7.18872]],[[41.30399,11.95799],[41.30294,11.95805]],[[41.30295,11.95797],[41.30399,11.95799]],[[38.71334,14.12174],[38.72713,14.11437]],[[38.72716,14.11445],[38.71339,14.12181]],[[38.26709,14.09197],[38.27623,14.09759]],[[38.27632,14.09775],[38.26709,14.09197]],[[37.89876,13.16385],[37.89824,13.158]],[[37.89831,13.15802],[37.89876,13.16385]],[[37.47882,12.64312],[37.47837,12.64305]],[[38.09688,7.31042],[38.14412,7.30487],[38.21259,7.28638]],[[37.59359,5.17407],[37.61904,5.13131]],[[38.49002,7.1084],[38.48197,7.09157]],[[38.49065,7.10981],[38.49065,7.10981]],[[38.491,7.10954],[38.49133,7.11054]],[[38.49033,7.10937],[38.49002,7.1084]],[[36.43865,4.82619],[36.45644,4.84689],[36.45442,4.85699],[36.45843,4.87473],[36.45575,4.89548],[36.46191,4.90791],[36.46049,4.91853],[36.48509,4.95556],[36.48731,4.96766]],[[36.43861,4.8261],[36.43865,4.82619]],[[37.74727,6.85155],[37.75644,6.84128]],[[37.74738,6.8516],[37.7472,6.85165]],[[37.7472,6.85165],[37.73043,6.84677]],[[37.73043,6.84677],[37.74738,6.8516]],[[36.70295,5.84046],[36.70298,5.84051]],[[36.70298,5.84051],[36.7032,5.84587],[36.70689,5.84569]],[[36.70689,5.84569],[36.70692,5.84574]],[[36.87519,9.04188],[36.85377,9.03285],[36.8425,9.03582],[36.83686,9.0454]],[[36.87543,9.0418],[36.87519,9.04188]],[[36.88623,9.04295],[36.88106,9.03911],[36.87543,9.0418]],[[36.88644,9.04301],[36.88623,9.04295]],[[38.49002,7.1084],[38.49069,7.10911]],[[37.87016,6.96844],[37.88617,7.0017]],[[37.88617,7.0017],[37.88624,7.00178]],[[37.70541,7.13431],[37.70426,7.13184],[37.71644,7.11084],[37.70437,7.08375],[37.70472,7.07226]],[[37.70557,7.13453],[37.70541,7.13431]],[[37.7859,6.87822],[37.80693,6.89367],[37.81625,6.8971],[37.81729,6.90346]],[[37.81729,6.90346],[37.81726,6.90355]],[[36.25924,8.37361],[36.26724,8.38361],[36.27699,8.38701],[36.28262,8.40351],[36.2892,8.40751]],[[36.25908,8.37343],[36.25924,8.37361]],[[37.83251,10.27201],[37.83062,10.27277]],[[37.83265,10.27195],[37.83251,10.27201]],[[37.83047,10.27283],[37.82823,10.27372]],[[37.83062,10.27277],[37.83047,10.27283]],[[37.7628,10.29849],[37.76115,10.30156],[37.74675,10.29984],[37.73672,10.30417]],[[37.76332,10.29815],[37.7628,10.29849]],[[37.78874,10.29151],[37.78203,10.28311],[37.76332,10.29815]],[[37.78889,10.29154],[37.78874,10.29151]],[[37.79822,10.29077],[37.79357,10.28889],[37.78889,10.29154]],[[37.79841,10.29075],[37.79822,10.29077]],[[38.24317,5.66349],[38.24323,5.65699],[38.23896,5.65246]],[[38.23896,5.65246],[38.24331,5.65696],[38.24317,5.66349]],[[38.23896,5.65246],[38.23892,5.63036]],[[42.79786,9.35093],[42.80029,9.35084]],[[42.8003,9.35096],[42.7978,9.35102]],[[36.48751,4.96775],[36.48776,4.96787]],[[36.48776,4.96787],[36.49484,4.96959]],[[37.76677,8.97853],[37.75927,8.96915]],[[37.76709,8.97859],[37.76677,8.97853]],[[38.76916,8.94498],[38.76917,8.94488]],[[37.75652,6.84136],[37.74738,6.8516]],[[37.90053,8.96796],[37.91549,8.96591]],[[37.90053,8.96796],[37.89184,8.96972],[37.87114,8.98207],[37.85494,8.98205]],[[37.85451,8.98197],[37.85495,8.98197]],[[37.8516,8.98204],[37.85451,8.98197]],[[38.49133,7.11054],[38.49059,7.1098]],[[36.56788,5.78869],[36.56811,5.78884]],[[36.56842,5.78937],[36.56814,5.78918]],[[38.21583,9.0169],[38.22595,9.01632],[38.23846,9.00512]],[[38.21566,9.01688],[38.21583,9.0169]],[[36.82713,9.0424],[36.82372,9.03945],[36.81389,9.04266],[36.79266,9.05597]],[[36.79266,9.05597],[36.79267,9.05623]],[[37.49658,10.56065],[37.48345,10.56822]],[[37.48345,10.56822],[37.48304,10.5684]],[[38.82976,8.99109],[38.82973,8.99098]],[[38.82979,8.99121],[38.82976,8.99109]],[[39.06428,9.16201],[39.06417,9.16197]],[[39.07166,9.16604],[39.06428,9.16201]],[[39.19552,9.23997],[39.21236,9.24998],[39.21463,9.25496]],[[39.19466,9.23958],[39.19552,9.23997]],[[39.29344,9.32964],[39.29347,9.32969]],[[39.21466,9.25507],[39.22525,9.26341],[39.23054,9.27344],[39.25582,9.29094],[39.26639,9.31257],[39.29344,9.32964]],[[38.7328,8.96447],[38.73288,8.9639]],[[37.74897,6.40048],[37.74889,6.40033]],[[37.74992,6.4444],[37.75865,6.42428],[37.74897,6.40048]],[[37.76398,6.86503],[37.76242,6.86503]],[[37.76398,6.86503],[37.76442,6.86518]],[[38.00863,7.67992],[38.0034,7.6694],[37.98536,7.67407],[37.96723,7.66334],[37.96656,7.64805],[37.94457,7.63648],[37.93154,7.62358],[37.91623,7.58357],[37.88351,7.55842],[37.87388,7.55798]],[[38.00881,7.68033],[38.00863,7.67992]],[[39.70806,11.09119],[39.70474,11.08998]],[[39.70474,11.08998],[39.70812,11.09105]],[[39.70474,11.08998],[39.69733,11.08573]],[[39.70849,11.09108],[39.71013,11.09081]],[[39.70812,11.09105],[39.70849,11.09108]],[[39.71013,11.09081],[39.70853,11.09123]],[[37.20327,5.40114],[37.19445,5.40835],[37.18687,5.40864],[37.17148,5.4044],[37.1641,5.40647],[37.1581,5.40513],[37.15517,5.40002],[37.15048,5.40118],[37.14587,5.39576],[37.14453,5.38574],[37.14593,5.37111],[37.15344,5.35392]],[[37.75095,6.88163],[37.74275,6.87916],[37.73713,6.88102],[37.72726,6.89219],[37.72506,6.89802],[37.73111,6.91824],[37.7276,6.92405]],[[37.7276,6.92405],[37.73055,6.94103],[37.73871,6.94704]],[[37.7258,6.89494],[37.71755,6.89328],[37.7099,6.89705]],[[37.7099,6.89705],[37.69058,6.90841]],[[38.58657,7.1897],[38.59196,7.19277]],[[38.61404,7.20956],[38.61487,7.21004]],[[38.61487,7.21004],[38.61408,7.20972]],[[38.12393,7.74325],[38.10893,7.72832],[38.10854,7.71729],[38.09295,7.69785],[38.08096,7.68964],[38.06356,7.68632],[38.05025,7.66696],[38.03691,7.66583],[38.0206,7.6853],[38.00881,7.68033]],[[38.1241,7.74357],[38.12393,7.74325]],[[36.83964,7.6684],[36.83961,7.66847]],[[37.16413,7.14757],[37.16316,7.14516]],[[38.31948,8.00415],[38.31847,8.00089]],[[38.31959,8.00442],[38.31948,8.00415]],[[38.31939,8.0065],[38.31959,8.00442]],[[38.33927,8.0403],[38.32962,8.02907],[38.32667,8.01924],[38.32107,8.01556],[38.31939,8.0065]],[[37.75492,6.86879],[37.75498,6.86906]],[[37.75498,6.86906],[37.75478,6.86883]],[[37.75486,6.86863],[37.75511,6.86856]],[[37.75511,6.86856],[37.75493,6.86874]],[[37.53698,6.9199],[37.53694,6.91992]],[[36.8139,5.98486],[36.81393,5.98494]],[[37.41633,5.55921],[37.41332,5.55472]],[[37.44191,5.33987],[37.4415,5.34002]],[[37.4415,5.34002],[37.44179,5.33966]],[[37.4418,5.33964],[37.44159,5.33931]],[[37.44159,5.33931],[37.44196,5.33957]],[[36.73664,4.84328],[36.73676,4.84395]],[[37.5215,5.23708],[37.5263,5.2347]],[[37.5263,5.2347],[37.52664,5.23429]],[[38.07804,4.89207],[38.07959,4.89165]],[[36.48743,4.96767],[36.48746,4.96769]],[[37.7472,6.85165],[37.74727,6.85155]],[[36.99226,5.37393],[36.99243,5.3741]],[[36.99236,5.37413],[36.99226,5.37393]],[[37.00289,6.37988],[37.0032,6.38038]],[[37.0032,6.38038],[37.00636,6.38182]],[[36.8814,6.0556],[36.88155,6.05566]],[[36.88155,6.05566],[36.88171,6.05573]],[[36.66723,5.83388],[36.66736,5.83383]],[[36.66736,5.83383],[36.67688,5.83295],[36.68441,5.8395],[36.69541,5.8434],[36.70295,5.84046]],[[36.85296,7.67456],[36.85315,7.67475]],[[36.85315,7.67475],[36.85337,7.67449]],[[38.49569,7.04764],[38.50337,7.01491]],[[38.50337,7.01491],[38.49578,7.04776]],[[38.37628,6.7549],[38.37599,6.75382]],[[38.37599,6.75382],[38.37609,6.75347]],[[38.37609,6.75347],[38.37651,6.75282]],[[38.37651,6.75282],[38.37622,6.75352]],[[38.37613,6.75388],[38.37628,6.7549]],[[38.20033,6.1714],[38.19988,6.16577]],[[38.19998,6.16576],[38.20033,6.1714]],[[38.19988,6.16577],[38.19984,6.16537]],[[38.19984,6.16537],[38.19994,6.15921]],[[38.19994,6.15921],[38.20003,6.15901]],[[38.20003,6.15901],[38.20318,6.15179]],[[38.20318,6.15179],[38.20323,6.15155]],[[38.20323,6.15155],[38.20292,6.14173]],[[38.20292,6.14173],[38.20334,6.15157]],[[38.84711,9.00211],[38.84265,9.0021]],[[38.84886,9.00197],[38.84711,9.00211]],[[38.84921,9.00157],[38.84986,9.00154]],[[38.84991,9.00185],[38.84886,9.00197]],[[38.73425,8.93792],[38.7341,8.93783]],[[38.83409,8.99813],[38.83363,8.99774]],[[38.83746,9.00023],[38.83546,8.99903]],[[38.83527,8.99846],[38.83535,8.99851]],[[38.83535,8.99851],[38.83767,8.9999]],[[37.45521,12.61887],[37.45586,12.61892]],[[37.45488,12.61884],[37.45521,12.61887]],[[42.8329,9.35362],[42.82531,9.35041]],[[42.77131,9.35254],[42.77359,9.35224]],[[42.13193,9.30321],[42.12883,9.30446]],[[42.08638,9.32941],[42.08073,9.33346]],[[41.91906,9.45657],[41.91922,9.45658]],[[41.00446,9.14053],[41.02044,9.148],[41.02793,9.16061]],[[41.02793,9.16061],[41.03409,9.16616]],[[39.91739,8.90538],[39.91133,8.9098]],[[38.76918,8.94608],[38.76916,8.94626]]]}}]}