{"type":"FeatureCollection","source":"OpenStreetMap via Geofabrik","sourceDate":"2026-07-31T20:21:56Z","features":[{"type":"Feature","properties":{"highway":"primary"},"geometry":{"type":"MultiLineString","coordinates":[[[38.79541,9.01769],[38.79864,9.01871]],[[38.75187,9.01668],[38.75058,9.01468]],[[38.74697,9.00274],[38.74634,9.00903]],[[38.74911,8.98539],[38.74871,8.98631]],[[38.74412,9.0105],[38.7429,9.01059]],[[38.74083,9.02678],[38.73732,9.02441]],[[38.74358,9.00822],[38.74208,9.00497]],[[38.7329,9.02947],[38.73258,9.03152]],[[38.73488,9.01642],[38.73489,9.01652]],[[38.71894,9.00019],[38.73026,8.99778]],[[38.73909,8.99349],[38.74551,8.9873]],[[38.78016,9.00374],[38.78106,9.01082]],[[38.71773,8.99225],[38.72276,8.9889]],[[38.82799,9.03525],[38.82244,9.03299],[38.81919,9.02454]],[[38.78594,9.03067],[38.77899,9.035]],[[38.79887,8.86685],[38.79263,8.87618]],[[38.74375,9.02852],[38.74397,9.02873]],[[38.90452,8.79229],[38.91568,8.78332]],[[38.75101,9.03358],[38.75016,9.03453]],[[38.7522,9.03549],[38.75118,9.03358]],[[38.75224,9.03534],[38.75118,9.03358]],[[38.74921,9.03355],[38.74969,9.03327]],[[38.75144,9.02703],[38.75162,9.02684]],[[38.7514,9.03047],[38.75137,9.03253]],[[38.78749,8.87649],[38.7864,8.87653]],[[38.78582,8.87791],[38.78614,8.87749]],[[38.78948,8.86691],[38.79617,8.85976]],[[38.7864,8.87653],[38.78517,8.87658]],[[38.78517,8.87658],[38.78444,8.87661]],[[38.7596,8.9773],[38.76388,8.95828]],[[38.76588,8.93456],[38.76576,8.93479]],[[38.76491,8.93437],[38.76504,8.93412]],[[38.78016,9.00374],[38.78607,8.99835]],[[38.78747,9.01349],[38.78874,9.00787]],[[38.7748,9.01043],[38.77846,9.00498]],[[38.76334,9.02234],[38.76332,9.01937]],[[38.76332,9.03264],[38.76348,9.03083]],[[38.7678,9.02367],[38.76783,9.02452]],[[38.76508,8.98803],[38.76691,9.00013]],[[38.79492,9.02098],[38.80061,9.02006]],[[38.76314,9.03298],[38.76332,9.03264]],[[38.7631,9.0353],[38.76274,9.03771]],[[38.76131,9.04409],[38.76156,9.0462]],[[38.76145,9.04372],[38.76234,9.04349]],[[38.77714,9.03493],[38.77416,9.0372]],[[38.76101,9.04402],[38.75849,9.04367]],[[38.75214,9.0379],[38.75175,9.03866]],[[38.75213,9.03729],[38.75228,9.03659]],[[38.75241,9.03639],[38.75235,9.03733]],[[38.80169,9.02001],[38.80134,9.01988]],[[38.74859,9.04442],[38.75061,9.0456]],[[38.78745,9.01609],[38.78728,9.01607]],[[38.79592,9.0247],[38.79585,9.02458]],[[38.77708,8.99274],[38.77729,8.99269]],[[38.78891,9.01606],[38.78911,9.01611]],[[38.77209,9.01618],[38.77455,9.01114]],[[38.75212,9.02143],[38.748,9.02106]],[[38.79203,8.98753],[38.79165,8.98804]],[[38.79352,8.98974],[38.79208,8.98832]],[[38.74884,9.0169],[38.7461,9.01666]],[[38.74656,9.01866],[38.74665,9.01866]],[[38.74863,8.98752],[38.74795,8.99405]],[[38.74786,8.99475],[38.74723,9.0001]],[[38.74466,9.01655],[38.74454,9.01654]],[[38.74333,9.02887],[38.74308,9.02876]],[[38.7449,9.01301],[38.74584,9.01533]],[[38.7642,9.02183],[38.76451,9.02216]],[[38.75042,8.9846],[38.75159,8.98411]],[[38.73437,8.98328],[38.73832,8.99255]],[[38.7376,8.99509],[38.73082,8.99764]],[[38.72301,8.98872],[38.72307,8.98867]],[[38.79492,9.02529],[38.78969,9.02843]],[[38.80129,9.02181],[38.80102,9.02152]],[[38.76288,9.01303],[38.76295,9.01359]],[[38.76295,9.01359],[38.763,9.0139]],[[38.77709,9.01209],[38.77743,9.01227]],[[38.77458,8.99368],[38.77463,8.99373]],[[38.77731,8.99283],[38.7771,8.99286]],[[38.7775,8.99279],[38.77731,8.99283]],[[38.71651,9.03773],[38.71661,9.03771]],[[38.78624,8.99845],[38.7802,9.00386]],[[38.85403,8.97243],[38.84299,8.9803]],[[38.81689,9.00399],[38.8253,9.01728]],[[38.81648,9.00383],[38.82308,8.99718]],[[38.82654,9.0257],[38.82593,9.02001]],[[38.82606,9.02006],[38.82666,9.02572]],[[38.86423,9.04045],[38.85453,9.03609]],[[38.8259,9.01972],[38.82541,9.01771]],[[38.83811,9.03018],[38.83988,9.0239]],[[38.79991,9.00246],[38.79647,9.00399]],[[38.7491,8.97709],[38.75031,8.98433]],[[38.89893,8.79575],[38.89913,8.79547]],[[38.75911,8.99021],[38.75978,8.98751]],[[38.75978,8.98751],[38.7597,8.98574]],[[38.76653,9.00027],[38.75987,8.99586]],[[38.73305,8.96452],[38.73403,8.96519]],[[42.6698,10.9149],[42.66305,10.91008]],[[41.66662,9.61155],[41.6539,9.61205]],[[42.34234,9.97968],[42.34604,9.9906],[42.35252,9.99541],[42.35434,10.00906]],[[42.05127,9.73873],[42.04398,9.72656]],[[38.76315,8.95323],[38.76219,8.95287]],[[38.75919,8.94999],[38.75928,8.94951]],[[38.75928,8.94951],[38.75796,8.94579]],[[34.58581,8.24429],[34.58885,8.23154]],[[34.52773,8.32502],[34.52005,8.35483],[34.51056,8.36449],[34.51239,8.37935],[34.5052,8.41963],[34.50864,8.4511],[34.50525,8.45779],[34.51013,8.45897],[34.51787,8.47258],[34.52383,8.47599],[34.53203,8.4729],[34.53059,8.48018],[34.54171,8.4815],[34.54571,8.47848],[34.54787,8.48482],[34.55363,8.47867],[34.56366,8.47767],[34.5739,8.46238],[34.58256,8.4663],[34.58463,8.48858],[34.58101,8.4999]],[[34.59287,8.52202],[34.59797,8.5232],[34.59369,8.52954],[34.60669,8.54767],[34.6062,8.56628],[34.59945,8.58768],[34.60101,8.59657],[34.6071,8.60126],[34.61402,8.59767],[34.61945,8.61786],[34.62519,8.62106],[34.63395,8.61955],[34.65738,8.64384],[34.66732,8.64562],[34.67478,8.65467],[34.68343,8.65345],[34.68742,8.66041],[34.69905,8.66183],[34.70736,8.65371],[34.70322,8.64429],[34.70811,8.63499],[34.70497,8.62545],[34.72438,8.6159],[34.7306,8.61669],[34.73399,8.60973],[34.73423,8.60386],[34.72834,8.60405],[34.72478,8.59659],[34.73369,8.5948],[34.73565,8.57846],[34.74263,8.58087],[34.75316,8.56899],[34.77904,8.56256],[34.79947,8.54216],[34.80024,8.53536]],[[34.86937,8.69118],[34.86702,8.70284],[34.89312,8.7103],[34.89332,8.72139],[34.90441,8.7284],[34.92496,8.73315],[34.96542,8.72801],[35.00314,8.735],[35.00831,8.73944],[35.01163,8.75115],[35.02514,8.76023],[35.03465,8.77981]],[[41.84135,9.60208],[41.84833,9.59946]],[[41.85661,9.59126],[41.86123,9.59449]],[[41.85661,9.59126],[41.85886,9.58793]],[[41.86203,9.59361],[41.85722,9.59033]],[[41.86551,9.59742],[41.85795,9.60527],[41.85315,9.60469]],[[42.34234,9.97968],[42.33186,9.97022],[42.32693,9.95814]],[[42.6698,10.9149],[42.67114,10.94461],[42.6519,10.9977]],[[41.86301,9.59218],[41.86145,9.59446]],[[41.86378,9.59132],[41.86332,9.59183]],[[41.86332,9.59183],[41.86301,9.59218]],[[37.46992,12.61204],[37.4707,12.61781]],[[38.79124,8.98808],[38.79064,8.98833]],[[38.71485,9.03372],[38.71644,9.03738]],[[38.74468,9.01255],[38.74465,9.01505]],[[41.91894,9.45693],[41.91425,9.46192],[41.91377,9.4725],[41.9097,9.47465],[41.91748,9.48612],[41.89833,9.4928],[41.89418,9.5028],[41.88069,9.50949],[41.87882,9.53803]],[[36.35096,8.46522],[36.35738,8.48583],[36.36464,8.49023],[36.36155,8.49857],[36.36857,8.51272],[36.372,8.54955],[36.36441,8.55654]],[[38.73254,8.96642],[38.73124,8.97288]],[[38.72252,8.97811],[38.73161,8.97388]],[[38.72307,8.98867],[38.71923,8.9832]],[[38.71859,9.00578],[38.71746,8.99372]],[[38.71339,9.01333],[38.71035,9.01354]],[[38.78005,9.00384],[38.77886,8.99681]],[[38.76677,9.00009],[38.76513,8.9885]],[[38.7802,9.00386],[38.77883,9.00488]],[[38.77849,9.00509],[38.77484,9.01083]],[[38.77883,9.00488],[38.77849,9.00509]],[[38.7801,9.00395],[38.78005,9.00384]],[[38.7763,9.02337],[38.77067,9.01991]],[[38.76288,9.0136],[38.7628,9.01307]],[[38.77075,9.0199],[38.77636,9.02323]],[[38.77664,9.02323],[38.77665,9.0235]],[[38.77007,9.01619],[38.76925,9.01044]],[[38.77664,9.02323],[38.77938,9.0233]],[[38.80134,9.02049],[38.80104,9.02141]],[[38.80093,9.02004],[38.79491,9.02108]],[[38.77397,8.99306],[38.77019,8.98757]],[[38.7606,8.98072],[38.75837,8.98142]],[[38.77029,9.01771],[38.77039,9.01764]],[[38.75975,8.97735],[38.75992,8.97947]],[[38.76003,8.97974],[38.76023,8.9811]],[[38.76023,8.9811],[38.7599,8.9823]],[[38.75833,8.98136],[38.76056,8.98062]],[[38.75605,8.98242],[38.75302,8.98369]],[[38.75949,8.98375],[38.75979,8.98567]],[[38.7594,8.98366],[38.75983,8.98224]],[[38.73188,9.04658],[38.73156,9.04636]],[[38.83504,9.03625],[38.83764,9.03114]],[[40.71156,7.13867],[40.72222,7.12467],[40.73632,7.11807],[40.73949,7.11065],[40.7525,7.11065],[40.79421,7.093],[40.80397,7.09321],[40.80653,7.07724],[40.8183,7.06199],[40.8204,7.04455],[40.84157,7.01536]],[[38.74615,9.01655],[38.75159,9.01705]],[[38.76042,9.08276],[38.76182,9.093],[38.74982,9.08951]],[[38.75983,8.98224],[38.75949,8.97831]],[[36.2347,7.28902],[36.23905,7.29266],[36.23253,7.30955],[36.23432,7.31471],[36.22181,7.3403],[36.21279,7.34893],[36.21918,7.36892],[36.21738,7.37893],[36.2256,7.39502],[36.23647,7.40095],[36.25116,7.39018],[36.25259,7.38527],[36.25984,7.38867],[36.27699,7.37392],[36.28637,7.37868],[36.28314,7.38905],[36.29038,7.38982],[36.2921,7.38587],[36.29766,7.39257],[36.3364,7.40362],[36.34753,7.41417],[36.36764,7.42071],[36.37482,7.41732]],[[39.03614,12.6336],[39.04087,12.63157],[39.03516,12.62546]],[[38.7599,8.9823],[38.75949,8.98375]],[[39.29603,8.53763],[39.27917,8.54279]],[[38.75166,9.02649],[38.75212,9.02143]],[[38.75318,9.01172],[38.75315,9.01189]],[[38.75218,9.02171],[38.75177,9.02649]],[[38.751,9.03267],[38.75114,9.03217]],[[38.72251,9.01143],[38.7276,9.01191]],[[38.7386,8.99518],[38.73924,8.9967]],[[38.73975,8.99997],[38.73955,8.99946]],[[38.73994,9.00004],[38.74009,9.00037]],[[38.72123,9.01154],[38.72064,9.01051]],[[38.72166,9.01155],[38.72163,9.01194]],[[38.75245,9.01804],[38.75217,9.01724]],[[38.74856,9.01316],[38.75228,9.01707]],[[38.74993,9.01158],[38.74977,9.01201]],[[38.82125,9.01877],[38.82141,9.01847]],[[38.74714,9.00008],[38.74777,8.99473]],[[38.74783,8.99411],[38.74848,8.98772]],[[38.74834,8.98649],[38.74803,8.98585]],[[38.7842,8.8766],[38.78467,8.87861]],[[38.8535,9.0388],[38.85357,9.03582]],[[38.86262,9.04165],[38.86272,9.04154]],[[38.75273,9.0325],[38.75434,9.03273]],[[38.74838,9.04431],[38.74746,9.04381]],[[38.74384,9.02799],[38.74766,9.02148]],[[38.74787,9.02099],[38.75213,9.02135]],[[38.74584,9.01559],[38.74467,9.01294]],[[38.74083,9.02678],[38.74458,9.01291]],[[38.73473,9.01642],[38.73488,9.01642]],[[38.74877,9.01891],[38.74666,9.01874]],[[38.7479,8.99451],[38.74044,8.99975]],[[38.74467,9.05056],[38.7463,9.04819]],[[38.78917,9.01629],[38.78899,9.01625]],[[38.7948,9.02099],[38.79492,9.01984]],[[38.7546,9.03296],[38.75569,9.03948]],[[38.76114,9.04359],[38.76192,9.04094]],[[38.75408,8.99578],[38.74824,8.99453]],[[38.88244,14.18648],[38.88359,14.18638]],[[39.17479,14.3047],[39.1709,14.30812],[39.17423,14.30794],[39.17431,14.31227],[39.2008,14.32478],[39.20789,14.31772],[39.2174,14.31689],[39.21746,14.31297]],[[39.4251,14.26166],[39.43157,14.26432],[39.43191,14.26833],[39.42751,14.2688]],[[38.81646,9.00399],[38.8138,9.00368]],[[38.74859,8.98673],[38.74865,8.98691]],[[38.74803,8.98585],[38.74676,8.98656]],[[38.7483,8.9861],[38.74859,8.98673]],[[38.73071,8.99769],[38.73065,8.99758]],[[38.73076,8.99754],[38.73799,8.99466]],[[38.73082,8.99764],[38.73144,8.99863]],[[38.73799,8.99466],[38.7381,8.99427]],[[39.42586,14.27403],[39.43567,14.27414]],[[39.4257,14.27392],[39.42586,14.27403]],[[39.42337,14.273],[39.4257,14.27392]],[[39.42302,14.27298],[39.42337,14.273]],[[39.10575,14.27481],[39.11175,14.27278]],[[39.1055,14.2748],[39.10575,14.27481]],[[39.06534,14.27209],[39.07148,14.27331]],[[39.06518,14.2721],[39.06534,14.27209]],[[38.8022,9.00112],[38.80906,8.99479]],[[38.72855,9.01221],[38.72783,9.01219]],[[38.7287,9.01198],[38.73397,9.0115]],[[38.73359,9.02057],[38.73537,9.02255]],[[38.73275,9.01962],[38.73061,9.01719]],[[38.73344,9.02068],[38.73312,9.02832]],[[38.7332,9.01997],[38.73485,9.01758]],[[38.74575,9.04287],[38.74851,9.04435]],[[38.74171,9.03392],[38.74206,9.03397]],[[38.74296,9.05327],[38.73789,9.0592]],[[38.76125,9.06278],[38.75725,9.07773]],[[38.75252,9.01727],[38.75254,9.01713]],[[38.75264,9.01715],[38.75431,9.01731]],[[38.77743,9.01227],[38.78127,9.01419]],[[38.78899,9.01625],[38.78657,9.01572]],[[38.80048,9.0194],[38.79864,9.01891]],[[38.77684,9.01196],[38.77709,9.01209]],[[38.73065,8.99758],[38.72347,8.98893]],[[38.72351,8.98884],[38.73076,8.99754]],[[38.73818,8.99247],[38.73416,8.98306]],[[38.73115,8.97293],[38.73286,8.96529]],[[38.73417,8.98255],[38.73297,8.97477]],[[38.73307,8.97469],[38.73483,8.98089]],[[38.73277,8.97435],[38.73307,8.97469]],[[38.73297,8.97477],[38.73267,8.97443]],[[38.73433,8.9826],[38.73426,8.98292]],[[38.74888,8.97588],[38.74866,8.96646]],[[38.78804,9.00111],[38.78698,9.00152]],[[40.2007,9.03635],[40.20077,9.03679]],[[38.80762,9.02036],[38.81337,9.01971]],[[38.85273,9.02141],[38.85194,9.02145]],[[38.76817,9.03304],[38.77246,9.03212]],[[38.77714,9.03472],[38.76823,9.0331]],[[38.77994,9.03459],[38.78456,9.03131]],[[38.8005,9.02194],[38.80091,9.02165]],[[38.77746,9.03467],[38.77752,9.03486]],[[38.77746,9.03467],[38.77866,9.03472]],[[38.77866,9.03472],[38.77907,9.03488]],[[38.77854,9.03484],[38.77752,9.03486]],[[38.77899,9.035],[38.77854,9.03484]],[[38.75537,9.04562],[38.75542,9.04537]],[[38.76564,9.02136],[38.77029,9.01771]],[[38.76608,9.02253],[38.7678,9.02367]],[[38.75939,8.9495],[38.75929,8.94999]],[[38.75929,8.94999],[38.76293,8.95305]],[[38.70669,9.00508],[38.70796,8.98802]],[[38.72066,9.00997],[38.72153,9.01146]],[[38.67763,9.0017],[38.67847,9.00278]],[[38.74666,9.03448],[38.74698,9.03434]],[[39.11061,8.59763],[39.11133,8.59709]],[[38.73336,9.01997],[38.73359,9.02057]],[[38.71455,9.0326],[38.71788,9.0168]],[[38.71995,9.01552],[38.71528,9.0236]],[[38.85346,9.03538],[38.85194,9.02145]],[[38.85194,9.00982],[38.85177,9.00487]],[[38.86851,9.02115],[38.8671,9.02102]],[[38.852,9.00176],[38.85191,9.00229]],[[38.85169,9.00127],[38.85164,8.9998]],[[38.8518,9.00229],[38.85173,9.00178]],[[38.85183,8.99446],[38.85197,9.00126]],[[38.74882,8.97624],[38.74908,8.97619]],[[38.69543,9.01087],[38.69449,9.00583]],[[38.80652,8.86941],[38.81851,8.87391]],[[38.7623,8.9808],[38.76567,8.98352]],[[38.71661,9.03771],[38.71678,9.03756]],[[38.71687,9.03748],[38.72151,9.03767]],[[38.77739,9.01246],[38.77705,9.01229]],[[38.7767,9.01211],[38.77251,9.01027]],[[38.67367,8.94979],[38.69198,8.95154]],[[38.95576,8.74566],[38.95329,8.74993],[38.95737,8.75159]],[[40.00406,7.37809],[40.00143,7.36777],[39.93064,7.24625],[39.95309,7.2386],[39.96067,7.22851],[39.96846,7.18927]],[[40.0043,7.37814],[40.00406,7.37809]],[[39.14982,6.99845],[39.15849,7.03516]],[[35.55804,7.01677],[35.54797,7.03381],[35.53057,7.02944],[35.5245,7.0336],[35.51908,7.05155],[35.50661,7.0571],[35.48449,7.05053],[35.46772,7.03988],[35.46179,7.04074],[35.46375,7.043],[35.45919,7.04869],[35.4497,7.04746],[35.44506,7.04013],[35.43927,7.05038],[35.44715,7.06592],[35.42886,7.07524],[35.43593,7.08817],[35.43283,7.09345],[35.43983,7.10951],[35.43512,7.11425],[35.43892,7.122],[35.42887,7.12572]],[[35.41982,7.19905],[35.4216,7.19718]],[[35.42889,7.12601],[35.43389,7.12729],[35.41759,7.14355],[35.41666,7.18791],[35.42162,7.19693]],[[38.71578,7.93104],[38.67238,7.93496],[38.65573,7.94017],[38.65087,7.94727],[38.63825,7.94791],[38.63346,7.95914],[38.63476,7.98074],[38.62322,7.99922]],[[38.62322,7.99922],[38.56821,8.01404],[38.52723,8.01493],[38.51862,8.02066]],[[38.79492,9.02098],[38.79491,9.02108]],[[38.72653,8.94872],[38.7329,8.94829]],[[38.71178,8.95948],[38.71494,8.9535]],[[38.72626,8.94893],[38.71517,8.9534]],[[38.72624,8.94878],[38.72653,8.94872]],[[38.7419,8.9717],[38.73489,8.96588]],[[38.79479,9.02108],[38.7948,9.02099]],[[38.69685,8.95512],[38.69634,8.95441]],[[38.72027,8.9663],[38.71793,8.96301]],[[38.763,9.0139],[38.76381,9.01917]],[[38.79491,9.02108],[38.79595,9.02452]],[[35.07205,8.86192],[35.08069,8.86109],[35.08562,8.85599],[35.0967,8.85855],[35.12119,8.84981],[35.13972,8.83414],[35.15321,8.8439],[35.16964,8.83595],[35.17461,8.84011],[35.1812,8.83843]],[[36.93453,10.95512],[36.93285,10.95562]],[[37.01315,10.29273],[37.01955,10.29089],[37.0212,10.2956],[37.0278,10.29338],[37.03062,10.29736],[37.02445,10.30051],[37.02942,10.31125],[37.02428,10.31596],[37.02649,10.32768],[37.0215,10.32895],[37.02514,10.33281],[37.02135,10.34056],[37.01297,10.34646],[37.01013,10.37002],[37.01955,10.38328],[37.02674,10.38776],[37.0279,10.38455],[37.03904,10.39679],[37.02863,10.41541],[37.02317,10.43703],[37.02334,10.46656]],[[37.01197,10.29109],[37.01315,10.29273]],[[37.77829,11.12009],[37.78023,11.11714],[37.78143,11.12039],[37.78069,11.11164],[37.78782,11.10345],[37.78821,11.09596],[37.78474,11.09369],[37.78918,11.08952],[37.78976,11.08148],[37.8026,11.07675],[37.805,11.05087],[37.81125,11.04223],[37.81536,11.04568],[37.82069,11.04053],[37.83739,11.04259],[37.85228,11.05495],[37.86827,11.07909]],[[41.88894,4.89319],[41.92792,4.96727],[41.90352,5.00462],[41.90714,5.04058],[41.84453,5.15054],[41.84954,5.18716],[41.85643,5.19866]],[[41.81208,4.42749],[41.81233,4.43199],[41.81814,4.43436]],[[38.72985,9.01648],[38.72855,9.01221]],[[38.71755,8.99366],[38.71934,9.0072]],[[38.74665,9.01866],[38.75231,9.01916]],[[38.73006,9.01639],[38.73011,9.0165]],[[38.7301,9.01654],[38.73067,9.01713]],[[38.75994,8.98761],[38.75976,8.9876]],[[38.81378,9.00329],[38.8138,9.00356]],[[38.85178,9.02129],[38.83883,9.02165]],[[37.89686,7.75065],[37.92354,7.75785],[37.94509,7.77538],[37.95037,7.77634],[37.95451,7.77141],[37.96254,7.77298],[37.96601,7.7882],[37.96262,7.80535],[37.9683,7.82068],[37.98754,7.84179],[38.00624,7.84443],[38.01383,7.86022],[38.04089,7.88039],[38.0451,7.89089],[38.06168,7.90642],[38.07679,7.93234],[38.06681,7.94227],[38.07074,7.95715],[38.10646,8.00385]],[[38.10646,8.00385],[38.07959,8.00638],[38.0302,8.03],[38.01748,8.04294],[38.01707,8.05686],[38.0092,8.06],[37.99903,8.07682],[37.99233,8.07819],[37.98971,8.08772],[37.97444,8.08677],[37.95978,8.09534],[37.94763,8.10943],[37.93376,8.11501]],[[40.9706,12.98215],[40.96753,13.00239],[40.972,13.04086],[40.96398,13.04919],[40.96582,13.05492],[40.95989,13.06361],[40.96516,13.07725],[40.96058,13.09454],[40.96442,13.12157],[40.94186,13.13832]],[[39.29601,8.53768],[39.29601,8.53768]],[[37.38787,11.5807],[37.38518,11.58071]],[[41.86148,9.59466],[41.86551,9.59742]],[[41.85886,9.58793],[41.85895,9.58778]],[[41.83314,9.605],[41.83316,9.60507]],[[41.86471,9.59542],[41.86597,9.59629]],[[41.85895,9.58778],[41.85964,9.57984]],[[41.85964,9.57984],[41.85949,9.58593]],[[41.8567,9.59133],[41.84887,9.59935]],[[41.86011,9.57879],[41.85964,9.57984]],[[41.83554,9.61171],[41.83552,9.61165]],[[41.86597,9.59629],[41.86551,9.59701]],[[41.86411,9.59088],[41.8709,9.59991],[41.87155,9.60796]],[[41.87155,9.60796],[41.87553,9.61428]],[[42.13757,6.45157],[42.1174,6.39757],[42.11513,6.37096],[42.11066,6.3661]],[[38.78938,9.00547],[38.79316,9.00523]],[[38.75563,9.0454],[38.76096,9.04377]],[[38.71788,9.0168],[38.70902,9.01951]],[[38.75298,9.01188],[38.753,9.0117]],[[38.75313,9.01213],[38.75264,9.01715]],[[38.75264,9.01715],[38.75263,9.01729]],[[38.75254,9.01713],[38.75283,9.01375]],[[38.71859,9.00578],[38.71115,9.00738]],[[39.24596,8.53614],[39.25502,8.53832]],[[39.26879,8.54151],[39.25601,8.53861]],[[39.29622,8.53762],[39.29671,8.53773]],[[39.29671,8.53773],[39.29623,8.5377]],[[39.2454,8.53591],[39.24579,8.53607]],[[39.26916,8.54146],[39.27914,8.54271]],[[39.24571,8.5362],[39.2454,8.53591]],[[38.76569,9.02142],[38.76509,9.02233]],[[38.74458,9.01282],[38.74467,9.01284]],[[37.76478,6.85519],[37.75807,6.85793]],[[37.77519,6.70055],[37.76669,6.70633],[37.7747,6.71583]],[[39.2688,14.31895],[39.27271,14.31542]],[[39.12393,14.27648],[39.13932,14.27454],[39.15334,14.2798],[39.15354,14.28314]],[[39.02734,14.25386],[39.0414,14.26086],[39.05149,14.27457],[39.05918,14.27489],[39.06108,14.26955],[39.06518,14.2721]],[[39.34266,14.24665],[39.34253,14.24124]],[[35.47893,7.87334],[35.49177,7.8968],[35.51222,7.91022],[35.51903,7.92386],[35.51935,7.93434],[35.5257,7.93458],[35.5367,7.94648],[35.5362,8.00416],[35.54189,8.01655],[35.52642,8.02277],[35.52163,8.04907],[35.5247,8.05114],[35.5222,8.0639],[35.52809,8.06817],[35.52428,8.07179],[35.52663,8.08225],[35.52269,8.09679],[35.5339,8.1052],[35.5386,8.12497],[35.53079,8.14653]],[[35.78873,7.13201],[35.78456,7.13496],[35.76794,7.12616],[35.76173,7.12728],[35.74316,7.11544],[35.73778,7.10306],[35.7165,7.09529],[35.70662,7.07129],[35.69886,7.06635],[35.69191,7.05327],[35.6667,7.06449],[35.66567,7.06987],[35.65448,7.06437],[35.64228,7.0734],[35.62967,7.06813],[35.63258,7.06524],[35.61319,7.05382],[35.61752,7.049],[35.61145,7.0441],[35.61153,7.03716],[35.61655,7.03102],[35.60636,7.02363],[35.61097,7.00774],[35.59574,7.00045],[35.59311,6.99356]],[[36.22097,7.27929],[36.19886,7.28433],[36.19783,7.2806],[36.19218,7.28281],[36.17422,7.27548],[36.15513,7.28337],[36.14562,7.29835],[36.13249,7.30143],[36.12638,7.30885],[36.11998,7.31042],[36.10907,7.30396],[36.09607,7.30373],[36.09607,7.307],[36.08719,7.30629],[36.08074,7.31278],[36.06274,7.31068],[36.06123,7.3066],[36.05162,7.31538],[36.04793,7.32573],[36.03341,7.31764],[36.02432,7.32131]],[[35.53079,8.14653],[35.53017,8.14967],[35.53706,8.15249]],[[36.48506,8.77959],[36.47972,8.79112],[36.48254,8.84353],[36.47442,8.85681],[36.47915,8.86059],[36.47583,8.86262],[36.47849,8.86601],[36.47367,8.86828],[36.47512,8.88328],[36.48329,8.89204]],[[36.36441,8.55654],[36.36207,8.56429],[36.35205,8.56576],[36.3431,8.57368],[36.34026,8.59121],[36.34544,8.58747],[36.34344,8.59474],[36.35944,8.60022],[36.35048,8.60908],[36.35534,8.62293],[36.38072,8.63732]],[[36.48329,8.89204],[36.48778,8.89511],[36.48786,8.90104],[36.47077,8.91316],[36.47732,8.92424],[36.47495,8.9361],[36.48325,8.94451],[36.48149,8.95441],[36.48526,8.9691],[36.4966,8.9884],[36.49548,8.9985],[36.50326,9.01572],[36.48837,9.03234]],[[36.45205,8.71651],[36.46025,8.70835],[36.4662,8.70878],[36.46397,8.71248],[36.46931,8.71368],[36.47063,8.72193],[36.47799,8.71929],[36.47345,8.73712],[36.48266,8.73327],[36.48213,8.74002],[36.49854,8.74852],[36.49956,8.76382],[36.49454,8.76523],[36.49347,8.77172],[36.48506,8.77959]],[[36.38072,8.63732],[36.38448,8.64526],[36.3913,8.64331],[36.3875,8.65976],[36.412,8.6896]],[[38.92827,8.77322],[38.95692,8.75177],[38.98288,8.74776]],[[39.29671,8.53773],[39.30293,8.54047]],[[39.33092,8.4126],[39.31286,8.45961],[39.29774,8.47242],[39.28394,8.50288]],[[39.15838,7.03568],[39.15848,7.04124],[39.1718,7.05646],[39.17492,7.07211],[39.19015,7.09301]],[[40.84326,7.01244],[40.85903,6.98128],[40.85476,6.97222],[40.86721,6.93459],[40.86279,6.92124],[40.84573,6.91181],[40.85197,6.90369],[40.76099,6.9202],[40.72978,6.91878],[40.71379,6.92814],[40.69712,6.92757],[40.682,6.94246],[40.64783,6.95152],[40.61997,6.95076],[40.6055,6.96217],[40.58113,6.97035],[40.47404,6.99662],[40.42875,7.01168],[40.37049,7.02238],[40.31223,7.02535],[40.29434,7.0503],[40.23974,7.07301],[40.21202,7.06765],[40.11016,7.08469]],[[39.03176,7.01421],[39.03589,7.01648],[39.04691,7.00901],[39.06084,7.0068],[39.13041,7.00353],[39.14982,6.99845]],[[42.13757,6.45157],[42.1301,6.47025]],[[38.60491,7.20745],[38.60872,7.20412]],[[37.45197,5.65645],[37.44362,5.63603],[37.43887,5.60637],[37.44577,5.59607],[37.44502,5.58987],[37.41633,5.55921]],[[38.74458,8.93517],[38.74168,8.92813]],[[38.87931,9.02133],[38.89195,9.02199]],[[38.85287,9.02054],[38.86701,9.02081]],[[38.89194,9.02227],[38.88593,9.02198]],[[38.80197,9.01932],[38.80246,9.01943]],[[38.8005,9.02194],[38.80104,9.0209]],[[35.47935,7.87302],[35.47893,7.87334]],[[38.74467,9.01284],[38.7449,9.01301]],[[38.74467,9.01294],[38.74458,9.01291]],[[38.89463,9.01072],[38.8945,9.01072]],[[38.88564,8.99709],[38.89474,8.99795]],[[38.8945,9.01058],[38.89462,9.01058]],[[38.87215,9.01094],[38.87807,9.01074]],[[38.87836,9.01084],[38.87218,9.01102]],[[38.86748,9.00718],[38.87142,9.00393]],[[38.81378,9.00329],[38.81382,8.99475]],[[38.80182,9.00924],[38.80494,9.00758]],[[38.79971,9.01043],[38.79604,9.01304]],[[38.85273,9.02141],[38.85383,9.03569]],[[42.07397,4.16375],[42.05914,4.17856]],[[36.66756,14.1688],[36.67567,14.15697],[36.69252,14.14918],[36.70275,14.15179],[36.71553,14.14189],[36.75399,14.0623],[36.78146,14.03887],[36.79174,14.02371]],[[41.16544,12.33991],[41.16487,12.29194],[41.17206,12.25854],[41.16671,12.23766],[41.18747,12.21214],[41.18584,12.17167],[41.19246,12.15755],[41.2086,12.13823],[41.22396,12.12722],[41.2269,12.11755],[41.24406,12.09806],[41.25262,12.08061],[41.24901,12.07302],[41.25232,12.05861],[41.26109,12.04407],[41.27728,12.02966],[41.2736,12.02193],[41.27788,12.01086],[41.30602,11.98376],[41.30115,11.9685],[41.30295,11.95797]],[[39.56416,9.04009],[39.56186,9.03583],[39.56704,9.03645],[39.56919,9.03126],[39.56353,9.0239],[39.55745,9.02284]],[[41.88592,5.33813],[41.89972,5.35961],[41.95904,5.39451],[41.97062,5.42125],[41.9677,5.43509],[41.97085,5.44317],[41.96255,5.49498],[41.96931,5.50553],[41.97054,5.51736],[41.97984,5.52877],[41.9748,5.54106],[41.97774,5.55047],[41.97252,5.5635],[41.97423,5.57961],[41.96746,5.59555],[41.96411,5.62132]],[[39.55803,12.41468],[39.57398,12.42087]],[[41.14291,12.72195],[41.14017,12.71227],[41.16928,12.62595],[41.16461,12.60254],[41.17111,12.57432],[41.16206,12.55035],[41.15501,12.55175],[41.1565,12.54381],[41.15025,12.54439],[41.1476,12.53461]],[[41.17734,12.43775],[41.1872,12.42902],[41.18628,12.40674],[41.17278,12.39349],[41.16229,12.39031]],[[35.02297,9.53637],[35.01468,9.52902],[34.99438,9.52161],[34.98873,9.52961],[34.99172,9.53685],[34.98698,9.54963],[34.98871,9.55503]],[[34.63226,10.31374],[34.64229,10.31779],[34.65282,10.32866],[34.66978,10.32633],[34.68998,10.317],[34.71985,10.334],[34.74068,10.33159],[34.75814,10.33501],[34.76547,10.34952],[34.76066,10.35807],[34.7615,10.36706]],[[40.86427,13.19696],[40.86044,13.20649]],[[40.06199,13.20587],[40.05434,13.222]],[[42.08682,6.16145],[42.12232,6.10514],[42.1205,6.09508],[42.12696,6.0928]],[[34.53054,9.35342],[34.53255,9.36653],[34.52041,9.40005]],[[42.11492,5.86862],[42.10571,5.85388],[42.08799,5.85519],[42.09168,5.84465],[42.10544,5.84017],[42.11158,5.83316]],[[34.53258,9.34088],[34.5627,9.31425]],[[34.56479,9.47151],[34.56703,9.46927],[34.56101,9.46397],[34.55476,9.44137],[34.5438,9.4275],[34.53705,9.42508],[34.53088,9.40268],[34.52171,9.40065]],[[40.06648,13.18221],[40.07487,13.17366],[40.13924,13.15364]],[[34.62027,9.38578],[34.61809,9.37923],[34.57652,9.3676],[34.55563,9.34767],[34.53258,9.34088]],[[38.8715,7.02231],[38.90007,7.02619]],[[38.90033,7.02624],[38.92695,7.02949],[38.94119,7.02689],[38.9669,7.03338],[38.99389,7.02224]],[[38.87071,7.02269],[38.8715,7.02231]],[[38.90007,7.02619],[38.90033,7.02624]],[[39.03147,7.01417],[39.03176,7.01421]],[[38.77251,9.01027],[38.76971,9.01038]],[[38.7628,9.01307],[38.76259,9.01147]],[[38.74821,9.01069],[38.74975,9.01137]],[[38.75265,9.01912],[38.75431,9.01731]],[[38.77469,8.98089],[38.77736,8.97588]],[[38.75915,8.99137],[38.75907,9.00687]],[[38.75906,9.01038],[38.75875,9.00738]],[[38.71956,8.98213],[38.72199,8.97861]],[[38.71923,8.9832],[38.71956,8.98213]],[[38.76536,8.93503],[38.76492,8.93481]],[[38.85681,9.02055],[38.85638,9.00972]],[[38.83608,9.01123],[38.82999,9.01598]],[[38.76857,9.00348],[38.7664,9.00704]],[[38.97728,8.7481],[38.97156,8.74701]],[[38.95679,8.74397],[38.97156,8.74701]],[[38.90779,8.57799],[38.91593,8.61225],[38.92885,8.62172]],[[38.7498,9.01157],[38.74951,9.01153]],[[39.56723,9.10162],[39.55989,9.10623],[39.56462,9.12367],[39.55553,9.12989],[39.55213,9.13824],[39.54155,9.14036],[39.54396,9.14878],[39.53996,9.14826],[39.53979,9.15235],[39.53349,9.15299],[39.53201,9.14938],[39.52471,9.15237],[39.51719,9.14211],[39.52025,9.1525],[39.53381,9.16976],[39.55065,9.18384],[39.54395,9.18387],[39.54313,9.19969],[39.54135,9.19568],[39.53697,9.20266],[39.5385,9.20683],[39.52487,9.21424],[39.52528,9.21821],[39.52093,9.21969],[39.52251,9.22746],[39.51187,9.22053],[39.51447,9.2274],[39.50404,9.22519],[39.50594,9.23424],[39.50245,9.23505]],[[38.68928,8.99193],[38.69002,8.99879]],[[38.78534,9.00435],[38.78921,9.00547]],[[38.70865,9.03329],[38.70216,9.0341]],[[38.7013,9.01786],[38.70092,9.01788]],[[38.6954,9.01953],[38.68823,9.02333]],[[38.68845,9.02316],[38.69577,9.01908]],[[38.75276,9.03861],[38.75435,9.04481]],[[38.7543,9.04471],[38.75266,9.03863]],[[38.75022,9.04563],[38.74866,9.04459]],[[38.75416,9.04505],[38.75063,9.04566]],[[38.75445,9.04509],[38.75477,9.04521]],[[38.75477,9.04521],[38.75542,9.04537]],[[38.75472,9.04528],[38.75443,9.04517]],[[38.76546,8.93384],[38.76595,8.93424]],[[38.78654,8.99783],[38.78672,8.99772]],[[38.78413,8.99081],[38.78765,8.9894]],[[38.77897,8.99675],[38.78016,9.00374]],[[38.77854,8.99019],[38.77972,8.99224]],[[38.74716,9.03218],[38.74557,9.0306]],[[38.75914,9.00732],[38.75923,9.01023]],[[38.75875,9.00738],[38.75871,9.0069]],[[38.7816,8.99196],[38.77855,8.99259]],[[38.7493,9.03533],[38.74592,9.0346]],[[38.73834,8.937],[38.7441,8.93584]],[[38.74519,8.93575],[38.74496,8.9359]],[[38.7445,8.93614],[38.73599,8.93747]],[[38.74517,8.93573],[38.74519,8.93575]],[[38.74536,8.936],[38.75366,8.94287]],[[38.72288,8.98895],[38.71802,8.99215]],[[38.79203,8.98753],[38.79374,8.98953]],[[38.7597,8.98574],[38.7594,8.98366]],[[38.76321,8.91283],[38.77092,8.89675]],[[38.85467,8.97442],[38.85403,8.97243]],[[38.85422,8.97226],[38.85496,8.97431]],[[38.71971,9.00795],[38.72029,9.00923]],[[38.75101,9.03358],[38.75064,9.03326]],[[38.75006,9.03448],[38.75064,9.03326]],[[38.75165,9.03329],[38.7515,9.03335]],[[38.71311,9.05685],[38.71333,9.05663]],[[38.71321,9.0575],[38.70297,9.0595]],[[38.74603,9.01154],[38.74535,9.01109]],[[38.73944,8.99892],[38.73939,8.99843]],[[38.7395,8.99844],[38.73955,8.9989]],[[38.73955,8.9989],[38.73964,8.99943]],[[38.73929,8.99731],[38.73848,8.9952]],[[38.74775,9.02168],[38.74396,9.02796]],[[38.74843,9.01316],[38.74849,9.0131]],[[38.74856,9.01316],[38.7485,9.01322]],[[38.74849,9.0131],[38.74971,9.01196]],[[38.74971,9.01196],[38.7498,9.01157]],[[38.73823,8.99417],[38.7385,8.99414]],[[38.73864,8.99508],[38.7384,8.99513]],[[38.73892,8.9945],[38.73873,8.99502]],[[38.74566,8.98733],[38.73892,8.9945]],[[38.74583,8.98718],[38.74566,8.98733]],[[38.74551,8.9873],[38.74574,8.98707]],[[38.74574,8.98707],[38.74704,8.98602]],[[38.7478,8.99439],[38.74792,8.99439]],[[38.74957,8.95882],[38.74976,8.95864]],[[38.74979,8.95866],[38.7496,8.95885]],[[38.74976,8.95864],[38.74929,8.95788]],[[38.74894,8.95782],[38.74929,8.95784]],[[38.74929,8.95788],[38.74894,8.95786]],[[38.73489,8.96588],[38.73444,8.96557]],[[38.73448,8.96549],[38.73497,8.96581]],[[38.73497,8.96581],[38.74197,8.97163]],[[38.73421,8.96541],[38.73335,8.96481]],[[38.74877,8.95784],[38.74369,8.9562]],[[38.74929,8.95784],[38.74979,8.95866]],[[41.81208,4.42749],[41.81414,4.39387],[41.80596,4.38595],[41.81654,4.38372],[41.84073,4.36827]],[[41.89617,4.30673],[41.8994,4.30301],[41.92167,4.31948],[41.93405,4.31921],[41.93586,4.3141],[41.93238,4.30855],[41.93775,4.28702],[41.96589,4.26158],[42.00346,4.25684],[42.02591,4.22291],[42.0255,4.21176],[42.03023,4.20537],[42.04015,4.20241],[42.05767,4.17758]],[[41.84735,4.36357],[41.84822,4.36274]],[[41.84822,4.36274],[41.86405,4.34806]],[[41.84073,4.36827],[41.84735,4.36357]],[[38.82606,9.02006],[38.82598,9.02003]],[[38.82593,9.02001],[38.82333,9.01908]],[[38.82605,9.01977],[38.83016,9.02146]],[[35.45695,11.29578],[35.41657,11.27541],[35.37743,11.27597],[35.31746,11.26525],[35.2862,11.26999]],[[39.11492,8.59433],[39.11159,8.5977]],[[38.7693,9.00194],[38.77244,8.99627]],[[42.13092,5.79577],[42.1222,5.78618],[42.11447,5.79234],[42.10569,5.78531],[42.08006,5.78579],[42.05639,5.73911]],[[37.66033,6.7484],[37.62269,6.75533],[37.56743,6.73019]],[[37.57318,6.70852],[37.57036,6.71448],[37.55572,6.72352]],[[39.33693,8.40045],[39.33733,8.40124]],[[41.66695,9.61138],[41.68431,9.61168]],[[41.25655,9.49891],[41.27102,9.48974],[41.29325,9.49873],[41.30667,9.50965],[41.33239,9.51638],[41.34767,9.52962],[41.35647,9.52755],[41.36912,9.53576],[41.38292,9.53491],[41.37952,9.54989]],[[41.094,9.52299],[41.09912,9.52097],[41.13123,9.54183],[41.14469,9.54122],[41.15389,9.54795],[41.1772,9.54964]],[[40.75575,9.23356],[40.76003,9.23693]],[[38.84167,8.98023],[38.84301,8.98024]],[[38.84299,8.9803],[38.8417,8.98031]],[[38.84301,8.98024],[38.85422,8.97226]],[[38.8417,8.98031],[38.83967,8.98223]],[[38.74982,9.08951],[38.73897,9.08709]],[[39.15849,7.03516],[39.15838,7.03568]],[[38.7253,9.03388],[38.73123,9.03378]],[[38.74133,9.03402],[38.73887,9.03414]],[[34.96447,8.24057],[34.9639,8.24121]],[[34.9639,8.24121],[34.96135,8.24252],[34.96577,8.24434],[34.96789,8.26133],[34.98327,8.26181],[34.99991,8.3234],[35.01503,8.32997],[35.03351,8.32593],[35.04093,8.3171],[35.05296,8.31668],[35.06714,8.29552],[35.09701,8.28666],[35.11726,8.26478]],[[34.75545,8.95715],[34.7495,8.95398],[34.74647,8.95735],[34.7375,8.95576],[34.73336,8.96613],[34.7314,8.96342],[34.71576,8.97084],[34.71353,8.97942],[34.70547,8.98377],[34.69547,8.97888],[34.69329,8.98144],[34.68725,8.97476],[34.6814,8.97646],[34.67944,8.96415],[34.66333,8.9769],[34.6611,8.96731],[34.65676,8.96952],[34.64376,8.96476],[34.65369,8.98249],[34.64626,8.98043],[34.64327,8.98508],[34.6388,8.98457],[34.63553,8.97966],[34.62941,8.98329],[34.61282,8.98359],[34.60798,8.99351],[34.60437,8.99265]],[[37.47047,12.61776],[37.46822,12.61253]],[[41.81803,9.61031],[41.8214,9.60912]],[[41.83316,9.60507],[41.83552,9.61165]],[[41.86713,9.60742],[41.87146,9.6077]],[[41.85489,9.60007],[41.86404,9.60708]],[[41.83254,9.60521],[41.83733,9.60351]],[[41.85086,9.59718],[41.85471,9.59994]],[[37.97451,8.82601],[37.9669,8.82175],[37.9599,8.80182],[37.9477,8.79704],[37.94582,8.78773],[37.92648,8.78338]],[[35.42158,7.19702],[35.42158,7.19702]],[[37.75674,6.84118],[37.75845,6.84021]],[[37.77108,6.85795],[37.76487,6.85544]],[[37.77327,6.8528],[37.77762,6.85909]],[[37.75791,6.85767],[37.76475,6.85511]],[[34.6766,9.58697],[34.66742,9.57979],[34.6544,9.57641],[34.64444,9.56585],[34.62376,9.56416],[34.6003,9.54923],[34.59997,9.53819],[34.59441,9.5295],[34.5609,9.52956]],[[34.56684,9.29058],[34.57361,9.27742]],[[38.76361,9.00986],[38.76633,9.00697]],[[38.72763,9.01214],[38.72223,9.01178]],[[38.7276,9.01191],[38.72783,9.01195]],[[38.72783,9.01195],[38.7287,9.01198]],[[38.72783,9.01219],[38.72763,9.01214]],[[38.70892,9.01943],[38.7013,9.01786]],[[38.70906,9.01945],[38.71813,9.01657]],[[38.70902,9.01951],[38.70892,9.01943]],[[38.70896,9.01936],[38.70906,9.01945]],[[38.70802,8.988],[38.70675,9.0051]],[[38.75302,8.98369],[38.75272,8.98383]],[[38.75268,8.98372],[38.753,8.98358]],[[38.75169,8.98436],[38.75054,8.98487]],[[38.753,8.98358],[38.75645,8.98213]],[[38.73782,9.05914],[38.74285,9.05325]],[[38.73476,9.063],[38.7341,9.06328]],[[38.73402,9.06241],[38.73454,9.06218]],[[38.73375,9.06303],[38.73309,9.06284]],[[38.73493,9.06261],[38.73484,9.06287]],[[38.73375,9.06286],[38.7339,9.06256]],[[38.73493,9.0625],[38.73525,9.06259]],[[38.73287,9.06283],[38.7306,9.06331]],[[38.70707,8.95907],[38.69928,8.95639]],[[38.71793,8.96301],[38.7177,8.9628]],[[38.71804,8.96281],[38.71825,8.963]],[[38.72056,8.96636],[38.72185,8.96876]],[[40.00337,7.11876],[40.00337,7.11876]],[[38.8138,9.00368],[38.8138,9.00356]],[[38.71507,8.9535],[38.71211,8.95852]],[[38.71503,8.95341],[38.72624,8.94878]],[[38.71494,8.9535],[38.71503,8.95341]],[[38.71517,8.9534],[38.71507,8.9535]],[[38.69192,8.95175],[38.67067,8.95059]],[[38.73111,9.06287],[38.73402,9.06241]],[[38.7387,9.06316],[38.73501,9.063]],[[38.76101,9.04402],[38.76096,9.04377]],[[38.79595,9.02452],[38.79603,9.02465]],[[38.79585,9.02458],[38.79479,9.02108]],[[38.83036,9.02178],[38.83005,9.02167]],[[38.83016,9.02146],[38.83042,9.02155]],[[38.79604,9.01304],[38.79589,9.01345]],[[38.79582,9.01333],[38.79598,9.01293]],[[38.83042,9.02155],[38.84929,9.02093]],[[38.83005,9.02167],[38.8264,9.02019]],[[38.79589,9.01345],[38.79532,9.01543]],[[38.79598,9.01293],[38.79967,9.01036]],[[38.78675,8.99772],[38.79284,8.99065]],[[38.79381,8.9896],[38.7936,8.98983]],[[38.77846,9.00498],[38.77876,9.00481]],[[38.77876,9.00481],[38.78005,9.00384]],[[38.75563,9.01741],[38.76125,9.01791]],[[38.75548,9.0174],[38.75563,9.01741]],[[38.75553,9.01755],[38.75502,9.0175]],[[38.75437,9.01743],[38.75263,9.01729]],[[38.79492,9.01984],[38.79493,9.01973]],[[38.74279,9.04057],[38.74021,9.0358]],[[38.74333,9.02887],[38.7414,9.03056]],[[38.74177,9.03408],[38.74171,9.03392]],[[35.11726,8.26478],[35.13316,8.24512],[35.13982,8.24914],[35.15917,8.24495],[35.17885,8.24933],[35.21307,8.23859],[35.23861,8.24065],[35.24199,8.23565],[35.25789,8.23508],[35.26276,8.22978],[35.27171,8.23313],[35.2943,8.22467],[35.30901,8.21682],[35.30793,8.21113]],[[38.766,8.98381],[38.77411,8.99311]],[[38.76561,8.9836],[38.7628,8.98114]],[[38.76602,8.98363],[38.766,8.98381]],[[35.34391,9.46921],[35.35428,9.47412],[35.36475,9.48589],[35.39367,9.47901],[35.40287,9.49123],[35.41362,9.48138],[35.41992,9.48145],[35.43181,9.47277],[35.44348,9.47856],[35.45721,9.46942],[35.46382,9.49358],[35.4816,9.50333],[35.48773,9.49674],[35.49531,9.49827],[35.49227,9.50779],[35.49683,9.51008]],[[35.11651,9.52347],[35.13305,9.52093],[35.16513,9.50481],[35.16337,9.49263],[35.17084,9.487],[35.1818,9.48567]],[[35.34696,9.00338],[35.36684,9.0108],[35.37513,9.00791],[35.38608,9.01558],[35.39795,9.03725],[35.39394,9.05388],[35.39638,9.07453]],[[35.1818,9.48567],[35.18864,9.48404],[35.21101,9.45485],[35.21999,9.456],[35.22962,9.45031],[35.2687,9.4683],[35.28707,9.46151],[35.30042,9.47537],[35.3066,9.47086],[35.31729,9.45073]],[[35.4094,9.11966],[35.39849,9.1042],[35.39747,9.0961]],[[38.79344,9.00521],[38.79317,9.00533]],[[38.79316,9.00523],[38.79339,9.00513]],[[38.79339,9.00513],[38.79986,9.00238]],[[38.79317,9.00533],[38.78934,9.00557]],[[39.5321,13.4777],[39.52674,13.48005],[39.5109,13.47499],[39.49523,13.47757],[39.47544,13.47463],[39.47384,13.4775]],[[39.47621,13.48959],[39.47621,13.48959]],[[39.49053,13.51481],[39.49145,13.51607]],[[39.54507,13.47696],[39.53548,13.474],[39.53262,13.47687]],[[39.47634,13.48953],[39.49048,13.51473]],[[39.49145,13.51607],[39.50106,13.52465]],[[39.47619,13.48955],[39.47372,13.47751]],[[39.53185,13.4774],[39.53185,13.4774]],[[39.49034,13.51475],[39.47628,13.48961]],[[40.52996,13.19328],[40.54546,13.20342],[40.55968,13.23956],[40.57368,13.25404],[40.59345,13.26252],[40.60557,13.285],[40.62566,13.30456],[40.6337,13.30956],[40.65487,13.31275],[40.68026,13.32797],[40.70805,13.32156],[40.74816,13.30547],[40.77773,13.2885],[40.8153,13.24304],[40.84259,13.23472],[40.84636,13.2199],[40.85269,13.21517]],[[38.73773,9.01653],[38.73489,9.01652]],[[38.73809,9.01641],[38.73826,9.0164]],[[38.80439,8.85385],[38.80363,8.85489]],[[41.07287,6.90318],[41.0725,6.90311]],[[38.86907,9.04731],[38.86537,9.04113]],[[38.86272,9.04154],[38.86437,9.04072]],[[38.77348,8.98493],[38.77854,8.99019]],[[38.77861,8.99068],[38.77825,8.98995]],[[38.77851,8.99415],[38.77861,8.99068]],[[38.77859,8.99032],[38.77856,8.99423]],[[38.73663,9.00197],[38.73672,9.0019]],[[38.73472,9.00324],[38.7346,9.0033]],[[38.73459,9.00318],[38.7347,9.00312]],[[38.73679,9.00199],[38.73667,9.00207]],[[38.73667,9.00207],[38.73472,9.00324]],[[38.7347,9.00312],[38.73663,9.00197]],[[38.7346,9.0033],[38.73386,9.00368]],[[38.73365,9.00368],[38.73459,9.00318]],[[38.73981,9.0001],[38.73679,9.00199]],[[38.73672,9.0019],[38.73938,9.00017]],[[37.47263,12.68102],[37.47111,12.68667],[37.45935,12.69112],[37.4478,12.71028],[37.45199,12.71327],[37.44432,12.71123],[37.42126,12.72219],[37.42276,12.72545],[37.41694,12.729],[37.42071,12.73084],[37.41951,12.74017]],[[37.47781,12.64693],[37.47787,12.6471]],[[38.74026,9.03577],[38.74284,9.0405]],[[38.7402,9.0357],[38.74026,9.03577]],[[38.74021,9.0358],[38.74017,9.03576]],[[38.74017,9.03576],[38.73938,9.03479]],[[38.7437,9.03419],[38.74927,9.0351]],[[38.74352,9.03417],[38.7437,9.03419]],[[38.74367,9.03436],[38.74355,9.03434]],[[38.74355,9.03434],[38.74324,9.0343]],[[38.74556,9.03046],[38.74563,9.03054]],[[38.74557,9.0306],[38.7455,9.03053]],[[38.7455,9.03053],[38.74381,9.02883]],[[38.74563,9.03054],[38.74722,9.03208]],[[39.44333,14.27199],[39.44852,14.27755],[39.46144,14.27726]],[[39.46591,7.0318],[39.46606,7.03186]],[[39.46606,7.03186],[39.48874,7.03988],[39.52966,7.04324],[39.54671,7.03157],[39.56099,7.03047],[39.56862,7.03461],[39.5838,7.03168],[39.6092,7.05642],[39.63867,7.04889],[39.64917,7.0568],[39.65738,7.07627],[39.66622,7.07918],[39.67051,7.08853],[39.68986,7.08616],[39.69625,7.09525],[39.6882,7.10576],[39.68977,7.11557],[39.73266,7.12289],[39.73896,7.11575]],[[42.09829,12.11031],[42.1039,12.11],[42.11055,12.11713],[42.14581,12.10546],[42.17829,12.08205],[42.19512,12.06002]],[[41.5421,9.08038],[41.54684,9.07405],[41.55212,9.10219],[41.54694,9.09618],[41.54486,9.14318],[41.54816,9.1416],[41.54882,9.14857],[41.56166,9.15531],[41.57441,9.19187],[41.56443,9.24228],[41.56723,9.26444],[41.56406,9.27952],[41.57516,9.29286],[41.56702,9.29237],[41.5588,9.30037],[41.55958,9.30857],[41.55327,9.32278],[41.55763,9.33742],[41.55135,9.34675],[41.55551,9.35678],[41.55138,9.35875],[41.55302,9.36096],[41.54625,9.36045],[41.5455,9.36507],[41.55204,9.38384],[41.55594,9.38234],[41.56343,9.39248]],[[42.63059,11.03862],[42.63055,11.03977]],[[42.63044,11.04302],[42.63055,11.03977]],[[41.50657,6.59936],[41.49346,6.6036],[41.48198,6.59761],[41.46167,6.6011],[41.45305,6.61787],[41.45156,6.64036],[41.44494,6.65228],[41.40924,6.66865],[41.382,6.69899],[41.36442,6.70531],[41.36081,6.71834],[41.32688,6.74992],[41.31353,6.77275],[41.28702,6.78818],[41.27318,6.81118],[41.2385,6.83249],[41.22463,6.85149],[41.18898,6.86621],[41.16264,6.89196],[41.07287,6.90318]],[[41.14246,9.12139],[41.13555,9.12549],[41.13251,9.12188],[41.13271,9.12597],[41.12548,9.13144],[41.11234,9.17031]],[[41.1424,9.1208],[41.14246,9.12139]],[[41.17355,9.08015],[41.17335,9.07389],[41.16802,9.07775],[41.15841,9.07413],[41.14668,9.08167],[41.13059,9.08297],[41.12706,9.09058],[41.14054,9.09193],[41.13885,9.09741],[41.12966,9.1001],[41.12758,9.10538],[41.13027,9.10458]],[[41.13027,9.10458],[41.13028,9.10478]],[[41.13028,9.10478],[41.12949,9.10829],[41.1424,9.1208]],[[41.44265,9.31261],[41.43918,9.31911],[41.44615,9.33354],[41.45755,9.34047],[41.46535,9.34016],[41.46048,9.34712],[41.45355,9.3468],[41.45847,9.35499]],[[41.34231,9.25157],[41.34978,9.27555],[41.36228,9.27783],[41.38351,9.2919],[41.3912,9.28932],[41.4085,9.29327],[41.42295,9.30247]],[[41.33638,9.17269],[41.32984,9.17827],[41.3216,9.17788],[41.30035,9.16848],[41.28402,9.15456],[41.27081,9.15601],[41.26873,9.13943],[41.26276,9.1321]],[[38.90903,14.17269],[38.91609,14.17846],[38.92065,14.19276],[38.92441,14.19451],[38.93717,14.18898],[38.94731,14.19245],[38.95777,14.20163],[38.95825,14.20759]],[[38.90903,14.17269],[38.90397,14.16705],[38.8924,14.16504],[38.88514,14.1843]],[[38.88311,14.18791],[38.88493,14.18444]],[[36.60955,14.2864],[36.62896,14.26673]],[[36.6155,14.208],[36.66756,14.1688]],[[38.75864,9.01271],[38.75437,9.01743]],[[38.76277,9.012],[38.76288,9.01303]],[[38.75989,9.01146],[38.75941,9.01155]],[[39.46054,9.18019],[39.45654,9.18525]],[[38.79281,8.99086],[38.78688,8.99778]],[[38.79352,8.98974],[38.79374,8.98953]],[[38.77312,8.99541],[38.77708,8.99274]],[[41.64531,9.60994],[41.64511,9.60991]],[[41.62513,9.61474],[41.57985,9.60126]],[[39.46139,14.27752],[39.44837,14.27759],[39.44333,14.27199]],[[39.73925,13.35283],[39.74648,13.34706],[39.75004,13.35782],[39.75317,13.35029],[39.75104,13.33182]],[[40.01349,13.25191],[40.01663,13.25125]],[[39.55404,13.42167],[39.55854,13.42367],[39.56557,13.4191],[39.56975,13.42413],[39.58157,13.42597],[39.60729,13.42445],[39.61904,13.41777],[39.63057,13.38795],[39.64352,13.39118],[39.65355,13.38845],[39.66726,13.37792],[39.68218,13.37864],[39.69399,13.37398],[39.7107,13.36356],[39.71097,13.35936],[39.72411,13.35918],[39.73916,13.35286]],[[38.83003,8.9908],[38.83962,8.98219]],[[38.86563,9.01165],[38.86724,9.00748]],[[38.82711,8.99359],[38.82489,8.99556]],[[38.77938,9.0233],[38.77978,9.02322]],[[38.77979,9.02331],[38.77938,9.02338]],[[38.77883,9.02344],[38.77688,9.02344]],[[38.72865,9.01198],[38.72996,9.01636]],[[38.7592,9.0116],[38.75919,9.01147]],[[38.75919,9.01147],[38.7594,9.01143]],[[38.76291,9.01082],[38.76276,9.01102]],[[38.7627,9.01084],[38.76343,9.01005]],[[38.7594,9.01143],[38.7594,9.01148]],[[38.76276,9.01102],[38.76258,9.01105]],[[38.75931,9.01157],[38.7592,9.0116]],[[38.7627,9.01084],[38.76291,9.01082]],[[38.76291,9.01082],[38.7725,9.01007]],[[38.7594,9.01143],[38.76013,9.01123]],[[38.76276,9.01102],[38.76274,9.01164]],[[39.56473,9.04058],[39.56416,9.04009]],[[39.50245,9.23505],[39.49184,9.22666]],[[41.0725,6.90311],[41.05552,6.9005],[41.01231,6.91293],[40.98861,6.93371],[40.92029,6.93317],[40.88205,6.97017],[40.85974,7.0023],[40.84326,7.01244]],[[39.76158,7.10932],[39.76844,7.10291],[39.77799,7.10583],[39.78576,7.10097],[39.79265,7.10576],[39.83482,7.1052],[39.87983,7.13123],[39.92237,7.13714],[39.94539,7.14989],[39.96521,7.16929],[39.97691,7.17214]],[[39.76141,7.10956],[39.76158,7.10932]],[[36.3267,11.1993],[36.32608,11.19983]],[[35.81064,11.23224],[35.77659,11.25445],[35.76318,11.25663],[35.75552,11.27385],[35.74732,11.27021],[35.71022,11.26976],[35.69552,11.27654],[35.68407,11.30809],[35.66872,11.32889],[35.6533,11.31669],[35.64793,11.32467],[35.64271,11.32426],[35.62739,11.30746],[35.59605,11.31383]],[[42.66187,10.86825],[42.64642,10.85871],[42.63746,10.84239]],[[42.66216,10.86871],[42.66187,10.86825]],[[41.88697,9.62767],[41.89298,9.63254]],[[41.94929,9.6755],[41.94076,9.67485],[41.93559,9.66062]],[[41.8867,9.62773],[41.88697,9.62767]],[[41.94959,9.67552],[41.94929,9.6755]],[[41.93188,9.65646],[41.9323,9.65668]],[[41.89298,9.63254],[41.89305,9.6328]],[[41.9323,9.65668],[41.93559,9.66062]],[[41.89305,9.6328],[41.89449,9.6368]],[[41.87882,9.53803],[41.87861,9.53921]],[[41.87861,9.53921],[41.86011,9.57879]],[[42.01289,9.70463],[41.99617,9.70173]],[[42.02558,9.71447],[42.02543,9.71436]],[[42.05285,9.74048],[42.05268,9.74029]],[[42.06329,9.75178],[42.06301,9.75147]],[[42.01792,9.70831],[42.01778,9.70819]],[[42.05268,9.74029],[42.05127,9.73873]],[[42.09165,9.76971],[42.09132,9.76958]],[[42.04398,9.72656],[42.04382,9.72644]],[[42.01328,9.70479],[42.01289,9.70463]],[[42.09132,9.76958],[42.09094,9.76943]],[[42.02543,9.71436],[42.01792,9.70831]],[[42.01778,9.70819],[42.01328,9.70479]],[[42.04382,9.72644],[42.03914,9.72279]],[[42.06301,9.75147],[42.05285,9.74048]],[[42.15164,9.821],[42.15074,9.82044]],[[42.1385,9.8167],[42.13823,9.81655]],[[42.23306,9.91446],[42.23275,9.91411]],[[42.20106,9.8775],[42.15788,9.83503],[42.15508,9.82306]],[[42.13823,9.81655],[42.12791,9.80745],[42.11885,9.7714],[42.09165,9.76971]],[[42.15074,9.82044],[42.1385,9.8167]],[[42.38618,10.03808],[42.38593,10.03686]],[[42.38593,10.03686],[42.37516,10.02702]],[[42.54039,10.31402],[42.53791,10.29671],[42.53175,10.29035]],[[42.52085,10.26467],[42.52068,10.26433]],[[42.53175,10.29035],[42.53149,10.29012]],[[42.54042,10.3144],[42.54039,10.31402]],[[42.53149,10.29012],[42.52194,10.28104],[42.52085,10.26467]],[[42.52068,10.26433],[42.51255,10.2439],[42.44431,10.13014]],[[41.4091,9.53075],[41.3837,9.55464]],[[41.40928,9.53084],[41.4091,9.53075]],[[38.01728,10.96125],[38.02978,10.95833],[38.03593,10.96489],[38.04192,10.96479],[38.04918,10.9448]],[[38.76813,9.00442],[38.76795,9.00433]],[[38.98556,12.57071],[38.96663,12.55773],[38.96297,12.54917]],[[39.03516,12.62546],[39.03516,12.62546]],[[38.60921,7.20365],[38.63521,7.1849],[38.64704,7.18731],[38.66,7.18022],[38.67564,7.16319],[38.70294,7.14911],[38.7199,7.12725],[38.75852,7.09511],[38.76723,7.0832],[38.77357,7.07851],[38.7852,7.07818]],[[38.7771,8.99286],[38.77251,8.9964]],[[38.7747,8.99374],[38.77671,8.99278]],[[38.77255,8.99602],[38.77442,8.99398]],[[38.77442,8.99398],[38.7747,8.99374]],[[38.76403,8.95778],[38.76013,8.97579]],[[38.80338,8.85545],[38.80296,8.8554]],[[38.78523,8.87877],[38.78582,8.87791]],[[38.80133,8.8606],[38.80296,8.8554]],[[38.80338,8.85545],[38.80311,8.85589]],[[38.78197,8.88686],[38.78592,8.88386],[38.78488,8.87927]],[[38.7769,8.88357],[38.78246,8.87666]],[[38.76416,8.92187],[38.76695,8.93231]],[[38.80439,8.85385],[38.83913,8.83186]],[[39.1548,8.57458],[39.16385,8.56822]],[[38.74245,9.01635],[38.73818,9.01654]],[[38.76575,8.9839],[38.76563,8.98379]],[[38.7659,8.98351],[38.766,8.98359]],[[38.74454,9.01643],[38.74466,9.01643]],[[38.76563,8.98379],[38.76561,8.98366]],[[37.76735,6.86293],[37.77084,6.86519],[37.77328,6.86232],[37.77453,6.86541]],[[37.76163,6.86404],[37.76171,6.86399]],[[37.76174,6.86404],[37.76167,6.8641]],[[41.85276,9.60479],[41.8474,9.60748]],[[34.84824,8.18171],[34.86116,8.19577],[34.8967,8.19117],[34.9051,8.19875],[34.92423,8.19632],[34.93854,8.19976],[34.9428,8.19698],[34.95627,8.20187],[34.9676,8.20889],[34.96851,8.2351],[34.96447,8.24057]],[[34.49164,8.26636],[34.48279,8.26349],[34.43675,8.2716]],[[34.58885,8.23154],[34.58581,8.24429]],[[34.58779,8.25039],[34.58693,8.26596]],[[34.58693,8.26596],[34.58765,8.25041]],[[34.58563,8.27163],[34.53757,8.27593],[34.52388,8.2737]],[[34.58669,8.24705],[34.58593,8.24465]],[[34.58593,8.24465],[34.58581,8.24429]],[[34.58692,8.24784],[34.58669,8.24705]],[[34.58761,8.25027],[34.58692,8.24784]],[[34.58692,8.24784],[34.58774,8.25023]],[[34.58776,8.25024],[34.58776,8.25024]],[[39.27596,8.52055],[39.26907,8.54133]],[[39.26916,8.54152],[39.26916,8.54152]],[[39.26892,8.54131],[39.27596,8.52055]],[[36.62049,14.22699],[36.62063,14.22629]],[[36.62063,14.22629],[36.61532,14.20799]],[[36.61153,14.29675],[36.61157,14.29566]],[[41.83201,9.60532],[41.83254,9.60521]],[[41.8315,9.6055],[41.83201,9.60532]],[[38.7462,9.00978],[38.74689,9.00273]],[[38.75594,9.01197],[38.75897,9.01153]],[[38.73428,9.01192],[38.73445,9.01309]],[[33.95632,8.3324],[33.96016,8.3602],[33.99545,8.40764],[34.00158,8.44486]],[[34.00611,8.46163],[34.01719,8.47611]],[[34.01719,8.47611],[33.99439,8.47825],[33.9855,8.48357]],[[33.97992,8.49261],[33.97411,8.51308],[33.95792,8.54028],[33.95837,8.58024]],[[34.78798,10.61259],[34.8031,10.6317],[34.80814,10.66166]],[[34.89885,10.70752],[34.89912,10.70763]],[[34.80832,10.66985],[34.8083,10.67031]],[[34.80814,10.66166],[34.80849,10.662]],[[34.87299,10.70715],[34.8731,10.70699]],[[34.75699,10.45462],[34.75682,10.45519]],[[34.78761,10.61222],[34.78798,10.61259]],[[34.8731,10.70699],[34.87936,10.699],[34.89885,10.70752]],[[34.8083,10.67031],[34.81266,10.68704],[34.83073,10.7087],[34.8456,10.71515],[34.87012,10.7107],[34.87299,10.70715]],[[34.75682,10.45519],[34.76484,10.49474],[34.78417,10.52543],[34.78948,10.54911],[34.78383,10.59688],[34.78761,10.61222]],[[34.80849,10.662],[34.80832,10.66985]],[[41.86126,9.59469],[41.86126,9.59469]],[[40.75348,11.10305],[40.76064,11.12768]],[[40.74687,11.04608],[40.74412,11.05606],[40.75348,11.1027]],[[40.75259,11.17224],[40.75306,11.18187],[40.74515,11.1929],[40.74791,11.20224]],[[40.72907,11.01859],[40.74383,11.02823],[40.7489,11.03836],[40.747,11.04566]],[[40.72726,11.32674],[40.72652,11.34262],[40.71907,11.35284]],[[40.76003,11.12867],[40.75258,11.17199]],[[40.76064,11.12768],[40.76003,11.12867]],[[40.72777,11.32484],[40.72764,11.32537]],[[40.75348,11.1027],[40.75348,11.10305]],[[40.64676,10.13741],[40.64681,10.13773]],[[40.72892,11.01828],[40.72907,11.01859]],[[40.62563,10.05838],[40.62573,10.05859]],[[40.72471,10.29581],[40.72473,10.29636]],[[40.747,11.04566],[40.74687,11.04608]],[[40.66885,10.16919],[40.66896,10.16952]],[[40.75258,11.17199],[40.75259,11.17224]],[[40.74791,11.20224],[40.74806,11.20285]],[[40.72741,11.32622],[40.72726,11.32674]],[[40.69543,10.89402],[40.69566,10.89432]],[[40.72764,11.32537],[40.72741,11.32622]],[[40.71986,11.28213],[40.71996,11.28281]],[[40.73017,10.60208],[40.72998,10.60225]],[[40.62573,10.05859],[40.64274,10.10281],[40.64676,10.13741]],[[40.64681,10.13773],[40.65432,10.15409],[40.66536,10.16071],[40.66885,10.16919]],[[40.71996,11.28281],[40.73241,11.31156],[40.72777,11.32484]],[[40.74806,11.20285],[40.74459,11.2125],[40.7192,11.22711],[40.7119,11.23663],[40.71986,11.28213]],[[40.66896,10.16952],[40.68291,10.20844],[40.7082,10.22233],[40.71943,10.23659],[40.72674,10.25753],[40.72327,10.27399],[40.72717,10.28831],[40.72471,10.29581]],[[40.70685,10.94492],[40.71536,10.95603],[40.71364,10.96979],[40.72096,10.98748],[40.72232,11.00748],[40.72892,11.01828]],[[40.72998,10.60225],[40.72042,10.61661],[40.71421,10.67303],[40.69666,10.69717],[40.65643,10.79268],[40.66211,10.83223],[40.66976,10.84222],[40.66991,10.85406],[40.67857,10.86966],[40.68771,10.87388],[40.69543,10.89402]],[[40.72111,10.30579],[40.72025,10.32047],[40.70847,10.33717],[40.70532,10.35881],[40.71221,10.37938],[40.70647,10.4226],[40.73139,10.45309],[40.73591,10.4712],[40.7518,10.50191],[40.76021,10.53265],[40.74844,10.58435],[40.73017,10.60208]],[[39.67436,13.00248],[39.67189,12.99151],[39.67442,12.98327],[39.66938,12.96864]],[[39.58154,12.42635],[39.58142,12.42551]],[[39.60512,12.47569],[39.6028,12.44207],[39.58154,12.42635]],[[39.60523,12.476],[39.60512,12.47569]],[[36.97876,13.44716],[36.97872,13.44738]],[[37.0152,13.36506],[37.01462,13.36515]],[[36.98646,13.3933],[36.98632,13.39321]],[[37.01462,13.36515],[37.00507,13.37635],[36.99949,13.37707],[36.99455,13.39107],[36.98646,13.3933]],[[36.98632,13.39321],[36.97788,13.40366],[36.97561,13.41869],[36.97876,13.44716]],[[36.97819,13.44847],[36.96347,13.4669],[36.96791,13.48517]],[[37.32332,12.94947],[37.31647,12.95292],[37.3122,12.96342],[37.29767,12.97209],[37.29367,12.98341],[37.29718,13.00612],[37.29231,13.02027],[37.29478,13.03342],[37.29001,13.05325]],[[37.27522,13.07706],[37.27484,13.07737]],[[37.36588,12.84632],[37.3662,12.84672]],[[37.27227,13.0791],[37.26817,13.09448],[37.25944,13.10788],[37.25999,13.11539]],[[38.88356,14.18649],[38.8825,14.18663]],[[38.88437,14.18519],[38.88319,14.18802]],[[38.88499,14.1845],[38.88437,14.18519]],[[38.88514,14.1843],[38.88499,14.1845]],[[38.88493,14.18444],[38.88507,14.18425]],[[38.88507,14.18425],[38.89225,14.16501],[38.90361,14.1668],[38.90903,14.17269]],[[39.00264,14.23555],[39.00506,14.23157],[39.01258,14.23154],[39.02734,14.25386]],[[38.97727,14.22747],[38.98786,14.22535],[38.99247,14.23117]],[[39.00237,14.23548],[39.00264,14.23555]],[[38.95407,14.21449],[38.95407,14.21464]],[[38.95825,14.20759],[38.95815,14.20784]],[[38.95815,14.20784],[38.95407,14.21449]],[[39.07148,14.27331],[39.07163,14.27331]],[[39.08299,14.27066],[39.09586,14.26703],[39.1055,14.2748]],[[39.29691,14.272],[39.30403,14.27001]],[[39.16408,14.29217],[39.16534,14.29337]],[[39.34169,14.24909],[39.34265,14.24681]],[[39.28343,14.29088],[39.2885,14.28595]],[[39.28247,14.30343],[39.28328,14.2995]],[[39.11185,14.27278],[39.11417,14.27223]],[[39.17374,14.30237],[39.17467,14.30461]],[[39.28449,14.29521],[39.28322,14.29114]],[[39.34087,14.25156],[39.34174,14.24923]],[[39.21948,14.31288],[39.21979,14.31291]],[[39.34253,14.24124],[39.34282,14.24113]],[[39.28333,14.29935],[39.28441,14.29548]],[[39.26097,14.32358],[39.26107,14.32341]],[[39.11417,14.27223],[39.1143,14.2723]],[[39.30403,14.27001],[39.30462,14.27003]],[[39.3408,14.25165],[39.34087,14.25156]],[[39.28025,14.30526],[39.28041,14.30514]],[[39.28328,14.2995],[39.28333,14.29935]],[[39.32158,14.26508],[39.32171,14.2651]],[[39.2885,14.28595],[39.28866,14.28571]],[[39.26406,14.32089],[39.26425,14.32082]],[[39.34265,14.24681],[39.34266,14.24665]],[[39.26684,14.31986],[39.26706,14.31978]],[[39.41432,14.25856],[39.41444,14.25861]],[[39.28322,14.29114],[39.28343,14.29088]],[[39.12386,14.27647],[39.12393,14.27648]],[[39.16399,14.29208],[39.16408,14.29217]],[[39.15354,14.28314],[39.15369,14.28339]],[[39.27271,14.31542],[39.27281,14.31529]],[[39.11175,14.27278],[39.11185,14.27278]],[[39.28441,14.29548],[39.28449,14.29521]],[[39.26425,14.32082],[39.26684,14.31986]],[[39.16854,14.2976],[39.16861,14.29771]],[[39.17467,14.30461],[39.17479,14.3047]],[[39.28233,14.30361],[39.28247,14.30343]],[[39.27349,14.3138],[39.27359,14.31355]],[[39.33435,14.26138],[39.33448,14.26135]],[[39.22506,14.31848],[39.22506,14.31863]],[[39.21746,14.31297],[39.21755,14.31283]],[[39.33253,14.26171],[39.33265,14.26164]],[[39.16534,14.29337],[39.16541,14.29349]],[[39.29479,14.2746],[39.29502,14.27428]],[[39.2968,14.27213],[39.29691,14.272]],[[39.25339,14.3237],[39.25371,14.32338]],[[39.33728,14.25991],[39.33735,14.25985]],[[39.34174,14.24923],[39.34169,14.24909]],[[39.32226,14.26551],[39.32233,14.26562]],[[39.17358,14.3023],[39.17374,14.30237]],[[39.28866,14.28571],[39.29479,14.2746]],[[39.16541,14.29349],[39.16854,14.2976]],[[39.23783,14.33263],[39.24192,14.33908],[39.24749,14.33838],[39.24674,14.33239],[39.25339,14.3237]],[[39.27452,14.31072],[39.28025,14.30526]],[[39.25371,14.32338],[39.26097,14.32358]],[[39.21979,14.31291],[39.22506,14.31848]],[[39.29502,14.27428],[39.2968,14.27213]],[[39.41551,14.25873],[39.41564,14.25873]],[[39.33265,14.26164],[39.33435,14.26138]],[[39.31216,14.26984],[39.31238,14.2698]],[[39.43567,14.27414],[39.43584,14.27413]],[[39.43584,14.27413],[39.44333,14.27199]],[[39.31238,14.2698],[39.32158,14.26508]],[[39.32233,14.26562],[39.33253,14.26171]],[[39.33735,14.25985],[39.3408,14.25165]],[[39.27281,14.31529],[39.27349,14.3138]],[[39.27433,14.3107],[39.27452,14.31072]],[[39.26706,14.31978],[39.2688,14.31895]],[[39.16861,14.29771],[39.17358,14.3023]],[[39.15369,14.28339],[39.16204,14.29041]],[[39.28041,14.30514],[39.28233,14.30361]],[[39.32171,14.2651],[39.32226,14.26551]],[[39.21755,14.31283],[39.21948,14.31288]],[[39.1143,14.2723],[39.11531,14.27668],[39.12386,14.27647]],[[39.30462,14.27003],[39.31216,14.26984]],[[39.26107,14.32341],[39.2635,14.3211]],[[39.34282,14.24113],[39.35287,14.2399],[39.35211,14.22275],[39.36275,14.21618],[39.37424,14.22778],[39.38585,14.23035],[39.39268,14.24871],[39.39789,14.25007],[39.39637,14.24617],[39.39997,14.24262],[39.40565,14.24794],[39.41687,14.24792],[39.41133,14.25585]],[[39.33448,14.26135],[39.33728,14.25991]],[[39.41444,14.25861],[39.41551,14.25873]],[[39.27359,14.31355],[39.27433,14.3107]],[[39.54546,13.47699],[39.54507,13.47696]],[[39.50106,13.52465],[39.50118,13.52493]],[[39.50118,13.52493],[39.50646,13.53988],[39.51827,13.55589],[39.51572,13.55526],[39.51938,13.55706],[39.52653,13.55152],[39.53246,13.56812],[39.54416,13.58124],[39.56793,13.58225]],[[39.53224,13.4771],[39.53262,13.47687]],[[39.53262,13.47687],[39.53242,13.47721]],[[39.49145,13.51607],[39.49039,13.51493]],[[38.77817,8.9899],[38.77314,8.98465]],[[39.58142,12.42551],[39.57398,12.42087]],[[39.57398,12.42087],[39.558,12.41475]],[[39.68783,11.87489],[39.68321,11.87557]],[[39.68809,11.87493],[39.68783,11.87489]],[[42.62703,10.84055],[42.62663,10.84052]],[[42.62663,10.84052],[42.6235,10.84033]],[[36.93285,10.95562],[36.93265,10.95568]],[[36.70576,11.00509],[36.68162,11.0038],[36.6358,11.01281],[36.60204,10.99832],[36.55667,10.99498],[36.54297,10.95976],[36.52643,10.94977]],[[37.06261,10.72355],[37.06222,10.72303]],[[36.37482,7.41732],[36.37541,7.41688]],[[36.50577,7.50312],[36.5225,7.51031],[36.53312,7.52067],[36.54264,7.52274],[36.54669,7.52855],[36.55528,7.53034],[36.55769,7.53491],[36.57174,7.53853],[36.57554,7.54604],[36.58321,7.54505],[36.58702,7.55638],[36.60343,7.55978],[36.61637,7.55476],[36.62509,7.55855],[36.63002,7.56684],[36.66337,7.56695]],[[38.80152,9.0213],[38.80189,9.0211]],[[38.80454,9.02061],[38.8101,9.02144]],[[38.76792,9.00426],[38.76812,9.00398]],[[38.76817,9.00398],[38.76828,9.00404]],[[38.76834,9.00414],[38.76819,9.00441]],[[38.77476,8.99376],[38.77485,8.99387]],[[38.77487,8.99393],[38.77453,8.99416]],[[38.77451,8.99414],[38.77443,8.99404]],[[38.76602,9.00746],[38.76374,9.00992]],[[38.76633,9.00697],[38.76848,9.00345]],[[38.77251,8.9964],[38.76939,9.00199]],[[38.77729,8.99269],[38.77752,8.99265]],[[41.69029,9.61167],[41.70396,9.61129]],[[41.68431,9.61168],[41.68465,9.61169]],[[40.10997,7.08472],[40.0449,7.10129],[40.02526,7.1133],[40.0037,7.11882]],[[40.11016,7.08469],[40.10997,7.08472]],[[39.15561,7.71116],[39.1552,7.71149]],[[39.15351,7.77821],[39.13945,7.81238],[39.14458,7.82867],[39.12129,7.88783],[39.13473,7.94941]],[[39.49647,13.09267],[39.51118,13.09516],[39.51731,13.09154],[39.54618,13.06329],[39.54922,13.05379],[39.56149,13.04306],[39.56081,13.0375],[39.58424,13.021],[39.5865,13.01134],[39.59892,13.01252]],[[39.59923,13.01263],[39.61394,13.00431],[39.62267,13.00884],[39.62939,13.02027],[39.64702,13.00598],[39.65672,13.0053],[39.66223,13.01202],[39.6683,13.01257],[39.67433,13.00295]],[[39.66847,12.95728],[39.67474,12.95145],[39.68386,12.95119],[39.68295,12.93587],[39.67759,12.93123],[39.6883,12.93497]],[[39.70567,12.92347],[39.71056,12.91161],[39.71671,12.91219],[39.72238,12.89487],[39.70797,12.85486],[39.70008,12.85248]],[[39.6342,12.50915],[39.60523,12.476]],[[39.28359,8.50314],[39.28394,8.50288]],[[39.28349,8.50416],[39.28323,8.50444]],[[39.28408,8.50356],[39.28408,8.50356]],[[39.28323,8.50444],[39.27596,8.52055]],[[39.14741,8.59236],[39.14693,8.59185]],[[39.14693,8.59185],[39.14368,8.58929]],[[39.02333,8.70398],[39.05615,8.66176],[39.10218,8.61542],[39.10816,8.60047]],[[38.80327,8.85461],[38.80439,8.85385]],[[38.69853,8.95563],[38.70666,8.95872]],[[38.9405,8.81293],[38.94011,8.80441]],[[39.04012,8.71626],[39.02333,8.70398]],[[38.76168,9.06095],[38.76238,9.05344]],[[38.75537,9.04562],[38.75472,9.04528]],[[38.74851,9.04457],[38.74798,9.04552]],[[38.74851,9.04435],[38.752,9.03793]],[[38.8649,9.04073],[38.87456,9.0577]],[[34.92678,9.55386],[34.92652,9.55297]],[[34.98871,9.55503],[34.98881,9.55552]],[[34.77705,9.42815],[34.77194,9.42038],[34.75687,9.41356],[34.7498,9.39493],[34.7422,9.38843],[34.72955,9.38792],[34.71806,9.3952],[34.70517,9.38802],[34.70081,9.39293]],[[34.98881,9.55552],[34.95521,9.56497],[34.94666,9.56239],[34.94068,9.55378],[34.92678,9.55386]],[[36.97772,13.5534],[36.97914,13.55688],[36.95931,13.59411],[36.96218,13.5982]],[[36.97739,13.55316],[36.97772,13.5534]],[[36.93428,13.77258],[36.93427,13.76956]],[[36.83734,13.99603],[36.84058,13.98982],[36.85517,13.98026],[36.86192,13.96472],[36.86143,13.94274],[36.85714,13.93366],[36.87342,13.91539],[36.87604,13.89843],[36.87326,13.88777],[36.87688,13.87911]],[[36.93162,13.78068],[36.93176,13.78043]],[[36.93424,13.77282],[36.93428,13.77258]],[[36.94409,13.72493],[36.94412,13.72455]],[[36.8372,13.99608],[36.83734,13.99603]],[[36.96218,13.5982],[36.96232,13.59857]],[[36.93427,13.76956],[36.93467,13.76919]],[[36.93467,13.76919],[36.94409,13.72493]],[[36.96232,13.59857],[36.96847,13.61986],[36.95601,13.65624],[36.95661,13.67534]],[[36.93176,13.78043],[36.93424,13.77282]],[[40.20191,9.04237],[40.20202,9.04296]],[[40.20202,9.04296],[40.20525,9.05532],[40.18994,9.08226]],[[40.71156,7.13867],[40.69655,7.1457],[40.65465,7.15409],[40.57343,7.20499],[40.54639,7.21317],[40.52661,7.2145],[40.51706,7.22684],[40.47385,7.25916],[40.45043,7.25269],[40.41443,7.22516],[40.3843,7.2219],[40.37362,7.22626]],[[34.43675,8.2716],[34.43259,8.27102]],[[34.43124,8.27048],[34.43259,8.27102]],[[41.8816,5.33528],[41.87763,5.32512],[41.88435,5.31405],[41.86691,5.23746]],[[41.86571,5.23377],[41.85701,5.22282],[41.85643,5.19866]],[[41.86691,5.23746],[41.86571,5.23377]],[[41.97787,6.57666],[41.97837,6.55687]],[[42.1301,6.47025],[42.12941,6.47066]],[[41.53193,6.60673],[41.52855,6.60415],[41.52245,6.60812],[41.51192,6.59668],[41.50657,6.59936]],[[39.73896,7.11575],[39.73915,7.11546]],[[39.73915,7.11546],[39.74379,7.11103],[39.76141,7.10956]],[[38.18657,12.2542],[38.21302,12.25832],[38.21885,12.27426],[38.23706,12.29237],[38.24913,12.30072],[38.27327,12.30627],[38.27366,12.3091]],[[38.27366,12.3091],[38.27835,12.32116],[38.27541,12.32423],[38.2818,12.32726],[38.28333,12.33718],[38.29592,12.35512]],[[38.18657,12.2542],[38.18503,12.24581],[38.19066,12.24088],[38.18221,12.24167]],[[38.15668,12.22972],[38.15656,12.22964]],[[38.15656,12.22964],[38.14121,12.2215]],[[38.17505,12.23578],[38.16485,12.23183]],[[38.1751,12.23583],[38.17505,12.23578]],[[38.17827,12.23644],[38.17813,12.23643]],[[38.17813,12.23643],[38.1751,12.23583]],[[38.18221,12.24167],[38.18217,12.24161]],[[38.18217,12.24161],[38.17827,12.23644]],[[38.12044,12.21786],[38.12035,12.2178]],[[38.12035,12.2178],[38.08382,12.1908]],[[40.02794,13.23057],[40.04598,13.23319]],[[40.03145,13.24766],[40.032,13.24676]],[[38.9166,12.47847],[38.90648,12.48158],[38.90284,12.47033],[38.89874,12.46888],[38.88994,12.47668],[38.87434,12.47721],[38.8711,12.48422],[38.86482,12.47911],[38.85395,12.48894],[38.84772,12.4795],[38.85205,12.47404],[38.84717,12.47146],[38.85359,12.46718]],[[38.96297,12.54917],[38.96298,12.54886]],[[38.77986,12.42165],[38.77992,12.42139]],[[38.78164,12.42133],[38.78451,12.41926],[38.78224,12.41659],[38.7853,12.41678],[38.78106,12.41101],[38.78379,12.40803],[38.76207,12.41484],[38.75579,12.42797],[38.7447,12.4236],[38.73839,12.43241],[38.73327,12.42958],[38.73165,12.43205]],[[39.76802,13.32231],[39.76836,13.32218]],[[39.76836,13.32218],[39.79439,13.3133],[39.80467,13.31679],[39.82133,13.29488],[39.82683,13.2939],[39.82734,13.27196],[39.84031,13.27119]],[[39.75605,13.32707],[39.75651,13.3268]],[[39.75651,13.3268],[39.76802,13.32231]],[[39.75104,13.33182],[39.75128,13.33124]],[[39.75128,13.33124],[39.75605,13.32707]],[[39.86293,13.4749],[39.86256,13.47455]],[[39.85626,13.46822],[39.85626,13.45896],[39.85196,13.45298],[39.86291,13.41834],[39.85976,13.41051],[39.85429,13.41074],[39.85383,13.39233],[39.84809,13.39001]],[[39.86893,13.65483],[39.86967,13.6425],[39.87756,13.63457],[39.87807,13.62486],[39.89139,13.60887]],[[39.91742,13.58129],[39.91076,13.55417],[39.90406,13.54712]],[[39.91726,13.58171],[39.91742,13.58129]],[[39.90406,13.54712],[39.90363,13.54674]],[[39.87967,13.51616],[39.87668,13.4859],[39.87082,13.48545],[39.86969,13.47473],[39.86293,13.4749]],[[39.79231,13.3932],[39.79187,13.393]],[[39.79187,13.393],[39.77555,13.37806],[39.75958,13.37847],[39.75476,13.36777]],[[40.6808,11.42508],[40.68047,11.42493]],[[40.68047,11.42493],[40.67275,11.41753],[40.6644,11.42142],[40.64695,11.41327],[40.63776,11.41691],[40.6182,11.41389],[40.61268,11.41696],[40.60591,11.41056],[40.58894,11.41408],[40.55682,11.44145],[40.55627,11.45492],[40.54327,11.45478]],[[40.49035,11.4809],[40.49018,11.48111]],[[40.49018,11.48111],[40.48496,11.48643],[40.48577,11.49721]],[[40.48577,11.49721],[40.4856,11.49761]],[[40.4856,11.49761],[40.45923,11.49908],[40.44367,11.50398],[40.42889,11.49426],[40.41634,11.49718],[40.40961,11.50624]],[[40.22247,11.60012],[40.22232,11.60025]],[[40.22232,11.60025],[40.20737,11.60093],[40.17578,11.58781],[40.14778,11.58413],[40.14112,11.58935],[40.14592,11.60165],[40.1429,11.61785]],[[40.14227,11.61818],[40.12853,11.62535],[40.11563,11.62288],[40.09653,11.61081],[40.07485,11.60934],[40.05349,11.61751],[40.02593,11.61782],[40.02343,11.61347]],[[40.1429,11.61785],[40.14227,11.61818]],[[39.97229,11.62683],[39.97807,11.63871]],[[39.97216,11.62624],[39.97229,11.62683]],[[39.97807,11.63871],[39.97816,11.63942]],[[39.97816,11.63942],[39.98015,11.64799],[39.9731,11.65814],[39.95777,11.66111],[39.9526,11.66715],[39.89948,11.67662],[39.89261,11.68077],[39.89096,11.68707],[39.88191,11.68517],[39.86755,11.72197],[39.85289,11.73852],[39.84738,11.75705],[39.83948,11.76063]],[[39.83948,11.76063],[39.83956,11.76157]],[[39.83956,11.76157],[39.83079,11.76903],[39.82366,11.78997],[39.81126,11.8015],[39.80403,11.80279],[39.78827,11.82606],[39.78251,11.82366],[39.77152,11.83305],[39.75489,11.83504]],[[39.28394,8.50288],[39.28389,8.50325]],[[39.28323,8.50444],[39.28323,8.50405]],[[34.52934,9.34905],[34.53258,9.34088]],[[34.57361,9.27742],[34.5738,9.27747]],[[34.5738,9.27747],[34.57811,9.27145],[34.56567,9.25182],[34.56873,9.24369],[34.56112,9.23826],[34.56782,9.22991],[34.56672,9.21214],[34.56214,9.21116],[34.55413,9.18321],[34.5471,9.18508],[34.52901,9.18045],[34.51941,9.1623],[34.52177,9.15067],[34.51672,9.13264],[34.52273,9.08044],[34.5169,9.0641],[34.51913,9.05712],[34.52585,9.05554],[34.53803,9.04126],[34.542,9.01702],[34.55178,9.02049],[34.55601,9.01347],[34.57163,9.00539],[34.58015,9.01099],[34.59857,9.00057],[34.60437,8.99265]],[[38.78803,9.01588],[38.78891,9.01606]],[[38.78401,9.01514],[38.78223,9.01467]],[[38.78765,9.01572],[38.78894,9.016]],[[38.78715,9.01595],[38.78492,9.01534]],[[38.78483,9.01516],[38.78722,9.01562]],[[38.78899,9.01625],[38.78822,9.01616]],[[38.78746,9.01557],[38.78765,9.01572]],[[38.78766,9.01578],[38.78761,9.01599]],[[38.78713,9.01588],[38.78718,9.01566]],[[38.76971,9.01038],[38.77016,9.01616]],[[38.77488,9.01087],[38.7768,9.01194]],[[38.7814,9.01243],[38.78071,9.0082]],[[38.77465,9.01154],[38.77219,9.01623]],[[38.77477,9.01119],[38.77473,9.0112]],[[38.7833,9.0148],[38.78355,9.01187]],[[38.75994,8.98761],[38.75915,8.99137]],[[36.73607,9.90436],[36.73641,9.90452]],[[36.92966,10.12792],[36.93122,10.14238],[36.94225,10.14452],[36.95018,10.15544],[36.96068,10.15855],[36.95669,10.16162],[36.9572,10.1821],[36.98802,10.21002],[36.98556,10.22532],[36.99472,10.2719],[37.01088,10.27894],[37.0033,10.28768],[37.00232,10.29581],[36.99817,10.29219],[37.00066,10.30028],[37.01188,10.29108]],[[35.1963,6.76923],[35.19829,6.77898],[35.22067,6.79283],[35.22619,6.80228],[35.2443,6.81075],[35.25309,6.80955],[35.26426,6.8194],[35.28407,6.82511],[35.29804,6.83376],[35.30755,6.84521],[35.32294,6.8491],[35.34077,6.86261],[35.35358,6.86083],[35.36259,6.86969],[35.39378,6.88202],[35.40516,6.892],[35.42611,6.88839],[35.42784,6.88384]],[[38.51857,8.02073],[38.51854,8.02082]],[[38.48893,8.04942],[38.47356,8.06441],[38.4561,8.12182],[38.44131,8.13748],[38.43603,8.13807],[38.42013,8.12726],[38.40528,8.1253],[38.38507,8.13123]],[[39.19549,6.97902],[39.22828,6.99312],[39.2691,6.99699],[39.33145,6.99622],[39.34015,7.00611],[39.35628,7.00912],[39.38392,7.00521],[39.46591,7.0318]],[[39.15604,6.99412],[39.15639,6.99387]],[[34.86691,6.64317],[34.86265,6.64907],[34.84644,6.65341],[34.82536,6.62606],[34.80123,6.62285],[34.78647,6.61061],[34.7758,6.60908],[34.76921,6.60347]],[[35.40302,7.56272],[35.41553,7.57189],[35.43527,7.5688],[35.44321,7.56023],[35.46372,7.56457],[35.46786,7.56215],[35.47019,7.56589],[35.47835,7.56078],[35.48071,7.56762],[35.4762,7.57945],[35.47919,7.57709],[35.48086,7.58516],[35.49738,7.5914],[35.50851,7.61401],[35.50253,7.62752],[35.50994,7.64136],[35.50711,7.6446],[35.50262,7.64298],[35.50664,7.65517],[35.49966,7.66481],[35.50125,7.67595],[35.49633,7.69556],[35.4877,7.70749],[35.47972,7.73229],[35.48115,7.73829],[35.47537,7.75007],[35.47791,7.76013],[35.45587,7.78993],[35.4603,7.82212],[35.47675,7.84395],[35.47935,7.87302]],[[35.42171,7.19732],[35.41982,7.19905]],[[37.38518,11.58071],[37.38924,11.54374],[37.40292,11.53404]],[[37.38813,11.58073],[37.38813,11.58073]],[[40.21202,13.12851],[40.1916,13.13914],[40.13924,13.15364]],[[40.30697,13.09948],[40.31467,13.0988],[40.32622,13.10647],[40.33443,13.09724],[40.34706,13.10464]],[[40.00112,13.28312],[40.00362,13.28059],[40.00109,13.27331],[39.99877,13.27625],[39.99843,13.27161],[39.9929,13.27087],[39.99815,13.25802]],[[40.02057,13.24792],[40.03145,13.24766]],[[38.83186,9.02799],[38.832,9.02806]],[[38.83198,9.02815],[38.83182,9.02806]],[[38.83028,9.02721],[38.82667,9.02585]],[[38.85466,9.03601],[38.86431,9.04041]],[[38.82297,8.99745],[38.81676,9.00365]],[[38.82474,8.99571],[38.82297,8.99745]],[[38.82308,8.99718],[38.82498,8.99539]],[[38.71659,9.05574],[38.71353,9.05635]],[[38.71964,9.0532],[38.71679,9.05579]],[[38.71662,9.0557],[38.71681,9.05576]],[[38.7207,9.05265],[38.7204,9.05282]],[[38.8945,9.01058],[38.89466,8.99794]],[[39.79106,13.67227],[39.78437,13.66868],[39.77675,13.6487],[39.77119,13.64629],[39.76999,13.63741],[39.72356,13.64287],[39.71083,13.6544],[39.69363,13.65848],[39.682,13.66881],[39.67261,13.67065],[39.6479,13.7035]],[[38.7637,9.0172],[38.75553,9.01755]],[[37.43125,5.74595],[37.43507,5.73462],[37.43039,5.72524],[37.43421,5.7181]],[[38.76451,9.02216],[38.7649,9.02228]],[[39.28261,8.57575],[39.28261,8.57575]],[[39.28285,8.57549],[39.29847,8.56966]],[[39.29851,8.56979],[39.28294,8.57568]],[[41.85311,9.60459],[41.85776,9.60528],[41.86537,9.59733]],[[41.83552,9.61165],[41.8473,9.60744]],[[37.38811,11.58076],[37.38807,11.58756]],[[37.38792,11.58757],[37.38791,11.58075]],[[38.71035,9.01354],[38.70013,9.0153]],[[38.71377,9.01289],[38.71869,9.01232]],[[38.72136,9.05207],[38.7207,9.05265]],[[38.73155,9.04633],[38.72167,9.05176]],[[38.72128,9.052],[38.72139,9.05167]],[[38.82666,9.02572],[38.83031,9.02713]],[[38.81506,9.02199],[38.81207,9.0213]],[[38.8183,9.02404],[38.81806,9.02386]],[[38.73435,9.01142],[38.73738,9.0111]],[[38.73401,9.01173],[38.72855,9.01221]],[[38.73401,9.01173],[38.73397,9.0115]],[[38.73382,9.00931],[38.73373,9.00642]],[[38.73505,9.01832],[38.73336,9.01997]],[[38.72221,8.97823],[38.7223,8.97841]],[[38.72198,8.969],[38.72475,8.9728],[38.72215,8.9782]],[[35.18318,6.50898],[35.17808,6.50047],[35.14242,6.48936],[35.1016,6.50961],[35.09544,6.5278],[35.08443,6.52429],[35.05163,6.53273],[35.03834,6.53815],[35.0346,6.54712],[35.00252,6.55284],[34.97798,6.57019]],[[41.79808,9.61464],[41.7978,9.61469]],[[38.81851,8.87391],[38.8194,8.87422]],[[38.81898,8.87426],[38.80641,8.86953]],[[41.82541,6.54791],[41.75313,6.55672],[41.7257,6.56652],[41.70211,6.56233],[41.68921,6.56814],[41.66134,6.57093]],[[34.49164,8.26636],[34.49449,8.26754]],[[39.29393,8.54668],[39.29386,8.53967]],[[36.49704,10.98251],[36.49607,10.98733]],[[38.76381,9.01917],[38.76382,9.01932]],[[38.76382,9.01932],[38.76399,9.02074]],[[38.7633,9.01923],[38.76288,9.0136]],[[38.76332,9.01937],[38.7633,9.01923]],[[40.76003,9.23693],[40.7601,9.23697]],[[39.23802,11.65839],[39.21904,11.64994],[39.21258,11.64182],[39.21043,11.60896],[39.2177,11.59105]],[[38.04964,12.12361],[38.04822,12.13121]],[[35.54563,9.16081],[35.55734,9.16525],[35.56745,9.15886],[35.5714,9.14864],[35.58725,9.14575],[35.60119,9.15398],[35.61416,9.15481],[35.63438,9.1737],[35.63905,9.17239],[35.64175,9.17813],[35.65453,9.17878],[35.66136,9.1687],[35.67803,9.16438],[35.69127,9.17091],[35.70644,9.16616],[35.71583,9.17597],[35.71317,9.18761],[35.72294,9.19019],[35.72549,9.19787],[35.73203,9.20172]],[[39.24596,8.53623],[39.24596,8.53623]],[[41.84835,9.59953],[41.83257,9.60528]],[[41.84887,9.59935],[41.84835,9.59953]],[[41.84885,9.59928],[41.85661,9.59126]],[[41.84833,9.59946],[41.84885,9.59928]],[[36.64089,9.58962],[36.62937,9.61848],[36.62627,9.64335],[36.63909,9.6625],[36.62945,9.68344],[36.63916,9.7057],[36.63502,9.71153],[36.62637,9.71029],[36.63352,9.71423],[36.6295,9.71514],[36.63096,9.71867],[36.64834,9.73225],[36.65022,9.75253],[36.64663,9.76107],[36.6303,9.77486],[36.63354,9.78004]],[[36.54662,9.0904],[36.54623,9.09172]],[[36.54646,9.09031],[36.54646,9.09031]],[[36.54618,9.0917],[36.54649,9.09037]],[[36.54654,9.09018],[36.54697,9.088]],[[36.54716,9.08806],[36.54667,9.09023]],[[38.60921,7.20365],[38.60904,7.20387]],[[41.86411,9.59088],[41.86384,9.59124]],[[39.41877,9.22393],[39.42691,9.23249],[39.43509,9.23055],[39.43761,9.24537],[39.44395,9.2542]],[[38.7726,9.01008],[38.77421,9.01056]],[[38.85261,8.99096],[38.85445,8.98461]],[[38.8547,8.97483],[38.8547,8.97483]],[[38.78468,9.00663],[38.78802,9.00106]],[[38.78934,9.00557],[38.78683,8.99814]],[[38.78372,9.01115],[38.78363,9.01188]],[[38.78363,9.01116],[38.78468,9.00663]],[[36.51763,10.94954],[36.51793,10.94948]],[[36.49893,10.9724],[36.50183,10.95895],[36.51763,10.94954]],[[38.74798,9.04552],[38.7465,9.04808]],[[38.74789,9.04546],[38.7484,9.04453]],[[38.74563,9.04286],[38.74279,9.04057]],[[38.74627,9.04841],[38.7447,9.05071]],[[38.7463,9.04819],[38.74789,9.04546]],[[36.60937,14.28661],[36.60937,14.28661]],[[36.60993,14.28676],[36.61087,14.29097]],[[36.62886,14.26615],[36.62307,14.25985],[36.61795,14.23702]],[[36.62896,14.26673],[36.62896,14.26673]],[[36.62919,14.26699],[36.60995,14.28669]],[[36.62897,14.26666],[36.62886,14.26615]],[[39.47372,13.47751],[39.47541,13.47451],[39.49511,13.47748],[39.51081,13.47489],[39.52701,13.47997],[39.5319,13.47757]],[[39.47384,13.4775],[39.47634,13.48952]],[[39.49039,13.51493],[39.49039,13.51493]],[[38.89396,8.80278],[38.89423,8.80245]],[[38.89423,8.80245],[38.89893,8.79575]],[[38.74159,8.95273],[38.74188,8.95605]],[[37.47807,12.64333],[37.47781,12.64693]],[[37.47814,12.64318],[37.47807,12.64333]],[[37.47807,12.64306],[37.47808,12.64299]],[[38.74188,8.95605],[38.74376,8.95619]],[[38.74185,8.95608],[38.74145,8.95273]],[[38.74376,8.95619],[38.74877,8.95781]],[[38.74369,8.9562],[38.74185,8.95608]],[[38.7366,8.9487],[38.73376,8.94835]],[[38.69034,9.00396],[38.68381,9.00432]],[[38.69034,9.00392],[38.69387,9.00369]],[[38.74145,8.95273],[38.73798,8.95122]],[[38.67997,9.00452],[38.69034,9.00392]],[[38.68214,9.00443],[38.67843,9.0028]],[[38.68381,9.00432],[38.68214,9.00443]],[[37.38517,11.58061],[37.38788,11.58051]],[[39.19855,7.11513],[39.22466,7.17461],[39.22931,7.19736],[39.2355,7.2041],[39.24663,7.23195],[39.27017,7.26327],[39.27058,7.33171],[39.242,7.40957],[39.24886,7.42038],[39.24985,7.43619],[39.25538,7.43757],[39.24759,7.44682],[39.2629,7.48095],[39.24879,7.516],[39.2474,7.53089],[39.25804,7.53609],[39.25175,7.5681],[39.23475,7.58906],[39.22433,7.61062],[39.22574,7.63254],[39.19784,7.65761],[39.17909,7.6601],[39.17126,7.6837],[39.16481,7.68891],[39.15561,7.71116]],[[39.19015,7.09301],[39.19855,7.11513]],[[39.19855,7.11513],[39.19015,7.09301]],[[37.85257,7.55026],[37.85243,7.55107]],[[37.85237,7.55114],[37.85234,7.55014]],[[38.75636,8.94487],[38.75531,8.94438]],[[38.75373,8.94305],[38.74531,8.93604]],[[38.75796,8.94579],[38.75636,8.94487]],[[38.69387,9.00376],[38.69034,9.00396]],[[38.69452,9.00368],[38.70669,9.00508]],[[38.69457,9.00374],[38.69448,9.00375]],[[38.694,9.00352],[38.68987,8.9989]],[[38.69441,9.00459],[38.69559,9.01074]],[[38.7,9.01527],[38.71329,9.01326]],[[38.70125,9.01752],[38.70896,9.01936]],[[38.69401,9.00375],[38.69387,9.00376]],[[38.69424,9.00384],[38.69406,9.00383]],[[38.69437,9.00369],[38.69452,9.00368]],[[38.69442,9.00375],[38.69426,9.00377]],[[38.67847,9.00278],[38.67997,9.00452]],[[38.67843,9.0028],[38.67758,9.00174]],[[42.66028,11.11166],[42.64712,11.09338]],[[38.73698,9.06288],[38.73481,9.06291]],[[39.2635,14.3211],[39.2637,14.32102]],[[39.2637,14.32102],[39.26406,14.32089]],[[39.16229,14.29054],[39.16399,14.29208]],[[39.16204,14.29041],[39.16229,14.29054]],[[39.23571,14.32972],[39.23725,14.33045]],[[39.23724,14.33062],[39.23784,14.3323]],[[39.23559,14.32974],[39.23571,14.32972]],[[39.23725,14.33045],[39.23724,14.33062]],[[39.23784,14.3323],[39.23783,14.33263]],[[39.22506,14.31863],[39.22957,14.32845],[39.23559,14.32974]],[[41.16533,12.34017],[41.16544,12.33991]],[[41.16189,12.38945],[41.16533,12.34017]],[[41.16212,12.39007],[41.16189,12.38945]],[[41.16229,12.39031],[41.16212,12.39007]],[[41.17691,12.4378],[41.17734,12.43775]],[[41.15391,12.51335],[41.15909,12.50817],[41.15722,12.50365],[41.16226,12.49102],[41.15892,12.47443],[41.16119,12.45443],[41.17691,12.4378]],[[41.15389,12.51369],[41.15391,12.51335]],[[41.86429,4.34785],[41.87747,4.33672],[41.89547,4.30776]],[[41.86405,4.34806],[41.86429,4.34785]],[[42.12696,6.0928],[42.12744,6.0928]],[[42.12744,6.0928],[42.13903,6.09131],[42.14817,6.08235],[42.16631,6.08712],[42.17162,6.08124],[42.17077,6.05106],[42.17703,6.04525],[42.16914,6.03545],[42.15957,6.02899],[42.13502,6.02381],[42.09066,6.03041],[42.08758,6.01738],[42.08176,6.01697],[42.08624,6.01443],[42.08235,6.01271],[42.03181,6.00879],[42.01643,6.00231],[41.98656,5.99827],[42.00056,5.98516]],[[42.11066,6.3661],[42.11072,6.36592]],[[42.1042,6.3145],[42.10825,6.28794]],[[38.97707,14.22745],[38.97727,14.22747]],[[38.95407,14.21464],[38.96256,14.22226],[38.97707,14.22745]],[[39.08268,14.27075],[39.08299,14.27066]],[[39.07163,14.27331],[39.08268,14.27075]],[[36.79168,14.0234],[36.80219,14.01856],[36.80491,14.01169],[36.8372,13.99608]],[[36.79174,14.02371],[36.79168,14.0234]],[[37.15463,13.22373],[37.15043,13.22721],[37.15247,13.23468]],[[37.15496,13.22355],[37.15463,13.22373]],[[39.73901,11.85965],[39.72296,11.8854],[39.71762,11.87842],[39.70583,11.88474],[39.68809,11.87493]],[[39.73928,11.85975],[39.73901,11.85965]],[[37.34396,6.95197],[37.34779,6.94068],[37.35556,6.94085]],[[37.35556,6.94085],[37.35939,6.94172],[37.36236,6.93715],[37.37291,6.93906],[37.38643,6.92282]],[[37.38643,6.92282],[37.40319,6.90853],[37.41119,6.91061],[37.41744,6.89894],[37.42913,6.90991]],[[37.48132,6.92261],[37.50275,6.92026]],[[41.97868,6.55593],[41.98027,6.55103]],[[41.97837,6.55687],[41.97868,6.55593]],[[41.53847,9.57122],[41.5345,9.56634],[41.51515,9.56503],[41.50143,9.55588],[41.48824,9.55328],[41.47558,9.54311],[41.46384,9.5479],[41.45686,9.54384],[41.45003,9.54514],[41.443,9.53738],[41.42922,9.54181],[41.41565,9.53142],[41.40928,9.53084]],[[41.53869,9.57154],[41.53847,9.57122]],[[41.87609,9.61467],[41.87547,9.62488]],[[41.87553,9.61428],[41.87609,9.61467]],[[35.81099,11.23206],[35.81064,11.23224]],[[35.84072,11.18405],[35.82577,11.20161],[35.83343,11.22045],[35.81099,11.23206]],[[35.84096,11.18377],[35.84072,11.18405]],[[36.32608,11.19983],[36.31977,11.22001],[36.26304,11.25455],[36.25766,11.28525],[36.24894,11.29366]],[[41.33638,9.17269],[41.33851,9.18164],[41.35259,9.18123],[41.34333,9.18642],[41.338,9.20019],[41.33944,9.2169],[41.34825,9.23282],[41.34231,9.25157]],[[37.49562,11.25777],[37.49595,11.25793]],[[37.41085,11.40107],[37.40729,11.38817],[37.41476,11.36877],[37.42649,11.36106],[37.43331,11.34542],[37.43242,11.33146],[37.44342,11.31731],[37.4555,11.31428]],[[36.41209,8.69056],[36.41386,8.6924]],[[36.42014,8.69223],[36.41485,8.69262]],[[36.42014,8.69223],[36.42428,8.69075],[36.44368,8.70094],[36.44824,8.71863],[36.45205,8.71651]],[[34.74116,8.17015],[34.74141,8.17036]],[[34.65282,8.17727],[34.65905,8.16981],[34.67072,8.1693],[34.68051,8.16227],[34.69957,8.16281],[34.71447,8.16944],[34.7316,8.16241],[34.74116,8.17015]],[[36.3267,11.1993],[36.33537,11.1697]],[[36.33829,11.16616],[36.33866,11.16572]],[[38.75008,8.98453],[38.74902,8.9771]],[[38.73401,8.98279],[38.72804,8.98274],[38.72357,8.98839]],[[38.71965,8.98216],[38.71933,8.98323]],[[38.71933,8.98323],[38.72316,8.9886]],[[38.72226,8.97853],[38.71965,8.98216]],[[38.72191,8.97827],[38.72468,8.9728],[38.72184,8.96908]],[[38.73505,9.01832],[38.73528,9.01989]],[[38.74605,9.01144],[38.74614,9.01063]],[[38.74622,9.01064],[38.74613,9.01149]],[[38.74624,9.01043],[38.74622,9.01064]],[[38.74614,9.01063],[38.74615,9.01043]],[[38.74633,9.01048],[38.74821,9.01069]],[[38.74049,9.01071],[38.74381,9.01025]],[[38.74829,9.01093],[38.74631,9.0106]],[[38.74449,9.01043],[38.74076,9.01084]],[[38.73528,9.02258],[38.73512,9.01911]],[[38.71387,9.01298],[38.71339,9.01333]],[[38.72027,9.01218],[38.71387,9.01298]],[[38.71329,9.01326],[38.71377,9.01289]],[[38.73225,9.04611],[38.73783,9.04868]],[[38.7379,9.04908],[38.73765,9.04908]],[[38.73214,9.03363],[38.73225,9.033]],[[38.73298,9.02828],[38.7332,9.0207]],[[38.73356,9.00372],[38.73365,9.00368]],[[38.7135,9.05631],[38.71662,9.0557]],[[38.71679,9.05579],[38.71659,9.05574]],[[38.71681,9.05576],[38.72039,9.05279]],[[38.72039,9.05279],[38.72068,9.05263]],[[38.72068,9.05263],[38.72133,9.05205]],[[38.72164,9.05172],[38.73154,9.04617]],[[38.68892,9.07122],[38.69008,9.06462],[38.69281,9.06549]],[[38.7726,9.01008],[38.7768,9.01194]],[[38.78182,9.01614],[38.7814,9.01243]],[[38.78158,9.013],[38.78187,9.01612]],[[38.76671,9.00058],[38.76658,9.00051]],[[38.76698,9.00048],[38.76739,9.00212]],[[38.76793,9.0041],[38.76726,9.00178]],[[38.76438,8.98775],[38.76068,8.98757]],[[38.7609,8.98749],[38.76437,8.98755]],[[38.7646,8.98744],[38.76503,8.98767]],[[35.99053,11.17299],[35.97296,11.17048],[35.93756,11.19176],[35.89461,11.17543],[35.85547,11.16825],[35.84096,11.18377]],[[35.99075,11.17314],[35.99053,11.17299]],[[34.68455,8.79732],[34.68053,8.79447],[34.67259,8.79787],[34.66846,8.7902],[34.65255,8.78639],[34.64188,8.79721],[34.65851,8.8044],[34.6576,8.81008],[34.67212,8.83426],[34.66849,8.83993],[34.65586,8.83851],[34.64744,8.83247],[34.64276,8.83645],[34.64181,8.84741],[34.64846,8.86206],[34.64532,8.86439],[34.64645,8.87182],[34.6382,8.86833],[34.64394,8.88067],[34.63324,8.87693],[34.63087,8.88063],[34.63763,8.88256],[34.63817,8.8878],[34.65049,8.89909],[34.65963,8.90322],[34.66687,8.90002],[34.66171,8.91636],[34.66822,8.9198],[34.66596,8.9261],[34.65074,8.92681],[34.6426,8.93805],[34.63158,8.93973],[34.63079,8.94517],[34.63887,8.95144],[34.63526,8.9528],[34.63516,8.95923],[34.62418,8.96483],[34.62442,8.97157],[34.61516,8.97347],[34.61269,8.98062]],[[36.54186,9.43334],[36.54174,9.43417]],[[36.52606,9.13585],[36.52222,9.1387],[36.5234,9.14511],[36.52051,9.14442],[36.51855,9.15134],[36.51005,9.15861],[36.50562,9.185],[36.51173,9.21319],[36.52415,9.24364],[36.51787,9.27253],[36.51295,9.27804],[36.51074,9.32063]],[[41.45859,9.35515],[41.46605,9.36243],[41.46219,9.36272],[41.463,9.37129],[41.47408,9.37696]],[[41.45847,9.35499],[41.45859,9.35515]],[[36.09556,11.19856],[36.06453,11.18535],[36.04879,11.18968],[36.01455,11.17653],[36.00749,11.18024],[35.99928,11.17903],[35.99075,11.17314]],[[36.11279,11.20591],[36.11256,11.20582]],[[38.72221,8.97823],[38.72252,8.97811]],[[38.72151,9.03767],[38.72408,9.03476]],[[38.76056,8.98062],[38.7623,8.9808]],[[38.76193,8.98081],[38.76069,8.98071]],[[42.10419,6.31464],[42.1042,6.3145]],[[42.11072,6.36592],[42.09969,6.34466],[42.10419,6.31464]],[[42.11006,6.25333],[42.11,6.2532]],[[42.10825,6.28794],[42.11253,6.25995],[42.11006,6.25333]],[[42.11349,6.23755],[42.11353,6.23742]],[[42.11,6.2532],[42.11349,6.23755]],[[42.08654,6.16172],[42.08682,6.16145]],[[42.11353,6.23742],[42.11397,6.23331],[42.0935,6.20876],[42.08143,6.1822],[42.08654,6.16172]],[[41.52836,9.15891],[41.53151,9.13063],[41.5263,9.12181],[41.53367,9.08809]],[[37.39645,12.77506],[37.39633,12.77531]],[[37.39633,12.77531],[37.40046,12.7814],[37.38504,12.797],[37.37916,12.80842],[37.37897,12.82067],[37.37564,12.82228],[37.37172,12.8182],[37.36338,12.82938],[37.36588,12.84632]],[[40.74046,11.37807],[40.73923,11.37902]],[[40.73923,11.37902],[40.74039,11.37798]],[[40.73923,11.37902],[40.72963,11.38185],[40.7234,11.39178]],[[40.71568,11.40186],[40.71561,11.40198]],[[40.71561,11.40198],[40.69562,11.4114],[40.6808,11.42508]],[[40.7234,11.39178],[40.72333,11.39186]],[[40.72333,11.39186],[40.71687,11.39578],[40.71568,11.40186]],[[40.54305,11.45502],[40.51705,11.46773],[40.49942,11.46865],[40.49035,11.4809]],[[40.54327,11.45478],[40.54305,11.45502]],[[40.40961,11.50624],[40.38433,11.51933],[40.35949,11.51778],[40.35547,11.52452]],[[40.35547,11.52452],[40.34354,11.54426]],[[40.34334,11.54433],[40.3285,11.5495],[40.29717,11.57936]],[[40.34354,11.54426],[40.34334,11.54433]],[[40.29717,11.57936],[40.29709,11.57943]],[[40.29709,11.57943],[40.28622,11.581],[40.26166,11.5667],[40.24803,11.5784]],[[40.24779,11.57848],[40.22247,11.60012]],[[40.24803,11.5784],[40.24779,11.57848]],[[39.1305,7.97269],[39.13105,7.97954],[39.14381,7.98705],[39.16414,8.02122]],[[39.13473,7.94941],[39.1305,7.97269]],[[39.1305,7.97269],[39.13473,7.94941]],[[38.06318,10.75189],[38.07731,10.7573],[38.08259,10.77557]],[[39.1643,8.02133],[39.19308,8.033],[39.20714,8.05798],[39.21693,8.06386],[39.23182,8.12588]],[[39.16418,8.02125],[39.1643,8.02133]],[[40.17375,9.11885],[40.17376,9.11949]],[[40.51664,9.88869],[40.53,9.948],[40.54237,9.98253],[40.54961,9.99447],[40.56036,10.00279]],[[39.97691,7.17214],[39.97729,7.17207]],[[39.99918,7.13579],[40.00332,7.11899]],[[42.43938,10.1263],[42.38618,10.03808]],[[34.76162,10.36728],[34.75914,10.3795],[34.76465,10.38918],[34.76525,10.40743],[34.75135,10.4244],[34.75699,10.45462]],[[34.7615,10.36706],[34.76162,10.36728]],[[39.4186,8.91836],[39.39718,8.89203],[39.394,8.86956],[39.38562,8.8547],[39.36376,8.83712],[39.35677,8.81858],[39.34532,8.80899],[39.32834,8.78363],[39.30351,8.78488],[39.29651,8.77905]],[[39.4186,8.91836],[39.43203,8.941]],[[36.49864,10.9741],[36.49704,10.98251]],[[36.49886,10.97283],[36.49893,10.9724]],[[36.49607,10.98733],[36.49578,10.98785]],[[36.44277,11.05666],[36.43784,11.05811],[36.4381,11.06752],[36.43217,11.06933],[36.43435,11.08259],[36.42798,11.0931],[36.39738,11.11041],[36.37019,11.1104],[36.36129,11.1336],[36.35236,11.13869],[36.34971,11.14947]],[[36.33866,11.16572],[36.34379,11.15928]],[[36.34392,11.15903],[36.34392,11.15903]],[[36.62166,14.32453],[36.61621,14.32224],[36.61153,14.29675]],[[39.20938,8.73613],[39.20913,8.73601]],[[39.20913,8.73601],[39.21003,8.72033],[39.19428,8.70722],[39.17216,8.67641],[39.16827,8.60864],[39.15764,8.59516],[39.14741,8.59236]],[[39.24117,8.75445],[39.20938,8.73613]],[[39.24145,8.75447],[39.24117,8.75445]],[[39.25772,8.7752],[39.24145,8.75447]],[[39.26527,8.78699],[39.25772,8.7752]],[[41.81787,4.43523],[41.82619,4.44584],[41.82991,4.44496],[41.82855,4.44848],[41.84553,4.46725],[41.84534,4.49055],[41.85828,4.50302],[41.86583,4.52242],[41.87795,4.53862],[41.88177,4.56353],[41.8905,4.56799],[41.88788,4.59492],[41.89678,4.60634],[41.8963,4.62539],[41.89139,4.63558],[41.89944,4.64288],[41.90777,4.66969],[41.91664,4.67111],[41.91453,4.67786],[41.91828,4.69528],[41.91458,4.70466],[41.8901,4.72554],[41.87794,4.72826],[41.87921,4.73584],[41.87251,4.75594],[41.8755,4.77081],[41.86214,4.81167],[41.89185,4.86586],[41.88894,4.89319]],[[41.81814,4.43436],[41.81787,4.43523]],[[41.88454,5.33764],[41.88592,5.33813]],[[41.88372,5.33736],[41.88454,5.33764]],[[42.00056,5.98516],[42.01967,5.95322],[42.03159,5.94637]],[[42.11524,5.8686],[42.11492,5.86862]],[[42.03159,5.94637],[42.03019,5.94308],[42.03619,5.93627],[42.03201,5.9302],[42.04808,5.92763],[42.04317,5.90988],[42.06005,5.901],[42.10455,5.90853],[42.1185,5.90696],[42.13248,5.89289],[42.13697,5.88225],[42.13125,5.86782],[42.11524,5.8686]],[[38.76236,9.0436],[38.76185,9.04372]],[[38.76276,9.04362],[38.76236,9.0436]],[[38.76278,9.04334],[38.76934,9.04011]],[[37.24063,13.15919],[37.24284,13.18215],[37.21507,13.19917],[37.19781,13.2015],[37.18698,13.21151],[37.16672,13.21376],[37.15496,13.22355]],[[37.25999,13.11539],[37.25999,13.11558]],[[37.15247,13.23468],[37.15241,13.23515]],[[37.15241,13.23515],[37.15476,13.2398],[37.14746,13.24989]],[[37.12577,13.25438],[37.1044,13.25408],[37.09159,13.26471],[37.08537,13.30816],[37.07567,13.31396],[37.06316,13.33204],[37.05216,13.33721],[37.04751,13.34749],[37.02472,13.35691]],[[37.12595,13.2543],[37.12577,13.25438]],[[36.61161,14.29475],[36.61085,14.2912]],[[36.6108,14.29098],[36.60969,14.28694]],[[36.61085,14.2912],[36.6108,14.29098]],[[36.61087,14.29097],[36.61093,14.29118]],[[36.61093,14.29118],[36.61161,14.29475]],[[35.04899,11.23051],[35.05062,11.23245]],[[35.04637,11.22743],[35.0478,11.22912]],[[35.04428,11.2248],[35.04637,11.22743]],[[35.0427,11.22277],[35.02411,11.21763],[35.02182,11.19499]],[[38.71528,9.0236],[38.71468,9.03259]],[[38.79493,9.01973],[38.79525,9.01543]],[[38.7767,9.01211],[38.77503,9.01136]],[[38.79474,9.01763],[38.78917,9.01629]],[[38.79545,9.01446],[38.79582,9.01333]],[[38.79499,9.01974],[38.79492,9.02098]],[[38.79532,9.01543],[38.79499,9.01974]],[[38.79864,9.01871],[38.80337,9.01959]],[[38.80335,9.01986],[38.79864,9.01891]],[[38.8253,9.01728],[38.82616,9.01692]],[[38.84337,9.01058],[38.8513,9.00998]],[[38.86109,9.00998],[38.85233,9.01001]],[[38.85638,9.00972],[38.86161,9.01005]],[[38.86397,9.01101],[38.86384,9.01096]],[[38.86384,9.01096],[38.86161,9.01016]],[[38.86387,9.01088],[38.864,9.01092]],[[38.85231,9.01379],[38.85268,9.02035]],[[38.85364,9.00985],[38.85638,9.00972]],[[38.88593,9.02198],[38.8793,9.02161]],[[38.82498,8.99539],[38.82705,8.99352]],[[38.83509,9.00774],[38.82999,9.00401],[38.82711,8.99359]],[[38.83619,9.0112],[38.83883,9.01846]],[[38.83512,9.0077],[38.83517,9.00773]],[[38.834,9.01197],[38.83608,9.01114]],[[38.82521,9.01732],[38.8253,9.01728]],[[38.828,9.01614],[38.82978,9.01594]],[[38.82998,9.0159],[38.834,9.01197]],[[38.82978,9.01594],[38.82998,9.0159]],[[38.82716,8.99356],[38.82997,9.00309]],[[38.83034,9.00443],[38.83301,9.00636]],[[38.83967,8.98223],[38.83957,8.98232]],[[38.83962,8.98219],[38.84167,8.98023]],[[38.83957,8.98232],[38.83006,8.99089]],[[38.82126,9.01113],[38.81646,9.00399]],[[38.82147,9.01836],[38.82512,9.01741]],[[38.78146,9.01229],[38.78158,9.013]],[[38.78106,9.01082],[38.78146,9.01229]],[[38.78071,9.0082],[38.7801,9.00395]],[[38.78527,9.00434],[38.78534,9.00435]],[[38.78698,9.00152],[38.78372,9.01115]],[[38.81215,9.00398],[38.80492,9.00769]],[[38.76172,9.04773],[38.76191,9.04909]],[[38.76128,9.04477],[38.76115,9.0441]],[[38.76265,9.03771],[38.76287,9.03614]],[[38.76201,9.04104],[38.76138,9.04365]],[[38.76934,9.04011],[38.77194,9.03883]],[[38.75061,9.0456],[38.75261,9.04494]],[[38.73798,9.04879],[38.74563,9.04286]],[[38.74133,9.03387],[38.74141,9.03214]],[[38.74458,9.01291],[38.74459,9.01145]],[[38.74465,9.01505],[38.74097,9.02678]],[[38.73489,9.01652],[38.73473,9.01651]],[[38.73489,9.01652],[38.73506,9.01796]],[[38.73488,9.01642],[38.73784,9.01642]],[[38.74613,9.01149],[38.74611,9.01159]],[[38.74603,9.01154],[38.74605,9.01144]],[[38.74593,9.01554],[38.74594,9.01562]],[[38.74611,9.01539],[38.74843,9.01316]],[[38.74584,9.01559],[38.74593,9.01554]],[[38.74594,9.01562],[38.74586,9.01566]],[[38.76036,8.95219],[38.75919,8.94999]],[[38.76219,8.95287],[38.76036,8.95219]],[[38.75366,8.94287],[38.75939,8.9495]],[[38.73359,8.94836],[38.72656,8.94891]],[[38.73667,8.94867],[38.74159,8.95273]],[[38.78353,9.01322],[38.78348,9.01484]],[[38.78363,9.01188],[38.78353,9.01322]],[[38.78355,9.01187],[38.78363,9.01116]],[[38.7414,9.03104],[38.74146,9.03178]],[[38.74138,9.03046],[38.74308,9.02876]],[[38.73911,9.03409],[38.7394,9.03469]],[[38.74698,9.03434],[38.74921,9.03355]],[[38.7381,9.03435],[38.73444,9.03431]],[[38.73901,9.03394],[38.74118,9.03384]],[[38.76783,9.02452],[38.76736,9.02881]],[[38.76317,9.01785],[38.76311,9.01715]],[[38.76125,9.01791],[38.7637,9.01706]],[[38.73761,9.04875],[38.73216,9.04647]],[[38.75435,9.04481],[38.75429,9.04502]],[[38.75063,9.04566],[38.75022,9.04563]],[[38.76145,9.06165],[38.76147,9.06152]],[[38.7616,9.06143],[38.76145,9.06165]],[[38.76191,9.04909],[38.76215,9.05088]],[[38.76247,9.0536],[38.76178,9.06102]],[[38.76205,9.05087],[38.76189,9.04953]],[[38.80509,9.0075],[38.81053,9.00457]],[[38.81053,9.00457],[38.81185,9.00396]],[[38.81185,9.00396],[38.81488,9.00364]],[[38.82997,9.00309],[38.83034,9.00443]],[[38.83301,9.00636],[38.83512,9.0077]],[[38.77041,9.01775],[38.77031,9.01783]],[[38.77416,9.0372],[38.77378,9.03821]],[[38.77404,9.03708],[38.77483,9.03529]],[[38.77305,9.03858],[38.76284,9.04346]],[[38.77358,9.03822],[38.77404,9.03708]],[[38.77378,9.03821],[38.77371,9.03833]],[[38.77487,9.03525],[38.77712,9.03475]],[[38.76513,8.9885],[38.76487,8.98811]],[[38.77019,8.98757],[38.7659,8.98391]],[[38.83811,9.03018],[38.83807,9.03026]],[[38.86278,9.04161],[38.86262,9.04165]],[[38.77147,9.01699],[38.77041,9.01775]],[[38.75658,9.01478],[38.75852,9.0126]],[[38.74397,9.02873],[38.74556,9.03046]],[[38.70295,9.05942],[38.71316,9.05699]],[[38.78916,9.01606],[38.78922,9.01613]],[[38.78894,9.016],[38.78916,9.01606]],[[38.81841,9.02394],[38.81919,9.02454]],[[38.81919,9.02454],[38.8183,9.02404]],[[38.70173,9.03392],[38.68532,9.03538]],[[38.70216,9.0341],[38.70173,9.03392]],[[38.73071,8.99769],[38.73026,8.99778]],[[38.73026,8.99778],[38.73065,8.99758]],[[36.48083,4.96403],[36.4872,4.96775]],[[38.73451,9.01651],[38.73011,9.0165]],[[38.73528,9.01989],[38.73537,9.02255]],[[38.73738,9.02433],[38.74097,9.02678]],[[38.77736,8.97529],[38.77477,8.98093]],[[38.14246,10.30929],[38.1316,10.28121],[38.13144,10.25472],[38.13467,10.24727],[38.12853,10.23362]],[[38.17959,10.41745],[38.17947,10.41718]],[[38.78714,8.87623],[38.78865,8.86974]],[[35.31729,9.45073],[35.34391,9.46921]],[[37.43421,5.7181],[37.43353,5.71723]],[[37.43353,5.71723],[37.44157,5.70233],[37.4411,5.68771],[37.45197,5.65645]],[[38.74408,9.01046],[38.74404,9.01022]],[[38.74453,9.01074],[38.74412,9.0105]],[[38.74412,9.0101],[38.7443,9.01002]],[[38.74488,9.01032],[38.74488,9.0105]],[[38.82333,9.01908],[38.8231,9.01904]],[[38.8208,9.01904],[38.81695,9.01974]],[[38.82312,9.01884],[38.82338,9.01888]],[[38.82338,9.01888],[38.8259,9.01972]],[[38.82631,9.01685],[38.828,9.01614]],[[38.82616,9.01692],[38.82631,9.01685]],[[38.82549,9.01771],[38.82605,9.01977]],[[38.82542,9.01754],[38.82549,9.01771]],[[38.82541,9.01771],[38.82534,9.01756]],[[38.82534,9.01756],[38.82526,9.01741]],[[38.81209,9.02122],[38.81584,9.02232]],[[38.81016,9.02151],[38.80283,9.02066]],[[38.8101,9.02144],[38.81209,9.02122]],[[36.62886,14.26615],[36.62928,14.26643]],[[39.64299,12.79141],[39.64309,12.79162]],[[39.64301,12.79163],[39.64299,12.79141]],[[39.65207,12.80914],[39.65189,12.809]],[[39.65195,12.80895],[39.65207,12.80914]],[[39.65906,12.81366],[39.65207,12.80914]],[[39.64072,12.78425],[39.64063,12.78396]],[[39.64299,12.79141],[39.64072,12.78425]],[[39.65189,12.809],[39.64594,12.80293],[39.64301,12.79163]],[[39.64309,12.79162],[39.64597,12.80277],[39.65195,12.80895]],[[39.66899,12.81784],[39.66885,12.81767]],[[39.68542,12.83809],[39.66899,12.81784]],[[39.65915,12.81371],[39.65906,12.81366]],[[39.66885,12.81767],[39.65915,12.81371]],[[38.78934,9.00557],[38.78921,9.00547]],[[38.78921,9.00547],[38.78938,9.00547]],[[38.7496,8.95885],[38.74861,8.96349]],[[38.74855,8.96176],[38.74957,8.95882]],[[40.00344,7.1188],[40.0037,7.11882]],[[40.0034,7.11898],[39.99918,7.13579]],[[39.97729,7.17207],[39.98359,7.16998],[39.99918,7.13579]],[[40.0037,7.11882],[40.00345,7.11892]],[[38.72191,8.96888],[38.72198,8.969]],[[37.86126,7.58284],[37.85656,7.56634],[37.85047,7.55914],[37.85322,7.55597]],[[37.85333,7.55602],[37.85055,7.55912],[37.85663,7.5663],[37.86133,7.58284]],[[38.71163,8.96038],[38.71164,8.96019]],[[38.71178,8.96023],[38.71171,8.96041]],[[38.72036,8.96647],[38.72027,8.9663]],[[38.72168,8.96881],[38.72091,8.96747]],[[38.72047,8.96621],[38.72056,8.96636]],[[38.71825,8.963],[38.72047,8.96621]],[[34.58563,8.27163],[34.58589,8.27138]],[[38.8518,9.01005],[38.85101,9.0101]],[[38.85233,9.0099],[38.85364,9.00985]],[[38.85101,9.0101],[38.85084,9.01011]],[[38.60872,7.20412],[38.60883,7.20393]],[[38.60888,7.20399],[38.60872,7.20412]],[[39.10816,8.60047],[39.11061,8.59763]],[[39.11133,8.59709],[39.11492,8.59433]],[[39.11159,8.5977],[39.1108,8.5982]],[[38.73723,9.02422],[38.73738,9.02433]],[[38.73546,9.02264],[38.73723,9.02422]],[[38.73717,9.02429],[38.73344,9.02068]],[[38.73732,9.02441],[38.73717,9.02429]],[[39.32969,8.38954],[39.32958,8.38984]],[[39.32958,8.38984],[39.33693,8.40045]],[[39.12463,8.58705],[39.12308,8.58815]],[[39.12308,8.58815],[39.12627,8.5857]],[[37.7574,6.83765],[37.75762,6.83834]],[[37.75762,6.83834],[37.75724,6.8377]],[[39.12475,8.58697],[39.12463,8.58705]],[[39.15064,8.57631],[39.15106,8.57617]],[[39.12627,8.5857],[39.15064,8.57631]],[[39.12627,8.5857],[39.12475,8.58697]],[[38.77846,8.99436],[38.77851,8.99415]],[[38.77854,8.99019],[38.77859,8.99032]],[[38.77825,8.98995],[38.77817,8.9899]],[[38.77841,8.99022],[38.77817,8.9899]],[[38.70666,9.00514],[38.70669,9.00508]],[[38.70675,9.0051],[38.70672,9.00516]],[[38.71081,9.00724],[38.71121,9.00732]],[[38.71121,9.00732],[38.71392,9.00712]],[[38.71115,9.00738],[38.7108,9.00732]],[[38.70672,9.00516],[38.69823,9.00418]],[[38.72064,9.01051],[38.72017,9.00957]],[[38.88368,14.18642],[38.88356,14.18649]],[[38.88359,14.18638],[38.88371,14.18632]],[[38.77671,8.99278],[38.77708,8.99274]],[[38.7771,8.99286],[38.77487,8.99393]],[[38.77453,8.99416],[38.77251,8.9964]],[[38.77244,8.99627],[38.77255,8.99602]],[[38.7498,9.01157],[38.74981,9.01138]],[[38.74994,9.0114],[38.74993,9.01158]],[[38.74977,9.01201],[38.74856,9.01316]],[[38.74666,9.01874],[38.74657,9.01875]],[[38.7485,9.01322],[38.74594,9.01562]],[[38.69823,9.00418],[38.69457,9.00374]],[[39.33096,8.41254],[39.33092,8.4126]],[[39.33733,8.40124],[39.33096,8.41254]],[[38.8825,14.18663],[38.88239,14.18656]],[[38.88232,14.18642],[38.88244,14.18648]],[[38.68987,8.9989],[38.6891,8.99202]],[[38.69002,8.99879],[38.6942,9.00353]],[[39.30293,8.54047],[39.3034,8.54071]],[[39.3034,8.54071],[39.31113,8.55075]],[[38.85385,9.03579],[38.85388,9.0359]],[[38.85357,9.03582],[38.85354,9.03571]],[[38.86448,9.0407],[38.86455,9.04081]],[[38.86444,9.04083],[38.86437,9.04072]],[[34.86731,6.64304],[34.86691,6.64317]],[[34.91627,6.5992],[34.90119,6.60602],[34.89171,6.60261],[34.88935,6.61193],[34.86731,6.64304]],[[34.97798,6.57019],[34.9779,6.57057]],[[38.88559,8.99706],[38.88522,8.99751]],[[41.85315,9.60469],[41.85276,9.60479]],[[41.8527,9.60468],[41.85311,9.60459]],[[37.47808,12.64299],[37.47813,12.64291]],[[37.47818,12.64292],[37.47821,12.64302]],[[37.47821,12.64302],[37.47814,12.64318]],[[37.47807,12.64333],[37.47807,12.64306]],[[41.85086,9.59718],[41.85064,9.59704]],[[41.85471,9.59994],[41.85489,9.60007]],[[41.86551,9.59701],[41.86551,9.59742]],[[41.86622,9.60736],[41.86713,9.60742]],[[41.86404,9.60708],[41.86622,9.60736]],[[38.75133,9.03947],[38.74859,9.04442]],[[39.11492,8.59433],[39.12308,8.58815]],[[38.82122,9.02424],[38.82138,9.02429]],[[38.81987,9.02393],[38.82122,9.02424]],[[38.82134,9.02437],[38.82112,9.02431]],[[38.81992,9.02404],[38.81841,9.02392]],[[38.88055,9.01072],[38.8945,9.01058]],[[38.88044,9.01072],[38.88055,9.01072]],[[38.88054,9.01081],[38.88044,9.01081]],[[38.8945,9.01072],[38.88054,9.01081]],[[33.97999,8.49241],[33.97992,8.49261]],[[33.9855,8.48357],[33.97999,8.49241]],[[34.00605,8.46133],[34.00611,8.46163]],[[38.85193,9.02036],[38.85203,9.01382]],[[38.85205,9.00503],[38.85221,9.00981]],[[38.87156,9.00403],[38.87144,9.00408]],[[38.87647,9.00235],[38.87156,9.00403]],[[38.87142,9.00393],[38.87153,9.00388]],[[38.87153,9.00388],[38.87641,9.00217]],[[38.87641,9.00217],[38.87677,9.00208]],[[38.87144,9.00408],[38.86755,9.00723]],[[38.88129,9.00003],[38.88513,8.99736]],[[38.86724,9.00748],[38.86748,9.00718]],[[38.86755,9.00723],[38.86731,9.00752]],[[38.84322,9.0106],[38.84337,9.01058]],[[38.83777,9.01098],[38.84322,9.0106]],[[38.84338,9.01067],[38.84322,9.01069]],[[38.85084,9.01011],[38.84338,9.01067]],[[38.82981,9.01602],[38.82633,9.01694]],[[38.82999,9.01598],[38.82981,9.01602]],[[38.82608,9.01705],[38.82535,9.01737]],[[38.82633,9.01694],[38.82608,9.01705]],[[38.83619,9.01112],[38.83619,9.0112]],[[38.83517,9.00773],[38.83619,9.01112]],[[38.83608,9.01114],[38.83509,9.00774]],[[38.83608,9.01123],[38.83608,9.01114]],[[38.83875,9.01847],[38.83608,9.01123]],[[38.82512,9.01741],[38.82521,9.01732]],[[38.82526,9.01741],[38.82512,9.01741]],[[38.82535,9.01737],[38.82526,9.01741]],[[38.88122,9.00008],[38.88129,9.00003]],[[38.87677,9.00208],[38.88122,9.00008]],[[38.8815,9.00006],[38.88142,9.00011]],[[38.88522,8.99751],[38.8815,9.00006]],[[38.88142,9.00011],[38.87681,9.00225]],[[38.80123,9.01962],[38.80142,9.01924]],[[38.80199,9.01934],[38.80204,9.01975]],[[38.80147,9.01921],[38.80186,9.01923]],[[39.29386,8.53967],[39.29352,8.5374]],[[39.29693,8.5542],[39.29393,8.54668]],[[39.29854,8.56951],[39.29693,8.5542]],[[39.27909,8.5428],[39.2691,8.54163]],[[39.27914,8.54271],[39.29614,8.53757]],[[39.25504,8.53841],[39.24587,8.53631]],[[39.25603,8.53854],[39.2688,8.54141]],[[39.27917,8.54279],[39.27909,8.5428]],[[38.7733,8.89421],[38.77576,8.8889]],[[39.29402,8.54664],[39.29704,8.55417]],[[35.18163,11.28441],[35.18634,11.28687],[35.19114,11.28344],[35.20224,11.2982],[35.20762,11.2986],[35.21952,11.32328],[35.21985,11.33796],[35.2276,11.35344],[35.24725,11.3573],[35.26786,11.35204],[35.27534,11.34325],[35.27976,11.3228],[35.29246,11.29374],[35.30447,11.28354]],[[35.1814,11.28416],[35.18163,11.28441]],[[35.05113,11.23256],[35.06784,11.22795],[35.08945,11.2294]],[[39.29866,8.56945],[39.29866,8.56945]],[[38.69902,9.01457],[38.69927,9.01483]],[[38.70007,9.01563],[38.70119,9.01748]],[[38.69915,9.01498],[38.69887,9.0147]],[[38.70098,9.01749],[38.69974,9.01558]],[[38.79074,9.02139],[38.79089,9.02137]],[[38.79091,9.02144],[38.79076,9.02146]],[[39.24362,8.53224],[39.2454,8.53591]],[[39.23274,8.53041],[39.23972,8.52853],[39.24362,8.53224]],[[39.25581,8.53857],[39.25504,8.53841]],[[39.25601,8.53861],[39.25581,8.53857]],[[39.25584,8.5385],[39.25603,8.53854]],[[39.25502,8.53832],[39.25584,8.5385]],[[38.78728,9.01503],[38.78747,9.01349]],[[38.78749,9.01364],[38.7874,9.015]],[[39.29394,8.53977],[39.29402,8.54664]],[[39.29362,8.53736],[39.29394,8.53977]],[[39.29704,8.55417],[39.2987,8.56945]],[[38.77488,9.01087],[38.77491,9.01093]],[[38.77448,9.01099],[38.77458,9.0108]],[[38.77491,9.01093],[38.77482,9.01117]],[[38.74234,8.92679],[38.74234,8.92679]],[[38.80292,8.85536],[38.80235,8.85556]],[[38.80234,8.85548],[38.80278,8.85511]],[[38.74513,8.93576],[38.74483,8.93541]],[[38.76823,9.0331],[38.76747,9.03336]],[[38.76701,9.03326],[38.76499,9.03228]],[[38.76746,9.03326],[38.76817,9.03304]],[[38.76541,9.03216],[38.7666,9.03288]],[[38.73066,8.93818],[38.69798,8.9537]],[[39.45406,9.28466],[39.46115,9.29992],[39.45919,9.30522],[39.4495,9.31086],[39.4473,9.31666],[39.43396,9.31782],[39.42403,9.32381],[39.4236,9.32812]],[[39.43203,8.941],[39.4186,8.91836]],[[38.74969,9.03327],[38.75062,9.03276]],[[38.85457,8.98419],[38.85444,8.98346]],[[38.85485,8.98329],[38.85486,8.97491]],[[38.85513,8.97482],[38.85511,8.98338]],[[38.85403,8.97243],[38.854,8.97236]],[[38.85403,8.97243],[38.85426,8.97232]],[[38.74792,8.99439],[38.74825,8.99444]],[[38.74824,8.99453],[38.74817,8.99453]],[[38.7286,9.01198],[38.72869,9.0122]],[[38.71459,9.0336],[38.71485,9.03372]],[[38.71485,9.03372],[38.71456,9.03379]],[[38.7141,9.0336],[38.71446,9.03359]],[[38.71456,9.03379],[38.71445,9.03378]],[[38.71445,9.03378],[38.7141,9.0336]],[[38.73373,9.00642],[38.7337,9.00634]],[[38.73356,9.00372],[38.73186,8.9996]],[[38.73381,9.00631],[38.73384,9.00638]],[[38.73384,9.00638],[38.73419,9.01125]],[[38.74246,9.01624],[38.74258,9.01625]],[[38.74258,9.01625],[38.74454,9.01643]],[[38.74256,9.01636],[38.74245,9.01635]],[[38.74454,9.01654],[38.74256,9.01636]],[[38.7401,9.01092],[38.73994,9.01094]],[[38.7374,9.01127],[38.73438,9.01173]],[[38.73977,9.01079],[38.7399,9.01077]],[[38.74049,9.01071],[38.7445,9.01031]],[[38.75025,8.98498],[38.75015,8.98473]],[[38.75042,8.9846],[38.75054,8.98487]],[[38.73435,9.01142],[38.73438,9.01173]],[[38.73408,9.01138],[38.73423,9.01136]],[[38.73431,9.01179],[38.73414,9.01182]],[[38.73473,9.01651],[38.73451,9.01651]],[[35.55824,7.01589],[35.55804,7.01677]],[[35.5763,6.98706],[35.55338,7.00857],[35.55824,7.01589]],[[39.64582,12.57442],[39.64556,12.57429]],[[39.63426,12.50935],[39.6342,12.50915]],[[39.64556,12.57429],[39.64413,12.56948],[39.65092,12.55969],[39.64371,12.54829],[39.64134,12.52091],[39.63426,12.50935]],[[39.6883,12.93497],[39.68855,12.9351]],[[39.70551,12.92375],[39.70567,12.92347]],[[39.68855,12.9351],[39.70474,12.93501],[39.70551,12.92375]],[[39.69988,12.85226],[39.68572,12.83818]],[[39.70008,12.85248],[39.69988,12.85226]],[[39.68572,12.83818],[39.68542,12.83809]],[[39.64269,12.74285],[39.64245,12.74289]],[[39.64063,12.78396],[39.63821,12.77484],[39.64528,12.74465],[39.64269,12.74285]],[[39.64714,12.65845],[39.64721,12.65801]],[[39.64245,12.74289],[39.63866,12.72827],[39.64538,12.71537],[39.64714,12.65845]],[[39.67433,13.00295],[39.67436,13.00248]],[[39.66938,12.96833],[39.67113,12.96211]],[[39.66938,12.96864],[39.66938,12.96833]],[[40.83337,9.29095],[40.87924,9.33234],[40.90635,9.37117],[40.93447,9.38032],[40.93919,9.39392],[40.94621,9.39607],[40.96685,9.42812],[40.98426,9.43688],[40.99634,9.46583],[41.00481,9.47498]],[[36.96806,13.48535],[36.96585,13.49728],[36.97238,13.50969],[36.96859,13.51877],[36.97337,13.52957],[36.97113,13.54334],[36.97739,13.55316]],[[36.96791,13.48517],[36.96806,13.48535]],[[36.87705,13.87897],[36.89538,13.84635],[36.89769,13.83013],[36.91984,13.8144],[36.93162,13.78068]],[[36.87688,13.87911],[36.87705,13.87897]],[[38.9926,14.23128],[39.00237,14.23548]],[[38.99247,14.23117],[38.9926,14.23128]],[[39.64441,13.70377],[39.62823,13.70198],[39.59881,13.69056],[39.58454,13.69394]],[[39.6479,13.7035],[39.64741,13.70357]],[[36.6155,14.208],[36.61538,14.20816]],[[36.61532,14.20799],[36.6155,14.208]],[[39.42712,14.2687],[39.42302,14.27298]],[[39.42751,14.2688],[39.42712,14.2687]],[[39.42499,14.26149],[39.4251,14.26166]],[[39.41564,14.25873],[39.42318,14.25782],[39.42499,14.26149]],[[39.41126,14.25615],[39.41432,14.25856]],[[39.41133,14.25585],[39.41126,14.25615]],[[40.71907,11.35284],[40.71862,11.35391]],[[40.71847,11.35385],[40.71907,11.35284]],[[35.5895,6.99675],[35.5895,6.99675]],[[40.01578,11.60462],[40.01657,11.60378]],[[40.01744,11.60451],[40.01657,11.60378]],[[40.01578,11.60462],[39.9988,11.61875],[39.98814,11.62159],[39.97828,11.61918],[39.97216,11.62624]],[[40.01657,11.60378],[40.01744,11.60451]],[[40.01667,11.6038],[40.01578,11.60462]],[[36.23461,7.28888],[36.23461,7.28888]],[[40.20077,9.03679],[40.2006,9.03637]],[[40.20077,9.03679],[40.20191,9.04237]],[[37.8613,7.58295],[37.86126,7.58284]],[[37.86133,7.58284],[37.8613,7.58295]],[[40.72109,10.30555],[40.72111,10.30579]],[[40.72473,10.29636],[40.72109,10.30555]],[[40.56057,10.00294],[40.57692,10.00917],[40.60456,10.03686],[40.61741,10.04289],[40.62563,10.05838]],[[40.56036,10.00279],[40.56057,10.00294]],[[40.51655,9.88846],[40.51664,9.88869]],[[40.5142,9.88496],[40.51655,9.88846]],[[40.51383,9.88451],[40.5142,9.88496]],[[40.47829,9.77077],[40.51369,9.82408],[40.51338,9.84509],[40.50657,9.85853],[40.50762,9.87558],[40.51383,9.88451]],[[40.47816,9.77053],[40.47829,9.77077]],[[40.46893,9.75757],[40.47816,9.77053]],[[40.46868,9.75741],[40.46893,9.75757]],[[40.41002,9.602],[40.41356,9.61239],[40.42845,9.6258],[40.44721,9.68712],[40.44865,9.72034],[40.46868,9.75741]],[[40.40997,9.6018],[40.41002,9.602]],[[40.39447,9.55639],[40.39865,9.57707],[40.40997,9.6018]],[[40.39445,9.55618],[40.39447,9.55639]],[[40.39134,9.53484],[40.39445,9.55618]],[[40.39127,9.53459],[40.39134,9.53484]],[[40.38319,9.50383],[40.39127,9.53459]],[[40.38318,9.50359],[40.38319,9.50383]],[[40.37987,9.47223],[40.38318,9.50359]],[[40.37983,9.47204],[40.37987,9.47223]],[[40.37703,9.4619],[40.37983,9.47204]],[[40.37696,9.46166],[40.37703,9.4619]],[[40.26649,9.32168],[40.28717,9.33408],[40.30363,9.35515],[40.31319,9.38555],[40.32129,9.39724],[40.34663,9.41127],[40.3643,9.43119],[40.37696,9.46166]],[[40.18989,9.22886],[40.19002,9.22901]],[[40.17376,9.11949],[40.15764,9.14135],[40.14867,9.18597],[40.15524,9.2037],[40.18989,9.22886]],[[37.7643,8.25226],[37.76169,8.26705]],[[37.79857,8.18951],[37.79849,8.18979]],[[37.7895,8.20739],[37.77919,8.21842],[37.77454,8.23221],[37.75858,8.24354],[37.76044,8.24687]],[[40.70674,10.94476],[40.70685,10.94492]],[[40.69566,10.89432],[40.70674,10.94476]],[[41.12495,12.78633],[41.1254,12.78624]],[[41.03724,12.791],[41.06862,12.77534],[41.09317,12.78084],[41.11171,12.77788],[41.10898,12.78762],[41.11164,12.79653],[41.12495,12.78633]],[[40.98781,12.80188],[40.98826,12.80181]],[[40.98746,12.80193],[40.98781,12.80188]],[[40.98826,12.80181],[40.98864,12.80175]],[[40.98537,12.90996],[40.99006,12.88536],[40.98506,12.8709],[40.98736,12.86208],[40.97892,12.84769],[40.97052,12.81462]],[[40.94183,13.1384],[40.93886,13.14307],[40.92231,13.14238],[40.91431,13.1549],[40.89255,13.16756],[40.89689,13.17443],[40.89439,13.17974],[40.88724,13.1801],[40.87943,13.18632],[40.87389,13.18373],[40.86427,13.19696]],[[40.94186,13.13832],[40.94183,13.1384]],[[40.97179,12.93959],[40.97179,12.93944]],[[40.97547,12.91738],[40.97553,12.91723]],[[40.97179,12.93944],[40.97547,12.91738]],[[40.23007,13.12246],[40.23063,13.12236]],[[40.22938,13.12259],[40.23007,13.12246]],[[40.23116,13.12227],[40.23525,13.12131]],[[40.23063,13.12236],[40.23116,13.12227]],[[40.23562,13.12115],[40.24809,13.11188]],[[40.23525,13.12131],[40.23562,13.12115]],[[40.24854,13.11151],[40.2546,13.10669]],[[40.24809,13.11188],[40.24854,13.11151]],[[40.2546,13.10669],[40.25503,13.10633]],[[40.21202,13.12851],[40.22938,13.12259]],[[40.26573,13.10436],[40.26652,13.10412]],[[40.25503,13.10633],[40.26573,13.10436]],[[40.30644,13.09954],[40.30697,13.09948]],[[40.26652,13.10412],[40.28461,13.09893],[40.30644,13.09954]],[[40.34727,13.10478],[40.36792,13.12143],[40.38011,13.13731]],[[40.34706,13.10464],[40.34727,13.10478]],[[40.38051,13.13775],[40.38705,13.15208],[40.4059,13.15433]],[[40.38011,13.13731],[40.38051,13.13775]],[[40.4069,13.15434],[40.43011,13.16431]],[[40.4059,13.15433],[40.4069,13.15434]],[[40.43065,13.16448],[40.51029,13.18853],[40.52377,13.18798],[40.52996,13.19328]],[[40.43011,13.16431],[40.43065,13.16448]],[[40.04615,13.23291],[40.04747,13.2308]],[[40.04598,13.23319],[40.04615,13.23291]],[[40.04758,13.23062],[40.05275,13.22981],[40.05434,13.222]],[[40.04747,13.2308],[40.04758,13.23062]],[[40.06194,13.20553],[40.06199,13.20587]],[[40.06782,13.19488],[40.06194,13.20553]],[[40.06788,13.19464],[40.06782,13.19488]],[[40.06628,13.1825],[40.06788,13.19464]],[[39.14982,6.99845],[39.15604,6.99412]],[[34.67895,9.59107],[34.67888,9.59089]],[[34.67888,9.59089],[34.67802,9.58893]],[[34.67802,9.58893],[34.67792,9.58871]],[[34.73129,9.75292],[34.72621,9.75109],[34.72008,9.73189],[34.7042,9.71439],[34.71123,9.70434],[34.71017,9.69277],[34.70118,9.6787],[34.70836,9.66902],[34.70929,9.63964]],[[39.88839,13.28462],[39.89495,13.28397],[39.89862,13.2943],[39.90647,13.29928],[39.91356,13.29145],[39.92203,13.29463],[39.92484,13.27244],[39.92979,13.27815],[39.93757,13.27251],[39.93907,13.27918],[39.94675,13.27892],[39.95474,13.28985],[39.96493,13.335],[39.96868,13.32898],[39.97514,13.32975],[39.98193,13.32028],[39.98055,13.30169],[40.00091,13.28327]],[[40.00744,13.25817],[40.01329,13.25203]],[[40.00727,13.25796],[40.00744,13.25817]],[[40.00689,13.25745],[40.00727,13.25796]],[[40.00667,13.2572],[40.00689,13.25745]],[[40.01329,13.25203],[40.01349,13.25191]],[[40.01702,13.25076],[40.02027,13.24813]],[[40.01663,13.25125],[40.01702,13.25076]],[[40.02027,13.24813],[40.02057,13.24792]],[[40.02769,13.23088],[40.02794,13.23057]],[[40.032,13.24676],[40.02769,13.23088]],[[39.84074,13.27128],[39.85046,13.27821],[39.86116,13.27556],[39.86272,13.28231],[39.86808,13.28125],[39.8743,13.28625]],[[39.84031,13.27119],[39.84074,13.27128]],[[39.87465,13.28657],[39.8843,13.28802],[39.88796,13.2848]],[[39.8743,13.28625],[39.87465,13.28657]],[[39.88796,13.2848],[39.88839,13.28462]],[[39.73916,13.35286],[39.73925,13.35283]],[[39.8627,13.65729],[39.8625,13.65699]],[[39.8625,13.65699],[39.85218,13.65618]],[[39.85188,13.65598],[39.84666,13.65135]],[[39.85218,13.65618],[39.85188,13.65598]],[[39.79106,13.67227],[39.8035,13.6744],[39.81171,13.65924],[39.82132,13.66462],[39.82861,13.65642],[39.83232,13.65609],[39.82992,13.66079],[39.84288,13.65606],[39.84509,13.65277],[39.84088,13.64864],[39.84666,13.65135]],[[34.52388,8.2737],[34.5235,8.27348]],[[34.5235,8.27348],[34.49449,8.26754]],[[42.20124,9.8777],[42.20106,9.8775]],[[42.23275,9.91411],[42.20124,9.8777]],[[42.66305,10.91008],[42.66279,10.90984]],[[42.66279,10.90984],[42.65837,10.90408],[42.66216,10.86871]],[[41.56656,9.58888],[41.56628,9.5887]],[[41.57985,9.60126],[41.56656,9.58888]],[[41.56628,9.5887],[41.55439,9.58482],[41.54496,9.57218],[41.53869,9.57154]],[[41.6539,9.61205],[41.65356,9.61193]],[[41.65356,9.61193],[41.64531,9.60994]],[[41.66695,9.61138],[41.66662,9.61155]],[[41.69003,9.61168],[41.69029,9.61167]],[[41.68465,9.61169],[41.69003,9.61168]],[[41.25635,9.49885],[41.25655,9.49891]],[[41.20413,9.53554],[41.20846,9.53787],[41.21525,9.52792],[41.2228,9.5235],[41.22718,9.52524],[41.23622,9.51189],[41.25635,9.49885]],[[41.02977,9.49505],[41.02993,9.49513]],[[41.01231,9.48121],[41.02977,9.49505]],[[41.01211,9.48117],[41.01231,9.48121]],[[41.00497,9.47507],[41.01211,9.48117]],[[41.00481,9.47498],[41.00497,9.47507]],[[41.02993,9.49513],[41.05068,9.50517],[41.0553,9.50356],[41.06032,9.50955]],[[40.83321,9.29087],[40.83337,9.29095]],[[40.77772,9.25054],[40.8154,9.27503]],[[39.85622,13.46854],[39.85626,13.46822]],[[39.86256,13.47455],[39.85622,13.46854]],[[39.83277,13.38402],[39.82713,13.38341],[39.80809,13.39603],[39.79231,13.3932]],[[39.833,13.38424],[39.83277,13.38402]],[[39.74994,13.3584],[39.7523,13.3598]],[[39.7523,13.3598],[39.75252,13.36042]],[[39.89147,13.60871],[39.89751,13.59689],[39.91726,13.58171]],[[39.89139,13.60887],[39.89147,13.60871]],[[39.89381,13.54028],[39.8936,13.5394]],[[39.90363,13.54674],[39.89381,13.54028]],[[39.87948,13.51662],[39.87967,13.51616]],[[39.88819,13.53931],[39.87425,13.53797],[39.8722,13.53199],[39.87666,13.53138],[39.87948,13.51662]],[[37.44575,6.90391],[37.44641,6.90751],[37.44203,6.90935],[37.45424,6.90935],[37.47003,6.92296],[37.48132,6.92261]],[[36.09589,11.1987],[36.09556,11.19856]],[[36.11256,11.20582],[36.09589,11.1987]],[[36.43894,11.04808],[36.44285,11.05636]],[[36.43876,11.04781],[36.43894,11.04808]],[[36.44285,11.05636],[36.44277,11.05666]],[[36.48623,10.98986],[36.46841,11.00195],[36.45466,11.02201],[36.43199,11.03302],[36.43876,11.04781]],[[35.59605,11.31383],[35.54163,11.3257],[35.52553,11.31592],[35.45695,11.29578]],[[37.91853,8.12814],[37.91836,8.12839]],[[37.91836,8.12839],[37.87783,8.16831],[37.82692,8.17125],[37.79857,8.18951]],[[37.78968,8.20734],[37.7895,8.20739]],[[37.7895,8.20739],[37.78956,8.20721]],[[37.78975,8.20703],[37.78989,8.20696]],[[37.78989,8.20696],[37.78986,8.20713]],[[37.78957,8.20711],[37.78957,8.20711]],[[37.79849,8.18979],[37.78989,8.20696]],[[36.24874,11.29382],[36.24258,11.29521],[36.22667,11.28381]],[[36.24894,11.29366],[36.24874,11.29382]],[[36.22646,11.2837],[36.19462,11.2643],[36.18173,11.26485],[36.17461,11.25802],[36.14517,11.24893],[36.13661,11.23949],[36.12973,11.21708],[36.11279,11.20591]],[[36.22667,11.28381],[36.22646,11.2837]],[[42.08893,6.47271],[42.08868,6.47292]],[[42.12941,6.47066],[42.09651,6.46667],[42.08893,6.47271]],[[42.05228,6.49802],[42.05191,6.49818]],[[42.08868,6.47292],[42.05228,6.49802]],[[42.0272,6.51727],[42.02644,6.51786]],[[42.02733,6.51718],[42.0272,6.51727]],[[42.02625,6.518],[42.01853,6.52393]],[[42.02644,6.51786],[42.02625,6.518]],[[42.01853,6.52393],[42.01826,6.52415]],[[42.05191,6.49818],[42.02733,6.51718]],[[42.05639,5.73911],[42.05608,5.73924]],[[42.05608,5.73924],[42.04902,5.73681],[42.01284,5.69588],[41.98071,5.66947],[41.9709,5.65015],[41.96411,5.62132]],[[42.11158,5.83316],[42.11137,5.8329]],[[42.11137,5.8329],[42.11681,5.8308],[42.12691,5.81196],[42.13092,5.79577]],[[41.8816,5.33528],[41.88372,5.33736]],[[42.058,4.17747],[42.05914,4.17856]],[[41.89578,4.30731],[41.89617,4.30673]],[[41.89547,4.30776],[41.89578,4.30731]],[[39.68321,11.87557],[39.68313,11.87594]],[[39.6829,11.87585],[39.68321,11.87557]],[[41.91894,9.45693],[41.91914,9.45685]],[[41.91937,9.45683],[41.91894,9.45693]],[[42.01826,6.52415],[42.00274,6.53598],[41.99119,6.53603]],[[41.82574,6.54799],[41.82541,6.54791]],[[41.97787,6.57666],[41.96031,6.57567],[41.93263,6.58533],[41.86646,6.56907],[41.85161,6.55811],[41.82574,6.54799]],[[42.15508,9.82306],[42.15403,9.82242]],[[42.15403,9.82242],[42.15164,9.821]],[[37.1375,13.25082],[37.13192,13.2498],[37.12595,13.2543]],[[37.1377,13.25089],[37.1375,13.25082]],[[37.14726,13.24997],[37.1377,13.25089]],[[37.14746,13.24989],[37.14726,13.24997]],[[37.24046,13.15876],[37.24063,13.15919]],[[37.25999,13.11558],[37.25484,13.13104],[37.24046,13.14519],[37.24046,13.15876]],[[37.28969,13.05342],[37.2864,13.07513],[37.27522,13.07706]],[[37.29001,13.05325],[37.28969,13.05342]],[[37.32357,12.94942],[37.32332,12.94947]],[[37.35521,12.88364],[37.35853,12.91043],[37.32644,12.94805]],[[37.35535,12.8834],[37.35521,12.88364]],[[37.3662,12.84672],[37.35535,12.8834]],[[37.47267,12.68088],[37.47263,12.68102]],[[37.47787,12.6471],[37.47254,12.65148],[37.47612,12.66913],[37.47267,12.68088]],[[36.77327,10.96541],[36.77318,10.96564]],[[36.86643,10.93989],[36.85016,10.93607],[36.84169,10.94318],[36.83106,10.94603],[36.82722,10.94345],[36.82014,10.94805],[36.81724,10.95852],[36.81127,10.95107],[36.80596,10.95437],[36.7941,10.94992],[36.77327,10.96541]],[[36.86675,10.9399],[36.86643,10.93989]],[[36.93265,10.95568],[36.91513,10.95635],[36.90443,10.94047],[36.8933,10.93525],[36.86675,10.9399]],[[36.48688,10.9899],[36.48623,10.98986]],[[36.49578,10.98785],[36.48688,10.9899]],[[36.70612,11.00517],[36.70576,11.00509]],[[36.77318,10.96564],[36.76671,10.97517],[36.73568,10.98543],[36.73208,10.99251],[36.70612,11.00517]],[[38.10428,10.74659],[38.1127,10.74951],[38.11657,10.74238],[38.12757,10.74246],[38.13725,10.75135],[38.15905,10.7364]],[[38.16422,10.64444],[38.15659,10.623],[38.15975,10.61442]],[[38.15905,10.7364],[38.15913,10.73604]],[[38.15989,10.6141],[38.15489,10.58921],[38.1594,10.58115],[38.15088,10.55388],[38.18244,10.47644],[38.19281,10.4654]],[[38.15975,10.61442],[38.15989,10.6141]],[[38.18581,10.42851],[38.17959,10.41745]],[[38.18608,10.42869],[38.18581,10.42851]],[[38.14258,10.30959],[38.14246,10.30929]],[[38.17947,10.41718],[38.16717,10.40158],[38.15077,10.36161],[38.14258,10.30959]],[[38.77477,8.98093],[38.77329,8.98337]],[[38.77321,8.98333],[38.77469,8.98089]],[[38.83764,9.03114],[38.83774,9.03101]],[[38.83774,9.03101],[38.8377,9.03117]],[[38.83499,9.03641],[38.83504,9.03625]],[[38.8351,9.03627],[38.83499,9.03641]],[[38.83475,9.03703],[38.83499,9.03641]],[[38.83774,9.03101],[38.83807,9.03026]],[[38.8377,9.03117],[38.8351,9.03627]],[[37.72236,11.13641],[37.72209,11.13594]],[[37.60256,11.18044],[37.60034,11.15629],[37.61564,11.15473],[37.6328,11.13731],[37.62767,11.13973],[37.62869,11.13474],[37.67521,11.14333],[37.69201,11.13481],[37.71668,11.14225],[37.72236,11.13641]],[[37.60243,11.18078],[37.60256,11.18044]],[[37.5962,11.22464],[37.60197,11.20687],[37.59469,11.196],[37.60243,11.18078]],[[37.59593,11.22474],[37.5962,11.22464]],[[37.49595,11.25793],[37.52566,11.23199],[37.53702,11.2323],[37.53714,11.22875],[37.54175,11.23463],[37.5447,11.23154],[37.54915,11.23331],[37.55633,11.2411],[37.56845,11.23718],[37.56882,11.23263],[37.5761,11.23413],[37.59593,11.22474]],[[37.48892,11.26561],[37.49032,11.27224]],[[37.4555,11.31428],[37.45579,11.314]],[[37.41094,11.40134],[37.41085,11.40107]],[[37.40201,11.44178],[37.39694,11.42029],[37.41094,11.40134]],[[37.40203,11.44211],[37.40201,11.44178]],[[37.3953,11.47589],[37.39525,11.45835],[37.40203,11.44211]],[[37.39493,11.47632],[37.3953,11.47589]],[[37.39922,11.50902],[37.39333,11.49127],[37.39493,11.47632]],[[37.9071,11.04275],[37.9074,11.04261]],[[37.77759,11.12021],[37.77829,11.12009]],[[37.72209,11.13594],[37.72272,11.13278],[37.72882,11.13517],[37.73378,11.13116],[37.73347,11.1256],[37.7714,11.1197],[37.77476,11.12201],[37.77576,11.11718],[37.77759,11.12021]],[[38.72184,8.96908],[38.72177,8.96896]],[[38.86898,9.02123],[38.86851,9.02115]],[[38.86898,9.02123],[38.86851,9.02115]],[[38.87502,9.02147],[38.86898,9.02123]],[[36.62968,9.56117],[36.62968,9.56117]],[[36.63109,9.56427],[36.63762,9.58115]],[[36.63354,9.78004],[36.63356,9.78029]],[[36.64269,9.82468],[36.66168,9.82128],[36.66818,9.83733],[36.67243,9.83813],[36.67107,9.85783],[36.68537,9.86799]],[[36.63762,9.58115],[36.63778,9.5813]],[[36.54174,9.43417],[36.53964,9.4559],[36.53327,9.47056],[36.54801,9.48418],[36.55708,9.50217],[36.55488,9.51066],[36.57325,9.51653],[36.58082,9.5136],[36.58747,9.52888],[36.60022,9.52089]],[[36.5117,9.32818],[36.51172,9.32839]],[[36.51078,9.32109],[36.5117,9.32818]],[[36.51074,9.32063],[36.51078,9.32109]],[[36.51172,9.32839],[36.50528,9.34351],[36.50718,9.35464],[36.5144,9.36644],[36.52603,9.3725],[36.53417,9.38962],[36.5442,9.41757],[36.54186,9.43334]],[[36.52614,9.13621],[36.52606,9.13585]],[[36.54494,9.09412],[36.53749,9.10121],[36.53978,9.10825],[36.53622,9.123],[36.53123,9.12716],[36.53119,9.13717],[36.52792,9.13938],[36.52614,9.13621]],[[36.89697,10.08647],[36.89741,10.08658]],[[36.73641,9.90452],[36.74568,9.90047],[36.74603,9.90999],[36.75495,9.92148],[36.76851,9.92141],[36.78391,9.91339],[36.80327,9.93243],[36.82265,9.93604],[36.83515,9.95285],[36.86907,9.9586],[36.88539,9.99412],[36.88274,10.01961]],[[39.44384,9.25471],[39.4527,9.26829],[39.45285,9.27661]],[[39.44395,9.2542],[39.44384,9.25471]],[[39.42375,9.32836],[39.42536,9.34475]],[[39.4236,9.32812],[39.42375,9.32836]],[[39.42547,9.34508],[39.42517,9.36508]],[[39.42536,9.34475],[39.42547,9.34508]],[[39.42517,9.36508],[39.41906,9.37986],[39.4046,9.38558],[39.39186,9.38566]],[[39.35206,9.41331],[39.35233,9.41316]],[[39.55697,9.02311],[39.53637,9.02588],[39.53088,9.03297],[39.5237,9.03014],[39.50868,9.00728],[39.48887,9.001],[39.47391,8.98964],[39.43906,8.95585],[39.43203,8.941]],[[39.55745,9.02284],[39.55697,9.02311]],[[39.56959,9.06978],[39.57002,9.08039],[39.56474,9.08951],[39.56729,9.10145]],[[39.56987,9.06914],[39.56959,9.06978]],[[39.56729,9.10145],[39.56723,9.10162]],[[39.56473,9.04058],[39.56295,9.04973],[39.5731,9.05228],[39.56943,9.05483],[39.57317,9.05543],[39.57412,9.06115],[39.56987,9.06914]],[[39.29626,8.7791],[39.26527,8.78699]],[[39.29651,8.77905],[39.29626,8.7791]],[[35.07452,9.51731],[35.07468,9.51733]],[[35.02297,9.53637],[35.02871,9.53562],[35.04613,9.5166],[35.07452,9.51731]],[[34.56684,9.29098],[34.56684,9.29058]],[[34.5627,9.31425],[34.56684,9.29098]],[[34.70081,9.39293],[34.70066,9.39307]],[[34.70066,9.39307],[34.68267,9.40401],[34.66119,9.38926],[34.65761,9.39296],[34.64591,9.3935],[34.63413,9.40415],[34.6243,9.39786]],[[34.77695,9.42825],[34.77705,9.42815]],[[34.81831,9.49952],[34.77695,9.42825]],[[34.81856,9.49963],[34.81831,9.49952]],[[34.87907,9.49896],[34.87346,9.49731],[34.86053,9.50442],[34.85027,9.50006],[34.82872,9.50555],[34.81856,9.49963]],[[34.87927,9.49904],[34.87907,9.49896]],[[34.92463,9.54683],[34.91277,9.51708],[34.90698,9.51501],[34.89973,9.50154],[34.89109,9.49411],[34.87927,9.49904]],[[34.75548,8.95739],[34.75545,8.95715]],[[35.07194,8.86198],[35.07666,8.87266],[35.07352,8.89332],[35.06183,8.90587],[35.05841,8.91817],[35.04991,8.9243],[35.04784,8.93267],[35.04026,8.9259],[35.03958,8.92993],[35.02461,8.9268],[35.0136,8.93272],[35.00716,8.93202],[34.99002,8.96223],[34.98231,8.96515],[34.96941,8.98228],[34.96064,8.97941],[34.95092,8.98959],[34.9344,9.01013],[34.93445,9.02039],[34.92926,9.02631],[34.92654,9.02238],[34.91587,9.02086],[34.91374,9.01435],[34.91368,9.01799],[34.90632,9.01843],[34.90477,9.02654],[34.89921,9.02967],[34.892,9.0294],[34.84333,9.04952],[34.83366,9.05804],[34.82628,9.05288],[34.82199,9.04305],[34.81728,9.04624],[34.81195,9.04416],[34.80369,9.02646],[34.79387,9.02363],[34.78905,9.01565],[34.78728,9.00343],[34.78095,8.99385],[34.78975,8.97096],[34.77154,8.9763],[34.76928,8.96844]],[[35.03465,8.77981],[35.03525,8.78009]],[[35.03525,8.78009],[35.04938,8.78908],[35.05401,8.80658],[35.06056,8.81232],[35.06332,8.83231],[35.05866,8.85231],[35.07188,8.86185]],[[34.80021,8.53522],[34.80021,8.53522]],[[34.80762,8.54301],[34.80768,8.54323]],[[34.80768,8.54323],[34.80753,8.54304]],[[34.8005,8.53534],[34.80762,8.54301]],[[34.80753,8.54304],[34.80041,8.53541]],[[34.80768,8.54323],[34.82419,8.55241],[34.83613,8.55258],[34.83552,8.5608],[34.84943,8.56657],[34.85045,8.5791],[34.84007,8.60806],[34.84341,8.62083],[34.83966,8.6276],[34.84438,8.64458],[34.84944,8.64829],[34.84755,8.66394],[34.8535,8.66708],[34.83959,8.67845],[34.83815,8.6909],[34.8489,8.698],[34.85863,8.69864]],[[35.07188,8.86185],[35.07188,8.86185]],[[35.22651,8.9058],[35.22675,8.90584]],[[35.22675,8.90584],[35.22651,8.90592]],[[35.22634,8.90578],[35.22632,8.90557]],[[35.22632,8.90557],[35.22643,8.90575]],[[35.22632,8.9058],[35.22632,8.9058]],[[35.22675,8.90584],[35.24111,8.8932],[35.24932,8.8944],[35.25711,8.88938],[35.268,8.88948],[35.27063,8.8857],[35.27288,8.89096],[35.28237,8.89272],[35.29037,8.90225],[35.3002,8.90359],[35.3115,8.92845],[35.30767,8.94011],[35.31243,8.97034],[35.31776,8.97256],[35.31999,8.98105],[35.3311,8.99287],[35.34696,9.00338]],[[35.39741,9.09594],[35.39741,9.09594]],[[35.39745,9.09592],[35.39638,9.07453]],[[35.54538,9.16092],[35.54563,9.16081]],[[35.52438,9.17125],[35.53533,9.17136],[35.54538,9.16092]],[[35.52416,9.17128],[35.52438,9.17125]],[[35.4094,9.11966],[35.41277,9.12287],[35.42317,9.11972],[35.43364,9.12409],[35.44958,9.14036],[35.45626,9.13632],[35.46088,9.14321],[35.47513,9.14543],[35.47345,9.16348]],[[35.30793,8.21113],[35.30807,8.21094]],[[35.30807,8.21094],[35.3132,8.21258],[35.3329,8.18731],[35.34517,8.18905],[35.35602,8.17752]],[[35.35671,8.17727],[35.35647,8.17743]],[[35.35602,8.17752],[35.35629,8.17735]],[[35.35634,8.1775],[35.35602,8.17752]],[[35.3564,8.17731],[35.35671,8.17727]],[[35.35647,8.1774],[35.35647,8.1774]],[[35.35671,8.17727],[35.36243,8.17631]],[[35.36243,8.17631],[35.36263,8.17667]],[[35.36263,8.17667],[35.38091,8.16907],[35.38386,8.15909],[35.3906,8.16126],[35.3992,8.15753],[35.41214,8.16085],[35.44482,8.1485],[35.46607,8.15629],[35.48044,8.15417],[35.49145,8.15878],[35.50814,8.14528],[35.52327,8.14589],[35.5257,8.15254],[35.52697,8.14926],[35.53124,8.15422],[35.53702,8.15263]],[[35.53723,8.15257],[35.53723,8.15257]],[[36.41485,8.69262],[36.41386,8.6924]],[[39.1108,8.5982],[39.10816,8.60047]],[[38.90773,8.5778],[38.90779,8.57799]],[[38.96462,8.46239],[38.94543,8.47009],[38.93991,8.4789],[38.91618,8.49666],[38.90694,8.51202]],[[39.45474,9.22338],[39.45261,9.22409]],[[39.45504,9.22333],[39.45474,9.22338]],[[39.45707,9.20894],[39.45711,9.20936]],[[39.45654,9.18525],[39.45271,9.1933],[39.46027,9.19794],[39.45476,9.20099],[39.45707,9.20894]],[[39.46054,9.18019],[39.46712,9.18474]],[[39.45711,9.20936],[39.45504,9.22333]],[[39.45261,9.22409],[39.44395,9.22197],[39.43726,9.20314],[39.42563,9.20987],[39.40822,9.2126],[39.41601,9.21965]],[[39.41615,9.21997],[39.41877,9.22393]],[[39.41601,9.21965],[39.41615,9.21997]],[[38.75212,9.0359],[38.75137,9.03585]],[[38.74999,9.03551],[38.75112,9.03576]],[[39.14368,8.58929],[39.1429,8.58905]],[[39.14298,8.58894],[39.14368,8.58929]],[[38.7128,12.42497],[38.68369,12.39635],[38.67928,12.38496],[38.66877,12.37877],[38.67073,12.37573],[38.65228,12.37482],[38.6368,12.36549],[38.61931,12.36526],[38.60933,12.36961],[38.60552,12.38269],[38.60349,12.38022],[38.59558,12.38823],[38.58436,12.39173],[38.57625,12.40226],[38.56682,12.40375]],[[38.29941,12.35609],[38.30216,12.36294],[38.31294,12.3647],[38.31554,12.37664],[38.31223,12.38186],[38.32255,12.39171],[38.32007,12.40073],[38.32949,12.40658],[38.33732,12.40566],[38.3487,12.41792]],[[38.39602,12.40836],[38.39632,12.40852]],[[38.39632,12.40852],[38.40254,12.41729],[38.4129,12.41887],[38.4103,12.42135],[38.41315,12.43041],[38.40933,12.43648],[38.41881,12.43297],[38.42965,12.43636],[38.43214,12.43064]],[[38.07536,12.18176],[38.0572,12.15882]],[[38.0572,12.15882],[38.05698,12.15846]],[[38.05698,12.15846],[38.05769,12.14639],[38.05234,12.13512]],[[38.05221,12.13498],[38.04822,12.13121]],[[37.39902,11.50937],[37.39922,11.50902]],[[37.40026,11.51872],[37.39902,11.50937]],[[37.48693,11.27756],[37.48724,11.27744]],[[37.45579,11.314],[37.46582,11.30813],[37.48693,11.27756]],[[37.4003,11.51893],[37.40026,11.51872]],[[37.40042,11.51951],[37.40301,11.53407]],[[39.37459,11.80749],[39.37765,11.81951],[39.38696,11.82295],[39.39876,11.81914],[39.43563,11.81856],[39.42381,11.80566],[39.4282,11.79969],[39.41753,11.79765],[39.41742,11.7899],[39.42031,11.78245],[39.44348,11.76591],[39.44451,11.75989],[39.44876,11.76349],[39.45556,11.76094],[39.45433,11.7554],[39.45961,11.75196],[39.45372,11.74431]],[[38.74946,9.03541],[38.74956,9.03524]],[[38.74941,9.0359],[38.74819,9.03819]],[[38.74819,9.03819],[38.74748,9.0401]],[[38.74571,9.04291],[38.738,9.04897]],[[38.74748,9.0401],[38.7463,9.04145]],[[38.78574,7.07771],[38.78574,7.07771]],[[38.78632,7.07724],[38.80592,7.05657],[38.87071,7.02269]],[[38.77246,9.03212],[38.77248,9.03213]],[[38.77248,9.03213],[38.77722,9.03464]],[[39.39186,9.38566],[39.37606,9.39284],[39.37164,9.40276],[39.35899,9.41386],[39.35233,9.41316]],[[41.5335,9.08759],[41.53528,9.08175],[41.54182,9.0807]],[[34.74271,8.75474],[34.74286,8.76331],[34.73708,8.77201],[34.73842,8.77957],[34.72541,8.768],[34.72533,8.77486],[34.71887,8.77023],[34.71608,8.77911],[34.70332,8.76717],[34.69949,8.76935],[34.70541,8.77135],[34.70295,8.77791],[34.69385,8.77455],[34.68896,8.78266],[34.68071,8.78563],[34.68468,8.79692]],[[35.56852,6.98094],[35.57637,6.98703]],[[35.42887,7.12572],[35.42889,7.12601]],[[36.22109,7.27938],[36.22097,7.27929]],[[36.23459,7.2889],[36.23048,7.28269],[36.22109,7.27938]],[[38.85639,8.82886],[38.88499,8.81448],[38.89396,8.80278]],[[37.81762,6.90106],[37.83562,6.90147],[37.85352,6.88835]],[[38.93509,12.49515],[38.93465,12.49484]],[[38.96464,12.54486],[38.95542,12.51812]],[[38.73523,9.08716],[38.72305,9.08431]],[[37.89686,7.75065],[37.89221,7.74131]],[[37.89221,7.74131],[37.89686,7.75065]],[[37.8613,7.58295],[37.86581,7.59942],[37.87559,7.6061],[37.88024,7.6161],[37.8814,7.6313],[37.88991,7.64791],[37.88391,7.66102],[37.88803,7.67462],[37.88474,7.68412],[37.89661,7.70854],[37.88967,7.72816],[37.89221,7.74131]],[[34.89912,10.70763],[34.92785,10.7079],[34.94318,10.71858],[34.95143,10.71444],[34.96787,10.71417],[34.98319,10.71539],[34.9974,10.72193],[35.01218,10.72168],[35.02338,10.72826],[35.03331,10.74218],[35.05573,10.75123],[35.05841,10.75449],[35.05462,10.7582]],[[35.03363,11.12048],[35.04508,11.10643],[35.05637,11.09963],[35.05004,11.08086],[35.05547,11.05635],[35.05205,11.05043],[35.07044,11.02614],[35.07959,10.99066],[35.07829,10.97173],[35.07081,10.96601],[35.07041,10.95854],[35.055,10.94006],[35.05245,10.92536]],[[35.05415,10.75854],[35.04532,10.77646],[35.04671,10.79204],[35.04221,10.80298],[35.04466,10.80903]],[[35.05224,10.92497],[35.05537,10.89688],[35.04468,10.87338],[35.06359,10.82953],[35.05992,10.81797],[35.045,10.80957]],[[34.84807,8.18173],[34.84824,8.18171]],[[34.74141,8.17036],[34.74959,8.16739],[34.7649,8.17137],[34.7724,8.17807],[34.79871,8.18237],[34.81258,8.19508],[34.84807,8.18173]],[[40.84157,7.01536],[40.84183,7.01485]],[[40.84183,7.01485],[40.84326,7.01244]],[[38.60898,7.2038],[38.60921,7.20365]],[[35.17329,6.53736],[35.18062,6.55307],[35.18107,6.58164],[35.18678,6.58623],[35.18597,6.59863],[35.18136,6.60303],[35.18038,6.63621],[35.18327,6.64174],[35.18213,6.68143],[35.18899,6.70361]],[[38.12947,6.93626],[38.13082,6.94716],[38.11705,6.95165],[38.11523,6.96028],[38.10722,6.96268],[38.10517,6.96718],[38.09486,6.96808],[38.08785,6.95812],[38.09282,6.95296],[38.09069,6.9492],[38.08603,6.95395],[38.07876,6.95356],[38.0746,6.96334],[38.06289,6.96509],[38.06329,6.98522],[38.03979,6.97125]],[[38.3617,6.9277],[38.3575,6.92516],[38.35216,6.93541],[38.34374,6.9415],[38.318,6.95119],[38.30789,6.97155],[38.30262,6.96332],[38.27868,6.95832],[38.27374,6.95105],[38.24965,6.93926],[38.22699,6.94828],[38.20302,6.94842],[38.13197,6.92977]],[[38.13142,6.92977],[38.13197,6.92977]],[[39.01921,8.43186],[39.00339,8.44181]],[[39.02274,8.42698],[39.01921,8.43186]],[[37.7637,8.25046],[37.7643,8.25226]],[[37.76368,8.24951],[37.7637,8.25046]],[[37.76044,8.24687],[37.76368,8.24951]],[[38.75938,8.99573],[38.75991,8.99577]],[[38.75615,8.99551],[38.75938,8.99573]],[[38.75991,8.99577],[38.7666,9.00015]],[[38.75987,8.99586],[38.75937,8.9958]],[[38.75937,8.9958],[38.75614,8.99561]],[[38.75405,8.99571],[38.75528,8.99543]],[[38.75528,8.99543],[38.75615,8.99551]],[[38.75035,8.99491],[38.75405,8.99571]],[[38.3617,6.9277],[38.36761,6.92655],[38.37315,6.91646],[38.38038,6.91349]],[[38.38038,6.91349],[38.37318,6.91657],[38.36756,6.92671],[38.3617,6.9277]],[[38.38038,6.91349],[38.39266,6.91022],[38.39584,6.90416]],[[38.76653,9.01073],[38.76361,9.01099]],[[38.76702,9.01066],[38.76653,9.01073]],[[38.76727,9.01065],[38.76702,9.01066]],[[38.8671,9.02102],[38.85292,9.02117]],[[38.86701,9.02081],[38.86862,9.02088]],[[38.86862,9.02088],[38.87379,9.0212]],[[41.98027,6.55103],[41.9835,6.54632]],[[41.9835,6.54632],[41.9841,6.54543]],[[41.9841,6.54543],[41.99119,6.53603]],[[38.75205,9.03779],[38.75213,9.03729]],[[41.78537,9.6168],[41.78759,9.61649]],[[41.78504,9.61684],[41.78537,9.6168]],[[41.8763,9.64513],[41.89449,9.6368]],[[41.87582,9.64534],[41.8763,9.64513]],[[41.84035,9.65633],[41.84112,9.65638]],[[41.84112,9.65638],[41.85382,9.65693],[41.87582,9.64534]],[[41.82618,9.64875],[41.82631,9.64893]],[[41.82631,9.64893],[41.83113,9.65473],[41.84035,9.65633]],[[41.82278,9.64358],[41.82618,9.64875]],[[41.82268,9.64343],[41.82278,9.64358]],[[41.81959,9.63876],[41.81968,9.6389]],[[41.81968,9.6389],[41.82268,9.64343]],[[41.81945,9.63856],[41.81959,9.63876]],[[41.81945,9.63856],[41.81453,9.61179]],[[41.89449,9.6368],[41.90586,9.63998]],[[41.97796,9.69775],[41.97754,9.69763]],[[41.97754,9.69763],[41.975,9.68127],[41.94959,9.67552]],[[41.99617,9.70173],[41.99585,9.7016]],[[41.99585,9.7016],[41.97796,9.69775]],[[42.03914,9.72279],[42.03796,9.72147]],[[42.03769,9.72126],[42.02558,9.71447]],[[42.03796,9.72147],[42.03769,9.72126]],[[42.09094,9.76943],[42.06329,9.75178]],[[42.2541,9.92054],[42.25402,9.92041]],[[42.25402,9.92041],[42.23306,9.91446]],[[42.31223,9.9473],[42.29265,9.93625],[42.26894,9.93293],[42.2541,9.92054]],[[42.31235,9.94741],[42.31223,9.9473]],[[42.32693,9.95814],[42.32685,9.95806]],[[42.32685,9.95806],[42.31235,9.94741]],[[42.35663,10.01126],[42.35638,10.01103]],[[42.35638,10.01103],[42.35434,10.00906]],[[42.37506,10.02691],[42.35663,10.01126]],[[42.37516,10.02702],[42.37506,10.02691]],[[42.56973,10.38015],[42.56767,10.37779]],[[42.57753,10.41789],[42.57746,10.41772]],[[42.57746,10.41772],[42.56973,10.38015]],[[45.13143,5.0837],[45.11666,5.11518]],[[38.73067,9.01713],[38.73271,9.01941]],[[38.73061,9.01719],[38.72997,9.01662]],[[38.74389,8.99692],[38.74754,8.99443]],[[38.74044,8.99975],[38.73994,9.00004]],[[38.73964,8.99943],[38.73994,9.00004]],[[38.73955,8.99946],[38.73944,8.99892]],[[38.74114,9.00261],[38.74218,9.00486]],[[38.74002,9.00053],[38.73975,8.99997]],[[38.73222,9.03387],[38.73258,9.03394]],[[38.7318,9.03385],[38.73193,9.03385]],[[38.73121,9.03384],[38.7247,9.03423]],[[38.73258,9.03394],[38.73365,9.03408]],[[38.73255,9.03404],[38.73221,9.03396]],[[38.7357,9.03438],[38.7378,9.03427]],[[38.73365,9.03421],[38.73255,9.03404]],[[38.72316,8.9886],[38.72802,8.98269],[38.73402,8.98266]],[[38.73144,8.99863],[38.73196,8.99956]],[[38.73136,8.9987],[38.73071,8.99769]],[[38.73196,8.99956],[38.73374,9.00389]],[[38.73186,8.9996],[38.73136,8.9987]],[[38.73475,9.01525],[38.73481,9.01579]],[[38.73474,9.01518],[38.73475,9.01525]],[[38.73826,9.0164],[38.74246,9.01624]],[[38.75228,9.03609],[38.75212,9.0359]],[[34.91627,6.5988],[34.91627,6.5992]],[[34.9779,6.57057],[34.96804,6.58988],[34.91627,6.5988]],[[38.80016,9.0023],[38.8,9.0024]],[[38.79986,9.00238],[38.79996,9.00234]],[[38.73376,8.94835],[38.73359,8.94836]],[[38.73364,8.94821],[38.73382,8.9482]],[[38.69771,8.95373],[38.73058,8.93796]],[[38.73174,8.97387],[38.7223,8.97841]],[[39.04012,8.71626],[39.04098,8.71661]],[[38.7592,9.0116],[38.757,9.012]],[[38.75363,9.01825],[38.7527,9.01923]],[[38.76274,9.01164],[38.76277,9.012]],[[38.76653,8.94457],[38.7664,8.94486]],[[38.76444,8.93624],[38.7666,8.94435]],[[38.75914,9.00732],[38.75875,9.00738]],[[38.75907,9.00687],[38.75914,9.00732]],[[38.7594,9.01148],[38.75941,9.01155]],[[38.75941,9.01155],[38.75931,9.01157]],[[38.75871,9.0069],[38.75907,9.00687]],[[38.76625,8.94473],[38.76421,8.9361]],[[38.76612,8.945],[38.7662,8.94484]],[[38.75919,9.01147],[38.75918,9.01127]],[[38.75897,9.01153],[38.75919,9.01147]],[[38.753,9.0117],[38.75318,9.01172]],[[38.74216,8.92697],[38.74194,8.92698]],[[38.74155,8.92769],[38.74187,8.927]],[[38.74177,8.92812],[38.74478,8.93532]],[[37.42913,6.90991],[37.42978,6.91003]],[[38.74474,8.93535],[38.74458,8.93517]],[[38.74487,8.93537],[38.74517,8.93573]],[[38.0826,10.77605],[38.08259,10.77557]],[[38.09275,10.7813],[38.0826,10.77605]],[[38.09699,10.74782],[38.09695,10.74809]],[[38.10353,10.74606],[38.09699,10.74782]],[[41.78759,9.61649],[41.7977,9.61448]],[[41.81444,9.6116],[41.81803,9.61031]],[[41.798,9.61443],[41.81444,9.6116]],[[41.7977,9.61448],[41.798,9.61443]],[[41.7978,9.61469],[41.78759,9.61649]],[[41.906,9.64002],[41.93188,9.65646]],[[41.90586,9.63998],[41.906,9.64002]],[[36.54494,9.09412],[36.54618,9.0917]],[[38.39584,6.90416],[38.41642,6.88417]],[[36.54623,9.09172],[36.54494,9.09412]],[[38.86629,9.01169],[38.87215,9.01094]],[[38.87218,9.01102],[38.86628,9.01177]],[[38.78977,8.98857],[38.79105,8.98755]],[[38.76372,9.00995],[38.76291,9.01082]],[[38.76374,9.00992],[38.76372,9.00995]],[[38.76795,9.00433],[38.76793,9.00429]],[[38.76828,9.00404],[38.76834,9.00414]],[[38.76812,9.00398],[38.76814,9.00398]],[[38.77443,8.99404],[38.77442,8.99398]],[[38.77453,8.99416],[38.77451,8.99414]],[[38.77485,8.99387],[38.77487,8.99393]],[[38.79064,8.98833],[38.78986,8.9887]],[[38.8792,9.02161],[38.87701,9.02152]],[[38.8793,9.02161],[38.8792,9.02161]],[[38.85294,9.02069],[38.85292,9.02117]],[[38.85178,9.02129],[38.85166,9.02075]],[[38.80282,9.01985],[38.80198,9.01988]],[[38.80428,9.02001],[38.80335,9.01986]],[[38.80189,9.01994],[38.80179,9.01999]],[[38.88526,8.99706],[38.88559,8.99706]],[[38.88513,8.99736],[38.88526,8.99706]],[[38.88522,8.99751],[38.88513,8.99736]],[[38.87681,9.00225],[38.87673,9.00237]],[[38.87677,9.00208],[38.87681,9.00225]],[[38.87673,9.00237],[38.87655,9.0024]],[[38.87921,9.02133],[38.87931,9.02133]],[[38.87626,9.02111],[38.87921,9.02133]],[[38.85287,9.02054],[38.85294,9.02069]],[[38.85193,9.02036],[38.85268,9.02035]],[[38.85166,9.02075],[38.85173,9.02059]],[[38.82591,9.01993],[38.8259,9.01981]],[[38.82593,9.02001],[38.82591,9.01993]],[[38.82593,9.01973],[38.82597,9.01974]],[[38.8259,9.01981],[38.8259,9.01972]],[[38.82605,9.01977],[38.82606,9.02006]],[[38.80194,9.01992],[38.80189,9.01994]],[[38.80198,9.01988],[38.80194,9.01992]],[[34.25418,8.26784],[34.3108,8.24525],[34.38525,8.2878],[34.43124,8.27048]],[[38.85292,9.02117],[38.85273,9.02141]],[[38.8945,9.01094],[38.8945,9.01072]],[[38.89195,9.02199],[38.89452,9.01206]],[[38.89463,9.01139],[38.89194,9.02227]],[[38.89463,9.01072],[38.89463,9.01139]],[[38.76171,9.04769],[38.76172,9.04773]],[[38.82598,9.02003],[38.82593,9.02001]],[[38.82655,9.02582],[38.82654,9.0257]],[[38.82138,9.02429],[38.82654,9.0257]],[[38.81813,9.02373],[38.81842,9.02382]],[[38.80102,9.02152],[38.80104,9.02141]],[[38.78962,9.02834],[38.79572,9.02465]],[[38.78833,9.02907],[38.78849,9.02899]],[[38.78456,9.03131],[38.78833,9.02907]],[[38.77907,9.03488],[38.77994,9.03459]],[[38.76131,9.04409],[38.76115,9.0441]],[[38.76138,9.04365],[38.76145,9.04372]],[[38.76145,9.04372],[38.76147,9.04392]],[[38.76114,9.04359],[38.76138,9.04365]],[[38.76164,9.04785],[38.76147,9.04653]],[[38.76171,9.04765],[38.76171,9.04769]],[[38.76147,9.04392],[38.76131,9.04409]],[[38.76234,9.04349],[38.76259,9.04331]],[[38.76283,9.04356],[38.76276,9.04362]],[[38.76284,9.04346],[38.76283,9.04356]],[[38.76278,9.04334],[38.76284,9.04346]],[[38.76259,9.04331],[38.76278,9.04334]],[[38.77733,9.03462],[38.77746,9.03467]],[[38.77722,9.03464],[38.77733,9.03462]],[[38.77714,9.03472],[38.77722,9.03464]],[[38.77712,9.03475],[38.77714,9.03472]],[[38.77714,9.03493],[38.77712,9.03475]],[[38.77734,9.03502],[38.77714,9.03493]],[[38.77748,9.03495],[38.77734,9.03502]],[[38.77752,9.03486],[38.77748,9.03495]],[[38.80156,9.02169],[38.80129,9.02181]],[[38.80152,9.0213],[38.80161,9.0216]],[[38.80146,9.02125],[38.80152,9.0213]],[[38.80124,9.02123],[38.80146,9.02125]],[[38.80109,9.02133],[38.80124,9.02123]],[[38.80104,9.02141],[38.80109,9.02133]],[[38.80179,9.01999],[38.80169,9.02001]],[[38.89462,9.01058],[38.89463,9.01072]],[[38.8945,9.01072],[38.8945,9.01058]],[[38.89452,9.01206],[38.8945,9.01094]],[[38.76159,9.04652],[38.76171,9.04765]],[[38.80128,9.01979],[38.80124,9.01968]],[[38.80134,9.01988],[38.80128,9.01979]],[[38.77641,9.02319],[38.77661,9.0232]],[[38.77016,9.01616],[38.77041,9.01775]],[[38.75254,9.01713],[38.75264,9.01715]],[[38.75676,9.03931],[38.75725,9.03737]],[[38.75235,9.03733],[38.7524,9.03767]],[[38.75262,9.03604],[38.75251,9.03611]],[[38.75271,9.03586],[38.75262,9.03604]],[[38.7525,9.03554],[38.75264,9.03563]],[[38.75264,9.03563],[38.75271,9.03586]],[[38.75237,9.03553],[38.7525,9.03554]],[[38.75343,9.03277],[38.7534,9.03278]],[[38.832,9.02806],[38.84482,9.03319]],[[38.75434,9.03273],[38.75343,9.03277]],[[38.76332,9.03264],[38.76346,9.03265]],[[38.7636,9.03275],[38.76365,9.03286]],[[38.76346,9.03265],[38.7636,9.03275]],[[38.7633,9.03314],[38.76314,9.03298]],[[38.76338,9.03315],[38.7633,9.03314]],[[38.76365,9.03286],[38.76338,9.03315]],[[38.81806,9.02386],[38.81813,9.02373]],[[38.81842,9.02382],[38.81841,9.02392]],[[38.8467,9.0342],[38.83739,9.03005]],[[38.84482,9.03319],[38.84677,9.03412]],[[38.81841,9.02394],[38.8183,9.02404]],[[38.81841,9.02392],[38.81841,9.02394]],[[38.86444,9.04083],[38.86278,9.04161]],[[38.86455,9.04081],[38.86444,9.04083]],[[38.87463,9.05782],[38.8745,9.05778]],[[38.8745,9.05778],[38.87423,9.05764]],[[38.87757,9.05708],[38.87463,9.05782]],[[38.80161,9.0216],[38.80156,9.02169]],[[38.87456,9.0577],[38.87469,9.05775]],[[38.87469,9.05775],[38.87746,9.05697]],[[38.86437,9.04072],[38.86448,9.0407]],[[38.80197,9.02106],[38.80224,9.02091]],[[38.75287,9.03292],[38.75272,9.03297]],[[38.75272,9.03297],[38.75262,9.03299]],[[38.75262,9.03299],[38.75255,9.03301]],[[38.75255,9.03301],[38.75229,9.0331]],[[38.7534,9.03278],[38.75287,9.03292]],[[38.7515,9.03335],[38.75106,9.03356]],[[38.75106,9.03356],[38.75101,9.03358]],[[38.75064,9.03326],[38.751,9.03267]],[[38.75062,9.03276],[38.75176,9.03258]],[[38.75137,9.03253],[38.75176,9.03258]],[[38.77048,9.01885],[38.77029,9.01771]],[[38.77067,9.01991],[38.7705,9.01897]],[[38.77451,9.0111],[38.77448,9.01099]],[[38.77455,9.01114],[38.77451,9.0111]],[[38.77463,9.01079],[38.77466,9.01078]],[[38.78005,9.00384],[38.78016,9.00374]],[[38.78607,8.99835],[38.78652,8.99787]],[[38.77041,9.01775],[38.77075,9.0199]],[[38.77484,9.01083],[38.77488,9.01087]],[[38.77473,9.0112],[38.77455,9.01114]],[[38.77482,9.01117],[38.77477,9.01119]],[[38.77466,9.01078],[38.77484,9.01083]],[[38.77458,9.0108],[38.77463,9.01079]],[[38.7867,8.99816],[38.78624,8.99845]],[[38.793,8.99041],[38.79352,8.98974]],[[38.78672,8.99772],[38.78675,8.99772]],[[38.78652,8.99787],[38.78654,8.99783]],[[38.7867,8.99816],[38.78652,8.99787]],[[38.78683,8.99814],[38.7867,8.99816]],[[38.7869,8.99809],[38.78683,8.99814]],[[38.78692,8.99783],[38.7869,8.99809]],[[38.78688,8.99778],[38.78692,8.99783]],[[38.78675,8.99772],[38.78688,8.99778]],[[38.7936,8.98983],[38.79319,8.99031]],[[38.76323,9.03432],[38.76322,9.0344]],[[38.7664,9.00704],[38.76616,9.00731]],[[38.76311,9.0344],[38.76319,9.03389]],[[38.76138,9.06182],[38.76133,9.06198]],[[38.76258,9.01105],[38.76206,9.01111]],[[38.76259,9.01147],[38.76258,9.01105]],[[38.76013,9.01123],[38.7627,9.01084]],[[38.75934,9.01101],[38.7594,9.01143]],[[38.76129,9.06228],[38.76125,9.06264]],[[38.75903,9.01201],[38.7592,9.0116]],[[38.75241,9.01917],[38.75265,9.01912]],[[38.75231,9.01916],[38.75245,9.01804]],[[38.7523,9.01926],[38.75231,9.01916]],[[38.75176,9.03258],[38.75273,9.0325]],[[38.7517,9.02729],[38.75159,9.02728]],[[38.75182,9.02724],[38.7517,9.02729]],[[38.75189,9.0271],[38.75182,9.02724]],[[38.75189,9.02701],[38.75189,9.0271]],[[38.75182,9.0269],[38.75189,9.02701]],[[38.75176,9.02686],[38.75182,9.0269]],[[38.75162,9.02684],[38.75176,9.02686]],[[38.75147,9.02719],[38.75144,9.02703]],[[38.75159,9.02728],[38.75147,9.02719]],[[38.75263,9.01729],[38.75246,9.0188]],[[38.73448,9.01328],[38.73474,9.01518]],[[38.734,9.01145],[38.73408,9.01138]],[[38.73397,9.0115],[38.734,9.01145]],[[38.73432,9.0114],[38.73435,9.01142]],[[38.73423,9.01136],[38.73432,9.0114]],[[38.73434,9.01176],[38.73431,9.01179]],[[38.73438,9.01173],[38.73434,9.01176]],[[38.73407,9.01179],[38.73401,9.01173]],[[38.73414,9.01182],[38.73407,9.01179]],[[38.69983,9.01539],[38.7,9.01527]],[[38.69927,9.01483],[38.6996,9.01518]],[[38.73254,9.03181],[38.73238,9.03303]],[[38.7328,9.02932],[38.73284,9.02907]],[[38.73284,9.02902],[38.73289,9.02884]],[[38.73284,9.02907],[38.73284,9.02902]],[[38.7332,9.01997],[38.73336,9.01997]],[[38.73315,9.01999],[38.7332,9.01997]],[[38.73302,9.02009],[38.73315,9.01999]],[[38.73293,9.02043],[38.73302,9.02009]],[[38.7332,9.0207],[38.73293,9.02043]],[[38.73344,9.02068],[38.7332,9.0207]],[[38.73359,9.02057],[38.73344,9.02068]],[[38.72985,9.01652],[38.72985,9.01648]],[[38.72993,9.01661],[38.72985,9.01652]],[[38.72997,9.01662],[38.72993,9.01661]],[[38.7301,9.01654],[38.72997,9.01662]],[[38.72996,9.01636],[38.73002,9.01637]],[[38.72985,9.01648],[38.72996,9.01636]],[[38.72163,9.01194],[38.72132,9.01199]],[[38.72153,9.01146],[38.72166,9.01155]],[[38.72123,9.01154],[38.72153,9.01146]],[[38.72119,9.01159],[38.72123,9.01154]],[[38.72116,9.01181],[38.72119,9.01159]],[[38.72119,9.01188],[38.72116,9.01181]],[[38.72132,9.01199],[38.72119,9.01188]],[[38.72116,9.01181],[38.72027,9.01218]],[[38.70013,9.0153],[38.6999,9.01546]],[[38.69967,9.01551],[38.69983,9.01539]],[[38.69983,9.01539],[38.6999,9.01546]],[[38.6996,9.01518],[38.69983,9.01539]],[[38.6999,9.01546],[38.69974,9.01558]],[[38.69967,9.01551],[38.69915,9.01498]],[[38.69974,9.01558],[38.69967,9.01551]],[[38.69409,9.00398],[38.69406,9.00383]],[[38.69406,9.00383],[38.69401,9.00375]],[[38.69426,9.00377],[38.69424,9.00384]],[[38.69425,9.0037],[38.69426,9.00377]],[[38.6942,9.0036],[38.69425,9.0037]],[[38.69401,9.00362],[38.6942,9.0036]],[[38.694,9.00367],[38.69401,9.00362]],[[38.69401,9.00375],[38.694,9.00367]],[[38.69387,9.00369],[38.694,9.00367]],[[38.69425,9.0037],[38.69437,9.00369]],[[38.6942,9.00353],[38.6942,9.0036]],[[38.69401,9.00362],[38.694,9.00352]],[[38.73243,9.03179],[38.73279,9.02942]],[[38.74402,9.00887],[38.7443,9.01002]],[[38.74412,9.0101],[38.74358,9.00822]],[[38.73939,8.99843],[38.73929,8.99731]],[[38.73924,8.9967],[38.7395,8.99844]],[[38.73815,8.995],[38.7376,8.99509]],[[38.7384,8.99513],[38.73832,8.99511]],[[38.73873,8.99502],[38.73864,8.99508]],[[38.73874,8.99423],[38.73892,8.9945]],[[38.73858,8.99415],[38.73874,8.99423]],[[38.7385,8.99414],[38.73858,8.99415]],[[38.7381,8.99427],[38.73823,8.99417]],[[38.73815,8.995],[38.73799,8.99466]],[[38.73832,8.99511],[38.73815,8.995]],[[38.73874,8.99423],[38.73909,8.99349]],[[38.73832,8.99255],[38.7386,8.99518]],[[38.73848,8.9952],[38.73818,8.99247]],[[38.73402,8.98266],[38.73417,8.98255]],[[38.73401,8.98279],[38.73402,8.98266]],[[38.7341,8.9829],[38.73401,8.98279]],[[38.73426,8.98292],[38.7341,8.9829]],[[38.73417,8.98255],[38.73433,8.9826]],[[38.73191,8.97374],[38.73185,8.97369]],[[38.73225,8.97386],[38.73277,8.97435]],[[38.73194,8.97363],[38.73199,8.97367]],[[38.73199,8.97367],[38.73191,8.97374]],[[38.73185,8.97369],[38.73165,8.97354]],[[38.73185,8.97369],[38.73194,8.97363]],[[38.73161,8.97388],[38.73185,8.97369]],[[38.73267,8.97443],[38.73217,8.97394]],[[38.73335,8.96481],[38.73294,8.96459]],[[38.73294,8.96459],[38.73296,8.96501]],[[38.73238,9.03303],[38.73222,9.03387]],[[38.73296,9.0291],[38.73293,9.02931]],[[38.73297,9.02904],[38.73296,9.0291]],[[38.73303,9.02876],[38.73297,9.02904]],[[38.72202,9.01158],[38.72251,9.01143]],[[38.71934,9.0072],[38.71971,9.00795]],[[38.72017,9.00957],[38.71913,9.00744]],[[38.73225,9.033],[38.73243,9.03179]],[[38.81642,9.00391],[38.81689,9.00399]],[[38.81676,9.00365],[38.81646,9.00399]],[[38.82923,8.99133],[38.82973,8.99098]],[[38.82716,8.99356],[38.82711,8.99359]],[[38.82904,8.9916],[38.82858,8.99205]],[[38.82709,8.99348],[38.82868,8.99181]],[[38.82705,8.99352],[38.82709,8.99348]],[[38.81642,9.00391],[38.81648,9.00383]],[[38.80492,9.00769],[38.80476,9.00777]],[[38.80185,9.00932],[38.80175,9.00938]],[[38.8017,9.0093],[38.80182,9.00924]],[[38.80494,9.00758],[38.80509,9.0075]],[[38.79967,9.01036],[38.8017,9.0093]],[[38.80175,9.00938],[38.79971,9.01043]],[[38.74829,9.01093],[38.74714,9.01072]],[[38.76361,9.01099],[38.76276,9.01102]],[[38.77451,9.0111],[38.77251,9.01027]],[[38.77705,9.01229],[38.7767,9.01211]],[[38.74885,9.0113],[38.74829,9.01093]],[[38.80124,9.01968],[38.80097,9.01952]],[[38.7725,9.01007],[38.7726,9.01008]],[[38.80059,9.01907],[38.80144,9.01923]],[[38.79864,9.01891],[38.79676,9.01829]],[[38.79864,9.01871],[38.80059,9.01907]],[[38.79545,9.01787],[38.79474,9.01763]],[[38.79676,9.01829],[38.79545,9.01787]],[[38.79474,9.01747],[38.79541,9.01769]],[[38.78922,9.01613],[38.79371,9.01714]],[[38.78911,9.01611],[38.78922,9.01613]],[[38.78715,9.01595],[38.78713,9.01588]],[[38.78728,9.01607],[38.78715,9.01595]],[[38.7875,9.01608],[38.78745,9.01609]],[[38.78756,9.01604],[38.7875,9.01608]],[[38.78761,9.01599],[38.78756,9.01604]],[[38.78765,9.01572],[38.78766,9.01578]],[[38.78728,9.01558],[38.78746,9.01557]],[[38.78722,9.01562],[38.78728,9.01558]],[[38.78718,9.01566],[38.78722,9.01562]],[[38.78657,9.01572],[38.78492,9.01534]],[[38.78348,9.01484],[38.78483,9.01516]],[[38.78223,9.01467],[38.78141,9.01443]],[[38.7796,9.01362],[38.77784,9.0127]],[[38.78127,9.01419],[38.78206,9.01444]],[[38.78206,9.01444],[38.7833,9.0148]],[[38.78483,9.01516],[38.78803,9.01588]],[[38.7833,9.0148],[38.78348,9.01484]],[[38.77466,9.01078],[38.7748,9.01043]],[[38.77421,9.01056],[38.77463,9.01079]],[[38.75318,9.01172],[38.75338,9.01175]],[[38.75315,9.01189],[38.75298,9.01188]],[[38.75337,9.0119],[38.75315,9.01189]],[[38.75315,9.01189],[38.75313,9.01213]],[[38.75296,9.0121],[38.75298,9.01188]],[[38.75298,9.01188],[38.75283,9.01187]],[[38.7528,9.01169],[38.753,9.0117]],[[38.74614,9.01063],[38.74488,9.01052]],[[38.74676,9.01046],[38.74821,9.01069]],[[38.74993,9.01158],[38.7498,9.01157]],[[38.75283,9.01187],[38.75034,9.01162]],[[38.74994,9.0114],[38.7528,9.01169]],[[38.74981,9.01138],[38.74994,9.0114]],[[38.74487,9.01029],[38.74616,9.0104]],[[38.75168,9.02761],[38.7514,9.03047]],[[38.75128,9.03052],[38.75157,9.0276]],[[38.75221,9.02144],[38.75218,9.02171]],[[38.75222,9.02136],[38.75221,9.02144]],[[38.75235,9.01972],[38.75222,9.02136]],[[38.7524,9.01928],[38.7523,9.01926]],[[38.7527,9.01923],[38.7524,9.01928]],[[38.75231,9.01916],[38.75241,9.01917]],[[38.7524,9.01928],[38.75235,9.01972]],[[38.75241,9.01917],[38.7524,9.01928]],[[38.75246,9.0188],[38.75241,9.01917]],[[38.7479,8.99451],[38.74786,8.99475]],[[38.74792,8.99439],[38.7479,8.99451]],[[38.74795,8.99405],[38.74792,8.99439]],[[38.74605,9.01144],[38.74613,9.01149]],[[38.74485,9.01061],[38.74536,9.01098]],[[38.74871,8.98631],[38.74865,8.98691]],[[38.7478,8.99439],[38.74783,8.99411]],[[38.74779,8.99452],[38.7478,8.99439]],[[38.74777,8.99473],[38.74779,8.99452]],[[38.7485,9.01322],[38.74843,9.01316]],[[38.75217,9.01724],[38.75208,9.01708]],[[38.75025,8.98498],[38.74911,8.98539]],[[38.75054,8.98487],[38.75025,8.98498]],[[38.75015,8.98473],[38.75042,8.9846]],[[38.74859,8.98534],[38.74994,8.98482]],[[38.74874,8.96646],[38.74897,8.97587]],[[38.74854,8.9635],[38.74855,8.96176]],[[38.74918,8.97655],[38.74887,8.97661]],[[38.74923,8.97642],[38.74918,8.97655]],[[38.74908,8.97619],[38.74923,8.97642]],[[38.74876,8.97634],[38.74882,8.97624]],[[38.74876,8.97647],[38.74876,8.97634]],[[38.74887,8.97661],[38.74876,8.97647]],[[38.74814,8.98581],[38.74803,8.98585]],[[38.74803,8.98585],[38.74789,8.98557]],[[38.74802,8.98552],[38.74814,8.98581]],[[38.74911,8.98539],[38.74867,8.98557]],[[38.74802,8.98552],[38.74859,8.98534]],[[38.74789,8.98557],[38.74802,8.98552]],[[38.74867,8.98557],[38.74814,8.98581]],[[38.74851,8.98683],[38.74848,8.98677]],[[38.74622,9.01064],[38.74614,9.01063]],[[38.74714,9.01072],[38.74622,9.01064]],[[38.74624,9.01041],[38.74624,9.01043]],[[38.74615,9.01043],[38.74616,9.0104]],[[38.74624,9.01041],[38.74676,9.01046]],[[38.74616,9.0104],[38.74624,9.01041]],[[38.74487,9.01029],[38.74488,9.01032]],[[38.74472,9.01011],[38.74487,9.01029]],[[38.74452,9.01002],[38.74472,9.01011]],[[38.7443,9.01002],[38.74452,9.01002]],[[38.74406,9.01017],[38.74412,9.0101]],[[38.74404,9.01022],[38.74406,9.01017]],[[38.74412,9.0105],[38.74408,9.01046]],[[38.74472,9.01071],[38.74453,9.01074]],[[38.74476,9.01069],[38.74472,9.01071]],[[38.74485,9.01061],[38.74476,9.01069]],[[38.74488,9.01052],[38.74485,9.01061]],[[38.74488,9.0105],[38.74488,9.01052]],[[38.75208,9.01708],[38.75187,9.01668]],[[38.75159,9.01705],[38.75228,9.01707]],[[38.75228,9.01707],[38.75254,9.01713]],[[38.75245,9.01804],[38.75252,9.01727]],[[38.75221,9.0356],[38.75237,9.03553]],[[38.75215,9.03567],[38.75221,9.0356]],[[38.75212,9.0359],[38.75215,9.03567]],[[38.75251,9.03611],[38.75228,9.03609]],[[38.7522,9.03549],[38.75224,9.03534]],[[38.71349,9.05633],[38.7135,9.05631]],[[38.71335,9.05664],[38.71349,9.05633]],[[38.71331,9.05706],[38.71321,9.0575]],[[38.71316,9.05699],[38.71311,9.05685]],[[38.71331,9.05706],[38.71316,9.05699]],[[38.71332,9.05706],[38.71331,9.05706]],[[38.71354,9.05689],[38.71332,9.05706]],[[38.71351,9.05673],[38.71354,9.05689]],[[38.71335,9.05664],[38.71351,9.05673]],[[38.71333,9.05663],[38.71335,9.05664]],[[38.71353,9.05635],[38.71351,9.05673]],[[38.72169,9.05183],[38.72165,9.05202]],[[38.72167,9.05176],[38.72169,9.05183]],[[38.72164,9.05172],[38.72167,9.05176]],[[38.72158,9.05168],[38.72164,9.05172]],[[38.72139,9.05167],[38.72158,9.05168]],[[38.72133,9.05205],[38.72128,9.052]],[[38.72136,9.05207],[38.72133,9.05205]],[[38.72141,9.05209],[38.72136,9.05207]],[[38.72146,9.0521],[38.72141,9.05209]],[[38.72165,9.05202],[38.72146,9.0521]],[[38.73225,9.04611],[38.73216,9.04647]],[[38.73213,9.04595],[38.73225,9.04611]],[[38.73181,9.04587],[38.73206,9.0459]],[[38.73155,9.04612],[38.73181,9.04587]],[[38.73154,9.04617],[38.73155,9.04612]],[[38.73155,9.04633],[38.73154,9.04617]],[[38.73156,9.04636],[38.73155,9.04633]],[[38.73216,9.04647],[38.73188,9.04658]],[[38.76115,9.0441],[38.76101,9.04402]],[[38.76109,9.04362],[38.76114,9.04359]],[[38.76096,9.04377],[38.76109,9.04362]],[[38.76192,9.04094],[38.76264,9.03779]],[[38.76264,9.03779],[38.76265,9.03771]],[[38.76272,9.03779],[38.76201,9.04104]],[[38.75234,9.03792],[38.75226,9.03785]],[[38.7522,9.03785],[38.75214,9.0379]],[[38.75213,9.03729],[38.75235,9.03733]],[[38.7522,9.03785],[38.75205,9.03779]],[[38.75226,9.03785],[38.7522,9.03785]],[[38.75239,9.03775],[38.75226,9.03785]],[[38.7524,9.03767],[38.75239,9.03775]],[[38.7465,9.04808],[38.74636,9.04827]],[[38.74636,9.04827],[38.74627,9.04841]],[[38.73493,9.0625],[38.73493,9.06261]],[[38.73492,9.06244],[38.73493,9.0625]],[[38.73454,9.06218],[38.73492,9.06244]],[[38.7339,9.06256],[38.73402,9.06241]],[[38.73375,9.06303],[38.73375,9.06286]],[[38.7338,9.06311],[38.73375,9.06303]],[[38.7341,9.06328],[38.7338,9.06311]],[[38.73481,9.06291],[38.73476,9.063]],[[38.73484,9.06287],[38.73481,9.06291]],[[38.73309,9.06284],[38.73287,9.06283]],[[38.73365,9.03408],[38.7338,9.03411]],[[38.76147,9.06152],[38.7615,9.06141]],[[38.73378,9.03423],[38.73365,9.03421]],[[38.74974,9.03554],[38.74959,9.03556]],[[38.74981,9.03541],[38.74974,9.03554]],[[38.74975,9.03527],[38.74981,9.03541]],[[38.74968,9.03523],[38.74975,9.03527]],[[38.74956,9.03524],[38.74968,9.03523]],[[38.74949,9.03549],[38.74946,9.03541]],[[38.74959,9.03556],[38.74949,9.03549]],[[38.74981,9.03541],[38.74999,9.03551]],[[38.74984,9.03511],[38.74975,9.03527]],[[38.74968,9.03523],[38.74985,9.03491]],[[38.74927,9.0351],[38.74956,9.03524]],[[38.74946,9.03541],[38.7493,9.03533]],[[38.74935,9.03575],[38.74949,9.03549]],[[38.74959,9.03556],[38.74948,9.03577]],[[38.75001,9.03566],[38.74974,9.03554]],[[38.75419,9.04498],[38.7543,9.04471]],[[38.75426,9.04509],[38.75416,9.04505]],[[38.75443,9.04517],[38.75426,9.04509]],[[38.754,9.04491],[38.75419,9.04498]],[[38.75419,9.04498],[38.75429,9.04502]],[[38.75416,9.04505],[38.75419,9.04498]],[[38.75429,9.04502],[38.75426,9.04509]],[[38.75439,9.04506],[38.75445,9.04509]],[[38.75563,9.0454],[38.75565,9.0456]],[[38.75553,9.04535],[38.75563,9.0454]],[[38.75542,9.04537],[38.75553,9.04535]],[[38.75541,9.04566],[38.75537,9.04562]],[[38.75548,9.04568],[38.75541,9.04566]],[[38.75565,9.0456],[38.75548,9.04568]],[[38.75571,9.04555],[38.75565,9.0456]],[[38.76145,9.06165],[38.76138,9.06182]],[[38.73506,9.01804],[38.73505,9.01832]],[[38.73506,9.01796],[38.73506,9.01804]],[[38.73749,9.01126],[38.7374,9.01127]],[[38.73994,9.01094],[38.73778,9.01122]],[[38.74076,9.01084],[38.7401,9.01092]],[[38.76069,8.98071],[38.7606,8.98072]],[[38.75992,8.97947],[38.76003,8.97974]],[[38.7399,9.01077],[38.74049,9.01071]],[[38.73473,9.01642],[38.73443,9.01373]],[[38.75949,8.97831],[38.7596,8.9773]],[[38.75796,8.98162],[38.7565,8.98222]],[[38.75837,8.98142],[38.75796,8.98162]],[[38.75731,8.98175],[38.75833,8.98136]],[[38.75645,8.98213],[38.75731,8.98175]],[[38.73082,8.99764],[38.73071,8.99769]],[[38.73076,8.99754],[38.73082,8.99764]],[[38.73065,8.99758],[38.73076,8.99754]],[[38.72316,8.9886],[38.72327,8.98867]],[[38.72307,8.98867],[38.72316,8.9886]],[[38.72276,8.9889],[38.72301,8.98872]],[[38.71718,8.9926],[38.71762,8.99232]],[[38.70796,8.98802],[38.7084,8.98726]],[[38.70838,8.98748],[38.70804,8.9877]],[[38.70849,8.98733],[38.70838,8.98748]],[[38.74459,9.01145],[38.74453,9.01074]],[[38.85191,9.00229],[38.85198,9.00396]],[[38.85194,9.02145],[38.85178,9.02129]],[[38.85268,9.02035],[38.85287,9.02054]],[[38.85173,9.02059],[38.85193,9.02036]],[[38.72449,9.03424],[38.72451,9.03422]],[[38.72451,9.03422],[38.7249,9.03393]],[[38.7249,9.03393],[38.7253,9.03388]],[[38.72408,9.03476],[38.72449,9.03424]],[[38.73123,9.03378],[38.7318,9.03385]],[[38.7245,9.03444],[38.72408,9.03476]],[[38.7247,9.03423],[38.7245,9.03444]],[[38.73178,9.03391],[38.73121,9.03384]],[[38.76488,8.93473],[38.76491,8.93437]],[[38.76492,8.93481],[38.76488,8.93473]],[[38.76548,8.935],[38.76536,8.93503]],[[38.76576,8.93479],[38.76548,8.935]],[[38.76529,8.9339],[38.76546,8.93384]],[[38.76595,8.93424],[38.76588,8.93456]],[[38.76504,8.93412],[38.76529,8.9339]],[[38.7666,8.94435],[38.76653,8.94457]],[[38.75228,9.03659],[38.75228,9.03609]],[[38.74877,8.95781],[38.74894,8.95782]],[[38.74628,9.00985],[38.74624,9.01041]],[[38.74616,9.0104],[38.74619,9.00988]],[[38.75365,9.01823],[38.75363,9.01825]],[[38.75374,9.01814],[38.75365,9.01823]],[[38.76241,9.02662],[38.76151,9.02353]],[[38.76252,9.02677],[38.76241,9.02662]],[[38.76162,9.02334],[38.76334,9.02234]],[[38.76151,9.02353],[38.76162,9.02334]],[[38.74951,9.01153],[38.74907,9.0114]],[[38.79999,9.02228],[38.8005,9.02194]],[[38.79975,9.02242],[38.79999,9.02228]],[[38.79623,9.02436],[38.79972,9.02243]],[[38.79595,9.02452],[38.79623,9.02436]],[[38.79585,9.02458],[38.79595,9.02452]],[[38.79572,9.02465],[38.79585,9.02458]],[[38.79603,9.02465],[38.79592,9.0247]],[[38.79984,9.0225],[38.79603,9.02465]],[[38.80129,9.02181],[38.80047,9.02214]],[[38.75144,9.03574],[38.75215,9.03567]],[[38.69281,9.06549],[38.69338,9.06575]],[[38.75229,9.0331],[38.75165,9.03329]],[[38.73761,9.04875],[38.73783,9.04868]],[[38.73756,9.04886],[38.73761,9.04875]],[[38.73765,9.04908],[38.73756,9.04886]],[[38.738,9.04897],[38.7379,9.04908]],[[38.73798,9.04879],[38.738,9.04897]],[[38.73783,9.04868],[38.73798,9.04879]],[[38.69227,9.06529],[38.68897,9.07128]],[[38.71243,8.96042],[38.71804,8.96281]],[[38.71178,8.96023],[38.71201,8.9603]],[[38.71164,8.96019],[38.71178,8.96023]],[[38.71143,8.96012],[38.71164,8.96019]],[[38.69635,8.95434],[38.69666,8.95396]],[[38.69634,8.95441],[38.69635,8.95434]],[[38.69723,8.95508],[38.69685,8.95512]],[[38.69758,8.95468],[38.69723,8.95508]],[[38.69761,8.95447],[38.69758,8.95468]],[[38.69705,8.95388],[38.69761,8.95447]],[[38.69693,8.95388],[38.69705,8.95388]],[[38.69672,8.95393],[38.69693,8.95388]],[[38.69666,8.95396],[38.69672,8.95393]],[[38.69198,8.95154],[38.69666,8.95396]],[[38.69386,8.95247],[38.69192,8.95175]],[[38.69401,8.95254],[38.69386,8.95247]],[[38.69635,8.95434],[38.69401,8.95254]],[[38.71238,8.96061],[38.70707,8.95907]],[[38.71201,8.9603],[38.71243,8.96042]],[[38.7177,8.9628],[38.71238,8.96061]],[[38.70666,8.95872],[38.71143,8.96012]],[[38.74101,9.00267],[38.74002,9.00053]],[[38.74014,9.00048],[38.74114,9.00261]],[[38.73222,9.03387],[38.73221,9.03396]],[[38.73182,9.03391],[38.73178,9.03391]],[[38.73209,9.03394],[38.73182,9.03391]],[[38.73221,9.03396],[38.73209,9.03394]],[[38.73211,9.03386],[38.73214,9.03363]],[[38.73209,9.03394],[38.73211,9.03386]],[[38.73778,9.05931],[38.73725,9.05986]],[[38.74814,8.98581],[38.7483,8.9861]],[[38.73709,9.06002],[38.73497,9.06223]],[[38.73699,9.05995],[38.73711,9.05983]],[[38.73454,9.06218],[38.73699,9.05995]],[[38.75263,9.01729],[38.75252,9.01727]],[[38.77029,9.01771],[38.77007,9.01619]],[[38.7763,9.02337],[38.77636,9.02323]],[[38.77637,9.02352],[38.7763,9.02337]],[[38.7766,9.02354],[38.77637,9.02352]],[[38.77665,9.0235],[38.7766,9.02354]],[[38.79491,9.02108],[38.79479,9.02108]],[[38.7948,9.02099],[38.79492,9.02098]],[[38.83034,9.02723],[38.83028,9.02721]],[[38.83182,9.02806],[38.83034,9.02723]],[[38.83036,9.02715],[38.83186,9.02799]],[[38.83031,9.02713],[38.83036,9.02715]],[[36.97827,13.4484],[36.97819,13.44847]],[[36.97872,13.44738],[36.97827,13.4484]],[[38.79208,8.98832],[38.79165,8.98804]],[[38.7936,8.98983],[38.79352,8.98974]],[[38.8,9.0024],[38.79991,9.00246]],[[38.79996,9.00234],[38.8001,9.00226]],[[38.80047,9.0034],[38.79994,9.00251]],[[38.80142,9.01924],[38.80144,9.01923]],[[38.80788,9.02058],[38.80428,9.02001]],[[38.79374,8.98953],[38.79381,8.9896]],[[38.79142,8.98803],[38.79105,8.98755]],[[38.79165,8.98804],[38.79142,8.98803]],[[38.79201,8.98741],[38.79203,8.98753]],[[38.79152,8.98708],[38.79201,8.98741]],[[38.79138,8.98711],[38.79152,8.98708]],[[38.79106,8.98748],[38.79138,8.98711]],[[38.79105,8.98755],[38.79106,8.98748]],[[38.77298,8.89468],[38.77306,8.89455]],[[38.77589,8.88926],[38.77321,8.89463]],[[38.73481,9.03426],[38.7357,9.03438]],[[38.7338,9.03411],[38.73418,9.03417]],[[38.73211,9.03386],[38.73222,9.03387]],[[38.73193,9.03385],[38.73211,9.03386]],[[38.76317,9.02799],[38.76252,9.02677]],[[38.76351,9.02966],[38.76345,9.0294]],[[38.76352,9.02973],[38.76351,9.02966]],[[38.76355,9.03006],[38.76352,9.02973]],[[38.76364,9.03083],[38.76346,9.03265]],[[38.76365,9.0297],[38.76371,9.0301]],[[38.76365,9.0297],[38.76352,9.02973]],[[38.76397,9.02963],[38.76365,9.0297]],[[38.71446,9.03359],[38.71459,9.0336]],[[38.71813,9.01657],[38.71973,9.01532]],[[38.7209,9.01274],[38.71995,9.01552]],[[38.72066,9.0126],[38.72119,9.01188]],[[38.69719,9.01857],[38.70087,9.01762]],[[38.69696,9.01884],[38.6954,9.01953]],[[38.70125,9.01752],[38.7013,9.01786]],[[38.70119,9.01748],[38.70125,9.01752]],[[38.70098,9.01749],[38.70119,9.01748]],[[38.70087,9.01762],[38.70098,9.01749]],[[38.70092,9.01788],[38.70087,9.01762]],[[38.71973,9.01532],[38.72063,9.01288]],[[38.71788,9.0168],[38.71813,9.01657]],[[38.80122,8.86723],[38.80162,8.8674]],[[38.79941,8.86647],[38.80122,8.86723]],[[38.77321,8.89463],[38.77298,8.89492]],[[38.78467,8.87861],[38.78488,8.87927]],[[38.78488,8.87927],[38.78523,8.87877]],[[38.80299,8.85629],[38.79911,8.86632]],[[38.7842,8.8766],[38.78352,8.87661]],[[38.78246,8.87666],[38.7834,8.87642]],[[38.79002,8.8764],[38.78749,8.87649]],[[38.78614,8.87749],[38.78652,8.87698]],[[38.80633,8.86935],[38.80652,8.86941]],[[38.8062,8.8693],[38.80633,8.86935]],[[38.80584,8.86916],[38.8062,8.8693]],[[38.80162,8.8674],[38.80584,8.86916]],[[38.80586,8.86934],[38.79935,8.86661]],[[38.8061,8.86943],[38.80586,8.86934]],[[38.80621,8.86947],[38.8061,8.86943]],[[38.80641,8.86953],[38.80621,8.86947]],[[38.75213,9.02135],[38.7523,9.01926]],[[38.75212,9.02143],[38.75213,9.02135]],[[38.75213,9.02135],[38.75222,9.02136]],[[38.764,8.9575],[38.76402,8.95768]],[[38.76595,8.94584],[38.76357,8.9532]],[[38.7634,8.95333],[38.76483,8.94779]],[[38.76383,8.95771],[38.76381,8.95754]],[[38.74755,9.02097],[38.74656,9.01866]],[[38.74758,9.02108],[38.74755,9.02097]],[[38.7415,9.03214],[38.74171,9.03392]],[[38.74149,9.03209],[38.7415,9.03214]],[[38.74134,9.03125],[38.74131,9.03074]],[[38.74141,9.03214],[38.7414,9.03209]],[[38.7414,9.03056],[38.74138,9.0308]],[[38.74133,9.03058],[38.74138,9.03046]],[[38.74131,9.03074],[38.74133,9.03058]],[[38.74357,9.02878],[38.74333,9.02887]],[[38.74375,9.02852],[38.74357,9.02878]],[[38.74376,9.02846],[38.74375,9.02852]],[[38.74372,9.02831],[38.74376,9.02846]],[[38.74352,9.02821],[38.74372,9.02831]],[[38.74317,9.02836],[38.74352,9.02821]],[[38.74309,9.0285],[38.74317,9.02836]],[[38.74308,9.02874],[38.74309,9.0285]],[[38.74308,9.02876],[38.74308,9.02874]],[[38.74768,9.02097],[38.74787,9.02099]],[[38.74755,9.02097],[38.74768,9.02097]],[[38.74771,9.02106],[38.74758,9.02108]],[[38.748,9.02106],[38.74771,9.02106]],[[38.74781,9.02127],[38.74783,9.02143]],[[38.74771,9.02106],[38.74781,9.02127]],[[38.74768,9.02097],[38.74771,9.02106]],[[38.74758,9.0208],[38.74768,9.02097]],[[38.74615,9.01655],[38.74665,9.01866]],[[38.76215,9.05088],[38.76247,9.0536]],[[38.85222,9.01002],[38.85194,9.01004]],[[38.85194,9.00992],[38.85222,9.00991]],[[38.85222,9.00991],[38.85222,9.01002]],[[38.85194,9.01004],[38.85194,9.00992]],[[38.80197,9.01932],[38.80199,9.01934]],[[38.80204,9.01975],[38.80198,9.01988]],[[38.80124,9.01968],[38.80123,9.01962]],[[37.27237,13.07904],[37.27227,13.0791]],[[37.27484,13.07737],[37.27237,13.07904]],[[38.7565,8.98222],[38.75605,8.98242]],[[38.76213,8.98087],[38.76193,8.98081]],[[38.7628,8.98114],[38.76232,8.98092]],[[38.76232,8.98092],[38.76213,8.98087]],[[38.76582,8.98347],[38.7659,8.98351]],[[38.76567,8.98352],[38.76582,8.98347]],[[38.76561,8.9836],[38.76567,8.98352]],[[38.76561,8.98366],[38.76561,8.9836]],[[38.76584,8.98392],[38.76575,8.9839]],[[38.7659,8.98391],[38.76584,8.98392]],[[38.766,8.98381],[38.7659,8.98391]],[[38.766,8.98359],[38.76602,8.98363]],[[38.77411,8.99311],[38.77458,8.99368]],[[38.75187,8.98399],[38.75268,8.98372]],[[38.7524,8.98398],[38.75211,8.98418]],[[38.77446,8.99382],[38.77397,8.99306]],[[38.86161,9.01016],[38.86109,9.00998]],[[38.86161,9.01005],[38.86387,9.01088]],[[38.82521,9.01732],[38.82126,9.01113]],[[38.86569,9.01167],[38.86397,9.01101]],[[38.864,9.01092],[38.86569,9.01154]],[[38.83619,9.01112],[38.83777,9.01098]],[[38.83608,9.01114],[38.83619,9.01112]],[[38.83619,9.0112],[38.83608,9.01123]],[[38.84322,9.01069],[38.83619,9.0112]],[[38.82535,9.01737],[38.82542,9.01754]],[[38.8253,9.01728],[38.82535,9.01737]],[[38.82526,9.01741],[38.82521,9.01732]],[[38.82143,9.01843],[38.82147,9.01836]],[[38.82141,9.01847],[38.82143,9.01843]],[[38.82156,9.01875],[38.82312,9.01884]],[[38.82125,9.01877],[38.82156,9.01875]],[[38.82083,9.01882],[38.82125,9.01877]],[[38.80456,9.01984],[38.80762,9.02036]],[[38.80354,9.01963],[38.80456,9.01984]],[[38.80347,9.01961],[38.80354,9.01963]],[[38.80246,9.01943],[38.80337,9.01959]],[[38.76068,8.98757],[38.75994,8.98761]],[[38.76726,9.00178],[38.76726,9.00175]],[[38.76726,9.00175],[38.76687,9.00056]],[[38.76739,9.00212],[38.76807,9.00399]],[[38.7666,9.00015],[38.76677,9.00009]],[[38.76653,9.00027],[38.7666,9.00015]],[[38.76658,9.00051],[38.76653,9.00027]],[[38.76687,9.00056],[38.76671,9.00058]],[[38.76698,9.00048],[38.76687,9.00056]],[[38.76702,9.00036],[38.76698,9.00048]],[[38.76699,9.00021],[38.76702,9.00036]],[[38.76691,9.00013],[38.76699,9.00021]],[[38.76677,9.00009],[38.76691,9.00013]],[[38.76455,8.98744],[38.7646,8.98744]],[[38.7644,8.98751],[38.76455,8.98744]],[[38.76437,8.98755],[38.7644,8.98751]],[[38.76438,8.98775],[38.76437,8.98755]],[[38.76487,8.98811],[38.76438,8.98775]],[[38.76508,8.98803],[38.76487,8.98811]],[[38.76513,8.98794],[38.76508,8.98803]],[[38.76508,8.98773],[38.76513,8.98794]],[[38.76503,8.98767],[38.76508,8.98773]],[[38.75978,8.98751],[38.7609,8.98749]],[[38.80045,9.00207],[38.80048,9.00205]],[[38.80053,9.00209],[38.80047,9.00212]],[[38.8001,9.00226],[38.80018,9.00221]],[[38.80047,9.00212],[38.80016,9.0023]],[[38.7141,9.0336],[38.71351,9.03357]],[[38.74592,9.0346],[38.74367,9.03436]],[[38.71678,9.03756],[38.71687,9.03748]],[[38.71644,9.03738],[38.71651,9.03773]],[[38.71351,9.03357],[38.71307,9.03354]],[[38.77092,8.89675],[38.77157,8.89609]],[[38.77858,8.99246],[38.7817,8.99176]],[[38.7747,8.99374],[38.77476,8.99376]],[[38.77244,8.99627],[38.77312,8.99541]],[[38.76301,9.03514],[38.76311,9.0344]],[[39.49184,9.22666],[39.46712,9.18474]],[[38.73419,9.01176],[38.73414,9.01141]],[[38.73419,9.01125],[38.73421,9.0114]],[[38.73414,9.01141],[38.73411,9.01125]],[[38.73421,9.01193],[38.73419,9.01176]],[[38.73421,9.0114],[38.73426,9.01174]],[[38.73426,9.01174],[38.73428,9.01192]],[[38.73443,9.01373],[38.73421,9.01193]],[[38.74631,9.0106],[38.74605,9.01058]],[[38.74605,9.01046],[38.74633,9.01048]],[[38.7445,9.01031],[38.74605,9.01046]],[[38.74605,9.01058],[38.74449,9.01043]],[[37.7744,6.71747],[37.77316,6.71539]],[[41.82776,9.60686],[41.82979,9.60611]],[[41.85892,9.58796],[41.8567,9.59133]],[[41.83257,9.60528],[41.83208,9.60558]],[[41.83208,9.60558],[41.83157,9.60577]],[[41.83157,9.60577],[41.82987,9.60634]],[[41.82979,9.60611],[41.8315,9.6055]],[[41.82167,9.60924],[41.82138,9.60936]],[[41.8214,9.60912],[41.82776,9.60686]],[[41.81459,9.61178],[41.81439,9.61183]],[[41.81439,9.61183],[41.79808,9.61464]],[[41.81464,9.61176],[41.81945,9.63856]],[[41.78393,9.61705],[41.78504,9.61684]],[[41.77526,9.61763],[41.78393,9.61705]],[[41.77526,9.61763],[41.77376,9.61751]],[[41.7736,9.61751],[41.75976,9.61333]],[[41.77336,9.61724],[41.77376,9.61751]],[[41.73062,9.6169],[41.73183,9.61699]],[[41.73906,9.616],[41.73954,9.61599]],[[41.73954,9.61599],[41.75348,9.6132]],[[41.75379,9.61323],[41.75938,9.61316]],[[41.75348,9.6132],[41.75379,9.61323]],[[41.73957,9.61624],[41.73909,9.61623]],[[41.73909,9.61623],[41.73226,9.61722]],[[41.75962,9.61311],[41.77336,9.61724]],[[41.75938,9.61316],[41.75962,9.61311]],[[41.75976,9.61333],[41.75944,9.61339]],[[41.75944,9.61339],[41.75376,9.61347]],[[41.75376,9.61347],[41.75347,9.61345]],[[41.75347,9.61345],[41.73957,9.61624]],[[41.73232,9.61699],[41.73906,9.616]],[[41.73183,9.61699],[41.73232,9.61699]],[[41.73226,9.61722],[41.73195,9.61722]],[[41.73195,9.61722],[41.71033,9.61165]],[[41.70396,9.61129],[41.70424,9.61154]],[[41.71033,9.61165],[41.71002,9.61165]],[[41.71002,9.61165],[41.70449,9.61171]],[[41.71029,9.61141],[41.73062,9.6169]],[[41.70997,9.61141],[41.71029,9.61141]],[[41.70424,9.61154],[41.70997,9.61141]],[[41.87547,9.62488],[41.8867,9.62773]],[[41.85464,9.6],[41.85086,9.59718]],[[41.85484,9.60015],[41.85464,9.6]],[[41.86622,9.60736],[41.85484,9.60015]],[[41.87149,9.60781],[41.86713,9.60742]],[[41.84739,9.60742],[41.8527,9.60468]],[[41.8474,9.60748],[41.8474,9.60748]],[[41.84734,9.60751],[41.83554,9.61171]],[[41.82138,9.60936],[41.81459,9.61178]],[[41.81457,9.61156],[41.81464,9.61176]],[[41.81453,9.61179],[41.81444,9.6116]],[[41.86384,9.59124],[41.86378,9.59132]],[[42.6303,11.04452],[42.6303,11.04438]],[[42.63034,11.04628],[42.6303,11.04452]],[[42.63098,11.05025],[42.63099,11.05031]],[[42.63099,11.05031],[42.63748,11.06724]],[[42.63044,11.04302],[42.63052,11.04438]],[[42.63034,11.04628],[42.63098,11.05025]],[[42.63052,11.04438],[42.63051,11.04453]],[[42.63051,11.04453],[42.63034,11.04628]],[[42.6519,10.9977],[42.65103,11.00101]],[[42.65103,11.00101],[42.64542,11.02706],[42.63059,11.03862]],[[39.16452,8.56782],[39.16492,8.56757]],[[39.16547,8.56725],[39.17889,8.56101],[39.18196,8.55375],[39.20394,8.54735]],[[42.56767,10.37779],[42.56739,10.37738]],[[42.56739,10.37738],[42.55794,10.3481],[42.54253,10.33179],[42.54042,10.3144]],[[42.57152,10.74441],[42.57628,10.56857],[42.56805,10.53726],[42.58585,10.44009],[42.57753,10.41789]],[[42.61992,10.83891],[42.62255,10.84027]],[[42.63532,10.84098],[42.62703,10.84055]],[[42.63532,10.84098],[42.63746,10.84239]],[[42.62334,10.84032],[42.62255,10.84027]],[[42.6235,10.84033],[42.62334,10.84032]],[[42.63748,11.06724],[42.63754,11.06733]],[[42.63754,11.06733],[42.64119,11.07698]],[[40.37362,7.22626],[40.3431,7.24046],[40.30714,7.2807],[40.26815,7.3084],[40.25966,7.35666],[40.24659,7.36648],[40.23635,7.38112],[40.23196,7.38025]],[[37.40042,11.51951],[37.4003,11.51893]],[[37.40301,11.53407],[37.38935,11.54378],[37.38528,11.5807]],[[37.40292,11.53404],[37.40042,11.51951]],[[41.70449,9.61171],[41.70424,9.61154]],[[41.77376,9.61751],[41.7736,9.61751]],[[42.6303,11.04438],[42.63044,11.04302]],[[41.86203,9.59361],[41.86471,9.59542]],[[40.23196,7.38025],[40.20775,7.37885],[40.19912,7.37249],[40.1847,7.3706],[40.16513,7.38309],[40.10529,7.38938],[40.01165,7.38174],[40.0043,7.37814]],[[38.92885,8.62172],[38.93187,8.62776]],[[38.90457,8.53224],[38.89991,8.54987],[38.90352,8.56335]],[[38.93187,8.62776],[38.89559,8.67624],[38.89268,8.68526],[38.91516,8.71163],[38.93006,8.72089]],[[39.96846,7.18927],[39.97032,7.17135]],[[38.08662,10.89578],[38.10342,10.87698],[38.10996,10.87758],[38.11584,10.85776],[38.10996,10.83967],[38.1148,10.81419],[38.10046,10.80097],[38.09882,10.79204],[38.10253,10.78481],[38.09275,10.7813]],[[38.0908,10.91352],[38.08768,10.90912],[38.09129,10.90266],[38.08662,10.89578]],[[39.32823,11.75874],[39.32796,11.75878]],[[38.94008,8.80433],[38.93599,8.78405],[38.92918,8.77426]],[[38.94011,8.80441],[38.94008,8.80433]],[[39.23182,8.12588],[39.24354,8.17536],[39.2434,8.19129],[39.27289,8.24416],[39.32432,8.30451],[39.32154,8.33968],[39.32846,8.35364],[39.32969,8.38954]],[[38.9573,8.75162],[38.95318,8.74994],[38.9557,8.74561]],[[38.95679,8.74397],[38.95576,8.74566]],[[38.9557,8.74561],[38.95111,8.73567],[38.93875,8.73372],[38.93006,8.72089]],[[38.93297,8.72286],[38.93879,8.73364],[38.95107,8.73553],[38.95679,8.74397]],[[38.93006,8.72089],[38.93297,8.72286]],[[38.99389,7.02224],[39.01354,7.01409],[39.03147,7.01417]],[[38.81638,9.00398],[38.81642,9.00391]],[[38.74194,8.92698],[38.7421,8.92686]],[[39.35199,9.41302],[39.35233,9.41316]],[[35.05113,11.23256],[35.05094,11.23269]],[[35.05062,11.23245],[35.0508,11.23255]],[[35.05071,11.2326],[35.05062,11.23245]],[[35.05089,11.23258],[35.05089,11.23258]],[[35.0478,11.22912],[35.04899,11.23051]],[[35.04313,11.22296],[35.04428,11.2248]],[[35.04287,11.22267],[35.04287,11.22267]],[[35.0427,11.22277],[35.04288,11.22264]],[[35.04291,11.22277],[35.0427,11.22277]],[[35.04312,11.22275],[35.04313,11.22296]],[[35.04313,11.22296],[35.04298,11.22281]],[[36.74279,7.60853],[36.74284,7.6086]],[[37.48893,11.26524],[37.49457,11.25781]],[[37.48875,11.2653],[37.48892,11.26561]],[[37.49457,11.25781],[37.48904,11.26531]],[[37.49032,11.27224],[37.48872,11.26552]],[[38.76271,9.03318],[38.76314,9.03298]],[[38.76338,9.03315],[38.76323,9.03432]],[[38.76319,9.03389],[38.7633,9.03314]],[[38.7636,9.03275],[38.76442,9.03237]],[[38.76436,9.03251],[38.76365,9.03286]],[[38.76348,9.03083],[38.76355,9.03006]],[[38.76371,9.0301],[38.76364,9.03083]],[[34.58885,8.23154],[34.59504,8.22247],[34.60766,8.21937],[34.61358,8.20563],[34.65253,8.17762]],[[34.65253,8.17762],[34.65282,8.17727]],[[34.52804,8.32469],[34.53739,8.31544],[34.55959,8.30913],[34.5753,8.31021],[34.58112,8.30554],[34.57969,8.29359],[34.58589,8.27138]],[[34.52773,8.32502],[34.52804,8.32469]],[[34.59255,8.52187],[34.59287,8.52202]],[[34.68468,8.79692],[34.68455,8.79732]],[[34.70636,8.6561],[34.70706,8.66324],[34.71552,8.66724],[34.71941,8.66516],[34.72752,8.67004],[34.73294,8.66497],[34.73684,8.66711],[34.73175,8.67303],[34.73032,8.68727],[34.73218,8.69047],[34.7391,8.68937],[34.73987,8.69962],[34.74626,8.69616],[34.74326,8.70801],[34.73903,8.70897],[34.7462,8.71452],[34.74174,8.71505],[34.74357,8.72079],[34.73912,8.72122],[34.7372,8.72808],[34.7498,8.73607],[34.74636,8.7421],[34.74191,8.74038],[34.74693,8.74987],[34.74282,8.74826],[34.74243,8.75459]],[[34.74243,8.75459],[34.74271,8.75474]],[[38.73994,9.00004],[38.73981,9.0001]],[[38.73938,9.00017],[38.73975,8.99997]],[[38.73975,8.99997],[38.73987,8.9999]],[[38.73987,8.9999],[38.74036,8.9997]],[[34.61269,8.98062],[34.61142,8.98394]],[[34.76913,8.96816],[34.76511,8.96156],[34.75548,8.95739]],[[34.76928,8.96844],[34.76913,8.96816]],[[36.02432,7.32131],[36.0239,7.32135]],[[36.0239,7.32135],[36.01566,7.3164],[36.00839,7.32055],[35.9998,7.31737],[35.99649,7.3059],[35.98654,7.29448],[35.97648,7.29193],[35.97407,7.28381],[35.95209,7.2796],[35.93726,7.27997],[35.93169,7.28365],[35.93203,7.27728],[35.92567,7.27599],[35.92462,7.27218],[35.91766,7.27289],[35.91326,7.26714],[35.89941,7.26425],[35.8842,7.25436]],[[38.90352,8.56335],[38.90773,8.5778]],[[38.90694,8.51202],[38.90457,8.53224]],[[38.90352,8.56335],[38.89979,8.55023],[38.90457,8.53224]],[[42.44431,10.13014],[42.43962,10.12658]],[[42.43962,10.12658],[42.43938,10.1263]],[[35.05462,10.7582],[35.05415,10.75854]],[[35.04466,10.80903],[35.045,10.80957]],[[35.05245,10.92536],[35.05224,10.92497]],[[35.01425,11.15722],[35.03359,11.1208]],[[35.03359,11.1208],[35.03363,11.12048]],[[35.01425,11.15733],[35.01425,11.15722]],[[35.01425,11.15733],[35.01425,11.15733]],[[35.02155,11.19462],[35.01425,11.15733]],[[35.02182,11.19499],[35.02155,11.19462]],[[35.05089,11.23258],[35.05113,11.23256]],[[35.30449,11.28318],[35.30598,11.28021]],[[35.30447,11.28354],[35.30449,11.28318]],[[35.30598,11.28021],[35.2862,11.26999]],[[36.94412,13.72455],[36.94425,13.71585],[36.95771,13.69358],[36.95667,13.67549]],[[36.95667,13.67549],[36.95661,13.67534]],[[42.61992,10.83891],[42.61897,10.83742]],[[42.61897,10.83742],[42.61674,10.83566]],[[37.02472,13.35691],[37.0152,13.36506]],[[37.48892,11.26561],[37.48875,11.2653]],[[37.49562,11.25777],[37.49457,11.25781]],[[36.61798,14.23691],[36.62049,14.22699]],[[36.61795,14.23702],[36.61798,14.23691]],[[37.49032,11.27224],[37.48724,11.27744]],[[35.47341,9.16352],[35.47341,9.16352]],[[35.47351,9.16364],[35.47848,9.1777],[35.48521,9.18195],[35.51132,9.1679],[35.52416,9.17128]],[[35.18139,8.83854],[35.18347,8.8438],[35.21434,8.85526],[35.21522,8.86517],[35.22626,8.87416],[35.22632,8.90557]],[[35.1812,8.83843],[35.18139,8.83854]],[[37.76169,8.26705],[37.76285,8.2787]],[[37.76274,8.27866],[37.76169,8.26705]],[[41.37954,9.55012],[41.3837,9.55464]],[[41.37952,9.54989],[41.37954,9.55012]],[[36.50922,10.95323],[36.50133,10.95988],[36.49904,10.97242]],[[36.52643,10.94977],[36.51792,10.94957]],[[36.51792,10.94957],[36.51761,10.94962]],[[36.49896,10.97284],[36.49864,10.9741]],[[36.49904,10.97242],[36.49896,10.97284]],[[36.49864,10.9741],[36.49886,10.97283]],[[36.51793,10.94948],[36.52643,10.94977]],[[39.16517,8.56746],[39.16517,8.56746]],[[39.16403,8.56816],[39.16403,8.56816]],[[39.16443,8.56787],[39.16435,8.56803]],[[39.16492,8.56757],[39.16502,8.56751]],[[39.27347,8.58373],[39.27347,8.58373]],[[39.28265,8.57579],[39.27374,8.58389]],[[39.27354,8.58373],[39.28259,8.5756]],[[38.10428,10.74659],[38.10359,10.7461]],[[38.10359,10.7461],[38.10353,10.74606]],[[38.07559,10.74521],[38.06742,10.74574],[38.06318,10.75189]],[[38.09695,10.74809],[38.07559,10.74521]],[[38.15913,10.73604],[38.16499,10.70554],[38.18044,10.67883]],[[38.18044,10.67883],[38.18044,10.67865]],[[38.18044,10.67865],[38.17988,10.67124],[38.16996,10.6642]],[[38.16996,10.6642],[38.16564,10.66031],[38.16549,10.65047]],[[38.16557,10.65047],[38.16574,10.66039],[38.16996,10.6642]],[[38.16549,10.65047],[38.16422,10.64444]],[[38.16422,10.64444],[38.16557,10.65047]],[[37.9074,11.04261],[37.93696,11.00477],[37.94566,11.00051]],[[37.98067,10.96982],[37.98094,10.96977]],[[37.9459,11.0004],[37.9563,10.99548],[37.96989,10.96944],[37.98067,10.96982]],[[37.94566,11.00051],[37.9459,11.0004]],[[38.04925,10.94474],[38.07177,10.92689],[38.0899,10.92568],[38.0908,10.91352]],[[38.04918,10.9448],[38.04925,10.94474]],[[37.98094,10.96977],[38.01701,10.96131]],[[38.01701,10.96131],[38.01728,10.96125]],[[34.70921,9.63955],[34.67895,9.59107]],[[34.52171,9.40065],[34.52041,9.40005]],[[34.52938,9.34909],[34.52938,9.34909]],[[34.52929,9.3492],[34.53054,9.35342]],[[34.6243,9.39786],[34.62028,9.38595]],[[34.62027,9.38578],[34.62027,9.38578]],[[38.89474,8.99795],[38.89462,9.01058]],[[38.89474,8.9981],[38.88572,8.99734]],[[38.73006,9.01639],[38.73473,9.01642]],[[38.86731,9.00752],[38.86569,9.01167]],[[38.77593,8.97241],[38.77736,8.97529]],[[38.77736,8.97588],[38.77561,8.97265]],[[37.93376,8.11501],[37.91853,8.12814]],[[39.8936,13.5394],[39.88826,13.5392]],[[39.88826,13.5392],[39.88819,13.53931]],[[39.8478,13.38995],[39.833,13.38424]],[[39.84809,13.39001],[39.8478,13.38995]],[[40.06628,13.1825],[40.06648,13.18221]],[[40.97179,12.93959],[40.97268,12.96269]],[[40.97061,12.98197],[40.9706,12.98215]],[[40.97265,12.96281],[40.97061,12.98197]],[[40.97268,12.96269],[40.97265,12.96281]],[[40.97566,12.91678],[40.97997,12.91097]],[[40.98398,12.91017],[40.98415,12.91013]],[[40.97156,12.81375],[40.98746,12.80193]],[[40.97052,12.81462],[40.97156,12.81375]],[[40.98864,12.80175],[41.02329,12.80025]],[[41.02329,12.80025],[41.02342,12.80023]],[[41.02342,12.80023],[41.03715,12.79106]],[[41.03715,12.79106],[41.03724,12.791]],[[41.1254,12.78624],[41.13293,12.78066],[41.13895,12.76771],[41.13476,12.75917],[41.14181,12.74413],[41.14301,12.72208]],[[41.14301,12.72208],[41.14291,12.72195]],[[41.14759,12.53451],[41.15388,12.51819]],[[41.1476,12.53461],[41.14759,12.53451]],[[41.15403,12.51783],[41.15389,12.51369]],[[41.15398,12.51795],[41.15403,12.51783]],[[41.15393,12.51807],[41.15398,12.51795]],[[41.15388,12.51819],[41.15393,12.51807]],[[39.4527,9.28017],[39.44994,9.28561],[39.45397,9.28463]],[[39.45397,9.28463],[39.45406,9.28466]],[[40.19002,9.22901],[40.20607,9.25516],[40.24995,9.29642],[40.26646,9.3216]],[[40.18991,9.08235],[40.17793,9.10202],[40.17375,9.11885]],[[40.18994,9.08226],[40.18991,9.08235]],[[39.16502,8.56751],[39.16512,8.56735]],[[39.16522,8.5675],[39.16502,8.56751]],[[39.16443,8.56787],[39.16452,8.56782]],[[39.16425,8.56787],[39.16443,8.56787]],[[38.06318,10.75189],[38.06738,10.74568],[38.07559,10.74521]],[[39.16408,8.5682],[39.16385,8.56822]],[[39.16385,8.56822],[39.16398,8.56805]],[[42.64706,11.09281],[42.64119,11.07698]],[[42.64708,11.09288],[42.64706,11.09281]],[[42.64713,11.09315],[42.64708,11.09288]],[[42.64712,11.09325],[42.64713,11.09315]],[[42.64712,11.09338],[42.64712,11.09325]],[[38.43774,12.42266],[38.43951,12.42486],[38.44821,12.42051],[38.45507,12.41096],[38.48052,12.40623],[38.50508,12.42277],[38.5239,12.41743],[38.54084,12.41921],[38.5585,12.40621],[38.55463,12.40655],[38.5545,12.40266]],[[38.55451,12.40258],[38.55957,12.39946],[38.56659,12.40372]],[[38.43502,12.42156],[38.43767,12.42222]],[[38.43767,12.42222],[38.43774,12.42266]],[[39.75852,11.83449],[39.75841,11.8345]],[[39.76011,11.83434],[39.75852,11.83449]],[[39.75841,11.8345],[39.75489,11.83504]],[[39.76042,11.83431],[39.76011,11.83434]],[[42.61674,10.83566],[42.60872,10.82687],[42.59623,10.82197],[42.59216,10.81208],[42.59467,10.78472],[42.58263,10.77597],[42.57515,10.75883]],[[42.57515,10.75883],[42.57159,10.74641]],[[42.57159,10.74641],[42.57515,10.75883]],[[39.15106,8.57617],[39.1547,8.57466]],[[39.1547,8.57466],[39.1548,8.57458]],[[38.56659,12.40372],[38.56682,12.40375]],[[38.76586,8.93363],[38.76674,8.93224]],[[38.76426,8.93603],[38.76586,8.93363]],[[38.76695,8.93231],[38.76601,8.93373]],[[38.76601,8.93373],[38.76444,8.93624]],[[39.45281,9.27669],[39.4527,9.28017]],[[39.45285,9.27661],[39.45281,9.27669]],[[39.8627,13.65729],[39.86893,13.65483]],[[39.75423,13.36464],[39.75429,13.36479]],[[39.75252,13.36042],[39.75423,13.36464]],[[39.75429,13.36479],[39.75476,13.36777]],[[39.74994,13.3584],[39.74954,13.35828]],[[39.75476,13.36777],[39.7542,13.36483]],[[39.75244,13.36047],[39.75222,13.35983]],[[39.75222,13.35983],[39.74994,13.3584]],[[39.74986,13.3581],[39.74994,13.3584]],[[39.75413,13.36467],[39.75244,13.36047]],[[39.7542,13.36483],[39.75413,13.36467]],[[39.64741,13.70357],[39.64441,13.70377]],[[42.08237,12.11413],[42.0825,12.11411]],[[42.08073,12.11443],[42.08237,12.11413]],[[42.09817,12.11033],[42.09829,12.11031]],[[42.0976,12.11043],[42.09817,12.11033]],[[42.09741,12.11046],[42.0976,12.11043]],[[42.0825,12.11411],[42.09741,12.11046]],[[42.08053,12.11447],[42.08073,12.11443]],[[42.05144,12.13164],[42.08053,12.11447]],[[42.05107,12.13191],[42.05144,12.13164]],[[42.03274,12.1382],[42.05107,12.13191]],[[39.0349,12.62543],[39.03325,12.62541]],[[39.03325,12.62541],[39.03315,12.62541]],[[39.59892,13.01252],[39.59923,13.01263]],[[38.05234,12.13512],[38.05221,12.13498]],[[38.0837,12.19074],[38.07543,12.18188]],[[38.07543,12.18188],[38.07536,12.18176]],[[38.08382,12.1908],[38.0837,12.19074]],[[38.13116,12.22014],[38.12044,12.21786]],[[38.13133,12.22017],[38.13116,12.22014]],[[38.14113,12.22147],[38.13133,12.22017]],[[38.14121,12.2215],[38.14113,12.22147]],[[38.16473,12.23188],[38.15668,12.22972]],[[38.16485,12.23183],[38.16473,12.23188]],[[38.29592,12.35512],[38.29627,12.35541]],[[38.29627,12.35541],[38.29919,12.35598]],[[38.29919,12.35598],[38.29941,12.35609]],[[38.34889,12.41802],[38.36577,12.42762],[38.38294,12.40387],[38.39103,12.40214],[38.39602,12.40836]],[[38.3487,12.41792],[38.34889,12.41802]],[[38.43489,12.4216],[38.43502,12.42156]],[[38.43213,12.43047],[38.43489,12.4216]],[[38.43214,12.43064],[38.43213,12.43047]],[[38.55451,12.40258],[38.5545,12.40266]],[[40.85549,13.21343],[40.86044,13.20649]],[[38.73141,12.43207],[38.72554,12.42697],[38.71624,12.42904]],[[38.73165,12.43205],[38.73141,12.43207]],[[38.7139,12.42626],[38.7128,12.42497]],[[38.7139,12.42626],[38.71411,12.42652]],[[38.71411,12.42652],[38.7139,12.42626]],[[38.71561,12.42839],[38.71411,12.42652]],[[38.71567,12.42845],[38.71561,12.42839]],[[38.71587,12.42868],[38.71567,12.42845]],[[38.71608,12.42896],[38.7161,12.42884]],[[38.71601,12.4289],[38.71587,12.42868]],[[38.71624,12.42904],[38.71608,12.42896]],[[38.71614,12.42891],[38.71624,12.42904]],[[38.71587,12.42868],[38.7161,12.42884]],[[38.77992,12.42139],[38.78155,12.42135]],[[38.78155,12.42135],[38.78164,12.42133]],[[38.78085,12.42428],[38.77986,12.42165]],[[38.78129,12.42448],[38.78085,12.42428]],[[38.79208,12.42885],[38.79024,12.42368],[38.78129,12.42448]],[[38.79234,12.42909],[38.79208,12.42885]],[[40.00618,13.25672],[40.00667,13.2572]],[[39.99815,13.25802],[40.00618,13.25672]],[[38.85361,12.46689],[38.84407,12.44751],[38.82148,12.42641],[38.81748,12.42538],[38.81521,12.431],[38.80345,12.43621],[38.79447,12.43512],[38.79583,12.42779],[38.79234,12.42909]],[[38.85359,12.46718],[38.85361,12.46689]],[[38.93465,12.49484],[38.93044,12.49079],[38.92308,12.49218],[38.9294,12.48636],[38.92195,12.48018]],[[38.91677,12.47844],[38.9166,12.47847]],[[38.92186,12.48017],[38.91677,12.47844]],[[38.92195,12.48018],[38.92186,12.48017]],[[38.9496,12.5081],[38.93448,12.49832],[38.93689,12.49578]],[[38.94968,12.50817],[38.9496,12.5081]],[[38.95441,12.51274],[38.94968,12.50817]],[[38.95444,12.51283],[38.95441,12.51274]],[[38.95543,12.51804],[38.95444,12.51283]],[[38.95542,12.51812],[38.95543,12.51804]],[[38.96298,12.54886],[38.96457,12.5449]],[[38.96457,12.5449],[38.96464,12.54486]],[[39.67113,12.96211],[39.66847,12.95728]],[[39.64832,12.62442],[39.65115,12.62204]],[[39.65115,12.62204],[39.64696,12.61445]],[[39.64696,12.61445],[39.64962,12.59165],[39.64582,12.57442]],[[39.64721,12.65801],[39.64832,12.62442]],[[39.03315,12.62541],[39.01983,12.60916],[39.01633,12.59575],[39.00826,12.58952],[39.00863,12.58571]],[[39.00863,12.58571],[39.00866,12.58553]],[[39.00866,12.58553],[39.00221,12.58307]],[[39.00221,12.58307],[39.00211,12.58309]],[[39.00211,12.58309],[38.9967,12.57287],[38.9865,12.5715]],[[38.9865,12.5715],[38.98643,12.57143]],[[38.98643,12.57143],[38.98562,12.57077]],[[38.98562,12.57077],[38.98556,12.57071]],[[37.4195,12.74028],[37.41221,12.74529],[37.40761,12.76859],[37.39645,12.77506]],[[37.41951,12.74017],[37.4195,12.74028]],[[37.32644,12.94805],[37.32357,12.94942]],[[34.85863,8.69864],[34.86937,8.69118]],[[38.7161,12.42884],[38.71608,12.42896]],[[38.92186,12.48017],[38.92195,12.48018]],[[39.16414,8.02122],[39.16418,8.02125]],[[39.0262,8.42423],[39.02414,8.42567]],[[39.02292,8.42672],[39.02354,8.42614]],[[38.93691,12.49572],[38.93509,12.49515]],[[38.93689,12.49578],[38.93691,12.49572]],[[36.67741,7.57647],[36.68416,7.57435],[36.68763,7.58144],[36.70575,7.58398],[36.71619,7.59041],[36.72258,7.603],[36.74073,7.60799],[36.74245,7.60484],[36.74279,7.60853]],[[36.6771,7.57602],[36.67741,7.57647]],[[36.6636,7.56705],[36.67663,7.57252],[36.6771,7.57602]],[[36.66337,7.56695],[36.6636,7.56705]],[[36.37541,7.41688],[36.37964,7.44089],[36.40282,7.44608],[36.41998,7.46015],[36.42924,7.47377],[36.45763,7.48604],[36.46418,7.47917],[36.46985,7.48448],[36.47851,7.48429],[36.4834,7.49137],[36.48993,7.49154],[36.49059,7.496],[36.50577,7.50312]],[[37.92962,6.89095],[37.9248,6.89797],[37.905,6.90516],[37.88127,6.89441],[37.86724,6.89511],[37.85863,6.88844],[37.82688,6.88613],[37.82053,6.8767],[37.81047,6.87074],[37.78155,6.86236]],[[37.94084,6.87371],[37.94087,6.87371]],[[37.78155,6.86236],[37.77463,6.8656]],[[37.77467,6.86554],[37.78155,6.86236]],[[37.01188,10.29108],[37.01197,10.29109]],[[37.02428,10.50684],[37.02359,10.5083]],[[37.02426,10.50623],[37.02428,10.50684]],[[37.02297,10.50895],[37.02051,10.51381],[37.03071,10.57744],[37.02637,10.59574],[37.0389,10.60925],[37.04735,10.62904],[37.06052,10.68834],[37.05798,10.69726],[37.06222,10.72303]],[[40.02344,11.61336],[40.01744,11.60451]],[[40.02343,11.61347],[40.02344,11.61336]],[[39.02365,8.42587],[39.02365,8.42587]],[[39.02381,8.42608],[39.02354,8.42614]],[[39.02354,8.42614],[39.02364,8.42592]],[[39.02382,8.42577],[39.02414,8.42567]],[[39.02414,8.42567],[39.02396,8.42596]],[[35.55005,6.95413],[35.56881,6.96241],[35.56852,6.98094]],[[35.54794,6.95116],[35.54841,6.95243]],[[39.02268,8.42679],[39.02268,8.42679]],[[38.99322,8.44712],[38.98522,8.45205]],[[38.99485,8.44636],[38.9947,8.44643]],[[38.9947,8.44643],[38.99333,8.44707]],[[38.99333,8.44707],[38.99322,8.44712]],[[38.98522,8.45205],[38.98505,8.45212]],[[39.0033,8.44187],[38.99485,8.44636]],[[39.00339,8.44181],[39.0033,8.44187]],[[38.98505,8.45212],[38.97174,8.45186],[38.9649,8.4622]],[[38.9649,8.4622],[38.96462,8.46239]],[[35.4281,6.88367],[35.44288,6.89356],[35.4576,6.9135],[35.45529,6.9248],[35.46115,6.93654],[35.47478,6.94313],[35.48021,6.94186],[35.48556,6.93369],[35.49704,6.9332],[35.50483,6.94362],[35.52466,6.94617],[35.52893,6.95143],[35.54349,6.95116]],[[35.42794,6.88388],[35.42794,6.88388]],[[41.66134,6.57093],[41.66126,6.57051]],[[41.66126,6.57051],[41.6373,6.56285],[41.59159,6.56834],[41.56406,6.58279],[41.55499,6.59638],[41.5349,6.60832],[41.53193,6.60673]],[[35.54841,6.95243],[35.54975,6.95393]],[[38.76345,9.0294],[38.76328,9.02854]],[[38.76328,9.02854],[38.76317,9.02799]],[[38.77219,9.01623],[38.77214,9.0163]],[[38.77205,9.01626],[38.77209,9.01618]],[[38.77039,9.01764],[38.7714,9.01691]],[[35.58952,6.99673],[35.58813,6.99614]],[[35.58813,6.99614],[35.57618,6.98694]],[[35.57765,6.98983],[35.58813,6.99614]],[[35.57637,6.98703],[35.57765,6.98983]],[[36.35232,8.45613],[36.35096,8.46522]],[[36.35096,8.46522],[36.35217,8.45611]],[[38.82654,9.0257],[38.82666,9.02572]],[[38.82655,9.02582],[38.82134,9.02437]],[[38.82667,9.02585],[38.82655,9.02582]],[[38.82666,9.02572],[38.82667,9.02585]],[[42.57152,10.74451],[42.57152,10.74441]],[[42.57159,10.74641],[42.57152,10.74451]],[[38.83983,9.02385],[38.8395,9.023]],[[38.83958,9.02297],[38.83989,9.02383]],[[38.8395,9.023],[38.83873,9.02011]],[[38.8388,9.02009],[38.83958,9.02297]],[[38.83989,9.02383],[38.83988,9.0239]],[[38.83988,9.0239],[38.83983,9.02385]],[[35.54975,6.95393],[35.55005,6.95413]],[[35.54349,6.95116],[35.54794,6.95116]],[[35.56835,6.98089],[35.57049,6.96656],[35.56643,6.95932],[35.56101,6.95957]],[[35.54838,6.9525],[35.54349,6.95116]],[[35.56091,6.95957],[35.54838,6.9525]],[[35.56101,6.95957],[35.56091,6.95957]],[[35.57618,6.98694],[35.56835,6.98089]],[[36.6298,9.56127],[36.63109,9.56427]],[[36.6004,9.5209],[36.60438,9.52233],[36.61609,9.54497],[36.62408,9.54806],[36.62973,9.56112]],[[36.60022,9.52089],[36.6004,9.5209]],[[37.02348,10.50841],[37.02297,10.50895]],[[37.02359,10.5083],[37.02348,10.50841]],[[37.02334,10.46656],[37.02426,10.50623]],[[36.51761,10.94962],[36.50922,10.95323]],[[36.34399,11.15902],[36.34971,11.14947]],[[36.34971,11.14947],[36.34417,11.15915]],[[36.34394,11.15941],[36.33867,11.16584]],[[36.33844,11.16613],[36.33537,11.1697]],[[36.33867,11.16584],[36.33844,11.16613]],[[36.33537,11.1697],[36.33829,11.16616]],[[38.64822,9.06601],[38.66381,9.0661],[38.6699,9.07794],[38.6807,9.0704],[38.68388,9.07484],[38.68892,9.07122]],[[38.68897,9.07128],[38.68389,9.07496],[38.68083,9.07047],[38.66988,9.07805],[38.66361,9.06611],[38.64819,9.06611]],[[35.07468,9.51733],[35.0882,9.51818],[35.09675,9.52601],[35.11625,9.52358]],[[35.11625,9.52358],[35.11651,9.52347]],[[34.92652,9.55297],[34.92463,9.54683]],[[34.5609,9.52956],[34.55712,9.52104],[34.55768,9.50442]],[[34.55768,9.50442],[34.55761,9.50419]],[[37.89638,11.07172],[37.90464,11.05358],[37.90264,11.04516],[37.9071,11.04275]],[[37.86827,11.07909],[37.88437,11.07819]],[[37.88445,11.07838],[37.86827,11.07909]],[[37.8846,11.0781],[37.89638,11.07172]],[[37.89638,11.07172],[37.88468,11.0783]],[[37.88467,11.07832],[37.88467,11.07832]],[[38.20361,10.43816],[38.18608,10.42869]],[[38.20361,10.43816],[38.20672,10.44185],[38.20127,10.44828],[38.20037,10.45799],[38.19281,10.4654]],[[38.19281,10.4654],[38.20029,10.45796],[38.20119,10.44824],[38.20667,10.44156],[38.20361,10.43816]],[[38.75871,9.00419],[38.75895,8.99139]],[[38.75871,9.0069],[38.75877,9.0057]],[[36.90471,10.10192],[36.90818,10.1032]],[[36.89792,10.08672],[36.90271,10.09937]],[[36.90818,10.1032],[36.91567,10.1074],[36.92966,10.12792]],[[36.90271,10.09937],[36.90471,10.10192]],[[36.89741,10.08658],[36.89792,10.08672]],[[38.78442,9.01523],[38.78401,9.01514]],[[38.78492,9.01534],[38.78442,9.01523]],[[38.76189,9.04953],[38.76164,9.04785]],[[38.76238,9.05344],[38.76205,9.05087]],[[38.77784,9.0127],[38.77739,9.01246]],[[38.78141,9.01443],[38.7796,9.01362]],[[38.76925,9.01044],[38.76727,9.01065]],[[38.8231,9.01904],[38.8208,9.01904]],[[38.7337,9.00634],[38.7336,9.00382]],[[38.73411,9.01125],[38.73395,9.01015]],[[38.74036,8.9997],[38.74389,8.99692]],[[38.76616,9.00731],[38.76602,9.00746]],[[38.81842,9.02382],[38.81955,9.0239]],[[38.83739,9.03005],[38.83198,9.02815]],[[38.85277,9.03561],[38.8467,9.0342]],[[38.75849,9.04367],[38.75571,9.04555]],[[38.77483,9.03529],[38.77487,9.03525]],[[38.75531,8.94438],[38.75507,8.94423]],[[38.75507,8.94423],[38.75373,8.94305]],[[38.76343,9.01005],[38.76361,9.00986]],[[38.8736,9.05682],[38.86907,9.04731]],[[38.87423,9.05764],[38.8736,9.05682]],[[38.76971,9.01038],[38.76925,9.01044]],[[38.80224,9.02091],[38.80388,9.02034]],[[38.79371,9.01714],[38.79474,9.01747]],[[38.75261,9.04494],[38.754,9.04491]],[[38.74328,9.05261],[38.74467,9.05056]],[[38.73087,9.06299],[38.73111,9.06287]],[[38.7204,9.05282],[38.71964,9.0532]],[[38.76747,9.03336],[38.76701,9.03326]],[[38.76442,9.03237],[38.7646,9.03229]],[[38.75536,9.01739],[38.75548,9.0174]],[[38.84929,9.02093],[38.85173,9.02059]],[[38.78849,9.02899],[38.78916,9.0286]],[[38.7817,8.99176],[38.78413,8.99081]],[[38.78351,8.99122],[38.7816,8.99196]],[[38.78772,8.98957],[38.78351,8.99122]],[[38.75918,9.01127],[38.75906,9.01038]],[[38.73483,8.98089],[38.73433,8.9826]],[[36.523,10.94891],[36.52301,10.94883]],[[35.18352,6.50928],[35.18352,6.50928]],[[35.18316,6.50958],[35.17298,6.53719]],[[35.17298,6.53719],[35.17329,6.53736]],[[35.18899,6.70361],[35.18928,6.7041]],[[35.18928,6.7041],[35.18248,6.72873],[35.18424,6.73717],[35.19345,6.74629],[35.19962,6.7662],[35.1963,6.76923]],[[35.59291,6.99357],[35.58965,6.99672]],[[35.59289,6.99342],[35.59288,6.99346]],[[35.59288,6.99346],[35.59289,6.99342]],[[41.26276,9.1321],[41.22664,9.12796],[41.20851,9.11792],[41.20084,9.10887],[41.19241,9.10815],[41.19252,9.09642],[41.18489,9.09191],[41.17632,9.09251],[41.17355,9.08015]],[[41.11226,9.17028],[41.09546,9.17355]],[[41.11234,9.17031],[41.11226,9.17028]],[[41.42295,9.30247],[41.43422,9.31509],[41.44265,9.31261]],[[41.64511,9.60991],[41.63318,9.60997],[41.6253,9.61463]],[[41.6253,9.61463],[41.62513,9.61474]],[[41.51525,9.33327],[41.50872,9.34564],[41.51073,9.35506],[41.50355,9.36666]],[[41.51543,9.33317],[41.51525,9.33327]],[[41.5218,9.29721],[41.5179,9.30025],[41.51278,9.32021],[41.51543,9.33317]],[[41.52188,9.29702],[41.5218,9.29721]],[[41.54182,9.0807],[41.5421,9.08038]],[[41.53367,9.08809],[41.53352,9.08772]],[[41.53352,9.08772],[41.5335,9.08759]],[[41.53323,9.21339],[41.53803,9.19072],[41.52579,9.16877],[41.5294,9.16487],[41.52832,9.15907]],[[41.52832,9.15907],[41.52836,9.15891]],[[41.52608,9.24179],[41.53323,9.21339]],[[41.50355,9.36666],[41.49993,9.37837]],[[41.52188,9.29702],[41.53226,9.26483]],[[41.53226,9.26483],[41.53253,9.2646]],[[41.53253,9.2646],[41.53043,9.25652]],[[41.53043,9.25652],[41.53,9.25658]],[[41.53,9.25658],[41.52626,9.2421]],[[41.52626,9.2421],[41.52608,9.24179]],[[41.17746,9.54946],[41.19385,9.54672],[41.19591,9.54033],[41.19208,9.53487],[41.19718,9.52961],[41.20413,9.53554]],[[41.1772,9.54964],[41.17746,9.54946]],[[37.8532,7.55591],[37.8532,7.55591]],[[37.85333,7.5558],[37.85237,7.55114]],[[37.85243,7.55107],[37.85342,7.55588]],[[38.83883,9.02165],[38.83036,9.02178]],[[38.7858,7.07781],[38.7852,7.07818]],[[38.7852,7.07818],[38.78574,7.07773]],[[38.78585,7.07765],[38.78632,7.07724]],[[38.78632,7.07724],[38.7859,7.0777]],[[38.72317,8.98874],[38.72288,8.98895]],[[38.72317,8.98874],[38.72307,8.98867]],[[38.72347,8.98893],[38.72317,8.98874]],[[38.74676,8.98656],[38.74583,8.98718]],[[38.71802,8.99215],[38.71729,8.99273]],[[38.74704,8.98602],[38.74789,8.98557]],[[38.76815,9.00442],[38.76813,9.00442]],[[38.76819,9.00441],[38.76815,9.00442]],[[38.76373,8.92139],[38.76304,8.91352]],[[38.76332,8.91316],[38.76416,8.92187]],[[38.76674,8.93224],[38.76734,8.92777]],[[38.77019,8.89771],[38.76332,8.91316]],[[38.76322,9.0344],[38.7631,9.0353]],[[38.77218,8.89576],[38.77194,8.89602]],[[38.74689,9.00273],[38.74714,9.00008]],[[38.73444,8.96557],[38.73421,8.96541]],[[38.74723,9.0001],[38.74697,9.00274]],[[38.73403,8.96519],[38.73448,8.96549]],[[40.26646,9.3216],[40.26649,9.32168]],[[38.86537,9.04113],[38.86455,9.04081]],[[38.86448,9.0407],[38.8649,9.04073]],[[38.7666,9.03288],[38.76746,9.03326]],[[38.79972,9.02243],[38.79975,9.02242]],[[38.76147,9.04653],[38.76144,9.04621]],[[38.76156,9.0462],[38.76159,9.04652]],[[38.80002,9.02241],[38.79984,9.0225]],[[38.76133,9.06198],[38.76129,9.06228]],[[38.73418,9.03417],[38.73481,9.03426]],[[38.73418,9.03427],[38.73378,9.03423]],[[38.76304,8.91352],[38.76321,8.91283]],[[38.76402,8.92215],[38.76373,8.92139]],[[38.7718,8.89586],[38.77203,8.89564]],[[38.76734,8.92777],[38.76402,8.92215]],[[38.77203,8.89564],[38.77226,8.89541]],[[38.77298,8.89492],[38.77218,8.89576]],[[42.05773,4.17738],[42.05773,4.17738]],[[42.05793,4.17732],[42.058,4.17747]],[[42.05767,4.17758],[42.05773,4.17735]],[[38.75895,8.99139],[38.75911,8.99021]],[[38.74825,8.99444],[38.75035,8.99491]],[[38.74619,9.00988],[38.7462,9.00978]],[[38.76013,8.97579],[38.75975,8.97735]],[[38.74634,9.00903],[38.74628,9.00985]],[[38.69726,8.95394],[38.69771,8.95373]],[[38.69798,8.9537],[38.69761,8.95447]],[[38.76381,8.95754],[38.76356,8.9547]],[[38.76361,8.9536],[38.764,8.9575]],[[38.75872,9.00432],[38.75871,9.00419]],[[38.75877,9.0057],[38.75872,9.00432]],[[38.74133,9.03387],[38.74171,9.03392]],[[38.73444,9.03431],[38.73418,9.03427]],[[38.74306,9.03428],[38.74239,9.03418]],[[38.74324,9.0343],[38.74306,9.03428]],[[38.74317,9.03412],[38.74331,9.03414]],[[38.74331,9.03414],[38.74352,9.03417]],[[38.74666,9.01874],[38.74758,9.0208]],[[38.74665,9.01866],[38.74666,9.01874]],[[38.74945,9.01898],[38.74877,9.01891]],[[38.7523,9.01926],[38.74945,9.01898]],[[38.74893,9.0169],[38.74884,9.0169]],[[38.75217,9.01724],[38.74893,9.0169]],[[38.80366,8.85499],[38.80366,8.85506]],[[38.80327,8.85461],[38.80363,8.85489]],[[38.80296,8.85469],[38.80309,8.85463]],[[38.79286,8.99061],[38.793,8.99041]],[[38.79284,8.99065],[38.79286,8.99061]],[[38.78727,9.01513],[38.78728,9.01503]],[[38.78728,9.01558],[38.78727,9.01513]],[[38.78741,9.01524],[38.78746,9.01557]],[[38.7874,9.015],[38.78741,9.01524]],[[38.79295,8.99066],[38.79281,8.99086]],[[38.79319,8.99031],[38.79295,8.99066]],[[38.7869,8.99809],[38.78749,9.01364]],[[38.78813,9.01614],[38.78756,9.01604]],[[38.78822,9.01616],[38.78813,9.01614]],[[38.87535,9.02171],[38.87502,9.02147]],[[38.8749,9.02127],[38.87525,9.02125]],[[38.80337,9.01959],[38.80347,9.01961]],[[38.85198,9.00396],[38.85199,9.00402]],[[38.85177,9.00408],[38.8518,9.00229]],[[38.85177,9.00429],[38.85177,9.00408]],[[38.80339,9.00853],[38.80185,9.00932]],[[38.80476,9.00777],[38.80339,9.00853]],[[38.82834,8.9923],[38.82716,8.99356]],[[38.82858,8.99205],[38.82834,8.9923]],[[38.82878,8.99172],[38.82923,8.99133]],[[38.82868,8.99181],[38.82878,8.99172]],[[38.80018,9.00221],[38.80045,9.00207]],[[38.85196,9.01094],[38.85194,9.01015]],[[38.852,9.01236],[38.85196,9.01094]],[[38.85137,9.00998],[38.8518,9.00993]],[[38.8513,9.00998],[38.85137,9.00998]],[[38.78211,8.88687],[38.7764,8.89155]],[[38.77635,8.89148],[38.77505,8.89113]],[[38.77283,8.89483],[38.77298,8.89468]],[[38.7862,8.87754],[38.78587,8.87797]],[[38.78658,8.87703],[38.7862,8.87754]],[[38.78491,8.87945],[38.78591,8.88412],[38.78211,8.88687]],[[38.773,8.98428],[38.77321,8.98333]],[[38.77752,8.99265],[38.77858,8.99246]],[[38.76814,9.00398],[38.76817,9.00398]],[[38.76793,9.00429],[38.76792,9.00426]],[[38.76258,9.01105],[38.7627,9.01084]],[[38.75283,9.01375],[38.75296,9.0121]],[[38.74656,9.01866],[38.7461,9.01666]],[[38.74352,9.02821],[38.74384,9.02799]],[[38.74396,9.02796],[38.74372,9.02831]],[[38.75941,9.01155],[38.75934,9.01189]],[[38.76206,9.01111],[38.75989,9.01146]],[[38.77855,8.99259],[38.7775,8.99279]],[[38.77843,8.99447],[38.77846,8.99436]],[[38.77886,8.99681],[38.77843,8.99447]],[[38.77856,8.99423],[38.77897,8.99675]],[[38.77329,8.98337],[38.77348,8.98493]],[[38.75114,9.03217],[38.75128,9.03052]],[[38.82597,9.01974],[38.82605,9.01977]],[[38.85289,8.99101],[38.85183,8.99446]],[[38.85164,8.9998],[38.85154,8.99439]],[[38.8259,9.01972],[38.82593,9.01973]],[[38.74415,8.9358],[38.74456,8.93548]],[[38.74496,8.9359],[38.7445,8.93614]],[[38.73312,8.93753],[38.73375,8.93731]],[[38.76356,8.9547],[38.76344,8.95357]],[[38.74483,8.93541],[38.74474,8.93535]],[[38.74478,8.93532],[38.74487,8.93537]],[[38.74531,8.93604],[38.74513,8.93576]],[[38.76293,8.95305],[38.76315,8.95312]],[[38.74208,9.00497],[38.74101,9.00267]],[[38.80366,8.85506],[38.80346,8.85541]],[[38.80278,8.85507],[38.80296,8.85469]],[[38.71164,8.96019],[38.71178,8.95948]],[[38.71211,8.95852],[38.71178,8.96023]],[[38.72653,8.94872],[38.72657,8.94884]],[[38.72626,8.94893],[38.72624,8.94878]],[[38.72656,8.94891],[38.72626,8.94893]],[[38.72657,8.94884],[38.72656,8.94891]],[[38.71762,8.99232],[38.71773,8.99225]],[[38.74754,8.99443],[38.7478,8.99439]],[[38.7336,9.00382],[38.73356,9.00372]],[[38.73374,9.00389],[38.73381,9.00631]],[[38.73386,9.00368],[38.7336,9.00382]],[[38.7329,8.94829],[38.73364,8.94821]],[[38.72195,8.97858],[38.72186,8.97839]],[[38.73485,9.01758],[38.73473,9.01651]],[[38.74466,9.01643],[38.74615,9.01655]],[[38.74594,9.01562],[38.74615,9.01655]],[[38.67057,8.95015],[38.67367,8.94979]],[[38.73286,8.96529],[38.73281,8.96458]],[[38.74218,9.00486],[38.74402,9.00887]],[[38.73296,8.96501],[38.73254,8.96642]],[[38.74836,8.97643],[38.74671,8.9764]],[[38.74469,9.01145],[38.74469,9.01194]],[[38.74672,8.97631],[38.74859,8.97635]],[[38.74659,8.97638],[38.7419,8.9717]],[[38.74197,8.97163],[38.74662,8.97628]],[[38.75015,8.98473],[38.75008,8.98453]],[[38.75031,8.98433],[38.75042,8.9846]],[[38.73295,8.96449],[38.73305,8.96452]],[[38.74817,8.99453],[38.7479,8.99451]],[[38.75614,8.99561],[38.75408,8.99578]],[[38.73426,8.98292],[38.73437,8.98328]],[[38.73416,8.98306],[38.7341,8.9829]],[[38.75252,9.01727],[38.75217,9.01724]],[[38.73217,8.97394],[38.73203,8.97383]],[[38.73199,8.97367],[38.73225,8.97386]],[[38.72177,8.96896],[38.72168,8.96881]],[[38.72191,8.97827],[38.72215,8.9782]],[[38.72226,8.97853],[38.72199,8.97861]],[[38.72185,8.96876],[38.72191,8.96888]],[[38.67747,9.00162],[38.67744,9.00159]],[[38.67758,9.00174],[38.67747,9.00162]],[[38.67751,9.00157],[38.67763,9.0017]],[[38.67747,9.00153],[38.67751,9.00157]],[[38.69887,9.0147],[38.69543,9.01087]],[[38.74472,9.01071],[38.74469,9.01145]],[[38.69559,9.01074],[38.69902,9.01457]],[[38.72025,9.01207],[38.72119,9.01159]],[[38.69424,9.00384],[38.6943,9.00412]],[[38.69419,9.00438],[38.69409,9.00398]],[[38.72327,8.98867],[38.72317,8.98874]],[[38.70804,8.9877],[38.70802,8.988]],[[38.74536,9.01098],[38.74605,9.01144]],[[38.74308,9.02874],[38.74267,9.02835]],[[38.74262,9.02819],[38.74309,9.0285]],[[38.69338,9.06575],[38.69375,9.06581]],[[38.69371,9.06591],[38.69227,9.06529]],[[38.70092,9.01788],[38.69696,9.01884]],[[38.69577,9.01908],[38.69719,9.01857]],[[38.73289,9.02884],[38.73298,9.02828]],[[38.73312,9.02832],[38.73303,9.02876]],[[38.75338,9.01175],[38.75443,9.01185]],[[38.75445,9.01203],[38.75337,9.0119]],[[38.73501,9.063],[38.73476,9.063]],[[38.73525,9.06259],[38.73688,9.06276]],[[38.73938,9.03479],[38.73887,9.03414]],[[38.74856,9.04449],[38.74847,9.04441]],[[38.74847,9.04441],[38.74851,9.04435]],[[38.74859,9.04442],[38.74856,9.04449]],[[38.74851,9.04435],[38.74859,9.04442]],[[38.7394,9.03469],[38.7402,9.0357]],[[38.76185,9.04372],[38.76147,9.04392]],[[38.76144,9.04621],[38.76135,9.04538]],[[38.7714,9.01691],[38.77205,9.01626]],[[38.77214,9.0163],[38.77147,9.01699]],[[38.7615,9.06141],[38.76168,9.06095]],[[38.76178,9.06102],[38.7616,9.06143]],[[38.74177,9.03408],[38.74133,9.03402]],[[38.74118,9.03384],[38.74133,9.03387]],[[38.74613,9.01149],[38.74626,9.01158]],[[38.74843,9.01316],[38.74621,9.01165]],[[38.73206,9.0459],[38.73213,9.04595]],[[38.85154,8.99439],[38.85261,8.99096]],[[38.85486,8.98426],[38.85482,8.98444]],[[38.87701,9.02152],[38.87628,9.02159]],[[38.87379,9.0212],[38.8749,9.02127]],[[38.85482,8.98444],[38.85289,8.99101]],[[38.80388,9.02034],[38.80454,9.02061]],[[38.8783,9.05712],[38.87791,9.05706]],[[38.87801,9.05667],[38.8782,9.05663]],[[38.81207,9.0213],[38.81022,9.0215]],[[38.87647,9.00235],[38.87641,9.00217]],[[38.87655,9.0024],[38.87647,9.00235]],[[38.86569,9.01154],[38.86629,9.01169]],[[38.80144,9.01923],[38.80147,9.01921]],[[38.86628,9.01177],[38.86569,9.01167]],[[38.85445,8.98461],[38.85457,8.98419]],[[38.74381,9.02883],[38.74357,9.02878]],[[38.72223,9.01178],[38.72168,9.01193]],[[38.75443,9.01185],[38.75594,9.01197]],[[38.75594,9.01213],[38.75445,9.01203]],[[38.80097,9.01952],[38.80048,9.0194]],[[38.80061,9.02006],[38.80128,9.01979]],[[38.80134,9.01988],[38.80093,9.02004]],[[38.72132,9.01199],[38.7209,9.01274]],[[38.72063,9.01288],[38.72066,9.0126]],[[38.86437,9.04072],[38.86423,9.04045]],[[38.86431,9.04041],[38.86448,9.0407]],[[38.76287,9.03614],[38.76301,9.03514]],[[38.75429,9.04502],[38.75439,9.04506]],[[38.75239,9.03775],[38.75258,9.03816]],[[38.75266,9.03863],[38.75234,9.03792]],[[38.80896,9.02054],[38.80788,9.02058]],[[38.81337,9.01994],[38.80896,9.02054]],[[38.81337,9.01971],[38.82083,9.01882]],[[38.7768,9.01194],[38.77684,9.01196]],[[38.82112,9.02431],[38.81992,9.02404]],[[38.81955,9.0239],[38.81987,9.02393]],[[38.78969,9.02843],[38.7884,9.02919]],[[38.77473,9.0112],[38.77465,9.01154]],[[38.77503,9.01136],[38.77477,9.01119]],[[38.7422,9.03399],[38.74317,9.03412]],[[38.74201,9.03412],[38.74177,9.03408]],[[38.75211,8.98418],[38.75169,8.98436]],[[38.75159,8.98411],[38.75187,8.98399]],[[38.75979,8.98567],[38.75994,8.98761]],[[38.76388,8.95828],[38.76383,8.95771]],[[38.76402,8.95768],[38.76403,8.95778]],[[38.73395,9.01015],[38.73382,9.00931]],[[38.7461,9.01666],[38.74466,9.01655]],[[38.7461,9.01666],[38.74584,9.01559]],[[38.75221,9.02144],[38.75212,9.02143]],[[38.76499,9.03228],[38.7648,9.03233]],[[38.77287,9.03851],[38.77358,9.03822]],[[38.77371,9.03833],[38.77305,9.03858]],[[38.74948,9.03577],[38.74941,9.0359]],[[38.74928,9.03587],[38.74935,9.03575]],[[38.74865,8.98691],[38.74863,8.98752]],[[38.74848,8.98772],[38.74851,8.98683]],[[38.75431,9.01731],[38.75658,9.01478]],[[38.75431,9.01731],[38.75536,9.01739]],[[38.7414,9.03209],[38.74138,9.03181]],[[38.74146,9.03178],[38.74149,9.03209]],[[38.74267,9.02835],[38.74083,9.02678]],[[38.74097,9.02678],[38.74262,9.02819]],[[38.74097,9.02678],[38.74092,9.02685]],[[38.73165,8.97354],[38.73115,8.97293]],[[38.73124,8.97288],[38.73194,8.97363]],[[38.72533,9.03398],[38.7249,9.03393]],[[38.74138,9.03181],[38.74134,9.03125]],[[38.74138,9.0308],[38.7414,9.03104]],[[38.73738,9.0111],[38.7386,9.01094]],[[38.73473,9.01651],[38.73473,9.01642]],[[38.73818,9.01654],[38.73811,9.01654]],[[38.74621,9.01165],[38.74603,9.01154]],[[38.7662,8.94484],[38.76625,8.94473]],[[38.74626,9.01158],[38.74771,9.01258]],[[38.7664,8.94486],[38.7663,8.94507]],[[38.73746,9.05949],[38.7377,9.05925]],[[38.73887,9.03414],[38.7381,9.03435]],[[38.7378,9.03427],[38.73901,9.03394]],[[38.80186,9.01923],[38.80197,9.01932]],[[38.67803,9.02089],[38.68845,9.02316]],[[38.68823,9.02333],[38.67801,9.02126]],[[38.74918,8.97655],[38.7491,8.97709]],[[38.74902,8.9771],[38.74887,8.97661]],[[38.71268,9.03351],[38.70865,9.03329]],[[38.73258,9.03152],[38.73254,9.03181]],[[38.73279,9.02942],[38.7328,9.02932]],[[38.69375,9.06581],[38.70295,9.05942]],[[38.70297,9.0595],[38.69371,9.06591]],[[38.71307,9.03354],[38.7127,9.03352]],[[38.78865,8.86974],[38.78874,8.86796]],[[38.78652,8.87698],[38.78666,8.87687]],[[38.78666,8.87687],[38.78658,8.87703]],[[38.77298,8.89468],[38.77321,8.89463]],[[38.73382,8.9482],[38.73667,8.94867]],[[38.73798,8.95122],[38.7366,8.9487]],[[38.80283,9.02066],[38.80161,9.0216]],[[38.86262,9.04165],[38.85053,9.03904]],[[38.78916,9.0286],[38.78962,9.02834]],[[36.45788,4.98347],[36.4658,4.97097],[36.48012,4.96397]],[[38.81326,9.00374],[38.81215,9.00398]],[[38.80906,8.99479],[38.81344,8.99474]],[[38.85177,9.00487],[38.85177,9.00429]],[[38.85199,9.00402],[38.85205,9.00503]],[[38.73293,9.02931],[38.7329,9.02947]],[[38.76094,9.03399],[38.76201,9.03349]],[[38.74783,9.02143],[38.74775,9.02168]],[[38.74766,9.02148],[38.74758,9.02108]],[[38.80104,9.0209],[38.80134,9.01988]],[[38.80335,9.01986],[38.80282,9.01985]],[[38.80169,9.02001],[38.80134,9.02049]],[[38.76201,9.03349],[38.76271,9.03318]],[[38.7447,9.05071],[38.74296,9.05327]],[[38.74285,9.05325],[38.74328,9.05261]],[[38.77576,8.8889],[38.77674,8.88393]],[[38.76483,8.94779],[38.76612,8.945]],[[38.77674,8.88393],[38.7769,8.88357]],[[38.7834,8.87642],[38.78418,8.87638]],[[38.78448,8.87637],[38.78516,8.87637]],[[38.78516,8.87637],[38.78652,8.87636]],[[38.78418,8.87638],[38.78448,8.87637]],[[38.78587,8.87797],[38.78534,8.87874]],[[38.78874,8.86796],[38.78881,8.86778]],[[38.78881,8.86778],[38.78948,8.86691]],[[38.74671,8.9764],[38.74659,8.97638]],[[38.74894,8.95786],[38.74877,8.95784]],[[38.74662,8.97628],[38.74672,8.97631]],[[38.71869,9.01232],[38.72025,9.01207]],[[38.71392,9.00712],[38.71859,9.00575]],[[38.7108,9.00732],[38.70702,9.00522]],[[38.71913,9.00744],[38.71859,9.00578]],[[38.70688,9.00513],[38.71081,9.00724]],[[38.74866,8.96646],[38.74854,8.9635]],[[38.74861,8.96349],[38.74874,8.96646]],[[38.74897,8.97587],[38.74908,8.97619]],[[38.74882,8.97624],[38.74888,8.97588]],[[38.73271,9.01941],[38.73315,9.01999]],[[38.73302,9.02009],[38.73275,9.01962]],[[38.72029,9.00923],[38.72066,9.00997]],[[38.73011,9.0165],[38.7301,9.01654]],[[38.73002,9.01637],[38.73006,9.01639]],[[38.75434,9.03273],[38.7546,9.03296]],[[38.79592,9.0247],[38.79492,9.02529]],[[36.48719,4.96784],[36.48083,4.96403]],[[38.81022,9.0215],[38.81016,9.02151]],[[38.7223,8.97841],[38.72226,8.97853]],[[38.72215,8.9782],[38.72221,8.97823]],[[38.77226,8.89541],[38.77283,8.89483]],[[38.74009,9.00037],[38.74014,9.00048]],[[38.74848,8.98677],[38.74834,8.98649]],[[38.75693,9.07815],[38.76042,9.08276]],[[38.7648,9.03233],[38.76436,9.03251]],[[38.85453,9.03609],[38.85277,9.03561]],[[38.84677,9.03412],[38.85466,9.03601]],[[38.7646,9.03229],[38.76521,9.03215]],[[38.75251,9.03611],[38.75241,9.03639]],[[38.76344,8.95357],[38.7634,8.95333]],[[38.76357,8.9532],[38.76361,8.9536]],[[38.80047,9.02214],[38.80002,9.02241]],[[38.72168,9.01193],[38.72163,9.01194]],[[38.77194,9.03883],[38.77287,9.03851]],[[38.72166,9.01155],[38.72202,9.01158]],[[38.7127,9.03352],[38.71268,9.03351]],[[38.73778,9.01122],[38.73749,9.01126]],[[38.75034,9.01162],[38.74993,9.01158]],[[38.75058,9.01468],[38.7485,9.01322]],[[38.74849,9.0131],[38.74856,9.01316]],[[38.7386,9.01094],[38.73977,9.01079]],[[38.70669,9.00508],[38.70688,9.00513]],[[38.69421,9.00448],[38.69419,9.00438]],[[38.69438,9.00442],[38.69441,9.00459]],[[38.70702,9.00522],[38.70672,9.00516]],[[38.74456,8.93548],[38.74474,8.93535]],[[38.74168,8.92813],[38.74155,8.92769]],[[38.74519,8.93575],[38.74536,8.936]],[[38.73481,9.01579],[38.73488,9.01642]],[[38.73811,9.01654],[38.73773,9.01653]],[[38.74187,8.927],[38.74194,8.92698]],[[38.7377,9.05925],[38.73782,9.05914]],[[38.73789,9.0592],[38.73778,9.05931]],[[38.6999,9.01546],[38.70007,9.01563]],[[38.7663,8.94507],[38.76595,8.94584]],[[38.69843,8.95583],[38.69723,8.95508]],[[38.69758,8.95468],[38.69853,8.95563]],[[38.81488,9.00364],[38.81642,9.00391]],[[38.8138,9.00368],[38.81326,9.00374]],[[38.73784,9.01642],[38.73809,9.01641]],[[38.64769,9.06514],[38.64524,9.06307],[38.63458,9.07652],[38.62837,9.07167],[38.61638,9.07365],[38.60714,9.06071]],[[38.6074,9.06083],[38.61635,9.0735],[38.62821,9.07152],[38.6346,9.07643],[38.6451,9.06308],[38.6478,9.06519]],[[38.68532,9.03538],[38.68181,9.03533],[38.68074,9.0293],[38.67291,9.02814]],[[38.7441,8.93584],[38.74415,8.9358]],[[38.79617,8.85976],[38.80234,8.85548]],[[38.757,9.012],[38.75594,9.01213]],[[38.75008,8.98434],[38.7496,8.98177]],[[38.7498,8.98186],[38.75022,8.9843]],[[38.75055,8.98522],[38.75125,8.98709]],[[38.75108,8.98721],[38.75041,8.98526]],[[38.75041,8.98526],[38.75008,8.98434]],[[38.75022,8.9843],[38.75055,8.98522]],[[38.74574,8.98707],[38.74784,8.98568]],[[38.7524,8.98398],[38.75061,8.98476]],[[38.75058,8.98462],[38.75253,8.98379]],[[38.74784,8.98568],[38.75058,8.98462]],[[38.75061,8.98476],[38.7479,8.98582]],[[38.7479,8.98582],[38.74583,8.98718]],[[38.75037,8.98494],[38.74938,8.9794]],[[38.74938,8.9794],[38.74927,8.97907]],[[34.25378,8.268],[34.25418,8.26784]],[[33.95632,8.3324],[34.0062,8.32176],[34.11477,8.30883],[34.21735,8.28344],[34.25378,8.268]],[[40.7601,9.23697],[40.7666,9.23937],[40.77225,9.24829]],[[40.77225,9.24829],[40.77223,9.24837]],[[40.77223,9.24837],[40.77768,9.25061]],[[40.77768,9.25061],[40.77772,9.25054]],[[40.82459,9.28413],[40.83321,9.29087]],[[40.8154,9.27503],[40.81542,9.27511]],[[41.06032,9.50955],[41.09392,9.523]],[[41.09392,9.523],[41.094,9.52299]],[[40.81542,9.27511],[40.81631,9.27743]],[[40.81631,9.27743],[40.81638,9.27749]],[[40.81638,9.27749],[40.82448,9.28388]],[[40.82448,9.28388],[40.82459,9.28413]],[[38.80363,8.85489],[38.80366,8.85499]],[[38.80309,8.85463],[38.80327,8.85461]],[[38.9045,8.7923],[38.90452,8.79229]],[[38.89913,8.79547],[38.9045,8.7923]],[[38.79525,9.01543],[38.79545,9.01446]],[[38.99186,8.74229],[39.02333,8.70398]],[[38.75569,9.03948],[38.75627,9.03981]],[[38.75627,9.03981],[38.75654,9.0397]],[[38.75502,9.0175],[38.75447,9.01744]],[[38.76848,9.00345],[38.7693,9.00194]],[[38.78602,9.03062],[38.78594,9.03067]],[[38.7884,9.02919],[38.78602,9.03062]],[[38.81785,9.02369],[38.81506,9.02199]],[[38.81695,9.01974],[38.81337,9.01994]],[[38.85486,8.98426],[38.85457,8.98419]],[[38.85521,8.98406],[38.85486,8.98426]],[[38.85511,8.98338],[38.85521,8.98406]],[[38.85485,8.98329],[38.85511,8.98338]],[[38.85444,8.98346],[38.85485,8.98329]],[[38.73897,9.08709],[38.73523,9.08716]],[[38.80073,8.86219],[38.80133,8.8606]],[[38.79,8.87624],[38.79886,8.86635]],[[38.78652,8.87636],[38.78756,8.87633]],[[38.78352,8.87661],[38.77589,8.88926]],[[37.75469,6.8318],[37.75478,6.83176]],[[39.45178,11.73885],[39.45068,11.73404],[39.47227,11.71846],[39.48453,11.7192],[39.48812,11.71177],[39.50142,11.71471],[39.51817,11.72907],[39.51977,11.72522],[39.52084,11.73065],[39.52436,11.72843],[39.52263,11.72056],[39.52821,11.7293],[39.53419,11.72684],[39.52737,11.73278],[39.53092,11.73309],[39.5288,11.73557],[39.53631,11.73634],[39.53728,11.74084],[39.55262,11.74249],[39.54894,11.74943],[39.56426,11.75461],[39.56605,11.75756],[39.56126,11.75747],[39.5703,11.76106],[39.56977,11.76535],[39.58242,11.7708]],[[39.4517,11.73898],[39.45178,11.73885]],[[39.4537,11.74425],[39.4517,11.73898]],[[39.45372,11.74431],[39.4537,11.74425]],[[39.32823,11.75874],[39.32855,11.75379],[39.31764,11.7392]],[[39.31764,11.7392],[39.31759,11.73909]],[[39.32796,11.75878],[39.32314,11.7556],[39.33316,11.77257],[39.34944,11.77583],[39.36303,11.78948],[39.36237,11.79378],[39.37183,11.79953],[39.37459,11.8074]],[[39.37459,11.8074],[39.37459,11.80749]],[[39.31759,11.73909],[39.30983,11.73013],[39.31411,11.72847],[39.31129,11.71613],[39.29836,11.70732],[39.29273,11.69528],[39.28514,11.6944],[39.27027,11.68238]],[[39.27027,11.68238],[39.2702,11.68232]],[[39.2702,11.68232],[39.25131,11.66452],[39.23808,11.6584]],[[39.23808,11.6584],[39.23802,11.65839]],[[38.72186,8.97839],[38.72191,8.97827]],[[38.73445,9.01309],[38.73448,9.01328]],[[38.72199,8.97861],[38.72195,8.97858]],[[38.73191,8.97374],[38.73174,8.97387]],[[38.73203,8.97383],[38.73191,8.97374]],[[38.72327,8.98867],[38.72351,8.98884]],[[38.72357,8.98839],[38.72327,8.98867]],[[38.8264,9.02019],[38.82606,9.02006]],[[38.75112,9.03576],[38.75144,9.03574]],[[38.75016,9.03453],[38.74984,9.03511]],[[38.73537,9.02255],[38.73546,9.02264]],[[38.73537,9.02255],[38.73533,9.02263]],[[38.74985,9.03491],[38.75006,9.03448]],[[38.75137,9.03585],[38.75027,9.03576]],[[38.7429,9.01059],[38.74076,9.01084]],[[38.7634,8.95333],[38.76315,8.95323]],[[38.76315,8.95312],[38.7634,8.95321]],[[38.74155,8.92769],[38.74177,8.92812]],[[38.75852,9.0126],[38.75903,9.01201]],[[38.75447,9.01744],[38.75437,9.01743]],[[38.75437,9.01743],[38.75374,9.01814]],[[38.75934,9.01189],[38.75864,9.01271]],[[38.82489,8.99556],[38.82474,8.99571]],[[38.75725,9.07773],[38.75693,9.07815]],[[38.88044,9.01081],[38.87836,9.01084]],[[38.87807,9.01074],[38.88044,9.01072]],[[38.74206,9.03397],[38.7422,9.03399]],[[38.74239,9.03418],[38.74201,9.03412]],[[38.69928,8.95639],[38.69843,8.95583]],[[38.75027,9.03576],[38.75001,9.03566]],[[38.80091,9.02165],[38.80102,9.02152]],[[38.73711,9.05983],[38.73746,9.05949]],[[38.74856,9.04449],[38.74851,9.04457]],[[38.74866,9.04459],[38.74856,9.04449]],[[38.73725,9.05986],[38.73709,9.06002]],[[38.80189,9.0211],[38.80197,9.02106]],[[38.74535,9.01109],[38.74476,9.01069]],[[38.74771,9.01258],[38.74849,9.0131]],[[38.74907,9.0114],[38.74885,9.0113]],[[38.81806,9.02386],[38.81785,9.02369]],[[38.81584,9.02232],[38.81725,9.02322]],[[38.81725,9.02322],[38.81813,9.02373]],[[38.78874,9.00787],[38.78934,9.00557]],[[38.79647,9.00399],[38.79344,9.00521]],[[38.76521,9.03215],[38.76541,9.03216]],[[38.81344,8.99474],[38.81382,8.99475]],[[38.74593,9.01554],[38.74611,9.01539]],[[38.74584,9.01533],[38.74593,9.01554]],[[38.74469,9.01194],[38.74468,9.01255]],[[38.69449,9.00583],[38.69421,9.00448]],[[38.6943,9.00412],[38.69434,9.00429]],[[38.69448,9.00375],[38.69442,9.00375]],[[38.69434,9.00429],[38.69438,9.00442]],[[38.79142,8.98803],[38.79124,8.98808]],[[38.74994,8.98482],[38.75015,8.98473]],[[38.75258,9.03816],[38.75276,9.03861]],[[38.752,9.03793],[38.75205,9.03779]],[[38.75175,9.03866],[38.75133,9.03947]],[[38.74381,9.01025],[38.74406,9.01017]],[[38.72091,8.96747],[38.72036,8.96647]],[[38.74975,9.01137],[38.74981,9.01138]],[[38.76939,9.00199],[38.76857,9.00348]],[[38.73497,9.06223],[38.73492,9.06244]],[[38.77157,8.89609],[38.7718,8.89586]],[[38.77194,8.89602],[38.77019,8.89771]],[[38.75923,9.01023],[38.75934,9.01101]],[[38.81932,8.87444],[38.81898,8.87426]],[[38.79935,8.86661],[38.79905,8.86645]],[[38.79892,8.86622],[38.79941,8.86647]],[[38.78678,8.87671],[38.78666,8.87687]],[[38.78689,8.87657],[38.78678,8.87671]],[[38.78689,8.87657],[38.78714,8.87623]],[[38.78756,8.87633],[38.79,8.87624]],[[38.80034,8.86325],[38.80073,8.86219]],[[38.87746,9.05697],[38.87801,9.05667]],[[38.87791,9.05706],[38.87757,9.05708]],[[38.76125,9.06264],[38.76125,9.06278]],[[38.7582,9.03608],[38.75828,9.036]],[[38.76274,9.03771],[38.76272,9.03779]],[[38.75828,9.036],[38.76094,9.03399]],[[38.8281,9.03532],[38.82799,9.03525]],[[38.82818,9.03538],[38.8281,9.03532]],[[38.83159,9.03749],[38.82818,9.03538]],[[38.85053,9.03904],[38.83159,9.03749]],[[38.82976,8.99109],[38.82904,8.9916]],[[38.64819,9.06611],[38.64769,9.06514]],[[38.6478,9.06519],[38.64822,9.06601]],[[38.75272,8.98383],[38.7524,8.98398]],[[38.76135,9.04538],[38.76128,9.04477]],[[38.77314,8.98465],[38.773,8.98428]],[[38.79892,8.86622],[38.80034,8.86325]],[[38.79886,8.86635],[38.79892,8.86622]],[[38.78444,8.87661],[38.7842,8.8766]],[[38.78534,8.87874],[38.78491,8.87945]],[[38.79905,8.86645],[38.79887,8.86685]],[[38.79911,8.86632],[38.79905,8.86645]],[[38.79905,8.86645],[38.79886,8.86635]],[[37.76895,6.86044],[37.77108,6.85795]],[[37.77762,6.85909],[37.77935,6.86202]],[[37.94111,6.87368],[37.97106,6.90777],[37.98158,6.9484]],[[38.13069,6.9298],[38.12626,6.93089],[38.12677,6.93524]],[[38.0275,6.96686],[38.03463,6.96402],[38.03979,6.97125]],[[37.98961,6.95611],[37.99566,6.95965],[37.99943,6.95649],[38.00039,6.96192],[38.00635,6.96385],[38.01444,6.96115],[38.0275,6.96686]],[[37.98961,6.95611],[37.98158,6.9484]],[[38.4167,6.88411],[38.41642,6.88417]],[[38.12677,6.93524],[38.12615,6.93082],[38.13069,6.9298]],[[37.76895,6.86044],[37.7673,6.86307]],[[37.76735,6.86293],[37.76895,6.86044]],[[37.77448,6.86547],[37.77316,6.86237],[37.77086,6.86527],[37.76725,6.86298]],[[37.92962,6.89095],[37.94084,6.87371]],[[38.12677,6.93524],[38.12906,6.9361]],[[38.12906,6.9361],[38.12947,6.93626]],[[37.74306,6.86011],[37.74591,6.85485]],[[36.56814,5.78918],[36.56811,5.78918]],[[37.94084,6.87371],[37.92962,6.89095]],[[37.98158,6.9484],[37.98961,6.95611]],[[38.03979,6.97125],[38.03464,6.96414],[38.0275,6.96686]],[[38.13142,6.92977],[38.13069,6.9298]],[[37.77463,6.8656],[37.77448,6.86547]],[[37.77453,6.86541],[37.77467,6.86554]],[[37.77108,6.85795],[37.77307,6.8528]],[[37.77307,6.8528],[37.77327,6.8528]],[[38.85354,9.03571],[38.85346,9.03538]],[[38.85383,9.03569],[38.85385,9.03579]],[[38.85388,9.0359],[38.85377,9.03889]],[[37.75762,6.83834],[37.76489,6.85551],[37.76374,6.86471]],[[37.75777,6.85811],[37.75712,6.85833]],[[37.75712,6.85833],[37.75762,6.85783]],[[37.55532,6.72391],[37.56743,6.73019]],[[37.56743,6.73019],[37.55525,6.72399]],[[38.83883,9.01846],[38.8388,9.02009]],[[38.83873,9.02011],[38.83875,9.01847]],[[37.76171,6.86399],[37.76395,6.8632]],[[37.76393,6.86327],[37.76174,6.86404]],[[37.76395,6.8632],[37.76735,6.86293]],[[41.82987,9.60634],[41.82167,9.60924]],[[39.1552,7.71149],[39.1582,7.73617],[39.15352,7.77813]],[[39.15352,7.77813],[39.15351,7.77821]],[[39.15639,6.99387],[39.17909,6.97759],[39.19549,6.97902]],[[34.58101,8.4999],[34.57737,8.51247],[34.58553,8.51329],[34.59255,8.52187]],[[34.58589,8.27138],[34.58693,8.26596]],[[35.41982,7.19905],[35.41035,7.20692],[35.40534,7.21955],[35.37821,7.23968],[35.36843,7.25395],[35.36898,7.32034],[35.37329,7.32428],[35.38041,7.34845],[35.38178,7.37883],[35.38951,7.38399],[35.38678,7.3902],[35.39285,7.39903],[35.40788,7.46033],[35.4117,7.46452],[35.40933,7.47204],[35.41685,7.49452],[35.41075,7.5177],[35.42524,7.5198],[35.41552,7.5539],[35.40302,7.56272]],[[36.61157,14.29566],[36.61161,14.29475]],[[35.8192,7.15398],[35.80755,7.14536],[35.79487,7.14438],[35.78873,7.13201]],[[35.8842,7.25436],[35.88154,7.24602],[35.87217,7.23857],[35.87095,7.20832],[35.85362,7.18995],[35.84936,7.16953],[35.8192,7.15398]],[[36.88274,10.01961],[36.87039,10.04528],[36.87046,10.05602],[36.88473,10.08511],[36.88925,10.08819],[36.89697,10.08647]],[[36.68537,9.86799],[36.70746,9.87416],[36.71395,9.88542],[36.73607,9.90436]],[[36.63356,9.78029],[36.63868,9.82099],[36.64269,9.82468]],[[36.63778,9.5813],[36.64089,9.58962]],[[38.78873,8.86975],[38.78699,8.87662]],[[38.78881,8.86799],[38.78873,8.86975]],[[38.78888,8.86781],[38.78881,8.86799]],[[38.78954,8.86697],[38.78888,8.86781]],[[38.79622,8.85981],[38.78954,8.86697]],[[38.80235,8.85556],[38.79622,8.85981]],[[38.92289,8.77747],[38.92827,8.77322]],[[38.91568,8.78332],[38.92289,8.77747]],[[38.76421,8.9361],[38.76426,8.93603]],[[38.7764,8.89155],[38.77321,8.89463]],[[38.77635,8.89148],[38.78197,8.88686]],[[37.55509,6.72383],[37.55528,6.72398]],[[37.55572,6.72352],[37.55532,6.72386]],[[37.74731,6.85171],[37.7471,6.85218]],[[37.7471,6.85218],[37.7472,6.85165]],[[35.18335,6.50944],[35.18316,6.50958]],[[35.18316,6.50958],[35.18325,6.50935]],[[35.18327,6.50922],[35.18318,6.50898]],[[35.18318,6.50898],[35.18335,6.50917]],[[38.78765,8.9894],[38.78977,8.98857]],[[38.78986,8.9887],[38.78772,8.98957]],[[42.058,4.17747],[42.05785,4.17744]],[[34.86937,8.69118],[34.88079,8.68657]],[[34.00156,8.44507],[34.00605,8.46133]],[[34.00158,8.44486],[34.00156,8.44507]],[[36.41202,8.68983],[36.41209,8.69056]],[[36.412,8.6896],[36.41202,8.68983]],[[38.79263,8.87618],[38.79002,8.8764]],[[35.08945,11.2294],[35.0899,11.22961]],[[35.0899,11.22961],[35.09857,11.24853],[35.10188,11.24716],[35.10355,11.23498],[35.11041,11.22916],[35.1185,11.2363],[35.12141,11.2337],[35.13336,11.25651],[35.1392,11.25541],[35.14766,11.26592],[35.15921,11.25068],[35.1626,11.26166],[35.17341,11.26392],[35.1731,11.27041],[35.1814,11.28416]],[[38.75177,9.02649],[38.75176,9.02686]],[[38.75162,9.02684],[38.75166,9.02649]],[[38.7517,9.02729],[38.75168,9.02761]],[[38.75157,9.0276],[38.75159,9.02728]],[[38.7705,9.01897],[38.77048,9.01885]],[[37.91327,8.80455],[37.91771,8.80299],[37.94082,8.81649],[37.95756,8.83897],[37.96608,8.83403],[37.9654,8.82844],[37.98323,8.82282],[37.98715,8.82579],[37.99109,8.82353],[37.9988,8.83121],[37.99933,8.83794]],[[37.91355,8.80469],[37.91359,8.80444]],[[40.85296,13.215],[40.85549,13.21343]],[[40.85269,13.21517],[40.85296,13.215]],[[40.97997,12.91097],[40.98398,12.91017]],[[40.98415,12.91013],[40.98537,12.90996]],[[40.00091,13.28327],[40.00112,13.28312]],[[40.97553,12.91723],[40.97565,12.91683]],[[40.97565,12.91683],[40.97566,12.91678]],[[37.7673,6.86307],[37.76393,6.86327]],[[37.74591,6.85485],[37.7471,6.85218]],[[38.74936,8.97906],[38.74938,8.9794]],[[39.04091,8.71672],[39.04012,8.71626]],[[42.05785,4.17744],[42.05767,4.17758]],[[39.25772,8.7752],[39.26527,8.78699]],[[38.8022,9.00112],[38.80053,9.00209]],[[38.80048,9.00205],[38.8022,9.00112]],[[38.75118,9.03358],[38.75101,9.03358]],[[38.75221,9.0356],[38.7522,9.03549]],[[34.55761,9.50419],[34.55437,9.49253],[34.56479,9.47151]],[[38.83006,8.99089],[38.82976,8.99109]],[[38.82973,8.99098],[38.83003,8.9908]],[[38.77661,9.0232],[38.77664,9.02323]],[[38.77636,9.02323],[38.77641,9.02319]],[[38.77688,9.02344],[38.77665,9.0235]],[[38.77938,9.02338],[38.77883,9.02344]],[[38.74567,9.04281],[38.74575,9.04287]],[[38.74284,9.0405],[38.74567,9.04281]],[[38.74567,9.04281],[38.74928,9.03587]],[[38.74563,9.04286],[38.74567,9.04281]],[[38.74575,9.04287],[38.74571,9.04291]],[[38.7463,9.04145],[38.74575,9.04287]],[[38.74571,9.04291],[38.74563,9.04286]],[[38.74746,9.04381],[38.74571,9.04291]],[[38.74847,9.04441],[38.74838,9.04431]],[[38.7484,9.04453],[38.74847,9.04441]],[[38.60721,9.06062],[38.6074,9.06083]],[[38.60677,9.06013],[38.60721,9.06062]],[[38.60685,9.06037],[38.60669,9.0602]],[[38.60714,9.06071],[38.60685,9.06037]],[[34.67792,9.58871],[34.6766,9.58697]],[[38.74859,8.97635],[38.74876,8.97634]],[[38.74859,8.97643],[38.74836,8.97643]],[[38.74876,8.97647],[38.74859,8.97643]],[[38.77306,8.89455],[38.7733,8.89421]],[[38.80311,8.85589],[38.80299,8.85629]],[[38.80296,8.8554],[38.80292,8.85536]],[[38.80278,8.85511],[38.80278,8.85507]],[[38.80292,8.85536],[38.80278,8.85511]],[[38.80346,8.85541],[38.80338,8.85545]],[[38.8394,8.83163],[38.85639,8.82886]],[[38.83913,8.83186],[38.8394,8.83163]],[[38.51862,8.02066],[38.51857,8.02073]],[[38.51854,8.02082],[38.50902,8.03885],[38.48893,8.04942]],[[38.76736,9.02881],[38.76397,9.02963]],[[37.76342,6.8649],[37.76374,6.86471]],[[37.76374,6.86471],[37.76398,6.86503]],[[38.75654,9.0397],[38.75676,9.03931]],[[38.75725,9.03737],[38.7582,9.03608]],[[39.76576,11.83382],[39.76042,11.83431]],[[39.75489,11.83504],[39.73681,11.84203],[39.7421,11.85721],[39.73928,11.85975]],[[38.41642,6.88417],[38.41661,6.88403]],[[38.41648,6.8841],[38.41649,6.88392]],[[37.94087,6.87371],[37.94111,6.87368]],[[36.48055,4.96401],[36.48083,4.96403]],[[36.48012,4.96397],[36.48055,4.96401]],[[41.86537,9.59733],[41.86551,9.59701]],[[41.86121,9.59457],[41.85652,9.59136]],[[41.86547,9.59749],[41.8614,9.59472]],[[38.85194,9.01015],[38.85194,9.01004]],[[38.85222,9.01002],[38.85222,9.01014]],[[38.85194,9.00992],[38.85194,9.00982]],[[38.85221,9.00981],[38.85222,9.00991]],[[38.85222,9.01014],[38.85231,9.01379]],[[38.85222,9.00991],[38.85233,9.0099]],[[38.85233,9.01001],[38.85222,9.01002]],[[38.8518,9.00993],[38.85194,9.00992]],[[38.85194,9.01004],[38.8518,9.01005]],[[38.85203,9.01382],[38.852,9.01236]],[[37.55519,6.72377],[37.55572,6.72352]],[[38.73391,8.93761],[38.73066,8.93818]],[[38.73058,8.93796],[38.73312,8.93753]],[[38.73375,8.93731],[38.7338,8.93722]],[[37.55528,6.72398],[37.55509,6.72383]],[[38.76403,9.02116],[38.7642,9.02183]],[[38.76399,9.02074],[38.76403,9.02116]],[[38.7649,9.02228],[38.76509,9.02233]],[[38.765,9.02187],[38.76564,9.02136]],[[38.76451,9.02216],[38.765,9.02187]],[[38.76509,9.02233],[38.76608,9.02253]],[[38.77031,9.01783],[38.76569,9.02142]],[[41.85949,9.58593],[41.85901,9.58783]],[[41.83733,9.60351],[41.84135,9.60208]],[[41.85895,9.58778],[41.85886,9.58793]],[[41.91914,9.45685],[41.91935,9.45678]],[[38.95737,8.75159],[38.95758,8.75198]],[[38.9575,8.75201],[38.9573,8.75162]],[[38.98288,8.74776],[38.99186,8.74229]],[[38.92918,8.77426],[38.92827,8.77322]],[[39.02333,8.70398],[38.99549,8.73712],[38.99111,8.74735],[38.9571,8.75218],[38.92918,8.77426]]]}}]}